timestamp,open,high,low,close,adjusted_close,volume,dividend_amount,split_coefficient
2019-11-05,9.78,9.78,9.78,9.78,9.78,150000,0.0,1.0
2019-11-06,9.78,9.78,9.78,9.78,9.78,250000,0.0,1.0
2019-11-07,9.78,9.78,9.78,9.78,9.78,0,0.0,1.0
2019-11-08,9.78,9.78,9.78,9.78,9.78,1,0.0,1.0
2019-11-11,9.78,9.78,9.78,9.78,9.78,0,0.0,1.0
2019-11-12,9.78,9.78,9.78,9.78,9.78,0,0.0,1.0
2019-11-13,9.78,9.78,9.78,9.78,9.78,0,0.0,1.0
2019-11-14,9.78,9.78,9.78,9.78,9.78,0,0.0,1.0
2019-11-15,9.78,9.78,9.78,9.78,9.78,0,0.0,1.0
2019-11-18,9.9611,9.9611,9.9611,9.9611,9.9611,102,0.0,1.0
2019-11-19,10.0589,10.0589,10.0589,10.0589,10.0589,123,0.0,1.0
2019-11-20,10.059,10.059,10.059,10.059,10.059,0,0.0,1.0
2019-11-21,10.0589,10.0589,10.0589,10.0589,10.0589,4,0.0,1.0
2019-11-22,10.059,10.059,10.059,10.059,10.059,0,0.0,1.0
2019-11-25,10.25,10.25,10.25,10.25,10.25,100,0.0,1.0
2019-11-26,10.25,10.25,10.25,10.25,10.25,0,0.0,1.0
2019-11-27,10.25,10.25,10.25,10.25,10.25,5,0.0,1.0
2019-11-29,10.25,10.25,10.25,10.25,10.25,1,0.0,1.0
2019-12-02,10.25,10.25,10.25,10.25,10.25,0,0.0,1.0
2019-12-03,10.25,10.25,10.25,10.25,10.25,0,0.0,1.0
2019-12-04,10.1825,10.1825,9.82,9.89,9.89,251962,0.0,1.0
2019-12-05,9.89,9.89,9.89,9.89,9.89,2,0.0,1.0
2019-12-06,9.89,9.89,9.89,9.89,9.89,0,0.0,1.0
2019-12-09,9.85,9.9,9.82,9.85,9.85,712733,0.0,1.0
2019-12-10,9.85,9.85,9.85,9.85,9.85,0,0.0,1.0
2019-12-11,9.85,9.85,9.85,9.85,9.85,0,0.0,1.0
2019-12-12,9.85,9.85,9.85,9.85,9.85,0,0.0,1.0
2019-12-13,9.85,9.85,9.85,9.85,9.85,5,0.0,1.0
2019-12-16,9.85,9.85,9.85,9.85,9.85,1,0.0,1.0
2019-12-17,9.97,10.43,9.85,10.43,10.43,157492,0.0,1.0
2019-12-18,9.915,9.975,9.915,9.915,9.915,400,0.0,1.0
2019-12-19,9.915,9.915,9.915,9.915,9.915,0,0.0,1.0
2019-12-20,9.915,9.915,9.915,9.915,9.915,0,0.0,1.0
2019-12-23,9.915,9.915,9.915,9.915,9.915,0,0.0,1.0
2019-12-24,9.915,9.915,9.915,9.915,9.915,0,0.0,1.0
2019-12-26,9.85,9.9,9.85,9.9,9.9,1110,0.0,1.0
2019-12-27,9.9,9.9,9.9,9.9,9.9,19,0.0,1.0
2019-12-30,9.88,9.88,9.87,9.87,9.87,102062,0.0,1.0
2019-12-31,9.87,9.87,9.87,9.87,9.87,0,0.0,1.0
2020-01-02,9.87,9.87,9.87,9.87,9.87,0,0.0,1.0
2020-01-03,9.88,9.9,9.88,9.9,9.9,300006,0.0,1.0
2020-01-06,9.9,9.9,9.9,9.9,9.9,3,0.0,1.0
2020-01-07,9.95,9.95,9.95,9.95,9.95,224982,0.0,1.0
2020-01-08,9.95,9.95,9.95,9.95,9.95,8,0.0,1.0
2020-01-09,9.95,9.95,9.95,9.95,9.95,50006,0.0,1.0
2020-01-10,9.95,10.0,9.95,9.98,9.98,275320,0.0,1.0
2020-01-13,9.98,10.02,9.98,10.0,10.0,484101,0.0,1.0
2020-01-14,10.0,10.0,10.0,10.0,10.0,0,0.0,1.0
2020-01-15,9.9929,10.04,9.95,10.012,10.012,27063,0.0,1.0
2020-01-16,10.012,10.012,10.012,10.012,10.012,6,0.0,1.0
2020-01-17,10.03,10.05,10.01,10.01,10.01,8864,0.0,1.0
2020-01-21,10.02,10.03,10.01,10.03,10.03,12300,0.0,1.0
2020-01-22,10.03,10.03,10.03,10.03,10.03,25,0.0,1.0
2020-01-23,9.8,10.05,9.8,10.04,10.04,1790,0.0,1.0
2020-01-24,10.03,10.05,10.03,10.05,10.05,100201,0.0,1.0
2020-01-27,10.05,10.05,10.0289,10.0289,10.0289,2779,0.0,1.0
2020-01-28,10.53,10.53,10.05,10.05,10.05,201,0.0,1.0
2020-01-29,10.05,10.07,10.04,10.055,10.055,9003,0.0,1.0
2020-01-30,10.025,10.025,10.02,10.02,10.02,99878,0.0,1.0
2020-01-31,10.02,10.02,10.02,10.02,10.02,10,0.0,1.0
2020-02-03,10.04,10.115,10.02,10.03,10.03,17604,0.0,1.0
2020-02-04,10.03,10.05,10.01,10.05,10.05,106438,0.0,1.0
2020-02-05,10.05,10.05,10.05,10.05,10.05,2005,0.0,1.0
2020-02-06,10.02,10.02,10.02,10.02,10.02,200082,0.0,1.0
2020-02-07,10.03,10.1,10.03,10.04,10.04,64167,0.0,1.0
2020-02-10,10.0236,10.0236,10.0236,10.0236,10.0236,267,0.0,1.0
2020-02-11,10.04,10.04,10.04,10.04,10.04,188519,0.0,1.0
2020-02-12,10.04,10.04,10.04,10.04,10.04,48,0.0,1.0
2020-02-13,10.04,10.04,10.04,10.04,10.04,43808,0.0,1.0
2020-02-14,10.04,10.04,10.03,10.03,10.03,88165,0.0,1.0
2020-02-18,10.07,10.07,10.03,10.03,10.03,1115,0.0,1.0
2020-02-19,10.05,10.05,10.03,10.03,10.03,15982,0.0,1.0
2020-02-20,10.04,10.04,10.04,10.04,10.04,4128,0.0,1.0
2020-02-21,10.04,10.04,10.04,10.04,10.04,31,0.0,1.0
2020-02-24,10.03,10.03,10.02,10.02,10.02,272,0.0,1.0
2020-02-25,10.05,10.05,10.04,10.04,10.04,28402,0.0,1.0
2020-02-26,10.065,10.065,10.02,10.02,10.02,101822,0.0,1.0
2020-02-27,10.04,10.04,10.04,10.04,10.04,8759,0.0,1.0
2020-02-28,10.04,10.04,10.04,10.04,10.04,24,0.0,1.0
2020-03-02,10.04,10.04,10.04,10.04,10.04,6,0.0,1.0
2020-03-03,10.04,10.04,10.04,10.04,10.04,60,0.0,1.0
2020-03-04,10.04,10.04,10.04,10.04,10.04,3,0.0,1.0
2020-03-05,10.04,10.04,10.04,10.04,10.04,5964,0.0,1.0
2020-03-06,10.09,10.1,10.09,10.1,10.1,1043,0.0,1.0
2020-03-09,10.1,10.1,10.1,10.1,10.1,26,0.0,1.0
2020-03-10,9.96,10.04,9.96,10.04,10.04,53804,0.0,1.0
2020-03-11,10.04,10.04,10.04,10.04,10.04,250001,0.0,1.0
2020-03-12,9.9,9.91,9.8511,9.9,9.9,315172,0.0,1.0
2020-03-13,9.97,9.97,9.8,9.8,9.8,656715,0.0,1.0
2020-03-16,9.65,9.7,9.52,9.6,9.6,644577,0.0,1.0
2020-03-17,9.55,9.785,9.55,9.55,9.55,455269,0.0,1.0
2020-03-18,9.5,9.59,9.125,9.3,9.3,115128,0.0,1.0
2020-03-19,9.55,9.6,9.27,9.27,9.27,43162,0.0,1.0
2020-03-20,9.35,9.5,9.35,9.35,9.35,2150673,0.0,1.0
2020-03-23,9.3527,9.5,9.3,9.3,9.3,127896,0.0,1.0
2020-03-24,9.61,9.61,9.61,9.61,9.61,273,0.0,1.0
2020-03-25,9.75,9.8,9.63,9.63,9.63,169500,0.0,1.0
2020-03-26,9.59,9.87,9.59,9.68,9.68,380269,0.0,1.0
2020-03-27,9.66,9.68,9.65,9.68,9.68,2325217,0.0,1.0
2020-03-30,9.66,9.79,9.65,9.66,9.66,9041,0.0,1.0
2020-03-31,9.77,9.815,9.75,9.75,9.75,23920,0.0,1.0
2020-04-01,9.77,9.88,9.77,9.85,9.85,6676,0.0,1.0
2020-04-02,9.83,9.83,9.83,9.83,9.83,298790,0.0,1.0
2020-04-03,9.8,9.81,9.79,9.8,9.8,239829,0.0,1.0
2020-04-06,9.74,9.785,9.74,9.75,9.75,322683,0.0,1.0
2020-04-07,9.8,9.83,9.79,9.8,9.8,13423,0.0,1.0
2020-04-08,9.75,9.8,9.75,9.8,9.8,61718,0.0,1.0
2020-04-09,9.8,9.8,9.71,9.8,9.8,18939,0.0,1.0
2020-04-13,9.8,9.8,9.8,9.8,9.8,75025,0.0,1.0
2020-04-14,9.8,9.9,9.8,9.81,9.81,549295,0.0,1.0
2020-04-15,9.89,10.0,9.77,9.795,9.795,116281,0.0,1.0
2020-04-16,9.775,9.8,9.72,9.8,9.8,401815,0.0,1.0
2020-04-17,9.8,9.8,9.78,9.78,9.78,26137,0.0,1.0
2020-04-20,9.8,9.8,9.8,9.8,9.8,314,0.0,1.0
2020-04-21,9.8384,9.8384,9.72,9.72,9.72,1972,0.0,1.0
2020-04-22,9.76,9.8,9.76,9.79,9.79,32666,0.0,1.0
2020-04-23,9.77,9.8,9.77,9.8,9.8,297,0.0,1.0
2020-04-24,9.81,9.81,9.81,9.81,9.81,384,0.0,1.0
2020-04-27,9.77,9.77,9.75,9.75,9.75,20956,0.0,1.0
2020-04-28,9.8,9.8,9.8,9.8,9.8,230032,0.0,1.0
2020-04-29,9.8,9.8,9.8,9.8,9.8,150078,0.0,1.0
2020-04-30,9.77,9.98,9.75,9.89,9.89,7680,0.0,1.0
2020-05-01,9.88,9.88,9.76,9.8,9.8,28037,0.0,1.0
2020-05-04,9.8,9.8,9.8,9.8,9.8,20,0.0,1.0
2020-05-05,9.8,9.8,9.8,9.8,9.8,23,0.0,1.0
2020-05-06,9.77,9.85,9.73,9.73,9.73,79047,0.0,1.0
2020-05-07,9.8,9.895,9.66,9.8,9.8,77030,0.0,1.0
2020-05-08,9.8,9.99,9.77,9.89,9.89,188366,0.0,1.0
2020-05-11,9.89,9.89,9.89,9.89,9.89,8,0.0,1.0
2020-05-12,9.88,9.88,9.63,9.75,9.75,352713,0.0,1.0
2020-05-13,9.7501,9.82,9.7501,9.79,9.79,42212,0.0,1.0
2020-05-14,9.745,9.81,9.745,9.76,9.76,37768,0.0,1.0
2020-05-15,9.8,9.8,9.8,9.8,9.8,935,0.0,1.0
2020-05-18,9.8,9.83,9.78,9.78,9.78,464818,0.0,1.0
2020-05-19,9.8,9.885,9.76,9.76,9.76,108197,0.0,1.0
2020-05-20,9.82,9.92,9.8,9.85,9.85,17783,0.0,1.0
2020-05-21,9.85,9.85,9.85,9.85,9.85,106,0.0,1.0
2020-05-22,9.89,9.89,9.76,9.76,9.76,1120,0.0,1.0
2020-05-26,9.76,9.84,9.76,9.76,9.76,534,0.0,1.0
2020-05-27,9.805,9.805,9.805,9.805,9.805,114,0.0,1.0
2020-05-28,9.84,9.85,9.79,9.79,9.79,2790,0.0,1.0
2020-05-29,9.76,9.79,9.76,9.79,9.79,45691,0.0,1.0
2020-06-01,9.85,9.85,9.8,9.8,9.8,1297,0.0,1.0
2020-06-02,9.8,9.8,9.8,9.8,9.8,1338,0.0,1.0
2020-06-03,9.8,9.825,9.8,9.825,9.825,495,0.0,1.0
2020-06-04,9.85,9.87,9.8275,9.85,9.85,7558,0.0,1.0
2020-06-05,9.87,9.88,9.82,9.82,9.82,24335,0.0,1.0
2020-06-08,9.85,10.0,9.85,9.88,9.88,454962,0.0,1.0
2020-06-09,9.95,9.95,9.804,9.82,9.82,664,0.0,1.0
2020-06-10,9.9,10.067,9.9,10.067,10.067,263503,0.0,1.0
2020-06-11,10.04,10.08,9.76,9.95,9.95,60819,0.0,1.0
2020-06-12,10.0075,10.0075,9.92,9.925,9.925,14902,0.0,1.0
2020-06-15,9.9999,10.08,9.99,10.01,10.01,102647,0.0,1.0
2020-06-16,10.05,10.08,10.0,10.08,10.08,10361,0.0,1.0
2020-06-17,10.08,10.74,10.03,10.16,10.16,579488,0.0,1.0
2020-06-18,10.39,10.39,10.08,10.17,10.17,68927,0.0,1.0
2020-06-19,10.2,10.3,10.15,10.25,10.25,182546,0.0,1.0
2020-06-22,10.2,10.25,10.2,10.25,10.25,20181,0.0,1.0
2020-06-23,10.25,10.59,10.21,10.39,10.39,134874,0.0,1.0
2020-06-24,10.26,10.3,10.25,10.25,10.25,3354,0.0,1.0
2020-06-25,10.1201,10.28,10.1201,10.24,10.24,13303,0.0,1.0
2020-06-26,10.226,10.25,10.2,10.21,10.21,12978,0.0,1.0
2020-06-29,10.24,10.3,10.21,10.25,10.25,17500,0.0,1.0
2020-06-30,10.25,10.26,10.21,10.24,10.24,234000,0.0,1.0
2020-07-01,10.35,10.6,10.17,10.28,10.275,1276200,0.0,1.0
2020-07-02,10.29,10.3,10.2,10.3,10.3,258000,0.0,1.0
2020-07-06,10.26,10.35,10.21,10.26,10.26,59400,0.0,1.0
2020-07-07,10.25,10.28,10.21,10.21,10.21,79600,0.0,1.0
2020-07-08,10.24,10.26,10.22,10.22,10.22,36800,0.0,1.0
2020-07-09,10.26,10.59,10.23,10.4,10.4,112500,0.0,1.0
2020-07-10,10.5,10.63,10.45,10.6,10.6,713200,0.0,1.0
2020-07-13,10.6,10.99,10.55,10.7,10.7,141700,0.0,1.0
2020-07-14,10.7,10.7,10.61,10.65,10.65,8100,0.0,1.0
2020-07-15,10.75,10.85,10.67,10.8,10.8,105300,0.0,1.0
2020-07-16,10.79,10.88,10.71,10.8,10.8,267800,0.0,1.0
2020-07-17,10.57,10.8,10.57,10.72,10.72,263000,0.0,1.0
2020-07-20,10.796,10.805,10.55,10.76,10.76,29281,0.0,1.0
2020-07-21,10.738,10.85,10.7,10.85,10.85,308217,0.0,1.0
2020-07-22,10.85,10.85,10.7,10.75,10.75,38558,0.0,1.0
2020-07-23,10.7615,10.9,10.7615,10.9,10.9,19142,0.0,1.0
2020-07-24,10.6601,10.8,10.6601,10.75,10.75,24016,0.0,1.0
2020-07-27,10.75,10.75,10.7,10.74,10.74,1469,0.0,1.0
2020-07-28,10.6501,10.73,10.6501,10.73,10.73,6108,0.0,1.0
2020-07-29,10.65,10.7819,10.6,10.7,10.7,112067,0.0,1.0
2020-07-30,10.51,10.53,10.37,10.435,10.435,46476,0.0,1.0
2020-07-31,10.4,10.44,10.24,10.32,10.32,32878,0.0,1.0
2020-08-03,10.3,10.35,10.27,10.35,10.35,36883,0.0,1.0
2020-08-04,10.39,10.5,10.26,10.32,10.32,70537,0.0,1.0
2020-08-05,10.45,10.45,10.2,10.25,10.25,17914,0.0,1.0
2020-08-06,10.35,10.35,10.2,10.25,10.25,5972,0.0,1.0
2020-08-07,10.38,10.38,10.13,10.18,10.18,10218,0.0,1.0
2020-08-10,10.125,10.15,10.1,10.15,10.15,2497,0.0,1.0
2020-08-11,10.15,10.21,10.15,10.19,10.19,15149,0.0,1.0
2020-08-12,10.22,10.37,10.13,10.28,10.28,4130,0.0,1.0
2020-08-13,10.235,10.295,10.235,10.2475,10.2475,1432,0.0,1.0
2020-08-14,10.22,10.22,10.13,10.22,10.22,33243,0.0,1.0
2020-08-17,10.185,10.23,10.15,10.16,10.16,53518,0.0,1.0
2020-08-18,10.19,10.19,10.05,10.14,10.14,22548,0.0,1.0
2020-08-19,10.13,10.17,10.04,10.08,10.08,17185,0.0,1.0
2020-08-20,10.16,10.2,10.03,10.09,10.09,41230,0.0,1.0
2020-08-21,10.13,10.1552,10.03,10.04,10.04,29602,0.0,1.0
2020-08-24,10.11,10.15,10.01,10.05,10.05,163504,0.0,1.0
2020-08-25,10.1,10.18,10.05,10.18,10.18,4426,0.0,1.0
2020-08-26,10.19,10.2,10.09,10.11,10.11,6469,0.0,1.0
2020-08-27,10.15,10.33,10.13,10.14,10.14,9535,0.0,1.0
2020-08-28,10.24,10.24,10.1,10.13,10.13,11279,0.0,1.0
2020-08-31,10.23,10.26,10.05,10.19,10.19,377856,0.0,1.0
2020-09-01,10.14,10.2,10.1,10.15,10.15,56009,0.0,1.0
2020-09-02,10.155,10.32,10.15,10.2,10.2,46202,0.0,1.0
2020-09-03,10.21,10.32,10.2001,10.27,10.27,18283,0.0,1.0
2020-09-04,10.2998,10.2998,10.2027,10.25,10.25,11791,0.0,1.0
2020-09-08,10.34,10.35,10.23,10.23,10.23,65248,0.0,1.0
2020-09-09,10.22,10.539,10.22,10.25,10.25,88718,0.0,1.0
2020-09-10,10.26,10.32,10.2,10.25,10.25,7396,0.0,1.0
2020-09-11,10.38,10.38,10.2,10.25,10.25,19312,0.0,1.0
2020-09-14,10.25,10.29,10.2,10.225,10.225,15501,0.0,1.0
2020-09-15,10.27,10.27,10.16,10.18,10.18,34139,0.0,1.0
2020-09-16,10.21,10.3,10.15,10.2,10.2,512655,0.0,1.0
2020-09-17,10.29,11.0,10.2,10.74,10.74,2169072,0.0,1.0
2020-09-18,11.0,11.0,10.7,10.71,10.71,300675,0.0,1.0
2020-09-21,10.75,10.75,10.6,10.66,10.66,193759,0.0,1.0
2020-09-22,10.74,11.41,10.6521,10.84,10.84,2217754,0.0,1.0
2020-09-23,10.91,10.97,10.67,10.71,10.71,104088,0.0,1.0
2020-09-24,10.65,10.7,10.43,10.65,10.65,98849,0.0,1.0
2020-09-25,10.52,10.8,10.51,10.765,10.765,295213,0.0,1.0
2020-09-28,10.86,10.86,10.68,10.75,10.75,54236,0.0,1.0
2020-09-29,10.87,10.88,10.596,10.685,10.685,178111,0.0,1.0
2020-09-30,10.77,10.77,10.5701,10.6,10.6,98535,0.0,1.0
2020-10-01,10.6274,10.8,10.55,10.6995,10.6995,330240,0.0,1.0
2020-10-02,10.52,10.72,10.46,10.58,10.58,1255343,0.0,1.0
2020-10-05,10.58,10.67,10.4,10.59,10.59,1219340,0.0,1.0
2020-10-06,10.6,10.62,10.52,10.53,10.53,783223,0.0,1.0
2020-10-07,10.65,10.65,10.52,10.5201,10.5201,144597,0.0,1.0
2020-10-08,10.52,10.56,10.45,10.47,10.47,302425,0.0,1.0
2020-10-09,10.52,10.535,10.45,10.5,10.5,75785,0.0,1.0
2020-10-12,10.49,10.505,10.45,10.46,10.46,57788,0.0,1.0
2020-10-13,10.45,10.8,10.45,10.49,10.49,25650,0.0,1.0
2020-10-14,10.485,10.53,10.45,10.475,10.475,95242,0.0,1.0
2020-10-15,10.45,10.5,10.45,10.5,10.5,133441,0.0,1.0
2020-10-16,10.5,10.565,10.47,10.5,10.5,52488,0.0,1.0
2020-10-19,10.55,10.7,10.46,10.46,10.46,66376,0.0,1.0
2020-10-20,10.535,10.59,10.49,10.5,10.5,13153,0.0,1.0
2020-10-21,10.5,10.58,10.4601,10.5,10.5,83294,0.0,1.0
2020-10-22,10.54,10.54,10.355,10.37,10.37,427644,0.0,1.0
2020-10-23,10.37,10.5,10.37,10.39,10.39,73656,0.0,1.0
2020-10-26,10.4,10.4,10.28,10.28,10.28,244858,0.0,1.0
2020-10-27,10.29,10.2973,10.25,10.27,10.27,128348,0.0,1.0
2020-10-28,10.25,10.2501,10.14,10.16,10.16,177851,0.0,1.0
2020-10-29,10.16,10.24,10.15,10.18,10.18,18891,0.0,1.0
2020-10-30,10.15,10.175,10.06,10.06,10.06,141885,0.0,1.0
2020-11-02,10.1766,10.2,10.06,10.06,10.06,26804,0.0,1.0
2020-11-03,10.125,10.15,10.08,10.13,10.13,55375,0.0,1.0
2020-11-04,10.1341,10.1631,10.1,10.11,10.11,128639,0.0,1.0
2020-11-05,10.1,10.2,10.1,10.16,10.16,1289824,0.0,1.0
2020-11-06,10.2499,10.2499,10.1101,10.15,10.15,2273,0.0,1.0
2020-11-09,10.2,10.2399,10.16,10.2,10.2,3969,0.0,1.0
2020-11-10,10.22,10.22,10.11,10.11,10.11,2484,0.0,1.0
2020-11-11,10.149,10.22,10.149,10.21,10.21,7943,0.0,1.0
2020-11-12,10.15,10.2,10.15,10.2,10.2,7049,0.0,1.0
2020-11-13,10.25,10.43,10.18,10.24,10.24,23008,0.0,1.0
2020-11-16,10.295,10.34,10.28,10.3,10.3,8706,0.0,1.0
2020-11-17,10.263,10.32,10.21,10.28,10.28,18396,0.0,1.0
2020-11-18,10.28,10.34,10.28,10.3,10.3,10608,0.0,1.0
2020-11-19,10.25,10.317,10.16,10.17,10.17,17814,0.0,1.0
2020-11-20,10.2384,10.2384,10.11,10.15,10.15,216807,0.0,1.0
2020-11-23,10.66,10.75,10.2825,10.41,10.41,9299999,0.0,1.0
2020-11-24,10.8,10.95,10.44,10.5,10.5,6213698,0.0,1.0
2020-11-25,10.8,11.25,10.56,10.99,10.99,7579529,0.0,1.0
2020-11-27,14.46,15.43,13.71,14.2,14.2,37280749,0.0,1.0
2020-11-30,16.85,17.25,14.42,15.31,15.31,22514461,0.0,1.0
2020-12-01,15.38,15.45,13.88,13.98,13.98,10168392,0.0,1.0
2020-12-02,12.99,13.9,12.7,13.41,13.41,5944177,0.0,1.0
2020-12-03,14.16,14.59,13.66,13.79,13.79,5265098,0.0,1.0
2020-12-04,14.303,14.38,13.9102,14.1,14.1,4238405,0.0,1.0
2020-12-07,14.42,15.2603,14.32,14.62,14.62,5385369,0.0,1.0
2020-12-08,15.05,15.2,14.05,14.97,14.97,4907589,0.0,1.0
2020-12-09,14.97,15.4,14.0,14.68,14.68,5436483,0.0,1.0
2020-12-10,14.21,14.94,14.11,14.53,14.53,3311638,0.0,1.0
2020-12-11,14.3631,14.5,14.0,14.33,14.33,2831585,0.0,1.0
2020-12-14,14.4,14.68,13.76,14.11,14.11,3117366,0.0,1.0
2020-12-15,13.88,14.0,13.5193,13.66,13.66,3041867,0.0,1.0
2020-12-16,13.92,14.21,13.65,14.18,14.18,2025172,0.0,1.0
2020-12-17,14.35,14.72,14.2,14.42,14.42,2344924,0.0,1.0
2020-12-18,14.32,14.48,14.12,14.38,14.38,1749802,0.0,1.0
2020-12-21,14.15,15.0,14.01,14.72,14.72,3075243,0.0,1.0
2020-12-22,15.13,15.4,14.5,15.07,15.07,3237882,0.0,1.0
2020-12-23,15.5,15.92,15.07,15.68,15.68,3804343,0.0,1.0
2020-12-24,16.01,17.0,15.97,16.33,16.33,2978103,0.0,1.0
2020-12-28,16.77,17.9,15.77,15.9,15.9,4764861,0.0,1.0
2020-12-29,16.22,16.25,14.99,15.53,15.53,3160700,0.0,1.0
2020-12-30,15.5,15.68,15.25,15.38,15.38,1856979,0.0,1.0
2020-12-31,15.29,15.32,14.77,15.01,15.01,1695817,0.0,1.0
2021-01-04,15.08,15.09,14.3,14.84,14.84,2374440,0.0,1.0
2021-01-05,14.58,15.24,14.45,15.0,15.0,1619864,0.0,1.0
2021-01-06,14.56,14.9698,14.25,14.44,14.44,2510772,0.0,1.0
2021-01-07,14.81,14.8427,14.4,14.72,14.72,1983642,0.0,1.0
2021-01-08,14.51,14.65,14.35,14.63,14.63,2430450,0.0,1.0
2021-01-11,14.66,15.3,14.62,14.93,14.93,2672802,0.0,1.0
2021-01-12,16.0,16.98,15.96,16.68,16.68,4919840,0.0,1.0
2021-01-13,16.3503,16.99,16.3,16.84,16.84,2415902,0.0,1.0
2021-01-14,16.9878,17.7817,16.6,16.95,16.95,2713647,0.0,1.0
2021-01-15,16.98,17.0,16.02,16.55,16.55,2219807,0.0,1.0
2021-01-19,16.27,16.4,15.795,16.12,16.12,2220688,0.0,1.0
2021-01-20,15.98,16.1,15.51,15.58,15.58,1956230,0.0,1.0
2021-01-21,15.57,15.8,15.33,15.69,15.69,1934630,0.0,1.0
2021-01-22,15.5,16.0,15.44,15.59,15.59,2051694,0.0,1.0
2021-01-25,15.76,16.0,15.01,15.44,15.44,3021216,0.0,1.0
2021-01-26,15.46,15.5,14.94,15.04,15.04,3370767,0.0,1.0
2021-01-27,14.55,15.4,14.31,14.62,14.62,3328100,0.0,1.0
2021-01-28,14.5504,15.42,14.5504,15.42,15.42,2077829,0.0,1.0
2021-01-29,15.0001,15.12,14.5,14.86,14.86,2095870,0.0,1.0
2021-02-01,15.04,15.92,14.78,15.91,15.91,2681168,0.0,1.0
2021-02-02,16.3317,16.3776,15.6,16.18,16.18,2342669,0.0,1.0
2021-02-03,16.19,16.8099,16.1,16.63,16.63,2022752,0.0,1.0
2021-02-04,16.9139,17.28,15.67,15.76,15.76,4177555,0.0,1.0
2021-02-05,15.45,15.65,15.03,15.26,15.26,2671501,0.0,1.0
2021-02-08,15.2346,15.48,14.97,15.29,15.29,2986102,0.0,1.0
2021-02-09,15.19,15.2,15.01,15.13,15.13,1916523,0.0,1.0
2021-02-10,15.07,15.15,14.7,14.94,14.94,2662680,0.0,1.0
2021-02-11,14.8,14.85,14.55,14.75,14.75,2143254,0.0,1.0
2021-02-12,15.0454,15.38,15.0,15.3,15.3,1974728,0.0,1.0
2021-02-16,15.15,15.16,14.81,15.01,15.01,1751931,0.0,1.0
2021-02-17,14.97,14.9889,14.52,14.85,14.85,1497227,0.0,1.0
2021-02-18,14.61,14.6844,14.29,14.45,14.45,1498122,0.0,1.0
2021-02-19,14.45,14.57,14.19,14.23,14.23,1805497,0.0,1.0
2021-02-22,14.07,14.15,13.74,13.84,13.84,1935599,0.0,1.0
2021-02-23,13.04,13.11,11.4,12.6,12.6,4526307,0.0,1.0
2021-02-24,13.04,14.0,13.02,13.72,13.72,1627599,0.0,1.0
2021-02-25,13.37,13.7,12.65,12.87,12.87,1364756,0.0,1.0
2021-02-26,12.87,13.18,12.2,12.87,12.87,1240642,0.0,1.0
2021-03-01,13.29,13.4341,13.13,13.36,13.36,813935,0.0,1.0
2021-03-02,13.35,13.4,12.9,12.92,12.92,724212,0.0,1.0
2021-03-03,12.97,13.015,12.02,12.05,12.05,1630087,0.0,1.0
2021-03-04,12.0056,12.35,10.91,11.44,11.44,2662527,0.0,1.0
2021-03-05,11.41,12.22,10.5,12.01,12.01,3234537,0.0,1.0
2021-03-08,11.98,12.47,11.5,11.57,11.57,1231358,0.0,1.0
2021-03-09,11.85,12.2,11.65,11.99,11.99,940419,0.0,1.0
2021-03-10,12.03,12.24,11.7,12.03,12.03,1049420,0.0,1.0
2021-03-11,13.0,13.0496,12.39,12.76,12.76,1078170,0.0,1.0
2021-03-12,12.32,12.78,12.26,12.61,12.61,717582,0.0,1.0
2021-03-15,12.98,13.4,12.85,13.32,13.32,1032306,0.0,1.0
2021-03-16,13.59,13.7,12.7,12.97,12.97,1077927,0.0,1.0
2021-03-17,12.6,13.38,12.59,13.21,13.21,1165091,0.0,1.0
2021-03-18,13.16,13.2,12.5,12.56,12.56,841696,0.0,1.0
2021-03-19,12.5,12.7205,12.03,12.42,12.42,994515,0.0,1.0
2021-03-22,12.5795,12.77,12.35,12.51,12.51,648999,0.0,1.0
2021-03-23,12.51,12.59,12.15,12.22,12.22,692705,0.0,1.0
2021-03-24,12.27,12.39,11.36,11.42,11.42,1007622,0.0,1.0
2021-03-25,11.03,11.99,10.95,11.92,11.92,980403,0.0,1.0
2021-03-26,11.91,12.15,11.31,11.57,11.57,560616,0.0,1.0
2021-03-29,11.49,11.57,11.11,11.23,11.23,401838,0.0,1.0
2021-03-30,11.14,11.25,10.91,11.08,11.08,540683,0.0,1.0
2021-03-31,11.23,11.48,11.06,11.08,11.08,546102,0.0,1.0
2021-04-01,11.2475,11.48,11.0863,11.18,11.18,593256,0.0,1.0
2021-04-05,11.3,11.38,11.08,11.11,11.11,674881,0.0,1.0
2021-04-06,11.12,11.3919,11.12,11.32,11.32,462600,0.0,1.0
2021-04-07,11.3,11.73,11.3,11.35,11.35,426351,0.0,1.0
2021-04-08,11.58,12.2932,11.52,12.09,12.09,839206,0.0,1.0
2021-04-09,12.05,12.26,12.0101,12.22,12.22,467849,0.0,1.0
2021-04-12,12.15,12.219,11.39,11.56,11.56,768547,0.0,1.0
2021-04-13,11.3,11.47,11.01,11.15,11.15,713352,0.0,1.0
2021-04-14,11.1,11.3051,10.93,11.15,11.15,1382854,0.0,1.0
2021-04-15,11.97,11.97,11.2,11.46,11.46,1552423,0.0,1.0
2021-04-16,11.28,11.38,11.05,11.09,11.09,942104,0.0,1.0
2021-04-19,11.15,11.15,10.5,10.7,10.7,1421556,0.0,1.0
2021-04-20,10.58,10.79,10.2,10.41,10.41,1452628,0.0,1.0
2021-04-21,10.38,11.02,10.31,10.97,10.97,800305,0.0,1.0
2021-04-22,10.97,11.1,10.62,10.73,10.73,770469,0.0,1.0
2021-04-23,10.77,10.95,10.66,10.84,10.84,496736,0.0,1.0
2021-04-26,10.89,11.2,10.88,11.04,11.04,530998,0.0,1.0
2021-04-27,11.17,11.2199,11.04,11.1,11.1,444737,0.0,1.0
2021-04-28,11.12,11.17,10.96,11.07,11.07,303390,0.0,1.0
2021-04-29,11.13,11.19,10.76,10.88,10.88,443535,0.0,1.0
2021-04-30,10.8,11.0387,10.7,10.71,10.71,426127,0.0,1.0
2021-05-03,10.75,10.79,10.43,10.5,10.5,764816,0.0,1.0
2021-05-04,10.48,10.54,10.25,10.38,10.38,894907,0.0,1.0
2021-05-05,10.44,10.46,10.25,10.29,10.29,547136,0.0,1.0
2021-05-06,10.3,10.32,10.035,10.16,10.16,985913,0.0,1.0
2021-05-07,10.1,10.49,10.1,10.15,10.15,635337,0.0,1.0
2021-05-10,10.14,10.24,10.07,10.11,10.11,884160,0.0,1.0
2021-05-11,9.8806,10.32,9.86,10.08,10.08,1251653,0.0,1.0
2021-05-12,10.01,10.09,9.9789,9.99,9.99,1016418,0.0,1.0
2021-05-13,9.96,10.08,9.9,9.97,9.97,1287623,0.0,1.0
2021-05-14,10.01,10.05,9.95,10.04,10.04,937606,0.0,1.0
2021-05-17,9.99,10.13,9.96,10.09,10.09,667242,0.0,1.0
2021-05-18,10.06,10.185,10.0099,10.12,10.12,404220,0.0,1.0
2021-05-19,10.02,10.1,9.96,10.08,10.08,473980,0.0,1.0
2021-05-20,10.25,10.3,10.02,10.22,10.22,694790,0.0,1.0
2021-05-21,10.23,10.25,10.06,10.11,10.11,651409,0.0,1.0
2021-05-24,10.16,10.22,10.0402,10.18,10.18,655815,0.0,1.0
2021-05-25,10.27,10.29,10.11,10.16,10.16,443845,0.0,1.0
2021-05-26,10.16,10.48,10.13,10.38,10.38,536504,0.0,1.0
2021-05-27,10.5,10.75,10.33,10.38,10.38,440375,0.0,1.0
2021-05-28,10.39,10.62,10.28,10.31,10.31,436817,0.0,1.0
2021-06-01,10.4518,10.48,10.2397,10.45,10.45,547930,0.0,1.0
2021-06-02,10.4335,11.24,10.4,11.04,11.04,1201493,0.0,1.0
2021-06-03,10.8248,10.9719,10.61,10.82,10.82,664820,0.0,1.0
2021-06-04,10.89,10.94,10.51,10.76,10.76,620928,0.0,1.0
2021-06-07,10.7419,10.855,10.575,10.68,10.68,556020,0.0,1.0
2021-06-08,10.82,11.39,10.81,11.14,11.14,964417,0.0,1.0
2021-06-09,11.4,11.43,10.97,11.02,11.02,919505,0.0,1.0
2021-06-10,11.1,11.25,10.9,11.11,11.11,571445,0.0,1.0
2021-06-11,11.22,11.35,11.06,11.13,11.13,381376,0.0,1.0
2021-06-14,11.26,11.81,11.13,11.63,11.63,982050,0.0,1.0
2021-06-15,11.7,11.73,11.35,11.39,11.39,720900,0.0,1.0
2021-06-16,11.355,11.74,11.31,11.57,11.57,515707,0.0,1.0
2021-06-17,11.6,11.8,11.52,11.64,11.64,441000,0.0,1.0
2021-06-18,11.55,11.5884,11.22,11.38,11.38,459952,0.0,1.0
2021-06-21,11.34,11.34,11.0001,11.15,11.15,648315,0.0,1.0
2021-06-22,11.15,11.25,11.05,11.23,11.23,451472,0.0,1.0
2021-06-23,11.33,11.5,11.22,11.35,11.35,518516,0.0,1.0
2021-06-24,11.38,11.54,11.217,11.5,11.5,426476,0.0,1.0
2021-06-25,11.53,12.55,11.43,12.41,12.41,1361420,0.0,1.0
2021-06-28,12.21,12.4,12.03,12.38,12.38,755984,0.0,1.0
2021-06-29,12.29,12.4,11.84,12.11,12.11,814818,0.0,1.0
2021-06-30,12.18,12.35,12.0146,12.25,12.25,876084,0.0,1.0
2021-07-01,12.245,12.25,11.82,12.11,12.11,747560,0.0,1.0
2021-07-02,12.05,12.17,11.03,11.95,11.95,1848509,0.0,1.0
2021-07-06,11.9,11.94,11.05,11.41,11.41,1199095,0.0,1.0
2021-07-07,11.17,11.175,10.52,11.01,11.01,1315219,0.0,1.0
2021-07-08,10.46,11.25,10.21,11.07,11.07,1091267,0.0,1.0
2021-07-09,11.02,11.45,10.91,10.95,10.95,574950,0.0,1.0
2021-07-12,10.9,10.9,10.42,10.48,10.48,743414,0.0,1.0
2021-07-13,10.5,10.5,9.93,10.09,10.09,1617696,0.0,1.0
2021-07-14,10.1,10.14,9.81,9.88,9.88,1427218,0.0,1.0
2021-07-15,9.86,9.8669,9.32,9.43,9.43,1114884,0.0,1.0
2021-07-16,9.75,10.24,9.4,9.45,9.45,1463696,0.0,1.0
2021-07-19,9.53,10.56,9.45,10.15,10.15,2187431,0.0,1.0
2021-07-20,10.4,10.46,10.09,10.12,10.12,803126,0.0,1.0
2021-07-21,10.595,11.7,10.21,11.42,11.42,2147948,0.0,1.0
2021-07-22,11.5,11.94,11.2601,11.59,11.59,1325243,0.0,1.0
2021-07-23,11.75,11.76,11.3,11.45,11.45,585633,0.0,1.0
2021-07-26,11.41,11.46,11.01,11.25,11.25,614091,0.0,1.0
2021-07-27,11.31,11.31,10.54,10.71,10.71,871919,0.0,1.0
2021-07-28,10.71,10.84,10.24,10.33,10.33,1048060,0.0,1.0
2021-07-29,10.33,10.73,10.28,10.57,10.57,777361,0.0,1.0
2021-07-30,10.5,10.62,10.375,10.55,10.55,319517,0.0,1.0
2021-08-02,10.6,11.1,10.56,10.78,10.78,605952,0.0,1.0
2021-08-03,10.8,10.84,10.47,10.5,10.5,514083,0.0,1.0
2021-08-04,10.45,10.56,10.24,10.31,10.31,461798,0.0,1.0
2021-08-05,10.35,10.7,10.35,10.59,10.59,446110,0.0,1.0
2021-08-06,10.6,10.6599,10.24,10.29,10.29,553568,0.0,1.0
2021-08-09,10.37,10.63,10.281,10.49,10.49,1187528,0.0,1.0
2021-08-10,10.43,10.449,9.98,10.19,10.19,2181619,0.0,1.0
2021-08-11,10.2,10.23,9.32,9.56,9.56,2861006,0.0,1.0
2021-08-12,9.56,9.9,9.45,9.88,9.88,1109061,0.0,1.0
2021-08-13,9.74,9.88,9.55,9.68,9.68,637164,0.0,1.0
2021-08-16,9.68,9.885,9.23,9.47,9.47,1189121,0.0,1.0
2021-08-17,9.38,9.6,8.97,9.01,9.01,1558093,0.0,1.0
2021-08-18,9.02,9.2,8.82,9.03,9.03,865004,0.0,1.0
2021-08-19,8.67,9.0,8.3583,8.46,8.46,1577965,0.0,1.0
2021-08-20,8.75,8.85,8.48,8.82,8.82,1392588,0.0,1.0
2021-08-23,8.9543,9.45,8.87,9.41,9.41,886752,0.0,1.0
2021-08-24,9.4,9.815,9.4,9.66,9.66,1022443,0.0,1.0
2021-08-25,9.7,10.179,9.4801,9.81,9.81,928303,0.0,1.0
2021-08-26,9.6709,10.0307,9.61,9.65,9.65,570805,0.0,1.0
2021-08-27,9.59,10.02,9.58,9.82,9.82,684579,0.0,1.0
2021-08-30,9.7,9.74,9.02,9.07,9.07,1126180,0.0,1.0
2021-08-31,9.11,9.31,8.98,9.26,9.26,854555,0.0,1.0
2021-09-01,9.15,9.71,9.15,9.64,9.64,626695,0.0,1.0
2021-09-02,9.48,10.11,9.47,9.94,9.94,869505,0.0,1.0
2021-09-03,10.12,10.77,10.05,10.68,10.68,2330637,0.0,1.0
2021-09-07,10.78,10.8,9.2,9.39,9.39,3041013,0.0,1.0
2021-09-08,9.4,9.59,9.18,9.49,9.49,1280494,0.0,1.0
2021-09-09,9.49,9.99,9.44,9.94,9.94,1088305,0.0,1.0
2021-09-10,10.0,10.18,9.9,9.9,9.9,1058474,0.0,1.0
2021-09-13,9.9,10.1,9.775,9.83,9.83,1102992,0.0,1.0
2021-09-14,9.8,10.1,9.7,9.79,9.79,1010015,0.0,1.0
2021-09-15,9.85,10.06,9.766,9.91,9.91,1471976,0.0,1.0
2021-09-16,9.81,10.04,9.55,9.58,9.58,1211144,0.0,1.0
2021-09-17,9.52,9.72,9.45,9.58,9.58,6389225,0.0,1.0
2021-09-20,9.25,9.44,8.91,9.04,9.04,1929349,0.0,1.0
2021-09-21,9.02,9.14,8.78,8.78,8.78,1443748,0.0,1.0
2021-09-22,8.98,9.0283,8.9,8.9,8.9,590144,0.0,1.0
2021-09-23,8.98,9.01,8.928,8.99,8.99,639100,0.0,1.0
2021-09-24,8.93,9.01,8.9,8.99,8.99,487655,0.0,1.0
2021-09-27,8.96,9.07,8.89,9.03,9.03,845240,0.0,1.0
2021-09-28,8.9,8.99,8.72,8.73,8.73,745349,0.0,1.0
2021-09-29,8.77,8.82,8.49,8.52,8.52,666076,0.0,1.0
2021-09-30,8.6,8.6824,8.36,8.49,8.49,689815,0.0,1.0
2021-10-01,8.49,8.49,8.07,8.39,8.39,1288773,0.0,1.0
2021-10-04,8.36,8.36,7.915,8.04,8.04,1075165,0.0,1.0
2021-10-05,8.03,8.35,7.87,8.32,8.32,922483,0.0,1.0
2021-10-06,8.09,8.419,8.08,8.36,8.36,565332,0.0,1.0
2021-10-07,8.45,8.76,8.38,8.69,8.69,503662,0.0,1.0
2021-10-08,8.74,8.85,8.6748,8.7,8.7,519140,0.0,1.0
2021-10-11,8.54,8.72,8.52,8.56,8.56,381818,0.0,1.0
2021-10-12,8.52,8.67,8.52,8.56,8.56,346219,0.0,1.0
2021-10-13,8.66,8.74,8.5223,8.6,8.6,340441,0.0,1.0
2021-10-14,8.62,8.925,8.6,8.79,8.79,390822,0.0,1.0
2021-10-15,8.84,8.85,8.37,8.41,8.41,389894,0.0,1.0
2021-10-18,8.32,8.61,8.25,8.5,8.5,519849,0.0,1.0
2021-10-19,8.58,8.68,8.445,8.63,8.63,365519,0.0,1.0
2021-10-20,8.66,8.67,8.49,8.56,8.56,384186,0.0,1.0
2021-10-21,8.55,8.82,8.53,8.655,8.655,453058,0.0,1.0
2021-10-22,8.5056,8.54,8.21,8.51,8.51,694725,0.0,1.0
2021-10-25,8.48,8.94,8.425,8.87,8.87,598992,0.0,1.0
2021-10-26,8.73,8.87,8.59,8.72,8.72,675366,0.0,1.0
2021-10-27,8.67,8.86,8.57,8.78,8.78,471146,0.0,1.0
2021-10-28,8.8,9.19,8.7,9.03,9.03,690465,0.0,1.0
2021-10-29,8.94,9.5,8.8402,9.32,9.32,941033,0.0,1.0
2021-11-01,9.35,9.58,9.2283,9.39,9.39,549389,0.0,1.0
2021-11-02,9.38,9.58,9.31,9.49,9.49,597960,0.0,1.0
2021-11-03,9.5,9.58,9.213,9.27,9.27,952273,0.0,1.0
2021-11-04,9.35,9.35,9.14,9.21,9.21,515078,0.0,1.0
2021-11-05,9.1,9.19,8.8811,9.07,9.07,551418,0.0,1.0
2021-11-08,8.95,9.39,8.91,9.26,9.26,532997,0.0,1.0
2021-11-09,9.16,9.41,9.015,9.06,9.06,601850,0.0,1.0
2021-11-10,9.06,9.19,8.87,8.97,8.97,578901,0.0,1.0
2021-11-11,8.97,9.12,8.89,8.9,8.9,501941,0.0,1.0
2021-11-12,8.89,9.35,8.89,9.21,9.21,812683,0.0,1.0
2021-11-15,8.53,8.5925,7.8,8.33,8.33,3183306,0.0,1.0
2021-11-16,8.36,8.375,7.72,7.73,7.73,2234184,0.0,1.0
2021-11-17,7.75,8.07,7.57,7.59,7.59,3760773,0.0,1.0
2021-11-18,7.65,7.65,7.22,7.34,7.34,1471241,0.0,1.0
2021-11-19,7.56,7.8,7.34,7.35,7.35,1503540,0.0,1.0
2021-11-22,7.34,7.3883,6.93,7.04,7.04,1585163,0.0,1.0
2021-11-23,7.0,7.21,6.7,6.94,6.94,1316927,0.0,1.0
2021-11-24,6.87,7.09,6.73,7.04,7.04,796466,0.0,1.0
2021-11-26,6.78,7.11,6.71,7.09,7.09,616491,0.0,1.0
2021-11-29,7.14,7.19,6.84,7.06,7.06,826424,0.0,1.0
2021-11-30,6.92,7.043,6.66,6.91,6.91,2298779,0.0,1.0
2021-12-01,6.95,7.0,6.32,6.32,6.32,1319441,0.0,1.0
2021-12-02,6.32,6.6,6.2874,6.45,6.45,893921,0.0,1.0
2021-12-03,6.5,6.5,5.97,6.45,6.45,2057726,0.0,1.0
2021-12-06,6.4,6.48,6.17,6.4,6.4,1340127,0.0,1.0
2021-12-07,6.5,7.01,6.475,6.91,6.91,932257,0.0,1.0
2021-12-08,6.9,7.0,6.61,6.96,6.96,797458,0.0,1.0
2021-12-09,6.82,6.96,6.66,6.73,6.73,652737,0.0,1.0
2021-12-10,6.685,6.82,6.54,6.57,6.57,678055,0.0,1.0
2021-12-13,6.51,6.78,6.41,6.55,6.55,675521,0.0,1.0
2021-12-14,6.39,6.57,6.34,6.4,6.4,718298,0.0,1.0
2021-12-15,6.37,6.57,6.275,6.5,6.5,1092099,0.0,1.0
2021-12-16,6.54,6.58,6.3,6.3,6.3,1236546,0.0,1.0
2021-12-17,6.28,6.47,6.105,6.37,6.37,2106360,0.0,1.0
2021-12-20,6.19,6.35,6.112,6.14,6.14,941932,0.0,1.0
2021-12-21,6.25,6.445,6.21,6.39,6.39,946205,0.0,1.0
2021-12-22,6.41,6.49,6.34,6.39,6.39,483688,0.0,1.0
2021-12-23,6.37,6.57,6.31,6.5,6.5,602863,0.0,1.0
2021-12-27,6.49,6.61,6.36,6.39,6.39,622747,0.0,1.0
2021-12-28,6.3,6.535,6.29,6.36,6.36,759411,0.0,1.0
2021-12-29,6.27,6.47,6.13,6.43,6.43,1364918,0.0,1.0
2021-12-30,6.335,6.79,6.3154,6.54,6.54,1106532,0.0,1.0
2021-12-31,6.495,6.7,6.245,6.29,6.29,857978,0.0,1.0
2022-01-03,6.3,6.57,6.2898,6.44,6.44,642547,0.0,1.0
2022-01-04,6.45,6.7,6.395,6.64,6.64,1050962,0.0,1.0
2022-01-05,6.64,6.69,6.21,6.25,6.25,793926,0.0,1.0
2022-01-06,6.21,6.53,6.14,6.38,6.38,901089,0.0,1.0
2022-01-07,6.36,6.48,6.17,6.2,6.2,643511,0.0,1.0
2022-01-10,6.16,6.16,5.87,6.05,6.05,792673,0.0,1.0
2022-01-11,6.092,6.605,6.092,6.56,6.56,935395,0.0,1.0
2022-01-12,6.58,6.7,6.35,6.41,6.41,518973,0.0,1.0
2022-01-13,6.42,6.52,6.2,6.2,6.2,461974,0.0,1.0
2022-01-14,6.15,6.26,6.11,6.23,6.23,600237,0.0,1.0
2022-01-18,6.19,6.19,5.81,5.82,5.82,742304,0.0,1.0
2022-01-19,5.8,5.9,5.63,5.65,5.65,648986,0.0,1.0
2022-01-20,5.65,6.0,5.65,5.86,5.86,640496,0.0,1.0
2022-01-21,5.77,5.84,5.465,5.51,5.51,634343,0.0,1.0
2022-01-24,5.19,5.48,4.91,5.47,5.47,1644959,0.0,1.0
2022-01-25,5.37,5.475,5.17,5.31,5.31,804790,0.0,1.0
2022-01-26,5.4,5.7,5.3413,5.39,5.39,761510,0.0,1.0
2022-01-27,5.48,5.63,5.295,5.36,5.36,1032440,0.0,1.0
2022-01-28,5.29,5.47,5.2,5.47,5.47,596182,0.0,1.0
2022-01-31,5.48,5.89,5.47,5.89,5.89,650646,0.0,1.0
2022-02-01,5.95,6.16,5.83,6.14,6.14,1099870,0.0,1.0
2022-02-02,6.19,6.19,5.875,5.94,5.94,936398,0.0,1.0
2022-02-03,5.79,5.83,5.69,5.71,5.71,640129,0.0,1.0
2022-02-04,5.66,5.85,5.56,5.72,5.72,605655,0.0,1.0
2022-02-07,5.71,5.945,5.68,5.83,5.83,500204,0.0,1.0
2022-02-08,5.81,5.97,5.7,5.95,5.95,600367,0.0,1.0
2022-02-09,6.05,6.25,5.99,6.23,6.23,642582,0.0,1.0
2022-02-10,6.16,6.43,6.1,6.19,6.19,883677,0.0,1.0
2022-02-11,6.24,6.275,5.905,5.98,5.98,455743,0.0,1.0
2022-02-14,5.96,6.13,5.875,5.92,5.92,484018,0.0,1.0
2022-02-15,6.07,6.285,5.99,6.28,6.28,575305,0.0,1.0
2022-02-16,6.21,6.21,6.0,6.12,6.12,444723,0.0,1.0
2022-02-17,6.1,6.12,5.88,5.9,5.9,544185,0.0,1.0
2022-02-18,5.86,5.89,5.7,5.74,5.74,706637,0.0,1.0
2022-02-22,5.64,5.8312,5.61,5.65,5.65,691220,0.0,1.0
2022-02-23,5.72,5.72,5.37,5.38,5.38,539154,0.0,1.0
2022-02-24,5.0,5.58,4.92,5.47,5.47,2399502,0.0,1.0
2022-02-25,5.5,5.57,5.36,5.49,5.49,1403632,0.0,1.0
2022-02-28,5.45,5.64,5.42,5.64,5.64,999247,0.0,1.0
2022-03-01,5.64,5.7,5.4,5.47,5.47,756428,0.0,1.0
2022-03-02,5.47,5.59,5.375,5.49,5.49,888904,0.0,1.0
2022-03-03,5.51,5.54,5.16,5.21,5.21,596509,0.0,1.0
2022-03-04,5.16,5.2165,4.98,5.07,5.07,655448,0.0,1.0
2022-03-07,4.95,5.88,4.94,5.57,5.57,3081375,0.0,1.0
2022-03-08,5.55,5.575,5.355,5.36,5.36,1400364,0.0,1.0
2022-03-09,5.49,5.67,5.46,5.5,5.5,1268225,0.0,1.0
2022-03-10,5.36,5.55,5.32,5.48,5.48,1094345,0.0,1.0
2022-03-11,5.52,5.65,5.31,5.32,5.32,1240846,0.0,1.0
2022-03-14,5.3,5.37,4.9801,5.03,5.03,1408176,0.0,1.0
2022-03-15,5.0,5.16,4.98,5.01,5.01,1017013,0.0,1.0
2022-03-16,5.08,5.27,4.935,5.11,5.11,3006956,0.0,1.0
2022-03-17,5.11,5.36,5.07,5.31,5.31,2767809,0.0,1.0
2022-03-18,5.17,6.05,5.17,5.94,5.94,4356933,0.0,1.0
2022-03-21,5.73,6.105,5.73,5.88,5.88,3294792,0.0,1.0
2022-03-22,5.83,6.0,5.72,5.74,5.74,2491116,0.0,1.0
2022-03-23,5.67,5.715,5.41,5.59,5.59,997306,0.0,1.0
2022-03-24,5.6,5.695,5.455,5.55,5.55,1895995,0.0,1.0
2022-03-25,5.61,5.73,5.3813,5.41,5.41,961664,0.0,1.0
2022-03-28,5.45,5.58,5.4,5.45,5.45,607879,0.0,1.0
2022-03-29,5.52,5.565,5.35,5.54,5.54,3031659,0.0,1.0
2022-03-30,5.54,5.7478,5.42,5.42,5.42,1049541,0.0,1.0
2022-03-31,5.42,5.43,5.21,5.26,5.26,649725,0.0,1.0
2022-04-01,5.26,5.41,5.22,5.35,5.35,739231,0.0,1.0
2022-04-04,5.35,5.385,5.21,5.26,5.26,1020945,0.0,1.0
2022-04-05,5.23,5.28,5.03,5.07,5.07,1237039,0.0,1.0
2022-04-06,5.03,5.09,4.93,4.99,4.99,1052383,0.0,1.0
2022-04-07,4.95,5.05,4.82,4.96,4.96,843532,0.0,1.0
2022-04-08,4.97,5.12,4.88,4.99,4.99,1286825,0.0,1.0
2022-04-11,4.91,4.99,4.78,4.97,4.97,785385,0.0,1.0
2022-04-12,5.02,5.05,4.84,4.89,4.89,1227992,0.0,1.0
2022-04-13,4.9,5.11,4.84,5.09,5.09,3412309,0.0,1.0
2022-04-14,5.09,5.22,5.07,5.15,5.15,1594203,0.0,1.0
2022-04-18,5.12,5.13,4.9,4.98,4.98,774500,0.0,1.0
2022-04-19,4.95,5.105,4.82,4.96,4.96,957637,0.0,1.0
2022-04-20,4.98,4.98,4.82,4.86,4.86,928607,0.0,1.0
2022-04-21,4.92,4.98,4.76,4.81,4.81,674756,0.0,1.0
2022-04-22,4.78,4.92,4.75,4.79,4.79,741971,0.0,1.0
2022-04-25,4.75,5.09,4.7325,5.09,5.09,688806,0.0,1.0
2022-04-26,5.07,5.08,4.87,4.94,4.94,918479,0.0,1.0
2022-04-27,4.96,5.04,4.865,4.92,4.92,595268,0.0,1.0
2022-04-28,4.91,5.07,4.74,5.07,5.07,863544,0.0,1.0
2022-04-29,5.0,5.175,4.88,4.9,4.9,733789,0.0,1.0
2022-05-02,4.89,4.99,4.81,4.97,4.97,661303,0.0,1.0
2022-05-03,4.95,4.95,4.72,4.82,4.82,676486,0.0,1.0
2022-05-04,4.78,5.02,4.675,5.02,5.02,692591,0.0,1.0
2022-05-05,4.96,4.97,4.69,4.76,4.76,565079,0.0,1.0
2022-05-06,4.7,4.84,4.58,4.69,4.69,824147,0.0,1.0
2022-05-09,4.56,4.58,4.28,4.31,4.31,983251,0.0,1.0
2022-05-10,4.4,4.48,3.915,4.18,4.18,1667188,0.0,1.0
2022-05-11,4.18,4.35,4.01,4.17,4.17,1504329,0.0,1.0
2022-05-12,3.91,4.45,3.88,4.31,4.31,1836627,0.0,1.0
2022-05-13,4.4,4.915,4.392,4.79,4.79,1236528,0.0,1.0
2022-05-16,4.72,4.97,4.67,4.82,4.82,739175,0.0,1.0
2022-05-17,4.9,5.03,4.82,4.92,4.92,777187,0.0,1.0
2022-05-18,4.88,5.085,4.83,4.93,4.93,701558,0.0,1.0
2022-05-19,4.89,5.175,4.89,5.08,5.08,896247,0.0,1.0
2022-05-20,5.18,5.325,5.13,5.28,5.28,1062297,0.0,1.0
2022-05-23,5.34,5.48,5.29,5.39,5.39,828212,0.0,1.0
2022-05-24,5.36,5.395,5.28,5.31,5.31,851409,0.0,1.0
2022-05-25,5.28,5.48,5.28,5.41,5.41,561603,0.0,1.0
2022-05-26,5.41,5.58,5.365,5.54,5.54,555136,0.0,1.0
2022-05-27,5.56,5.91,5.53,5.82,5.82,946301,0.0,1.0
2022-05-31,5.76,5.89,5.71,5.85,5.85,1166425,0.0,1.0
2022-06-01,5.89,5.94,5.72,5.75,5.75,948037,0.0,1.0
2022-06-02,5.75,6.04,5.73,6.03,6.03,1120613,0.0,1.0
2022-06-03,5.98,6.05,5.85,5.92,5.92,907139,0.0,1.0
2022-06-06,6.01,6.13,5.88,6.0,6.0,1064690,0.0,1.0
2022-06-07,5.85,5.93,5.49,5.74,5.74,1347483,0.0,1.0
2022-06-08,5.7,5.87,5.66,5.68,5.68,838138,0.0,1.0
2022-06-09,5.67,5.68,5.41,5.47,5.47,932368,0.0,1.0
2022-06-10,5.39,5.57,5.39,5.44,5.44,805981,0.0,1.0
2022-06-13,5.2,5.31,4.71,4.77,4.77,1269545,0.0,1.0
2022-06-14,4.83,4.96,4.7212,4.93,4.93,613758,0.0,1.0
2022-06-15,4.94,5.23,4.85,5.19,5.19,979392,0.0,1.0
2022-06-16,5.02,5.15,4.84,5.04,5.04,945931,0.0,1.0
2022-06-17,4.912,5.36,4.912,5.27,5.27,1416285,0.0,1.0
2022-06-21,5.38,5.575,5.29,5.29,5.29,916765,0.0,1.0
2022-06-22,5.25,5.42,5.16,5.17,5.17,1020621,0.0,1.0
2022-06-23,5.18,5.39,5.12,5.36,5.36,1362799,0.0,1.0
2022-06-24,5.41,5.695,5.35,5.39,5.39,16090730,0.0,1.0
2022-06-27,5.44,5.44,4.8,4.82,4.82,1521007,0.0,1.0
2022-06-28,4.83,4.882,4.49,4.55,4.55,1341328,0.0,1.0
2022-06-29,4.52,4.53,4.215,4.27,4.27,1424074,0.0,1.0
2022-06-30,4.21,4.34,4.08,4.34,4.34,1215987,0.0,1.0
2022-07-01,4.33,4.445,4.25,4.3,4.3,758501,0.0,1.0
2022-07-05,4.21,4.625,4.105,4.62,4.62,1005355,0.0,1.0
2022-07-06,4.61,4.685,4.5,4.66,4.66,602950,0.0,1.0
2022-07-07,4.69,4.86,4.66,4.84,4.84,609887,0.0,1.0
2022-07-08,4.79,5.0,4.77,4.97,4.97,641156,0.0,1.0
2022-07-11,4.88,4.95,4.685,4.72,4.72,461478,0.0,1.0
2022-07-12,4.7,4.76,4.49,4.54,4.54,409203,0.0,1.0
2022-07-13,4.48,4.545,4.365,4.49,4.49,411260,0.0,1.0
2022-07-14,4.43,4.44,4.3,4.36,4.36,458422,0.0,1.0
2022-07-15,4.48,4.58,4.36,4.56,4.56,555576,0.0,1.0
2022-07-18,4.61,4.685,4.52,4.57,4.57,349423,0.0,1.0
2022-07-19,4.62,4.74,4.59,4.72,4.72,387313,0.0,1.0
2022-07-20,4.75,5.005,4.72,4.94,4.94,496953,0.0,1.0
2022-07-21,4.93,5.08,4.93,5.08,5.08,481605,0.0,1.0
2022-07-22,5.08,5.09,4.83,4.89,4.89,396665,0.0,1.0
2022-07-25,4.86,4.87,4.765,4.83,4.83,458777,0.0,1.0
2022-07-26,4.8,4.81,4.7,4.76,4.76,318204,0.0,1.0
2022-07-27,4.81,4.98,4.81,4.98,4.98,375569,0.0,1.0
2022-07-28,4.94,5.045,4.8401,4.95,4.95,316078,0.0,1.0
2022-07-29,4.94,5.05,4.85,5.03,5.03,373297,0.0,1.0
2022-08-01,5.06,5.27,4.97,5.15,5.15,784411,0.0,1.0
2022-08-02,5.11,5.33,5.09,5.15,5.15,558628,0.0,1.0
2022-08-03,5.2,5.37,5.17,5.31,5.31,416584,0.0,1.0
2022-08-04,5.36,5.42,5.32,5.38,5.38,432456,0.0,1.0
2022-08-05,5.27,5.405,5.215,5.37,5.37,350018,0.0,1.0
2022-08-08,5.39,5.49,5.36,5.42,5.42,625997,0.0,1.0
2022-08-09,5.39,5.4,5.19,5.3,5.3,442113,0.0,1.0
2022-08-10,5.43,5.485,5.38,5.44,5.44,417892,0.0,1.0
2022-08-11,5.5,5.5159,5.39,5.4,5.4,431774,0.0,1.0
2022-08-12,5.15,5.22,4.6501,5.02,5.02,933304,0.0,1.0
2022-08-15,4.97,5.03,4.9101,5.0,5.0,336597,0.0,1.0
2022-08-16,4.95,5.35,4.86,5.27,5.27,1070814,0.0,1.0
2022-08-17,5.18,5.23,5.05,5.1,5.1,444504,0.0,1.0
2022-08-18,5.05,5.15,4.9712,5.11,5.11,591102,0.0,1.0
2022-08-19,5.05,5.05,4.86,5.0,5.0,516580,0.0,1.0
2022-08-22,4.89,4.9,4.715,4.85,4.85,657333,0.0,1.0
2022-08-23,4.86,5.03,4.82,4.82,4.82,380372,0.0,1.0
2022-08-24,4.84,4.975,4.81,4.92,4.92,293787,0.0,1.0
2022-08-25,4.94,5.0,4.87,4.9,4.9,476092,0.0,1.0
2022-08-26,4.91,4.97,4.73,4.74,4.74,367457,0.0,1.0
2022-08-29,4.65,4.78,4.65,4.69,4.69,325826,0.0,1.0
2022-08-30,4.69,4.755,4.61,4.69,4.69,439566,0.0,1.0
2022-08-31,4.72,4.7723,4.61,4.68,4.68,1335765,0.0,1.0
2022-09-01,4.63,4.68,4.34,4.41,4.41,709747,0.0,1.0
2022-09-02,4.45,4.52,4.345,4.4,4.4,406158,0.0,1.0
2022-09-06,4.4,4.425,4.175,4.23,4.23,1205595,0.0,1.0
2022-09-07,4.2,4.49,4.19,4.48,4.48,583775,0.0,1.0
2022-09-08,4.41,4.59,4.365,4.49,4.49,336617,0.0,1.0
2022-09-09,4.53,4.67,4.53,4.63,4.63,416661,0.0,1.0
2022-09-12,4.66,4.77,4.57,4.67,4.67,584732,0.0,1.0
2022-09-13,4.55,4.58,4.475,4.51,4.51,471549,0.0,1.0
2022-09-14,4.5,4.61,4.335,4.43,4.43,985136,0.0,1.0
2022-09-15,4.37,4.47,4.34,4.38,4.38,477487,0.0,1.0
2022-09-16,4.32,4.44,4.2395,4.42,4.42,1099211,0.0,1.0
2022-09-19,4.36,4.42,4.235,4.29,4.29,487725,0.0,1.0
2022-09-20,4.23,4.2382,4.1401,4.2,4.2,484814,0.0,1.0
2022-09-21,4.2,4.3,4.11,4.19,4.19,478008,0.0,1.0
2022-09-22,4.16,4.165,4.01,4.1,4.1,824452,0.0,1.0
2022-09-23,4.02,4.1,3.98,4.09,4.09,553591,0.0,1.0
2022-09-26,4.07,4.225,4.0,4.0,4.0,511561,0.0,1.0
2022-09-27,4.03,4.13,3.89,4.0,4.0,672284,0.0,1.0
2022-09-28,4.03,4.21,3.95,4.18,4.18,631733,0.0,1.0
2022-09-29,4.12,4.17,4.005,4.09,4.09,690512,0.0,1.0
2022-09-30,4.05,4.21,4.0,4.01,4.01,405477,0.0,1.0
2022-10-03,4.04,4.045,3.89,3.97,3.97,453528,0.0,1.0
2022-10-04,4.01,4.185,4.01,4.13,4.13,750241,0.0,1.0
2022-10-05,4.08,4.1,3.88,3.96,3.96,350169,0.0,1.0
2022-10-06,3.92,4.1,3.92,4.06,4.06,375278,0.0,1.0
2022-10-07,4.02,4.02,3.755,3.82,3.82,783938,0.0,1.0
2022-10-10,3.79,3.805,3.705,3.73,3.73,367954,0.0,1.0
2022-10-11,3.7,3.77,3.5988,3.72,3.72,544813,0.0,1.0
2022-10-12,3.72,4.0299,3.61,3.64,3.64,3080722,0.0,1.0
2022-10-13,3.51,3.73,3.4,3.69,3.69,719581,0.0,1.0
2022-10-14,3.7,3.725,3.57,3.59,3.59,464589,0.0,1.0
2022-10-17,3.61,3.77,3.61,3.74,3.74,622123,0.0,1.0
2022-10-18,3.79,3.92,3.72,3.76,3.76,390584,0.0,1.0
2022-10-19,3.7,3.71,3.61,3.67,3.67,345697,0.0,1.0
2022-10-20,3.67,3.91,3.67,3.81,3.81,529333,0.0,1.0
2022-10-21,3.84,3.88,3.7,3.85,3.85,404102,0.0,1.0
2022-10-24,3.85,3.85,3.67,3.73,3.73,358644,0.0,1.0
2022-10-25,3.73,4.07,3.73,4.05,4.05,986547,0.0,1.0
2022-10-26,4.06,4.21,3.96,4.1,4.1,426663,0.0,1.0
2022-10-27,4.08,4.225,4.08,4.12,4.12,335656,0.0,1.0
2022-10-28,4.15,4.34,4.13,4.33,4.33,500603,0.0,1.0
2022-10-31,4.28,4.39,4.17,4.37,4.37,991896,0.0,1.0
2022-11-01,4.4,4.45,3.91,4.19,4.19,1238177,0.0,1.0
2022-11-02,4.17,4.22,4.02,4.08,4.08,383404,0.0,1.0
2022-11-03,4.0,4.0,3.79,3.79,3.79,571513,0.0,1.0
2022-11-04,3.84,3.84,3.59,3.79,3.79,613911,0.0,1.0
2022-11-07,3.79,3.895,3.76,3.87,3.87,563023,0.0,1.0
2022-11-08,3.88,3.92,3.75,3.86,3.86,458927,0.0,1.0
2022-11-09,3.8,3.9,3.775,3.84,3.84,510547,0.0,1.0
2022-11-10,4.06,4.09,3.92,3.96,3.96,959749,0.0,1.0
2022-11-11,4.0,4.71,3.88,4.66,4.66,2047306,0.0,1.0
2022-11-14,4.61,4.86,4.61,4.78,4.78,601189,0.0,1.0
2022-11-15,4.86,5.03,4.66,5.02,5.02,655035,0.0,1.0
2022-11-16,4.93,5.1,4.79,5.06,5.06,629827,0.0,1.0
2022-11-17,4.94,4.96,4.71,4.75,4.75,632846,0.0,1.0
2022-11-18,4.9,4.9,4.725,4.74,4.74,699434,0.0,1.0
2022-11-21,4.69,4.86,4.62,4.74,4.74,576075,0.0,1.0
2022-11-22,4.72,4.82,4.66,4.74,4.74,484462,0.0,1.0
2022-11-23,4.6501,4.89,4.65,4.78,4.78,641350,0.0,1.0
2022-11-25,4.74,4.84,4.69,4.79,4.79,186553,0.0,1.0
2022-11-28,4.68,4.72,4.48,4.54,4.54,497319,0.0,1.0
2022-11-29,4.54,4.655,4.5123,4.61,4.61,363667,0.0,1.0
2022-11-30,4.6,4.755,4.57,4.72,4.72,987129,0.0,1.0
2022-12-01,4.75,4.945,4.7044,4.92,4.92,822577,0.0,1.0
2022-12-02,4.76,5.0,4.76,4.92,4.92,806618,0.0,1.0
2022-12-05,4.84,4.975,4.775,4.83,4.83,568302,0.0,1.0
2022-12-06,4.79,4.85,4.62,4.69,4.69,474892,0.0,1.0
2022-12-07,4.73,4.803,4.67,4.74,4.74,321229,0.0,1.0
2022-12-08,4.75,4.86,4.7,4.8,4.8,576251,0.0,1.0
2022-12-09,4.77,4.86,4.72,4.75,4.75,400517,0.0,1.0
2022-12-12,4.75,4.81,4.72,4.77,4.77,395646,0.0,1.0
2022-12-13,4.91,5.03,4.73,4.74,4.74,631354,0.0,1.0
2022-12-14,4.74,4.815,4.515,4.59,4.59,1068619,0.0,1.0
2022-12-15,4.52,4.63,4.36,4.39,4.39,761567,0.0,1.0
2022-12-16,4.35,4.36,4.27,4.34,4.34,1214914,0.0,1.0
2022-12-19,4.34,4.345,4.19,4.26,4.26,784656,0.0,1.0
2022-12-20,4.21,4.34,4.21,4.28,4.28,575844,0.0,1.0
2022-12-21,4.31,4.45,4.18,4.4,4.4,434686,0.0,1.0
2022-12-22,4.31,4.34,4.2101,4.3,4.3,283683,0.0,1.0
2022-12-23,4.28,4.31,4.22,4.27,4.27,245462,0.0,1.0
2022-12-27,4.25,4.25,4.1,4.15,4.15,469631,0.0,1.0
2022-12-28,4.11,4.15,3.995,4.01,4.01,539462,0.0,1.0
2022-12-29,4.05,4.18,4.01,4.17,4.17,384387,0.0,1.0
2022-12-30,4.13,4.195,4.085,4.11,4.11,280338,0.0,1.0
