time,open,high,low,close,volume
2021-01-11 09:35:00,237.747,238.199,235.588,237.754,35793
2021-01-11 09:40:00,238.153,238.153,237.321,238.14,5385
2021-01-11 09:45:00,237.768,238.337,237.768,238.337,7368
2021-01-11 09:50:00,237.973,238.972,237.97,238.456,10311
2021-01-11 09:55:00,238.212,238.494,237.855,238.191,5583
2021-01-11 10:00:00,239.031,239.385,239.012,239.385,6108
2021-01-11 10:05:00,239.228,239.346,238.812,238.977,8907
2021-01-11 10:10:00,239.061,239.326,239.025,239.134,5142
2021-01-11 10:15:00,239.2,239.2,238.98,238.98,846
2021-01-11 10:20:00,239.067,239.329,238.874,239.329,12762
2021-01-11 10:25:00,239.21,239.221,239.084,239.084,5055
2021-01-11 10:30:00,239.323,240.102,239.323,240.102,8001
2021-01-11 10:35:00,240.183,240.407,240.032,240.407,7266
2021-01-11 10:40:00,240.345,240.509,240.345,240.509,6147
2021-01-11 10:45:00,240.502,240.502,240.285,240.469,9738
2021-01-11 10:50:00,240.482,240.668,240.188,240.605,10584
2021-01-11 10:55:00,240.496,241.177,240.473,241.098,11700
2021-01-11 11:00:00,240.967,241.485,240.967,241.485,8664
2021-01-11 11:05:00,241.41,241.524,241.026,241.026,16653
2021-01-11 11:10:00,241.216,241.392,241.164,241.164,5562
2021-01-11 11:15:00,241.162,241.272,240.82,241.007,21369
2021-01-11 11:20:00,240.936,241.02,240.833,241.02,8202
2021-01-11 11:25:00,241.103,241.103,241.103,241.103,615
2021-01-11 11:30:00,241.247,241.247,241.247,241.247,474
2021-01-11 11:35:00,241.033,241.033,240.885,240.885,2496
2021-01-11 11:40:00,241.002,241.105,240.995,241.089,3858
2021-01-11 11:45:00,241.249,241.249,241.249,241.249,402
2021-01-11 11:50:00,241.144,241.243,241.043,241.243,8298
2021-01-11 11:55:00,241.233,241.411,241.233,241.378,1893
2021-01-11 12:00:00,241.226,241.36,241.18,241.295,5724
2021-01-11 12:05:00,241.309,241.491,241.309,241.416,5763
2021-01-11 12:10:00,241.491,241.491,241.246,241.457,9441
2021-01-11 12:15:00,241.395,241.544,241.395,241.544,2535
2021-01-11 12:20:00,241.562,241.562,241.364,241.364,8865
2021-01-11 12:25:00,241.383,241.383,241.056,241.108,8871
2021-01-11 12:30:00,241.192,241.229,240.98,241.069,3813
2021-01-11 12:35:00,241.066,241.41,241.01,241.311,6171
2021-01-11 12:40:00,241.451,241.534,241.413,241.534,5676
2021-01-11 12:45:00,241.526,241.57,241.473,241.57,5577
2021-01-11 12:50:00,241.582,241.582,241.557,241.58,3126
2021-01-11 12:55:00,241.662,241.813,241.609,241.639,7578
2021-01-11 13:00:00,241.639,241.754,241.639,241.74,3414
2021-01-11 13:05:00,241.636,241.727,241.528,241.727,4155
2021-01-11 13:10:00,241.637,241.868,241.637,241.809,14115
2021-01-11 13:15:00,241.77,241.887,241.77,241.887,4083
2021-01-11 13:20:00,241.967,241.971,241.839,241.839,6546
2021-01-11 13:25:00,241.547,241.763,241.491,241.65,8001
2021-01-11 13:30:00,241.645,241.645,241.344,241.382,14724
2021-01-11 13:35:00,241.455,241.508,241.279,241.508,10470
2021-01-11 13:40:00,241.498,241.565,241.478,241.482,3177
2021-01-11 13:45:00,241.478,241.531,241.049,241.18,14550
2021-01-11 13:50:00,241.149,241.149,240.817,240.926,5685
2021-01-11 13:55:00,240.948,241.275,240.905,241.161,9804
2021-01-11 14:00:00,241.305,241.546,241.298,241.546,9171
2021-01-11 14:05:00,241.538,241.546,241.314,241.429,6540
2021-01-11 14:10:00,241.441,241.534,241.308,241.308,6687
2021-01-11 14:15:00,241.4,241.4,241.359,241.359,1929
2021-01-11 14:20:00,240.987,241.016,240.908,240.908,3639
2021-01-11 14:25:00,240.784,241.083,240.617,241.083,10950
2021-01-11 14:30:00,241.071,241.071,240.866,240.954,5118
2021-01-11 14:35:00,240.764,240.951,240.764,240.93,8055
2021-01-11 14:40:00,241.049,241.282,241.026,241.282,8259
2021-01-11 14:45:00,241.157,241.318,241.154,241.318,3750
2021-01-11 14:50:00,241.246,241.4,241.053,241.305,7701
2021-01-11 14:55:00,241.223,241.55,241.049,241.524,13344
2021-01-11 15:00:00,241.403,241.528,241.377,241.416,11073
2021-01-11 15:05:00,241.446,241.567,241.308,241.541,9867
2021-01-11 15:10:00,241.377,241.48,241.216,241.306,6639
2021-01-11 15:15:00,241.082,241.098,240.862,240.902,8307
2021-01-11 15:20:00,240.867,240.867,240.512,240.623,9132
2021-01-11 15:25:00,240.496,240.748,240.358,240.361,13233
2021-01-11 15:30:00,240.545,240.835,240.184,240.482,6339
2021-01-11 15:35:00,240.633,240.653,240.423,240.45,12069
2021-01-11 15:40:00,240.227,240.433,240.204,240.312,11799
2021-01-11 15:45:00,240.373,240.559,240.319,240.319,5121
2021-01-11 15:50:00,240.214,241.026,240.214,240.656,12960
2021-01-11 15:55:00,240.63,240.82,240.528,240.764,17634
2021-01-11 16:00:00,240.715,240.794,240.55,240.636,33504
2021-01-11 16:05:00,240.771,240.771,240.771,240.771,29742
2021-01-12 09:35:00,240.476,241.275,240.476,240.983,33336
2021-01-12 09:40:00,241.295,241.295,240.754,241.066,11565
2021-01-12 09:45:00,240.311,240.538,240.311,240.42,7764
2021-01-12 09:50:00,240.394,240.394,239.443,239.588,10992
2021-01-12 09:55:00,239.786,240.276,239.025,240.276,7482
2021-01-12 10:00:00,240.594,240.707,240.381,240.656,3477
2021-01-12 10:05:00,240.653,241.062,240.415,240.908,7536
2021-01-12 10:10:00,240.928,241.066,240.856,240.856,5490
2021-01-12 10:15:00,240.905,241.213,240.846,240.846,6780
2021-01-12 10:20:00,241.154,241.164,241.154,241.164,1107
2021-01-12 10:25:00,241.075,241.247,241.059,241.059,5757
2021-01-12 10:30:00,241.265,241.265,241.03,241.03,4722
2021-01-12 10:35:00,240.949,240.961,240.299,240.299,13806
2021-01-12 10:40:00,240.309,240.774,240.276,240.715,7731
2021-01-12 10:45:00,240.957,240.957,240.869,240.869,4818
2021-01-12 10:50:00,240.899,240.921,240.899,240.914,6006
2021-01-12 10:55:00,240.813,240.813,240.522,240.522,2796
2021-01-12 11:00:00,240.381,240.532,239.968,239.989,8052
2021-01-12 11:05:00,239.862,240.179,239.862,240.179,1932
2021-01-12 11:10:00,240.492,240.633,240.492,240.63,4395
2021-01-12 11:15:00,240.651,240.651,240.622,240.622,1059
2021-01-12 11:20:00,240.709,240.826,240.499,240.499,4239
2021-01-12 11:25:00,240.561,240.561,240.561,240.561,609
2021-01-12 11:30:00,240.309,240.404,240.309,240.387,4893
2021-01-12 11:35:00,240.302,240.302,240.179,240.179,4965
2021-01-12 11:40:00,240.264,240.623,240.264,240.623,5262
2021-01-12 11:45:00,240.591,240.591,240.332,240.332,3489
2021-01-12 11:50:00,240.204,240.361,240.199,240.361,4848
2021-01-12 11:55:00,240.368,240.541,240.165,240.541,10320
2021-01-12 12:00:00,240.558,240.699,240.414,240.51,8265
2021-01-12 12:05:00,240.767,240.767,240.545,240.545,4740
2021-01-12 12:10:00,240.387,240.445,239.901,239.968,23934
2021-01-12 12:15:00,240.165,240.404,240.12,240.404,8838
2021-01-12 12:20:00,240.276,241.012,240.276,241.012,7575
2021-01-12 12:25:00,241.008,241.008,240.754,240.781,6897
2021-01-12 12:30:00,240.843,241.22,240.843,241.19,11391
2021-01-12 12:35:00,241.213,241.213,240.956,241.164,6978
2021-01-12 12:40:00,241.283,241.827,241.151,241.827,14235
2021-01-12 12:45:00,241.804,241.804,241.419,241.582,4143
2021-01-12 12:50:00,241.636,241.758,241.603,241.758,8610
2021-01-12 12:55:00,241.94,241.986,241.718,241.863,7161
2021-01-12 13:00:00,241.89,241.891,241.734,241.734,3771
2021-01-12 13:05:00,241.844,241.94,241.619,241.94,8523
2021-01-12 13:10:00,241.967,242.179,241.94,242.12,9084
2021-01-12 13:15:00,242.048,242.052,241.96,241.96,3003
2021-01-12 13:20:00,241.783,241.904,241.744,241.744,5775
2021-01-12 13:25:00,241.603,241.603,241.459,241.459,3603
2021-01-12 13:30:00,241.578,241.721,241.511,241.511,9510
2021-01-12 13:35:00,241.713,241.806,241.554,241.806,2397
2021-01-12 13:40:00,241.672,241.672,241.433,241.436,6456
2021-01-12 13:45:00,241.487,241.5,241.487,241.5,1044
2021-01-12 13:50:00,241.406,241.534,241.285,241.285,11319
2021-01-12 13:55:00,241.203,241.318,241.151,241.318,3756
2021-01-12 14:00:00,241.252,241.894,241.252,241.852,11457
2021-01-12 14:05:00,241.75,242.104,241.75,242.006,7539
2021-01-12 14:10:00,242.093,242.314,241.985,242.124,7098
2021-01-12 14:15:00,241.989,242.15,241.973,242.15,5079
2021-01-12 14:20:00,242.158,242.261,242.157,242.222,6966
2021-01-12 14:25:00,242.396,242.428,241.881,242.17,14799
2021-01-12 14:30:00,242.123,242.402,242.123,242.402,10155
2021-01-12 14:35:00,242.301,242.563,242.212,242.212,7461
2021-01-12 14:40:00,242.242,242.288,242.078,242.235,9486
2021-01-12 14:45:00,242.415,242.425,242.062,242.206,9288
2021-01-12 14:50:00,241.983,242.369,241.949,242.35,13764
2021-01-12 14:55:00,242.27,242.347,242.183,242.314,4743
2021-01-12 15:00:00,242.389,242.507,242.235,242.372,6948
2021-01-12 15:05:00,242.324,242.707,242.274,242.64,8364
2021-01-12 15:10:00,242.353,242.677,242.353,242.356,7941
2021-01-12 15:15:00,242.397,242.53,242.265,242.455,7809
2021-01-12 15:20:00,242.183,242.422,242.094,242.387,11145
2021-01-12 15:25:00,242.546,242.556,242.32,242.523,14079
2021-01-12 15:30:00,242.492,242.546,242.389,242.406,9561
2021-01-12 15:35:00,242.341,242.481,242.202,242.36,13809
2021-01-12 15:40:00,242.265,242.297,241.994,242.297,21501
2021-01-12 15:45:00,242.292,242.315,241.737,241.773,22836
2021-01-12 15:50:00,241.896,241.996,241.75,241.829,19095
2021-01-12 15:55:00,241.668,242.022,241.603,241.888,35667
2021-01-12 16:00:00,241.84,242.435,241.84,242.245,86145
2021-01-12 16:05:00,242.153,242.153,242.153,242.153,20136
2021-01-13 09:35:00,242.838,242.838,242.042,242.217,27570
2021-01-13 09:40:00,242.445,242.579,240.695,240.982,10254
2021-01-13 09:45:00,240.81,241.767,240.81,241.473,17436
2021-01-13 09:50:00,240.933,241.583,240.705,240.705,15549
2021-01-13 09:55:00,241.049,241.535,240.758,241.491,13935
2021-01-13 10:00:00,241.367,241.451,241.09,241.334,15570
2021-01-13 10:05:00,241.251,241.387,240.862,241.085,19752
2021-01-13 10:10:00,240.715,240.826,240.481,240.568,15861
2021-01-13 10:15:00,240.728,240.826,240.557,240.557,7503
2021-01-13 10:20:00,240.443,240.623,240.283,240.401,17865
2021-01-13 10:25:00,240.46,240.46,240.25,240.401,6930
2021-01-13 10:30:00,240.342,240.623,240.201,240.623,3669
2021-01-13 10:35:00,240.694,240.694,240.561,240.574,5868
2021-01-13 10:40:00,240.456,240.456,239.962,240.109,10914
2021-01-13 10:45:00,240.23,240.731,240.211,240.731,6612
2021-01-13 10:50:00,240.322,240.823,240.322,240.707,17508
2021-01-13 10:55:00,240.631,241.092,240.532,240.948,14409
2021-01-13 11:00:00,240.894,241.108,240.766,240.889,6468
2021-01-13 11:05:00,240.754,241.033,240.112,240.112,4653
2021-01-13 11:10:00,239.906,239.989,239.66,239.989,8859
2021-01-13 11:15:00,240.106,240.106,239.796,239.813,6540
2021-01-13 11:20:00,239.845,239.971,239.775,239.912,6525
2021-01-13 11:25:00,240.011,240.165,240.009,240.165,3327
2021-01-13 11:30:00,240.207,240.207,240.04,240.129,7170
2021-01-13 11:35:00,240.214,240.24,239.971,239.971,8064
2021-01-13 11:40:00,239.817,239.863,239.637,239.765,4302
2021-01-13 11:45:00,239.673,239.693,239.439,239.573,10845
2021-01-13 11:50:00,239.472,239.472,239.472,239.472,735
2021-01-13 11:55:00,239.46,239.516,239.031,239.031,10725
2021-01-13 12:00:00,238.997,239.07,238.787,238.997,12621
2021-01-13 12:05:00,239.008,239.048,238.99,239.03,5925
2021-01-13 12:10:00,238.943,239.267,238.943,239.09,7416
2021-01-13 12:15:00,239.107,239.107,238.782,238.782,5328
2021-01-13 12:20:00,238.887,238.887,238.746,238.746,2460
2021-01-13 12:25:00,238.851,238.851,238.636,238.671,61167
2021-01-13 12:30:00,238.613,238.825,238.558,238.825,4416
2021-01-13 12:35:00,238.843,238.843,238.514,238.654,11559
2021-01-13 12:40:00,238.576,239.028,238.576,239.028,8658
2021-01-13 12:45:00,239.066,239.066,238.954,238.976,4194
2021-01-13 12:50:00,238.898,239.128,238.898,239.077,4152
2021-01-13 12:55:00,239.097,239.247,239.067,239.247,8955
2021-01-13 13:00:00,239.3,239.865,239.27,239.865,8748
2021-01-13 13:05:00,239.876,239.876,239.565,239.572,8226
2021-01-13 13:10:00,239.632,239.677,239.601,239.677,9831
2021-01-13 13:15:00,239.742,239.876,239.68,239.86,11721
2021-01-13 13:20:00,239.755,239.755,239.755,239.755,1827
2021-01-13 13:25:00,239.794,239.794,239.575,239.634,8988
2021-01-13 13:30:00,239.713,239.713,239.509,239.509,5394
2021-01-13 13:35:00,239.644,239.999,239.596,239.87,10368
2021-01-13 13:40:00,239.772,240.04,239.729,239.965,8043
2021-01-13 13:45:00,240.04,240.065,239.975,240.065,2517
2021-01-13 13:50:00,240.034,240.037,239.844,239.975,8763
2021-01-13 13:55:00,239.929,239.929,239.493,239.591,13008
2021-01-13 14:00:00,239.791,239.791,239.722,239.722,837
2021-01-13 14:05:00,239.726,240.027,239.641,240.027,14451
2021-01-13 14:10:00,240.266,240.482,240.266,240.482,4791
2021-01-13 14:15:00,240.568,240.569,240.568,240.569,1527
2021-01-13 14:20:00,240.627,240.627,240.414,240.469,23442
2021-01-13 14:25:00,240.43,240.617,240.237,240.379,25281
2021-01-13 14:30:00,240.46,240.535,240.35,240.354,9717
2021-01-13 14:35:00,240.27,240.355,239.994,240.094,6276
2021-01-13 14:40:00,240.096,240.096,239.808,239.808,10344
2021-01-13 14:45:00,239.824,239.84,239.152,239.549,21369
2021-01-13 14:50:00,239.577,239.577,239.392,239.392,4125
2021-01-13 14:55:00,239.608,239.736,239.539,239.542,6870
2021-01-13 15:00:00,239.432,239.48,239.319,239.48,11706
2021-01-13 15:05:00,239.47,239.713,239.316,239.538,12360
2021-01-13 15:10:00,239.418,239.48,239.093,239.157,6939
2021-01-13 15:15:00,239.136,239.141,238.72,238.818,16929
2021-01-13 15:20:00,238.933,238.933,238.536,238.536,8913
2021-01-13 15:25:00,238.684,238.844,238.609,238.609,8871
2021-01-13 15:30:00,238.682,238.756,238.458,238.458,20067
2021-01-13 15:35:00,238.592,238.592,238.356,238.435,13515
2021-01-13 15:40:00,238.274,238.573,238.202,238.51,14379
2021-01-13 15:45:00,238.602,238.602,238.134,238.176,15594
2021-01-13 15:50:00,238.265,238.799,238.121,238.799,19227
2021-01-13 15:55:00,238.346,238.497,238.261,238.288,21975
2021-01-13 16:00:00,238.579,238.694,238.288,238.661,79443
2021-01-13 16:05:00,238.543,238.543,238.543,238.543,22947
2021-01-14 09:35:00,237.976,238.284,237.516,237.973,32520
2021-01-14 09:40:00,237.881,237.996,237.881,237.996,1077
2021-01-14 09:45:00,237.311,238.338,237.072,238.338,9345
2021-01-14 09:50:00,238.081,238.533,237.891,238.153,2208
2021-01-14 09:55:00,238.278,238.278,238.278,238.278,486
2021-01-14 10:00:00,237.875,237.875,237.426,237.426,11070
2021-01-14 10:05:00,237.413,237.767,237.229,237.229,8763
2021-01-14 10:10:00,237.198,237.198,236.977,237.003,3072
2021-01-14 10:15:00,236.997,237.154,236.646,237.102,14175
2021-01-14 10:20:00,237.108,237.187,237.056,237.056,3624
2021-01-14 10:25:00,237.056,237.221,236.748,237.221,5295
2021-01-14 10:30:00,236.876,236.876,236.774,236.794,8814
2021-01-14 10:35:00,236.728,236.787,236.591,236.781,7929
2021-01-14 10:40:00,236.748,236.776,236.463,236.612,11466
2021-01-14 10:45:00,236.574,236.574,236.574,236.574,513
2021-01-14 10:50:00,236.771,236.941,236.62,236.62,5670
2021-01-14 10:55:00,236.735,236.882,236.568,236.661,6936
2021-01-14 11:00:00,236.613,236.735,236.509,236.735,5283
2021-01-14 11:05:00,236.731,236.944,236.731,236.8,7668
2021-01-14 11:10:00,236.784,236.784,236.532,236.546,9765
2021-01-14 11:15:00,236.666,236.702,236.459,236.702,6033
2021-01-14 11:20:00,236.635,236.712,236.361,236.509,8238
2021-01-14 11:25:00,236.604,236.604,236.502,236.526,3699
2021-01-14 11:30:00,236.545,236.728,236.515,236.515,9039
2021-01-14 11:35:00,236.361,236.509,235.896,236.079,25644
2021-01-14 11:40:00,236.221,236.617,236.221,236.591,12972
2021-01-14 11:45:00,236.708,237.128,236.708,237.022,6675
2021-01-14 11:50:00,237.007,237.18,236.908,236.941,6690
2021-01-14 11:55:00,236.931,237.606,236.931,237.59,15249
2021-01-14 12:00:00,237.491,237.491,237.275,237.275,13569
2021-01-14 12:05:00,237.324,237.672,237.321,237.459,8706
2021-01-14 12:10:00,237.541,237.616,237.436,237.616,5610
2021-01-14 12:15:00,237.432,237.432,237.161,237.161,7824
2021-01-14 12:20:00,237.277,237.37,237.164,237.331,3399
2021-01-14 12:25:00,237.32,237.491,237.301,237.301,12351
2021-01-14 12:30:00,237.275,237.301,237.265,237.265,3645
2021-01-14 12:35:00,237.249,237.313,237.085,237.282,5808
2021-01-14 12:40:00,237.275,237.39,237.039,237.046,14610
2021-01-14 12:45:00,237.11,237.351,237.11,237.351,7098
2021-01-14 12:50:00,237.331,237.514,237.154,237.511,10722
2021-01-14 12:55:00,237.59,237.639,237.472,237.482,6546
2021-01-14 13:00:00,237.577,237.596,237.477,237.477,1824
2021-01-14 13:05:00,237.206,237.206,237.082,237.125,21333
2021-01-14 13:10:00,237.049,237.11,236.843,236.843,6120
2021-01-14 13:15:00,236.869,237.105,236.324,236.427,22749
2021-01-14 13:20:00,236.699,236.699,236.247,236.247,23286
2021-01-14 13:25:00,236.378,236.586,236.115,236.115,15216
2021-01-14 13:30:00,236.174,236.414,236.079,236.307,54105
2021-01-14 13:35:00,236.324,236.574,236.302,236.315,7803
2021-01-14 13:40:00,236.309,236.338,236.119,236.338,15771
2021-01-14 13:45:00,236.587,236.659,236.541,236.564,3372
2021-01-14 13:50:00,236.594,236.594,236.463,236.522,4734
2021-01-14 13:55:00,236.604,236.636,236.269,236.269,8010
2021-01-14 14:00:00,236.325,236.374,236.312,236.358,4791
2021-01-14 14:05:00,236.364,236.407,236.132,236.188,7776
2021-01-14 14:10:00,236.273,236.463,236.273,236.463,4104
2021-01-14 14:15:00,236.42,236.823,236.292,236.771,38475
2021-01-14 14:20:00,236.823,236.99,236.686,236.99,81822
2021-01-14 14:25:00,236.951,237.059,236.895,237.023,5451
2021-01-14 14:30:00,236.894,236.944,236.81,236.81,4893
2021-01-14 14:35:00,236.934,237.088,236.767,237.088,11250
2021-01-14 14:40:00,237.187,237.272,237.187,237.272,5523
2021-01-14 14:45:00,237.197,237.22,236.938,237.075,12882
2021-01-14 14:50:00,237.256,237.256,236.925,236.931,5730
2021-01-14 14:55:00,237.039,237.039,236.731,236.731,4077
2021-01-14 15:00:00,236.912,236.912,236.541,236.541,7839
2021-01-14 15:05:00,236.607,236.731,236.554,236.731,7878
2021-01-14 15:10:00,236.876,236.876,236.453,236.525,8103
2021-01-14 15:15:00,236.499,236.548,236.276,236.353,7878
2021-01-14 15:20:00,236.351,236.351,236.007,236.305,21375
2021-01-14 15:25:00,236.381,236.63,236.381,236.548,13953
2021-01-14 15:30:00,236.397,236.397,236.138,236.138,16854
2021-01-14 15:35:00,236.305,236.437,236.155,236.155,32964
2021-01-14 15:40:00,236.227,236.238,235.85,235.903,28758
2021-01-14 15:45:00,235.801,235.801,235.585,235.69,17322
2021-01-14 15:50:00,235.732,235.808,235.329,235.385,23370
2021-01-14 15:55:00,235.349,235.349,234.726,234.984,61848
2021-01-14 16:00:00,234.979,235.657,234.959,235.565,109782
2021-01-14 16:05:00,235.477,235.477,235.477,235.477,17475
2021-01-14 16:40:00,235.385,235.385,235.385,235.385,2952
2021-01-15 08:45:00,235.303,235.303,235.303,235.303,984
2021-01-15 08:50:00,235.303,235.303,235.303,235.303,2022
2021-01-15 09:35:00,235.188,235.847,234.242,235.45,215496
2021-01-15 09:40:00,234.805,235.362,234.579,234.93,42306
2021-01-15 09:45:00,234.766,235.493,234.701,235.493,6837
2021-01-15 09:50:00,235.362,235.886,235.362,235.886,55569
2021-01-15 09:55:00,235.559,235.834,235.113,235.834,7623
2021-01-15 10:05:00,235.8,235.875,234.898,235.447,16596
2021-01-15 10:10:00,235.069,235.097,233.966,234.419,14280
2021-01-15 10:15:00,234.423,235.033,234.242,234.36,17697
2021-01-15 10:20:00,233.924,234.219,233.75,234.219,27534
2021-01-15 10:25:00,233.948,234.271,233.568,233.568,7854
2021-01-15 10:30:00,233.747,234.327,233.747,234.133,10341
2021-01-15 10:35:00,234.323,234.595,234.132,234.132,8352
2021-01-15 10:40:00,234.13,234.325,234.016,234.325,10605
2021-01-15 10:45:00,233.993,234.245,233.993,234.176,4650
2021-01-15 10:50:00,234.035,234.035,233.655,233.655,28479
2021-01-15 10:55:00,233.611,233.842,233.573,233.663,8403
2021-01-15 11:00:00,233.573,233.819,233.285,233.819,53955
2021-01-15 11:05:00,233.816,233.976,233.55,233.921,6327
2021-01-15 11:10:00,234.071,234.071,233.658,233.658,16332
2021-01-15 11:15:00,233.676,234.133,233.676,234.133,11307
2021-01-15 11:20:00,234.035,234.408,233.819,234.408,9753
2021-01-15 11:25:00,234.53,234.685,234.441,234.55,4662
2021-01-15 11:30:00,234.54,234.802,234.261,234.428,62610
2021-01-15 11:35:00,234.287,234.582,233.924,234.264,49530
2021-01-15 11:40:00,234.227,234.314,233.973,234.238,23031
2021-01-15 11:45:00,234.32,234.362,234.025,234.196,41421
2021-01-15 11:50:00,234.166,234.346,233.899,233.984,54666
2021-01-15 11:55:00,234.042,234.113,233.767,233.77,16242
2021-01-15 12:00:00,234.009,234.33,233.876,233.907,32337
2021-01-15 12:05:00,233.875,234.728,233.868,234.635,116094
2021-01-15 12:10:00,234.736,235.005,234.73,234.875,7113
2021-01-15 12:15:00,234.857,234.857,234.648,234.648,10737
2021-01-15 12:20:00,234.825,235.785,234.825,235.785,11784
2021-01-15 12:25:00,235.603,235.768,235.588,235.588,3102
2021-01-15 12:30:00,235.834,236.302,235.642,236.292,5832
2021-01-15 12:35:00,236.191,236.325,236.012,236.325,9105
2021-01-15 12:40:00,236.586,236.797,236.586,236.797,2220
2021-01-15 12:45:00,236.643,237.092,236.643,236.954,16257
2021-01-15 12:50:00,236.944,237.082,236.925,237.016,12222
2021-01-15 12:55:00,237.09,237.09,237.036,237.088,2685
2021-01-15 13:00:00,237.092,237.341,237.0,237.331,13818
2021-01-15 13:05:00,237.341,237.423,237.334,237.347,9018
2021-01-15 13:10:00,237.423,237.423,237.026,237.316,15027
2021-01-15 13:15:00,237.318,237.318,236.997,237.292,9714
2021-01-15 13:20:00,237.357,237.74,237.357,237.732,12279
2021-01-15 13:25:00,237.786,237.786,237.236,237.236,14097
2021-01-15 13:30:00,237.241,237.241,236.866,236.866,4458
2021-01-15 13:35:00,237.003,237.066,236.881,236.964,10827
2021-01-15 13:40:00,236.957,237.321,236.885,237.321,6252
2021-01-15 13:45:00,237.362,237.362,236.889,236.889,10416
2021-01-15 13:50:00,237.054,237.292,236.849,236.849,4347
2021-01-15 13:55:00,236.993,237.233,236.814,237.102,12369
2021-01-15 14:00:00,236.938,237.11,236.898,237.11,11505
2021-01-15 14:05:00,236.998,238.061,236.998,237.75,28983
2021-01-15 14:10:00,237.672,237.947,237.36,237.496,24402
2021-01-15 14:15:00,237.472,237.478,237.288,237.341,8142
2021-01-15 14:20:00,237.092,237.678,237.092,237.432,10383
2021-01-15 14:25:00,237.334,237.482,237.239,237.482,12996
2021-01-15 14:30:00,237.488,237.699,237.488,237.699,13431
2021-01-15 14:35:00,237.618,237.734,237.459,237.6,16467
2021-01-15 14:40:00,237.693,238.043,237.693,238.016,31443
2021-01-15 14:45:00,237.989,237.989,237.757,237.757,2556
2021-01-15 14:50:00,237.742,237.922,237.573,237.614,18207
2021-01-15 14:55:00,237.639,237.799,237.586,237.799,8229
2021-01-15 15:00:00,237.678,237.904,237.577,237.642,21111
2021-01-15 15:05:00,237.822,238.163,237.734,238.163,13923
2021-01-15 15:10:00,237.94,238.04,237.731,237.871,13224
2021-01-15 15:15:00,237.881,238.612,237.881,238.513,17955
2021-01-15 15:20:00,238.532,238.684,238.376,238.41,17241
2021-01-15 15:25:00,238.383,238.569,238.383,238.536,10392
2021-01-15 15:30:00,238.514,238.628,237.878,237.878,21336
2021-01-15 15:35:00,238.011,238.458,238.01,238.458,20313
2021-01-15 15:40:00,238.458,238.458,237.688,237.734,30471
2021-01-15 15:45:00,237.609,238.138,237.59,237.862,38631
2021-01-15 15:50:00,237.802,238.301,237.678,238.075,56208
2021-01-15 15:55:00,238.119,238.163,237.763,238.163,55212
2021-01-15 16:00:00,238.029,238.134,237.691,237.875,160893
2021-01-15 16:05:00,237.695,237.695,237.695,237.695,18762
2021-01-19 09:35:00,238.985,241.341,238.985,239.639,77112
2021-01-19 09:40:00,239.431,240.433,238.428,240.358,30285
2021-01-19 09:45:00,240.016,240.343,239.588,239.655,8886
2021-01-19 09:50:00,239.577,239.577,239.031,239.07,24678
2021-01-19 09:55:00,239.295,239.686,238.179,239.342,18537
2021-01-19 10:00:00,238.792,239.015,238.792,239.015,3693
2021-01-19 10:05:00,239.041,240.108,238.812,239.876,32376
2021-01-19 10:10:00,240.135,240.895,240.135,240.546,46806
2021-01-19 10:15:00,240.633,241.243,240.355,240.831,20226
2021-01-19 10:20:00,241.067,241.652,241.01,241.031,17133
2021-01-19 10:25:00,240.881,240.936,240.499,240.499,31752
2021-01-19 10:30:00,240.44,240.499,239.899,240.43,8136
2021-01-19 10:35:00,240.463,240.463,240.463,240.463,447
2021-01-19 10:40:00,240.423,240.577,240.38,240.38,9126
2021-01-19 10:45:00,240.407,240.957,240.407,240.853,12876
2021-01-19 10:50:00,240.895,240.984,240.479,240.822,19614
2021-01-19 10:55:00,240.885,240.977,240.689,240.884,11037
2021-01-19 11:00:00,240.856,240.856,240.607,240.741,11481
2021-01-19 11:05:00,240.728,240.989,240.605,240.738,8271
2021-01-19 11:10:00,240.762,240.82,240.392,240.594,13473
2021-01-19 11:15:00,240.404,240.478,240.191,240.43,12681
2021-01-19 11:20:00,240.102,240.302,240.102,240.116,2796
2021-01-19 11:25:00,240.043,240.043,239.768,239.958,5760
2021-01-19 11:30:00,239.958,240.243,239.49,240.066,16305
2021-01-19 11:35:00,239.969,240.324,239.857,239.922,12183
2021-01-19 11:40:00,240.037,240.073,239.948,240.073,7992
2021-01-19 11:45:00,239.986,240.063,239.986,240.023,3564
2021-01-19 11:50:00,240.03,240.214,240.03,240.04,5010
2021-01-19 11:55:00,240.08,240.353,240.08,240.181,2700
2021-01-19 12:00:00,240.086,240.086,239.765,239.853,7977
2021-01-19 12:05:00,239.768,239.989,239.768,239.989,7971
2021-01-19 12:10:00,239.94,239.981,239.901,239.945,6780
2021-01-19 12:15:00,239.885,239.885,239.643,239.729,3396
2021-01-19 12:20:00,239.706,240.086,239.706,239.844,22929
2021-01-19 12:25:00,239.804,239.981,239.772,239.981,8784
2021-01-19 12:30:00,239.824,239.873,239.514,239.514,7476
2021-01-19 12:35:00,239.5,239.5,239.375,239.375,1827
2021-01-19 12:40:00,239.382,239.473,239.29,239.372,7821
2021-01-19 12:45:00,239.356,239.896,239.356,239.896,7344
2021-01-19 12:50:00,239.814,239.814,239.532,239.532,3375
2021-01-19 12:55:00,239.565,239.565,239.475,239.542,3432
2021-01-19 13:00:00,239.447,239.691,239.447,239.691,3993
2021-01-19 13:05:00,239.608,239.608,239.372,239.568,11391
2021-01-19 13:10:00,239.642,239.642,239.405,239.464,5904
2021-01-19 13:15:00,239.283,239.283,239.084,239.241,8034
2021-01-19 13:20:00,238.985,238.985,238.609,238.749,7275
2021-01-19 13:25:00,238.766,238.802,238.504,238.504,7431
2021-01-19 13:30:00,238.643,238.643,238.487,238.553,7260
2021-01-19 13:35:00,238.717,238.717,238.514,238.638,7800
2021-01-19 13:40:00,238.582,238.753,238.464,238.464,9564
2021-01-19 13:45:00,238.36,238.369,238.042,238.209,14100
2021-01-19 13:50:00,238.268,238.268,238.163,238.17,5070
2021-01-19 13:55:00,238.271,238.409,238.271,238.378,5067
2021-01-19 14:00:00,238.451,238.451,237.862,237.942,17238
2021-01-19 14:05:00,238.032,238.088,237.914,238.055,11667
2021-01-19 14:10:00,238.419,238.966,238.419,238.961,14580
2021-01-19 14:15:00,238.885,238.933,238.586,238.933,8877
2021-01-19 14:20:00,238.782,238.822,238.569,238.625,10917
2021-01-19 14:25:00,238.559,238.767,238.53,238.612,4806
2021-01-19 14:30:00,238.487,238.704,238.487,238.64,4785
2021-01-19 14:35:00,238.785,239.018,238.74,238.769,17115
2021-01-19 14:40:00,238.573,238.995,238.553,238.835,7926
2021-01-19 14:45:00,238.794,238.998,238.779,238.803,7185
2021-01-19 14:50:00,238.743,239.09,238.743,239.09,18855
2021-01-19 14:55:00,238.998,239.043,238.798,239.043,4842
2021-01-19 15:00:00,238.926,239.021,238.89,239.005,7503
2021-01-19 15:05:00,238.974,239.09,238.795,239.09,11742
2021-01-19 15:10:00,238.861,238.933,238.861,238.933,3840
2021-01-19 15:15:00,238.728,238.802,238.707,238.707,7785
2021-01-19 15:20:00,238.697,238.8,238.514,238.638,7146
2021-01-19 15:25:00,238.586,238.71,238.326,238.326,14991
2021-01-19 15:30:00,238.351,238.351,238.166,238.345,29499
2021-01-19 15:35:00,238.343,238.674,238.284,238.674,18837
2021-01-19 15:40:00,238.612,238.645,238.491,238.5,12537
2021-01-19 15:45:00,238.471,238.743,238.409,238.7,22776
2021-01-19 15:50:00,238.71,238.766,237.973,238.058,57633
2021-01-19 15:55:00,238.238,238.497,238.052,238.13,39078
2021-01-19 16:00:00,238.171,238.196,237.655,237.681,70545
2021-01-19 16:05:00,237.714,237.714,237.714,237.714,68424
2021-01-20 09:35:00,238.369,239.221,238.369,239.015,43896
2021-01-20 09:40:00,238.936,239.224,238.242,238.242,12651
2021-01-20 09:45:00,238.238,238.297,236.89,237.344,33441
2021-01-20 09:50:00,237.64,238.415,237.64,238.079,4443
2021-01-20 09:55:00,238.173,238.333,237.631,238.137,20400
2021-01-20 10:00:00,238.229,238.566,238.048,238.307,18978
2021-01-20 10:05:00,238.432,239.018,238.22,238.844,27282
2021-01-20 10:10:00,238.694,238.694,238.694,238.694,501
2021-01-20 10:15:00,238.523,238.635,237.957,237.957,11226
2021-01-20 10:20:00,238.124,238.373,237.6,237.78,22206
2021-01-20 10:25:00,237.858,238.599,237.858,238.304,20700
2021-01-20 10:30:00,238.245,238.756,238.245,238.756,13155
2021-01-20 10:35:00,238.651,238.825,238.504,238.825,7257
2021-01-20 10:40:00,238.861,238.989,238.592,238.699,12771
2021-01-20 10:45:00,238.723,238.866,238.451,238.451,15402
2021-01-20 10:50:00,238.897,239.138,238.897,239.133,11613
2021-01-20 10:55:00,239.177,239.293,239.126,239.126,7683
2021-01-20 11:00:00,238.956,238.959,238.451,238.635,24594
2021-01-20 11:05:00,238.802,238.884,238.31,238.31,23154
2021-01-20 11:10:00,238.29,238.536,238.29,238.419,6879
2021-01-20 11:15:00,238.468,238.936,238.468,238.651,13572
2021-01-20 11:20:00,238.618,238.618,238.337,238.337,5304
2021-01-20 11:25:00,238.392,238.635,238.176,238.319,33243
2021-01-20 11:30:00,238.238,238.759,238.134,238.699,19734
2021-01-20 11:35:00,238.687,239.028,238.654,239.028,7515
2021-01-20 11:40:00,239.113,239.126,239.005,239.064,13755
2021-01-20 11:45:00,239.126,239.375,239.126,239.136,8094
2021-01-20 11:50:00,239.208,239.623,239.107,239.152,22314
2021-01-20 11:55:00,239.254,239.84,239.08,239.84,11031
2021-01-20 12:00:00,239.736,239.736,239.382,239.549,6528
2021-01-20 12:05:00,239.775,240.043,239.775,240.004,8091
2021-01-20 12:10:00,240.111,240.232,240.011,240.232,8709
2021-01-20 12:15:00,240.433,240.502,240.22,240.22,5922
2021-01-20 12:20:00,240.194,240.528,240.194,240.528,5247
2021-01-20 12:25:00,240.507,240.63,240.507,240.63,2169
2021-01-20 12:30:00,240.695,240.89,240.587,240.587,15294
2021-01-20 12:35:00,240.633,240.774,240.423,240.504,7650
2021-01-20 12:40:00,240.591,240.6,240.463,240.532,5391
2021-01-20 12:45:00,240.532,240.65,240.532,240.551,6507
2021-01-20 12:50:00,240.338,240.512,240.188,240.338,9843
2021-01-20 12:55:00,240.094,240.456,240.094,240.456,4761
2021-01-20 13:00:00,240.464,240.505,240.296,240.312,4296
2021-01-20 13:05:00,240.387,240.764,240.387,240.764,6834
2021-01-20 13:10:00,240.838,240.921,240.794,240.921,4539
2021-01-20 13:15:00,240.861,240.994,240.782,240.98,11862
2021-01-20 13:20:00,241.02,241.02,240.859,240.859,4116
2021-01-20 13:25:00,240.92,240.951,240.856,240.938,5874
2021-01-20 13:30:00,240.843,241.134,240.843,241.131,8565
2021-01-20 13:35:00,241.128,241.357,241.128,241.265,4353
2021-01-20 13:40:00,241.308,241.37,241.288,241.288,6822
2021-01-20 13:45:00,241.261,241.261,241.049,241.049,4851
2021-01-20 13:50:00,241.046,241.195,241.046,241.121,3324
2021-01-20 13:55:00,241.197,241.446,241.197,241.406,20109
2021-01-20 14:00:00,241.383,241.383,241.305,241.305,2208
2021-01-20 14:05:00,241.311,241.403,241.269,241.269,12843
2021-01-20 14:10:00,241.205,241.243,240.833,241.108,9330
2021-01-20 14:15:00,240.941,240.941,240.79,240.79,1782
2021-01-20 14:20:00,240.676,241.008,240.676,240.933,6696
2021-01-20 14:25:00,240.936,240.936,240.735,240.84,5844
2021-01-20 14:30:00,240.813,240.967,240.745,240.967,7803
2021-01-20 14:35:00,240.98,241.138,240.98,241.138,8016
2021-01-20 14:40:00,241.086,241.315,241.01,241.298,5229
2021-01-20 14:45:00,241.285,241.341,241.285,241.285,5226
2021-01-20 14:50:00,241.298,241.347,241.256,241.256,6498
2021-01-20 14:55:00,241.2,241.229,241.026,241.033,7284
2021-01-20 15:00:00,240.921,240.921,240.702,240.843,10683
2021-01-20 15:05:00,240.853,240.853,240.615,240.63,6126
2021-01-20 15:10:00,240.648,240.879,240.604,240.879,4296
2021-01-20 15:15:00,240.872,240.928,240.443,240.522,9003
2021-01-20 15:20:00,240.564,240.705,240.55,240.705,5763
2021-01-20 15:25:00,240.745,240.961,240.669,240.961,5889
2021-01-20 15:30:00,240.921,240.921,240.65,240.65,9096
2021-01-20 15:35:00,240.6,240.61,240.356,240.42,9348
2021-01-20 15:40:00,240.407,240.699,240.242,240.699,15504
2021-01-20 15:45:00,240.602,240.846,240.574,240.843,15693
2021-01-20 15:50:00,240.731,241.141,240.728,241.138,28578
2021-01-20 15:55:00,241.107,241.347,240.977,241.347,32643
2021-01-20 16:00:00,241.354,241.413,241.072,241.102,91608
2021-01-20 16:05:00,241.19,241.19,241.19,241.19,18771
2021-01-21 09:35:00,241.446,241.865,241.131,241.606,46284
2021-01-21 09:40:00,241.59,241.911,241.55,241.911,5145
2021-01-21 09:45:00,242.011,242.224,241.043,241.603,12465
2021-01-21 09:50:00,241.534,242.003,241.534,241.732,5253
2021-01-21 09:55:00,241.96,242.009,241.754,242.009,3648
2021-01-21 10:00:00,242.022,242.219,241.734,242.219,10593
2021-01-21 10:05:00,241.898,242.248,241.878,242.116,7926
2021-01-21 10:10:00,242.029,242.052,241.896,242.052,7134
2021-01-21 10:15:00,242.081,242.392,242.081,242.238,4602
2021-01-21 10:20:00,242.394,242.98,242.373,242.787,8682
2021-01-21 10:25:00,243.02,243.544,243.008,243.411,9798
2021-01-21 10:30:00,243.483,243.955,243.483,243.955,10818
2021-01-21 10:35:00,243.975,244.394,243.827,244.394,20946
2021-01-21 10:40:00,244.047,244.204,243.934,243.945,22059
2021-01-21 10:45:00,244.03,244.194,244.03,244.171,5391
2021-01-21 10:50:00,244.266,244.587,244.083,244.587,10077
2021-01-21 10:55:00,244.633,244.802,244.453,244.802,8169
2021-01-21 11:00:00,244.8,244.99,244.699,244.699,13776
2021-01-21 11:05:00,244.578,245.039,244.422,244.843,6978
2021-01-21 11:10:00,244.79,244.845,244.404,244.404,5979
2021-01-21 11:15:00,244.676,244.676,244.175,244.175,2283
2021-01-21 11:20:00,244.202,244.202,244.194,244.194,1209
2021-01-21 11:25:00,243.886,243.886,243.369,243.768,7956
2021-01-21 11:30:00,243.47,243.631,243.46,243.631,3345
2021-01-21 11:35:00,243.665,243.785,243.51,243.529,9174
2021-01-21 11:40:00,243.591,243.69,243.492,243.598,4497
2021-01-21 11:45:00,243.626,243.899,243.626,243.79,2766
2021-01-21 11:50:00,243.65,243.65,243.65,243.65,990
2021-01-21 11:55:00,243.405,243.434,243.405,243.418,3384
2021-01-21 12:00:00,243.493,243.493,243.415,243.415,3381
2021-01-21 12:05:00,243.605,243.605,243.323,243.323,7986
2021-01-21 12:10:00,243.385,243.447,243.283,243.283,1989
2021-01-21 12:15:00,243.47,243.477,243.346,243.418,4704
2021-01-21 12:20:00,243.267,243.267,243.005,243.005,3729
2021-01-21 12:25:00,242.897,242.897,242.8,242.8,3615
2021-01-21 12:30:00,242.802,242.802,242.438,242.438,6594
2021-01-21 12:35:00,242.265,242.271,242.068,242.068,4647
2021-01-21 12:40:00,241.839,241.917,241.695,241.695,8109
2021-01-21 12:45:00,241.757,241.757,241.524,241.757,3870
2021-01-21 12:50:00,241.547,241.737,241.436,241.472,3477
2021-01-21 12:55:00,241.364,241.364,240.867,241.11,11295
2021-01-21 13:00:00,240.964,241.192,240.895,241.134,7464
2021-01-21 13:05:00,240.866,240.984,240.862,240.876,4161
2021-01-21 13:10:00,240.804,240.813,240.777,240.777,3843
2021-01-21 13:15:00,240.764,240.79,240.633,240.676,5724
2021-01-21 13:20:00,240.672,240.702,240.448,240.448,3576
2021-01-21 13:25:00,240.502,240.774,240.43,240.774,6543
2021-01-21 13:30:00,240.574,240.61,240.496,240.61,2445
2021-01-21 13:35:00,240.482,240.725,240.417,240.725,5481
2021-01-21 13:40:00,240.774,240.784,240.745,240.745,3186
2021-01-21 13:45:00,240.823,240.923,240.792,240.792,4077
2021-01-21 13:50:00,241.043,241.09,240.921,241.09,4815
2021-01-21 13:55:00,241.095,241.238,240.902,240.902,7005
2021-01-21 14:00:00,240.967,241.174,240.967,241.174,5241
2021-01-21 14:05:00,241.269,241.269,240.994,240.994,4110
2021-01-21 14:10:00,241.062,241.324,241.049,241.049,7536
2021-01-21 14:15:00,240.862,240.992,240.725,240.899,7269
2021-01-21 14:20:00,241.148,241.433,241.148,241.338,7542
2021-01-21 14:25:00,241.197,241.331,241.134,241.134,6948
2021-01-21 14:30:00,241.067,241.136,241.067,241.136,2496
2021-01-21 14:35:00,241.049,241.324,241.023,241.32,8022
2021-01-21 14:40:00,241.134,241.351,241.115,241.351,8937
2021-01-21 14:45:00,241.149,241.616,241.149,241.601,8625
2021-01-21 14:50:00,241.59,241.59,241.59,241.59,582
2021-01-21 14:55:00,241.462,241.511,241.393,241.406,5595
2021-01-21 15:00:00,241.249,241.544,241.249,241.459,7689
2021-01-21 15:05:00,241.52,241.52,241.36,241.36,1920
2021-01-21 15:10:00,241.518,241.524,240.974,240.974,9138
2021-01-21 15:15:00,240.908,240.908,240.659,240.8,9465
2021-01-21 15:20:00,240.79,241.233,240.79,241.233,11994
2021-01-21 15:25:00,241.236,241.626,241.226,241.626,22203
2021-01-21 15:30:00,241.616,241.76,241.577,241.749,10323
2021-01-21 15:35:00,241.799,241.999,241.747,241.796,14046
2021-01-21 15:40:00,241.722,241.736,241.491,241.491,17595
2021-01-21 15:45:00,241.324,241.75,241.324,241.75,12117
2021-01-21 15:50:00,241.749,241.783,241.498,241.659,14052
2021-01-21 15:55:00,241.672,241.965,241.554,241.965,38283
2021-01-21 16:00:00,241.878,242.078,241.229,241.233,92232
2021-01-21 16:05:00,241.233,241.233,241.233,241.233,11157
2021-01-22 09:35:00,240.04,241.105,239.962,240.237,49269
2021-01-22 09:40:00,240.258,240.299,239.044,239.044,14013
2021-01-22 09:45:00,239.287,239.621,239.113,239.251,7554
2021-01-22 09:50:00,239.251,239.315,238.628,238.9,13434
2021-01-22 09:55:00,238.725,238.92,238.471,238.546,8799
2021-01-22 10:00:00,238.628,238.985,238.628,238.651,5361
2021-01-22 10:05:00,238.995,239.451,238.995,239.339,9606
2021-01-22 10:10:00,239.205,239.778,239.205,239.778,8562
2021-01-22 10:15:00,239.837,239.837,239.31,239.319,9087
2021-01-22 10:20:00,239.28,240.057,239.247,240.057,17742
2021-01-22 10:25:00,239.068,239.224,238.88,239.224,10359
2021-01-22 10:30:00,239.126,239.126,238.812,238.812,5232
2021-01-22 10:35:00,238.792,238.949,238.792,238.895,6210
2021-01-22 10:40:00,238.864,239.174,238.789,239.174,7881
2021-01-22 10:45:00,239.054,239.077,238.973,239.07,2631
2021-01-22 10:50:00,239.052,239.388,238.903,239.169,9807
2021-01-22 10:55:00,239.316,239.316,239.316,239.316,1494
2021-01-22 11:00:00,239.244,239.392,239.169,239.392,7749
2021-01-22 11:05:00,239.175,239.546,239.175,239.546,3423
2021-01-22 11:10:00,239.768,239.768,239.663,239.699,5292
2021-01-22 11:15:00,239.788,239.899,239.637,239.827,3912
2021-01-22 11:20:00,239.752,240.021,239.68,240.021,7650
2021-01-22 11:25:00,240.145,240.237,240.007,240.211,6714
2021-01-22 11:30:00,240.391,240.391,239.985,239.998,5778
2021-01-22 11:35:00,240.119,240.191,240.119,240.171,2904
2021-01-22 11:40:00,240.446,240.715,240.446,240.715,3177
2021-01-22 11:45:00,240.628,240.779,240.628,240.653,8784
2021-01-22 11:50:00,240.604,240.761,240.365,240.573,11103
2021-01-22 11:55:00,240.754,240.89,240.718,240.797,6594
2021-01-22 12:00:00,240.846,241.146,240.846,241.146,5349
2021-01-22 12:05:00,241.338,241.357,241.2,241.357,7461
2021-01-22 12:10:00,241.354,241.442,240.98,240.98,8457
2021-01-22 12:15:00,240.935,240.935,240.859,240.862,3477
2021-01-22 12:20:00,240.876,241.128,240.817,241.128,10593
2021-01-22 12:25:00,241.144,241.144,240.994,240.994,2613
2021-01-22 12:30:00,241.095,241.292,241.064,241.292,3735
2021-01-22 12:35:00,241.282,241.377,240.951,240.951,6141
2021-01-22 12:40:00,241.062,241.532,241.062,241.442,6531
2021-01-22 12:45:00,241.55,241.598,241.482,241.56,3471
2021-01-22 12:50:00,241.354,241.586,241.354,241.586,6378
2021-01-22 12:55:00,241.498,241.508,241.498,241.508,1572
2021-01-22 13:00:00,241.554,241.554,241.429,241.429,5433
2021-01-22 13:05:00,241.406,241.554,241.406,241.482,8883
2021-01-22 13:10:00,241.478,241.478,241.321,241.321,1257
2021-01-22 13:15:00,240.826,240.941,240.826,240.941,2139
2021-01-22 13:20:00,241.013,241.161,240.686,241.161,20487
2021-01-22 13:25:00,240.715,240.994,240.715,240.882,8658
2021-01-22 13:30:00,240.905,240.905,240.813,240.823,4470
2021-01-22 13:35:00,240.831,241.056,240.831,240.889,5259
2021-01-22 13:40:00,240.957,241.098,240.856,240.944,13044
2021-01-22 13:45:00,241.175,241.177,240.949,240.949,6753
2021-01-22 13:50:00,240.948,240.979,240.699,240.928,9129
2021-01-22 13:55:00,240.885,240.885,240.836,240.873,5742
2021-01-22 14:00:00,240.912,240.967,240.846,240.846,6366
2021-01-22 14:05:00,240.84,240.951,240.784,240.876,9282
2021-01-22 14:10:00,240.83,240.984,240.83,240.948,4287
2021-01-22 14:15:00,240.913,241.061,240.913,241.0,5832
2021-01-22 14:20:00,241.033,241.036,240.967,240.971,5580
2021-01-22 14:25:00,240.984,241.085,240.967,241.085,4173
2021-01-22 14:30:00,241.036,241.036,240.702,240.93,12150
2021-01-22 14:35:00,240.951,241.166,240.951,241.046,8097
2021-01-22 14:40:00,240.954,241.097,240.948,241.097,7950
2021-01-22 14:45:00,241.159,241.187,240.712,240.748,8097
2021-01-22 14:50:00,240.689,241.021,240.623,241.021,9990
2021-01-22 14:55:00,241.016,241.462,240.885,241.462,18240
2021-01-22 15:00:00,241.359,241.359,240.899,240.899,3072
2021-01-22 15:05:00,240.82,240.861,240.63,240.72,7230
2021-01-22 15:10:00,240.623,240.885,240.561,240.584,4635
2021-01-22 15:15:00,240.654,240.654,240.338,240.466,8886
2021-01-22 15:20:00,240.515,240.679,240.414,240.43,6579
2021-01-22 15:25:00,240.446,240.577,240.427,240.555,5232
2021-01-22 15:30:00,240.522,240.643,240.514,240.643,9231
2021-01-22 15:35:00,240.784,240.784,240.528,240.577,10122
2021-01-22 15:40:00,240.509,240.712,240.41,240.469,22839
2021-01-22 15:45:00,240.584,240.584,240.453,240.502,8592
2021-01-22 15:50:00,240.309,240.45,240.057,240.319,27330
2021-01-22 15:55:00,240.315,240.391,240.021,240.152,28581
2021-01-22 16:00:00,240.152,240.296,239.798,239.801,77928
2021-01-22 16:05:00,239.863,239.863,239.863,239.863,27102
2021-01-25 09:35:00,240.813,241.79,240.722,241.356,50640
2021-01-25 09:40:00,241.798,241.798,241.007,241.007,4941
2021-01-25 09:45:00,241.012,241.09,240.479,240.538,4731
2021-01-25 09:50:00,240.79,241.691,240.781,241.56,19986
2021-01-25 09:55:00,241.711,241.711,240.63,240.804,8514
2021-01-25 10:00:00,241.213,241.218,240.823,241.108,6327
2021-01-25 10:05:00,241.269,241.691,241.131,241.493,10788
2021-01-25 10:10:00,241.413,241.953,241.413,241.804,11877
2021-01-25 10:15:00,241.675,241.803,241.459,241.613,22173
2021-01-25 10:20:00,241.718,241.832,241.718,241.832,1077
2021-01-25 10:25:00,241.97,241.97,241.596,241.773,6741
2021-01-25 10:30:00,241.953,241.953,241.921,241.921,1659
2021-01-25 10:35:00,242.048,242.517,241.993,242.517,13734
2021-01-25 10:40:00,242.523,242.677,242.517,242.677,5061
2021-01-25 10:45:00,242.702,242.877,242.589,242.73,17136
2021-01-25 10:50:00,242.589,242.73,242.415,242.415,5355
2021-01-25 10:55:00,242.397,242.474,241.813,242.316,12546
2021-01-25 11:00:00,242.016,242.016,241.033,241.033,8589
2021-01-25 11:05:00,241.226,241.313,240.79,240.998,8436
2021-01-25 11:10:00,240.653,241.026,240.04,240.24,12507
2021-01-25 11:15:00,240.378,241.856,240.378,241.631,6645
2021-01-25 11:20:00,241.141,241.627,240.591,241.627,7962
2021-01-25 11:25:00,241.639,241.639,240.594,240.853,10305
2021-01-25 11:30:00,240.949,240.949,240.61,240.915,6015
2021-01-25 11:35:00,240.964,240.98,240.597,240.862,12153
2021-01-25 11:40:00,241.007,241.193,240.859,240.859,8403
2021-01-25 11:45:00,241.179,241.179,240.083,240.545,28350
2021-01-25 11:50:00,240.563,240.774,240.312,240.453,19491
2021-01-25 11:55:00,240.453,240.633,240.451,240.502,12471
2021-01-25 12:00:00,240.504,240.555,240.491,240.51,5613
2021-01-25 12:05:00,240.486,240.938,240.135,240.561,18501
2021-01-25 12:10:00,240.745,240.815,240.499,240.568,6447
2021-01-25 12:15:00,240.695,240.695,240.672,240.672,1716
2021-01-25 12:20:00,240.676,240.881,240.392,240.764,7647
2021-01-25 12:25:00,240.79,240.901,240.587,240.901,9954
2021-01-25 12:30:00,240.736,241.066,240.175,240.289,30114
2021-01-25 12:35:00,240.252,240.905,240.237,240.889,17541
2021-01-25 12:40:00,240.758,240.758,240.233,240.333,9552
2021-01-25 12:45:00,240.302,240.571,240.204,240.566,6405
2021-01-25 12:50:00,240.64,240.64,240.161,240.161,10821
2021-01-25 12:55:00,240.538,240.594,240.191,240.594,8040
2021-01-25 13:00:00,240.46,240.46,240.41,240.41,1947
2021-01-25 13:05:00,240.237,240.774,240.237,240.774,4839
2021-01-25 13:10:00,240.574,240.723,240.556,240.723,10419
2021-01-25 13:15:00,240.876,240.954,240.663,240.954,5781
2021-01-25 13:20:00,241.36,241.423,240.81,241.195,5280
2021-01-25 13:25:00,241.249,241.482,241.018,241.084,11004
2021-01-25 13:30:00,241.426,241.426,240.864,241.315,6588
2021-01-25 13:35:00,241.193,241.193,241.041,241.149,4278
2021-01-25 13:40:00,241.046,241.134,240.723,241.134,11946
2021-01-25 13:45:00,241.095,241.22,240.951,241.038,7182
2021-01-25 13:50:00,241.151,241.203,240.699,240.966,18849
2021-01-25 13:55:00,240.944,240.944,240.62,240.695,16158
2021-01-25 14:00:00,240.309,240.494,240.309,240.443,4014
2021-01-25 14:05:00,240.65,240.894,240.476,240.866,18429
2021-01-25 14:10:00,240.923,240.923,240.538,240.561,8577
2021-01-25 14:15:00,240.482,240.712,240.482,240.712,3756
2021-01-25 14:20:00,240.892,240.917,240.528,240.592,13599
2021-01-25 14:25:00,240.65,240.889,240.532,240.646,13611
2021-01-25 14:30:00,240.774,240.797,240.774,240.79,2187
2021-01-25 14:35:00,240.961,241.257,240.858,241.257,5934
2021-01-25 14:40:00,241.259,241.259,240.758,240.794,17046
2021-01-25 14:45:00,240.858,241.0,240.774,240.966,8211
2021-01-25 14:50:00,240.792,241.01,240.725,240.977,9078
2021-01-25 14:55:00,240.99,241.082,240.813,240.813,11853
2021-01-25 15:00:00,240.808,241.066,240.808,240.859,11151
2021-01-25 15:05:00,240.874,240.938,240.482,240.482,8943
2021-01-25 15:10:00,240.794,240.835,240.545,240.731,8769
2021-01-25 15:15:00,240.794,240.813,240.155,240.168,9648
2021-01-25 15:20:00,240.076,240.414,240.076,240.27,9816
2021-01-25 15:25:00,240.27,240.394,240.161,240.161,8121
2021-01-25 15:30:00,240.24,240.394,240.161,240.161,12762
2021-01-25 15:35:00,240.209,240.41,240.017,240.066,17427
2021-01-25 15:40:00,240.04,240.204,239.736,240.117,17979
2021-01-25 15:45:00,240.24,240.286,240.014,240.253,18918
2021-01-25 15:50:00,240.296,240.446,240.011,240.197,21720
2021-01-25 15:55:00,240.116,240.44,240.021,240.283,38520
2021-01-25 16:00:00,240.289,240.558,240.233,240.551,76968
2021-01-25 16:05:00,240.555,240.555,240.555,240.555,16155
2021-01-26 09:35:00,241.55,241.55,240.735,240.921,30639
2021-01-26 09:40:00,240.889,240.889,239.978,240.086,8427
2021-01-26 09:45:00,239.89,240.496,239.624,240.496,3720
2021-01-26 09:50:00,240.496,240.62,240.057,240.116,6093
2021-01-26 09:55:00,240.348,240.348,239.349,239.588,7350
2021-01-26 10:00:00,239.418,239.857,239.414,239.49,4251
2021-01-26 10:05:00,239.788,240.057,239.775,240.057,6072
2021-01-26 10:10:00,240.176,240.361,239.267,239.359,7332
2021-01-26 10:15:00,239.12,239.12,238.343,238.343,12408
2021-01-26 10:20:00,238.548,238.548,237.636,237.636,8295
2021-01-26 10:25:00,237.678,237.993,237.242,237.442,23604
2021-01-26 10:30:00,237.502,237.616,236.846,237.446,20721
2021-01-26 10:35:00,237.554,237.573,236.984,236.984,17970
2021-01-26 10:40:00,237.161,237.259,237.046,237.259,8052
2021-01-26 10:45:00,237.21,237.609,237.21,237.393,10479
2021-01-26 10:50:00,237.505,237.678,237.318,237.318,15894
2021-01-26 10:55:00,237.233,237.234,236.839,236.967,28239
2021-01-26 11:00:00,236.898,236.915,236.324,236.374,13407
2021-01-26 11:05:00,236.222,236.843,236.222,236.718,14253
2021-01-26 11:10:00,236.853,236.995,236.351,236.351,8280
2021-01-26 11:15:00,236.649,236.931,236.371,236.682,13386
2021-01-26 11:20:00,236.574,236.758,236.384,236.682,16770
2021-01-26 11:25:00,236.944,236.957,236.613,236.613,6210
2021-01-26 11:30:00,236.669,236.895,236.645,236.889,9183
2021-01-26 11:35:00,236.897,236.903,236.636,236.72,13824
2021-01-26 11:40:00,236.794,237.259,236.718,237.088,20475
2021-01-26 11:45:00,237.246,237.773,236.954,237.36,16221
2021-01-26 11:50:00,237.36,237.368,237.249,237.269,7845
2021-01-26 11:55:00,237.563,237.563,237.015,237.015,11901
2021-01-26 12:00:00,237.011,237.275,237.011,237.141,9918
2021-01-26 12:05:00,237.22,237.529,237.177,237.485,10164
2021-01-26 12:10:00,237.439,237.524,237.395,237.431,5055
2021-01-26 12:15:00,237.341,237.385,237.023,237.023,7242
2021-01-26 12:20:00,237.054,237.157,236.954,237.157,12441
2021-01-26 12:25:00,237.077,237.311,237.072,237.311,12516
2021-01-26 12:30:00,237.244,237.678,237.244,237.367,14688
2021-01-26 12:35:00,237.252,237.74,237.252,237.74,9690
2021-01-26 12:40:00,237.711,237.868,237.711,237.868,6573
2021-01-26 12:45:00,237.868,237.868,237.668,237.803,6426
2021-01-26 12:50:00,237.791,237.794,237.776,237.776,3435
2021-01-26 12:55:00,237.842,238.474,237.816,238.419,19926
2021-01-26 13:00:00,238.405,238.43,237.957,237.993,10389
2021-01-26 13:05:00,237.983,238.097,237.873,238.097,7269
2021-01-26 13:10:00,238.176,238.399,237.989,238.399,24276
2021-01-26 13:15:00,238.622,238.622,238.44,238.445,5487
2021-01-26 13:20:00,238.432,238.52,238.399,238.399,4452
2021-01-26 13:25:00,238.415,238.7,238.389,238.7,7686
2021-01-26 13:30:00,238.635,238.635,238.383,238.433,7245
2021-01-26 13:35:00,238.433,238.822,238.433,238.822,15141
2021-01-26 13:40:00,238.833,239.061,238.833,239.061,4131
2021-01-26 13:45:00,238.923,239.274,238.923,239.274,14484
2021-01-26 13:50:00,239.038,239.129,238.766,238.915,9975
2021-01-26 13:55:00,238.915,238.915,238.792,238.907,3168
2021-01-26 14:00:00,238.864,238.897,238.618,238.675,9477
2021-01-26 14:05:00,238.428,238.687,238.428,238.684,7131
2021-01-26 14:10:00,238.582,238.582,238.482,238.496,4248
2021-01-26 14:15:00,238.586,239.202,238.586,239.202,13083
2021-01-26 14:20:00,238.975,239.018,238.777,238.777,6636
2021-01-26 14:25:00,238.728,238.769,238.396,238.64,17307
2021-01-26 14:30:00,238.64,238.641,238.061,238.061,7533
2021-01-26 14:35:00,238.224,238.52,238.224,238.333,4701
2021-01-26 14:40:00,238.428,238.428,238.16,238.168,7755
2021-01-26 14:45:00,238.104,238.202,237.97,237.97,7050
2021-01-26 14:50:00,237.927,238.254,237.839,238.254,13056
2021-01-26 14:55:00,238.183,238.183,237.942,237.942,5970
2021-01-26 15:00:00,237.981,238.029,237.871,237.955,6183
2021-01-26 15:05:00,237.901,238.048,237.885,237.885,9501
2021-01-26 15:10:00,237.948,238.242,237.881,238.242,10929
2021-01-26 15:15:00,238.12,238.512,238.12,238.412,7155
2021-01-26 15:20:00,238.512,238.512,238.091,238.091,14745
2021-01-26 15:25:00,238.181,238.211,238.029,238.048,4701
2021-01-26 15:30:00,238.093,238.093,237.793,237.793,12675
2021-01-26 15:35:00,237.773,237.776,237.305,237.355,14367
2021-01-26 15:40:00,237.357,237.477,237.029,237.125,23844
2021-01-26 15:45:00,237.052,237.288,237.052,237.231,21768
2021-01-26 15:50:00,237.234,237.37,236.98,236.98,24135
2021-01-26 15:55:00,237.128,237.141,236.853,236.987,32769
2021-01-26 16:00:00,236.879,237.226,236.859,237.069,91299
2021-01-26 16:05:00,237.069,237.069,237.069,237.069,11568
2021-01-27 09:00:00,237.069,237.069,237.069,237.069,12300
2021-01-27 09:35:00,235.333,235.893,233.295,233.713,55602
2021-01-27 09:40:00,233.786,233.793,232.161,233.118,16182
2021-01-27 09:45:00,232.436,232.436,231.136,231.641,13032
2021-01-27 09:50:00,231.775,233.157,231.408,232.512,32154
2021-01-27 09:55:00,232.368,232.941,231.593,231.593,25395
2021-01-27 10:00:00,231.952,233.226,231.542,232.943,22104
2021-01-27 10:05:00,232.679,233.398,232.59,233.167,12915
2021-01-27 10:10:00,233.188,233.188,232.594,232.594,13230
2021-01-27 10:15:00,232.05,232.44,231.781,232.184,12735
2021-01-27 10:20:00,232.212,232.744,232.212,232.528,12318
2021-01-27 10:25:00,233.283,233.613,232.938,233.613,12549
2021-01-27 10:30:00,233.539,233.924,233.498,233.924,7377
2021-01-27 10:35:00,233.97,233.986,233.509,233.812,12699
2021-01-27 10:40:00,233.508,233.793,233.242,233.478,10770
2021-01-27 10:45:00,233.534,234.196,233.534,234.196,12726
2021-01-27 10:50:00,234.31,234.497,233.826,234.486,14358
2021-01-27 10:55:00,234.396,234.677,234.102,234.582,14838
2021-01-27 11:00:00,234.476,234.602,234.043,234.453,15858
2021-01-27 11:05:00,234.301,234.446,234.022,234.317,12006
2021-01-27 11:10:00,234.219,234.219,233.799,233.978,12330
2021-01-27 11:15:00,234.035,234.061,233.577,233.577,14049
2021-01-27 11:20:00,233.812,234.07,233.717,233.837,9573
2021-01-27 11:25:00,233.837,234.245,233.598,234.065,15408
2021-01-27 11:30:00,234.042,234.379,233.978,234.065,13860
2021-01-27 11:35:00,233.976,234.222,233.626,233.626,13692
2021-01-27 11:40:00,233.734,234.13,233.624,234.042,14730
2021-01-27 11:45:00,234.101,234.101,233.537,233.537,11469
2021-01-27 11:50:00,233.799,233.884,233.069,233.085,16035
2021-01-27 11:55:00,232.897,233.383,232.897,233.331,5049
2021-01-27 12:00:00,233.2,233.347,233.046,233.223,19509
2021-01-27 12:05:00,233.118,233.711,232.934,232.934,19605
2021-01-27 12:10:00,233.092,233.357,232.987,232.987,9237
2021-01-27 12:15:00,233.046,233.203,232.748,232.907,14475
2021-01-27 12:20:00,232.771,232.851,232.381,232.733,21891
2021-01-27 12:25:00,232.6,232.843,232.448,232.843,16410
2021-01-27 12:30:00,232.879,233.367,232.879,233.203,9876
2021-01-27 12:35:00,233.213,233.514,232.984,233.336,16590
2021-01-27 12:40:00,233.285,233.786,233.157,233.716,15879
2021-01-27 12:45:00,233.901,234.379,233.901,234.379,8757
2021-01-27 12:50:00,234.576,234.88,234.263,234.772,14859
2021-01-27 12:55:00,234.946,235.282,234.877,235.169,5160
2021-01-27 13:00:00,234.996,235.408,234.913,235.041,10239
2021-01-27 13:05:00,235.608,235.608,234.697,234.697,8148
2021-01-27 13:10:00,234.45,234.773,234.392,234.773,5871
2021-01-27 13:15:00,234.667,234.667,234.379,234.399,8913
2021-01-27 13:20:00,234.399,235.057,234.231,234.851,15513
2021-01-27 13:25:00,234.622,234.894,234.622,234.764,6660
2021-01-27 13:30:00,234.916,235.375,234.916,235.093,7980
2021-01-27 13:35:00,235.036,235.667,234.92,235.221,21078
2021-01-27 13:40:00,235.213,235.414,234.989,235.103,8826
2021-01-27 13:45:00,235.162,235.552,235.113,235.262,10653
2021-01-27 13:50:00,235.503,235.703,235.333,235.637,6375
2021-01-27 13:55:00,235.513,235.814,235.513,235.742,15819
2021-01-27 14:00:00,235.84,236.286,235.352,235.768,16005
2021-01-27 14:05:00,235.783,236.05,235.663,235.963,17343
2021-01-27 14:10:00,235.608,236.004,235.464,235.542,15099
2021-01-27 14:15:00,235.575,236.05,235.575,236.05,22953
2021-01-27 14:20:00,236.135,236.135,235.316,235.686,20598
2021-01-27 14:25:00,235.565,235.844,235.185,235.765,17976
2021-01-27 14:30:00,235.834,236.286,235.696,235.696,19461
2021-01-27 14:35:00,235.906,236.076,235.419,235.577,21741
2021-01-27 14:40:00,235.608,236.145,235.434,235.762,26328
2021-01-27 14:45:00,235.873,236.569,235.467,235.69,28980
2021-01-27 14:50:00,235.932,236.505,235.391,235.504,19371
2021-01-27 14:55:00,235.175,235.539,234.779,235.539,18543
2021-01-27 15:00:00,235.277,235.68,235.067,235.285,17397
2021-01-27 15:05:00,235.285,235.418,235.003,235.365,17517
2021-01-27 15:10:00,235.247,235.57,235.142,235.454,17310
2021-01-27 15:15:00,235.441,235.781,235.441,235.66,20055
2021-01-27 15:20:00,235.847,235.955,235.419,235.477,29928
2021-01-27 15:25:00,235.598,235.965,235.319,235.319,26790
2021-01-27 15:30:00,235.531,235.796,235.283,235.529,19104
2021-01-27 15:35:00,235.523,235.631,235.296,235.301,30222
2021-01-27 15:40:00,235.437,235.545,234.53,235.169,27207
2021-01-27 15:45:00,235.346,236.047,235.015,235.76,43809
2021-01-27 15:50:00,235.601,236.191,235.521,235.978,46959
2021-01-27 15:55:00,235.857,236.774,235.67,235.994,77568
2021-01-27 16:00:00,235.934,236.142,235.1,235.893,120999
2021-01-27 16:05:00,235.07,235.07,235.07,235.07,11658
2021-01-27 18:55:00,234.88,234.88,234.88,234.88,300
2021-01-28 09:35:00,234.192,234.853,231.29,233.246,61590
2021-01-28 09:40:00,232.99,233.917,231.47,233.008,19161
2021-01-28 09:45:00,233.008,236.987,232.604,233.503,34398
2021-01-28 09:50:00,233.357,234.073,232.037,233.255,14193
2021-01-28 09:55:00,233.403,234.89,233.255,234.858,25560
2021-01-28 10:00:00,234.887,234.995,232.931,233.311,39366
2021-01-28 10:05:00,233.311,234.55,232.492,234.55,32472
2021-01-28 10:10:00,234.237,234.894,234.237,234.766,11649
2021-01-28 10:15:00,234.369,234.592,233.619,234.592,14652
2021-01-28 10:20:00,234.848,235.993,234.618,235.817,17061
2021-01-28 10:25:00,235.857,235.857,234.491,234.491,9507
2021-01-28 10:30:00,234.828,235.618,234.572,235.015,14073
2021-01-28 10:35:00,235.28,235.395,233.947,234.753,25995
2021-01-28 10:40:00,234.844,234.851,231.536,231.581,28518
2021-01-28 10:45:00,232.561,232.754,226.625,230.189,122313
2021-01-28 10:50:00,230.241,231.953,229.786,231.211,34968
2021-01-28 10:55:00,231.912,232.325,231.467,232.256,12345
2021-01-28 11:00:00,231.853,232.771,231.853,232.771,17043
2021-01-28 11:05:00,232.225,232.459,231.237,232.459,13920
2021-01-28 11:10:00,231.418,232.299,231.418,231.888,11835
2021-01-28 11:15:00,232.289,232.289,230.962,230.962,15717
2021-01-28 11:20:00,230.307,230.959,229.124,229.124,30507
2021-01-28 11:25:00,229.671,230.019,229.0,229.927,25404
2021-01-28 11:30:00,229.999,230.658,229.675,230.399,8400
2021-01-28 11:35:00,230.926,231.224,229.773,229.773,13515
2021-01-28 11:40:00,229.703,231.006,229.642,230.911,10008
2021-01-28 11:45:00,230.707,231.411,230.317,231.074,34086
2021-01-28 11:50:00,230.969,231.406,230.484,230.664,22749
2021-01-28 11:55:00,230.911,231.794,230.911,231.149,7803
2021-01-28 12:00:00,231.309,232.599,231.273,231.617,14193
2021-01-28 12:05:00,231.87,232.145,231.255,231.83,10686
2021-01-28 12:10:00,231.935,232.679,231.893,231.893,6684
2021-01-28 12:15:00,231.796,232.03,230.995,231.27,20205
2021-01-28 12:20:00,230.934,232.086,230.934,231.427,26712
2021-01-28 12:25:00,231.696,231.827,231.223,231.686,4419
2021-01-28 12:30:00,231.296,231.821,230.913,231.581,31686
2021-01-28 12:35:00,231.558,231.67,231.254,231.653,12579
2021-01-28 12:40:00,231.854,232.587,231.45,232.469,17088
2021-01-28 12:45:00,232.242,233.131,232.242,232.676,12330
2021-01-28 12:50:00,232.597,232.993,232.509,232.993,9600
2021-01-28 12:55:00,232.748,232.794,232.099,232.296,11262
2021-01-28 13:00:00,232.286,232.476,231.952,232.063,14466
2021-01-28 13:05:00,231.965,232.129,231.519,231.719,17346
2021-01-28 13:10:00,232.007,232.007,231.368,231.608,6666
2021-01-28 13:15:00,231.431,231.614,231.388,231.595,10353
2021-01-28 13:20:00,231.657,231.762,231.199,231.199,5805
2021-01-28 13:25:00,231.077,231.673,230.962,231.542,24705
2021-01-28 13:30:00,231.581,231.676,231.578,231.66,7737
2021-01-28 13:35:00,231.555,231.555,231.177,231.359,14751
2021-01-28 13:40:00,231.293,231.496,231.211,231.355,4587
2021-01-28 13:45:00,231.378,231.847,231.142,231.847,11508
2021-01-28 13:50:00,231.745,232.695,231.663,232.695,27327
2021-01-28 13:55:00,232.376,232.568,232.212,232.338,19041
2021-01-28 14:00:00,232.309,232.481,232.178,232.414,12243
2021-01-28 14:05:00,231.984,232.074,231.637,231.889,9069
2021-01-28 14:10:00,231.939,231.973,231.182,231.336,33960
2021-01-28 14:15:00,231.441,232.273,231.332,232.273,24624
2021-01-28 14:20:00,232.066,232.206,231.883,231.961,12459
2021-01-28 14:25:00,232.092,232.4,231.834,231.997,16065
2021-01-28 14:30:00,232.132,232.358,232.122,232.184,13923
2021-01-28 14:35:00,232.207,232.436,232.207,232.329,30474
2021-01-28 14:40:00,232.451,232.54,232.23,232.275,11724
2021-01-28 14:45:00,232.338,232.341,232.086,232.341,9468
2021-01-28 14:50:00,232.459,233.072,232.407,232.862,18663
2021-01-28 14:55:00,232.731,232.81,232.142,232.145,15984
2021-01-28 15:00:00,232.183,232.898,232.183,232.866,9672
2021-01-28 15:05:00,232.6,232.954,232.518,232.954,16731
2021-01-28 15:10:00,233.03,234.219,233.03,234.117,18297
2021-01-28 15:15:00,233.881,233.881,233.116,233.303,43830
2021-01-28 15:20:00,233.303,233.599,233.124,233.55,19332
2021-01-28 15:25:00,233.588,234.32,233.37,234.32,19827
2021-01-28 15:30:00,234.215,234.225,233.531,233.531,17139
2021-01-28 15:35:00,233.5,233.721,233.272,233.341,31257
2021-01-28 15:40:00,233.347,233.858,233.339,233.791,22902
2021-01-28 15:45:00,233.791,233.806,233.449,233.501,29010
2021-01-28 15:50:00,233.529,233.789,233.147,233.252,41688
2021-01-28 15:55:00,233.626,233.626,233.12,233.342,87621
2021-01-28 16:00:00,233.301,233.36,232.682,232.875,156786
2021-01-28 16:05:00,233.272,233.272,233.272,233.272,13086
2021-01-29 09:35:00,231.267,231.267,227.694,227.694,77454
2021-01-29 09:40:00,227.984,228.499,227.28,228.499,17376
2021-01-29 09:45:00,228.282,228.821,227.359,228.359,41889
2021-01-29 09:50:00,228.626,228.813,227.421,228.443,20625
2021-01-29 09:55:00,228.35,229.053,227.86,227.86,20457
2021-01-29 10:00:00,227.522,228.255,227.518,227.518,15105
2021-01-29 10:05:00,227.532,228.327,227.532,228.259,18945
2021-01-29 10:10:00,228.381,228.554,227.686,228.554,31335
2021-01-29 10:15:00,228.397,228.61,227.811,228.289,14631
2021-01-29 10:20:00,228.027,228.107,227.359,227.454,18492
2021-01-29 10:25:00,227.735,228.469,227.712,228.011,20142
2021-01-29 10:30:00,228.015,228.015,227.388,227.686,9366
2021-01-29 10:35:00,227.706,228.142,227.473,228.142,21489
2021-01-29 10:40:00,228.046,228.259,227.837,227.873,14502
2021-01-29 10:45:00,227.955,228.05,227.686,227.837,12621
2021-01-29 10:50:00,227.916,228.155,227.678,228.155,18849
2021-01-29 10:55:00,228.158,228.158,227.607,227.811,16272
2021-01-29 11:00:00,227.847,227.916,227.3,227.916,22305
2021-01-29 11:05:00,228.209,228.209,227.55,227.781,59886
2021-01-29 11:10:00,227.686,227.768,227.208,227.254,21861
2021-01-29 11:15:00,227.2,227.378,226.785,226.831,19068
2021-01-29 11:20:00,226.821,227.326,226.772,226.972,25323
2021-01-29 11:25:00,227.129,227.247,226.897,227.131,22683
2021-01-29 11:30:00,227.018,227.139,226.579,226.703,20736
2021-01-29 11:35:00,226.559,227.336,226.559,226.713,50310
2021-01-29 11:40:00,226.297,226.376,226.212,226.359,30198
2021-01-29 11:45:00,226.212,226.423,226.055,226.192,22062
2021-01-29 11:50:00,226.192,226.345,225.868,225.868,31086
2021-01-29 11:55:00,225.721,225.953,225.517,225.547,24654
2021-01-29 12:00:00,225.511,225.904,225.472,225.809,17169
2021-01-29 12:05:00,225.799,225.832,225.589,225.819,16071
2021-01-29 12:10:00,225.717,225.757,225.527,225.658,14526
2021-01-29 12:15:00,225.688,225.825,225.367,225.39,18495
2021-01-29 12:20:00,225.301,225.301,224.838,225.013,15426
2021-01-29 12:25:00,225.049,225.236,224.931,225.044,36234
2021-01-29 12:30:00,225.013,225.691,225.013,225.67,20166
2021-01-29 12:35:00,225.526,225.542,225.167,225.285,12504
2021-01-29 12:40:00,225.38,225.393,224.689,224.741,14097
2021-01-29 12:45:00,224.856,225.155,224.78,224.985,19677
2021-01-29 12:50:00,225.013,225.013,224.725,224.813,19611
2021-01-29 12:55:00,224.836,225.295,224.757,225.236,39669
2021-01-29 13:00:00,225.223,225.645,225.223,225.514,20742
2021-01-29 13:05:00,225.383,225.593,225.154,225.154,10602
2021-01-29 13:10:00,225.036,225.255,224.947,225.033,12993
2021-01-29 13:15:00,225.141,225.182,224.957,224.957,16023
2021-01-29 13:20:00,225.029,225.252,224.911,225.164,20667
2021-01-29 13:25:00,225.259,225.92,225.183,225.721,15705
2021-01-29 13:30:00,225.809,226.056,225.511,225.92,36339
2021-01-29 13:35:00,225.93,226.15,225.547,225.622,38301
2021-01-29 13:40:00,225.748,226.045,225.701,225.871,21234
2021-01-29 13:45:00,225.791,225.94,225.675,225.814,10809
2021-01-29 13:50:00,225.75,225.901,225.413,225.516,9336
2021-01-29 13:55:00,225.527,225.734,225.508,225.57,14802
2021-01-29 14:00:00,225.501,225.979,225.501,225.979,20499
2021-01-29 14:05:00,226.241,226.792,226.241,226.679,12177
2021-01-29 14:10:00,226.562,227.608,226.533,227.608,31161
2021-01-29 14:15:00,227.427,227.716,227.139,227.319,24639
2021-01-29 14:20:00,227.218,227.27,226.838,226.838,18228
2021-01-29 14:25:00,226.995,226.995,226.553,226.887,11418
2021-01-29 14:30:00,226.962,227.005,226.523,226.73,13611
2021-01-29 14:35:00,226.631,226.631,225.845,225.845,11781
2021-01-29 14:40:00,225.894,226.122,225.635,225.737,23835
2021-01-29 14:45:00,225.816,226.137,225.639,225.812,27405
2021-01-29 14:50:00,225.881,226.009,225.588,225.766,18405
2021-01-29 14:55:00,225.776,225.961,225.593,225.938,16572
2021-01-29 15:00:00,225.97,226.194,225.793,226.087,18534
2021-01-29 15:05:00,226.193,227.121,226.193,226.644,27555
2021-01-29 15:10:00,226.605,226.834,226.546,226.797,14085
2021-01-29 15:15:00,226.834,227.005,226.608,226.969,23763
2021-01-29 15:20:00,226.769,227.234,226.579,227.103,31482
2021-01-29 15:25:00,227.031,227.119,226.541,226.792,22437
2021-01-29 15:30:00,226.916,226.923,226.466,226.5,18006
2021-01-29 15:35:00,226.533,227.07,226.533,226.874,22707
2021-01-29 15:40:00,227.011,227.031,226.369,226.713,24438
2021-01-29 15:45:00,226.543,226.723,226.264,226.559,57036
2021-01-29 15:50:00,226.559,226.749,226.445,226.664,60825
2021-01-29 15:55:00,226.782,227.535,226.782,227.064,53388
2021-01-29 16:00:00,227.047,227.699,226.32,226.562,171102
2021-01-29 16:05:00,226.638,226.638,226.638,226.638,37950
2021-01-29 16:10:00,226.841,226.841,226.841,226.841,19257
2021-01-29 16:40:00,226.638,226.638,226.638,226.638,10554
2021-01-29 17:50:00,226.867,226.867,226.867,226.867,600
2021-01-29 18:40:00,226.867,226.867,226.867,226.867,645
2021-02-01 09:35:00,227.562,229.216,227.431,227.453,59508
2021-02-01 09:40:00,227.188,228.364,226.906,226.906,21714
2021-02-01 09:45:00,227.775,227.775,226.405,226.458,9015
2021-02-01 09:50:00,226.376,226.769,225.417,225.871,15153
2021-02-01 09:55:00,225.919,226.574,225.295,225.485,28233
2021-02-01 10:00:00,226.31,226.353,225.835,226.155,9303
2021-02-01 10:05:00,225.904,226.168,225.711,225.912,10293
2021-02-01 10:10:00,225.875,225.907,224.764,224.934,18684
2021-02-01 10:15:00,224.869,224.913,224.643,224.761,15690
2021-02-01 10:20:00,224.775,225.033,224.587,224.849,18645
2021-02-01 10:25:00,224.923,225.455,224.836,225.226,30903
2021-02-01 10:30:00,225.095,225.257,224.712,224.81,9183
2021-02-01 10:35:00,224.675,224.784,224.459,224.478,9864
2021-02-01 10:40:00,224.741,224.741,223.84,224.125,39255
2021-02-01 10:45:00,224.199,224.263,223.765,223.984,9522
2021-02-01 10:50:00,224.076,224.194,223.84,223.84,16371
2021-02-01 10:55:00,223.853,224.2,223.755,223.755,12546
2021-02-01 11:00:00,223.752,223.86,223.562,223.698,8391
2021-02-01 11:05:00,223.666,223.758,223.303,223.458,15738
2021-02-01 11:10:00,223.359,223.662,223.293,223.662,10137
2021-02-01 11:15:00,223.657,223.673,223.431,223.437,9228
2021-02-01 11:20:00,223.56,223.994,223.56,223.83,7863
2021-02-01 11:25:00,223.781,224.045,223.713,224.045,11040
2021-02-01 11:30:00,224.205,224.205,223.499,223.647,22626
2021-02-01 11:35:00,223.892,224.312,223.892,224.312,14256
2021-02-01 11:40:00,224.405,224.553,224.23,224.463,11274
2021-02-01 11:45:00,224.757,224.924,224.748,224.764,13014
2021-02-01 11:50:00,224.911,225.059,224.826,224.862,11613
2021-02-01 11:55:00,224.998,225.304,224.977,225.195,15426
2021-02-01 12:00:00,225.023,225.023,224.364,224.364,11388
2021-02-01 12:05:00,224.58,225.042,224.397,224.985,29811
2021-02-01 12:10:00,225.095,225.095,224.918,225.054,5586
2021-02-01 12:15:00,225.121,225.314,225.069,225.18,8766
2021-02-01 12:20:00,225.324,225.56,225.173,225.396,25152
2021-02-01 12:25:00,225.432,225.635,225.278,225.485,15669
2021-02-01 12:30:00,225.599,225.599,225.362,225.391,14631
2021-02-01 12:35:00,225.527,225.907,225.468,225.807,11151
2021-02-01 12:40:00,225.847,225.907,225.606,225.786,8550
2021-02-01 12:45:00,225.861,225.999,225.825,225.922,5676
2021-02-01 12:50:00,225.92,226.137,225.868,226.137,10479
2021-02-01 12:55:00,226.225,226.59,226.225,226.438,7260
2021-02-01 13:00:00,226.52,226.67,226.412,226.412,7566
2021-02-01 13:05:00,226.399,226.399,226.094,226.094,6852
2021-02-01 13:10:00,226.06,226.06,225.783,226.007,5781
2021-02-01 13:15:00,225.825,226.15,225.801,226.024,6981
2021-02-01 13:20:00,225.858,225.875,225.858,225.875,1407
2021-02-01 13:25:00,225.822,226.022,225.724,225.922,5502
2021-02-01 13:30:00,225.858,226.291,225.858,226.182,7152
2021-02-01 13:35:00,226.223,226.698,226.223,226.698,15576
2021-02-01 13:40:00,226.703,227.1,226.582,227.1,13497
2021-02-01 13:45:00,227.06,227.172,226.834,226.834,10746
2021-02-01 13:50:00,226.71,227.0,226.71,226.928,6033
2021-02-01 13:55:00,226.992,227.309,226.923,227.188,12810
2021-02-01 14:00:00,227.296,227.359,227.218,227.357,6972
2021-02-01 14:05:00,227.319,227.375,227.159,227.375,15816
2021-02-01 14:10:00,227.565,227.686,227.319,227.601,16560
2021-02-01 14:15:00,227.599,227.832,227.578,227.64,11040
2021-02-01 14:20:00,227.737,228.011,227.737,228.011,7803
2021-02-01 14:25:00,227.878,228.106,227.878,228.001,5829
2021-02-01 14:30:00,228.02,228.223,228.02,228.086,14916
2021-02-01 14:35:00,228.087,228.087,227.842,227.955,7473
2021-02-01 14:40:00,228.038,228.125,227.899,227.899,10314
2021-02-01 14:45:00,227.902,227.966,227.788,227.788,12057
2021-02-01 14:50:00,227.917,227.919,227.889,227.893,4725
2021-02-01 14:55:00,227.932,228.073,227.878,228.073,13209
2021-02-01 15:00:00,228.043,228.289,228.043,228.115,18927
2021-02-01 15:05:00,228.223,228.633,228.223,228.433,13308
2021-02-01 15:10:00,228.466,228.549,228.364,228.433,15432
2021-02-01 15:15:00,228.429,228.633,228.259,228.528,30000
2021-02-01 15:20:00,228.553,228.59,228.391,228.469,14394
2021-02-01 15:25:00,228.525,228.735,228.508,228.574,17313
2021-02-01 15:30:00,228.659,228.753,228.282,228.282,15507
2021-02-01 15:35:00,228.291,228.371,228.053,228.287,23163
2021-02-01 15:40:00,228.286,228.49,228.161,228.466,33699
2021-02-01 15:45:00,228.499,228.743,228.41,228.612,31461
2021-02-01 15:50:00,228.543,228.761,228.389,228.761,37482
2021-02-01 15:55:00,228.694,229.157,228.504,228.888,64653
2021-02-01 16:00:00,229.121,229.121,228.561,228.702,103734
2021-02-01 16:05:00,228.702,228.702,228.702,228.702,8292
2021-02-02 09:35:00,229.2,230.635,229.2,230.264,34743
2021-02-02 09:40:00,230.635,230.638,229.379,229.379,4905
2021-02-02 09:45:00,229.581,230.038,229.347,230.038,16347
2021-02-02 09:50:00,229.979,230.228,229.275,229.275,9132
2021-02-02 09:55:00,229.868,230.394,229.77,230.394,5622
2021-02-02 10:00:00,230.104,230.697,229.806,230.281,16734
2021-02-02 10:05:00,230.572,231.467,230.572,231.152,17916
2021-02-02 10:10:00,230.972,230.974,230.769,230.794,5838
2021-02-02 10:15:00,230.92,231.272,230.789,230.985,15762
2021-02-02 10:20:00,231.188,231.807,231.178,231.807,7392
2021-02-02 10:25:00,231.919,231.968,231.631,231.69,8496
2021-02-02 10:30:00,231.759,232.267,231.572,231.742,18411
2021-02-02 10:35:00,231.84,232.019,231.762,231.883,4323
2021-02-02 10:40:00,231.85,232.043,231.712,231.927,12153
2021-02-02 10:45:00,232.181,232.292,231.829,232.292,15081
2021-02-02 10:50:00,232.243,232.338,232.21,232.21,8958
2021-02-02 10:55:00,232.273,232.4,232.096,232.099,12696
2021-02-02 11:00:00,232.081,232.78,232.081,232.574,26637
2021-02-02 11:05:00,232.292,232.777,232.21,232.777,8037
2021-02-02 11:10:00,232.656,232.764,232.463,232.62,15510
2021-02-02 11:15:00,232.482,232.977,232.479,232.977,8925
2021-02-02 11:20:00,232.833,233.043,232.826,233.043,6282
2021-02-02 11:25:00,233.033,233.111,232.681,232.82,13641
2021-02-02 11:30:00,232.835,233.111,232.833,232.99,9915
2021-02-02 11:35:00,233.142,233.142,232.951,233.072,8853
2021-02-02 11:40:00,233.282,233.786,233.265,233.727,15513
2021-02-02 11:45:00,233.727,233.744,233.474,233.567,6324
2021-02-02 11:50:00,233.495,233.573,233.459,233.573,6240
2021-02-02 11:55:00,233.501,233.652,233.278,233.278,8502
2021-02-02 12:00:00,233.331,233.416,233.324,233.406,6132
2021-02-02 12:05:00,233.468,233.678,233.459,233.516,7704
2021-02-02 12:10:00,233.577,233.577,233.408,233.482,4278
2021-02-02 12:15:00,233.503,233.647,233.351,233.647,13338
2021-02-02 12:20:00,233.714,233.721,233.577,233.645,8334
2021-02-02 12:25:00,233.645,233.709,233.445,233.522,5922
2021-02-02 12:30:00,233.393,233.393,233.19,233.19,3381
2021-02-02 12:35:00,233.242,233.409,233.242,233.355,4116
2021-02-02 12:40:00,233.383,233.609,233.383,233.537,7194
2021-02-02 12:45:00,233.423,233.459,233.413,233.459,3846
2021-02-02 12:50:00,233.275,233.321,233.275,233.321,1116
2021-02-02 12:55:00,233.408,233.408,233.19,233.332,4410
2021-02-02 13:00:00,233.219,233.337,233.219,233.337,4467
2021-02-02 13:05:00,233.468,233.524,233.364,233.364,5073
2021-02-02 13:10:00,233.344,233.372,233.062,233.062,4941
2021-02-02 13:15:00,233.051,233.177,232.984,232.984,8112
2021-02-02 13:20:00,232.928,232.928,232.489,232.833,15447
2021-02-02 13:25:00,232.869,232.928,232.83,232.928,4788
2021-02-02 13:30:00,232.807,232.807,232.807,232.807,348
2021-02-02 13:35:00,232.836,232.885,232.813,232.835,4017
2021-02-02 13:40:00,232.882,232.882,232.692,232.692,5094
2021-02-02 13:45:00,232.823,232.823,232.79,232.79,2109
2021-02-02 13:50:00,232.692,232.712,232.6,232.712,24318
2021-02-02 13:55:00,232.685,232.751,232.6,232.751,21927
2021-02-02 14:00:00,232.875,232.875,232.875,232.875,1608
2021-02-02 14:05:00,233.203,233.416,233.195,233.349,8082
2021-02-02 14:10:00,233.405,233.58,233.405,233.423,4245
2021-02-02 14:15:00,233.259,233.311,233.085,233.311,9333
2021-02-02 14:20:00,233.298,233.377,233.213,233.298,14532
2021-02-02 14:25:00,233.324,233.324,232.735,232.948,14943
2021-02-02 14:30:00,233.21,233.262,233.118,233.21,11601
2021-02-02 14:35:00,233.593,233.622,233.563,233.619,6474
2021-02-02 14:40:00,233.721,233.803,233.678,233.803,2703
2021-02-02 14:45:00,233.811,233.811,233.622,233.778,7527
2021-02-02 14:50:00,233.763,233.884,233.704,233.819,37014
2021-02-02 14:55:00,233.853,233.911,233.731,233.898,11241
2021-02-02 15:00:00,234.058,234.099,233.862,233.994,6105
2021-02-02 15:05:00,234.04,234.06,233.904,234.045,9588
2021-02-02 15:10:00,233.953,233.953,233.731,233.732,8808
2021-02-02 15:15:00,233.711,234.12,233.611,234.056,32952
2021-02-02 15:20:00,234.074,234.169,234.002,234.074,9147
2021-02-02 15:25:00,234.081,234.117,233.978,234.104,14721
2021-02-02 15:30:00,234.017,234.225,234.006,234.006,21738
2021-02-02 15:35:00,233.983,234.074,233.97,234.042,18183
2021-02-02 15:40:00,234.016,234.13,234.012,234.088,24195
2021-02-02 15:45:00,234.068,234.268,233.966,233.973,41445
2021-02-02 15:50:00,234.016,234.05,233.822,233.822,19815
2021-02-02 15:55:00,233.609,233.698,233.413,233.491,39798
2021-02-02 16:00:00,233.449,233.593,232.705,232.758,107598
2021-02-02 16:05:00,232.777,232.777,232.777,232.777,15135
2021-02-02 16:10:00,233.611,233.611,233.611,233.611,1605
2021-02-03 08:05:00,237.514,237.514,237.514,237.514,1176
2021-02-03 08:35:00,237.514,237.514,237.514,237.514,375
2021-02-03 09:35:00,236.011,237.236,235.224,237.206,73467
2021-02-03 09:40:00,237.508,237.87,236.754,237.511,36144
2021-02-03 09:45:00,237.324,238.317,236.407,236.781,36969
2021-02-03 09:50:00,237.128,237.989,237.035,237.924,16416
2021-02-03 09:55:00,237.442,237.442,236.335,236.961,23127
2021-02-03 10:00:00,237.292,237.511,236.659,236.823,14268
2021-02-03 10:05:00,236.872,236.872,236.289,236.368,18345
2021-02-03 10:10:00,236.224,236.305,235.909,236.112,11418
2021-02-03 10:15:00,235.909,235.909,234.677,234.751,12903
2021-02-03 10:20:00,234.764,235.369,234.35,234.35,47178
2021-02-03 10:25:00,234.317,234.71,233.672,233.672,20265
2021-02-03 10:30:00,233.636,234.147,233.311,233.603,37812
2021-02-03 10:35:00,233.347,233.642,232.928,233.282,17262
2021-02-03 10:40:00,233.331,233.468,232.702,232.959,36888
2021-02-03 10:45:00,232.816,232.964,232.476,232.951,21192
2021-02-03 10:50:00,232.951,236.011,232.473,232.921,27528
2021-02-03 10:55:00,232.928,233.183,232.764,232.934,17955
2021-02-03 11:00:00,233.092,233.219,232.866,233.031,16629
2021-02-03 11:05:00,233.026,233.167,232.564,232.617,35640
2021-02-03 11:10:00,232.635,233.131,232.443,233.131,49434
2021-02-03 11:15:00,233.018,233.174,232.522,232.676,19650
2021-02-03 11:20:00,232.653,232.962,232.584,232.962,17028
2021-02-03 11:25:00,233.02,233.255,232.64,232.938,20850
2021-02-03 11:30:00,232.879,233.049,232.715,233.029,27216
2021-02-03 11:35:00,232.979,232.979,232.518,232.951,12780
2021-02-03 11:40:00,232.825,232.825,232.289,232.623,20295
2021-02-03 11:45:00,232.473,232.597,232.325,232.597,11241
2021-02-03 11:50:00,232.374,232.374,231.981,232.04,16791
2021-02-03 11:55:00,232.148,232.469,232.132,232.466,12576
2021-02-03 12:00:00,232.528,232.754,232.345,232.617,45912
2021-02-03 12:05:00,232.633,232.787,232.499,232.707,28821
2021-02-03 12:10:00,232.61,232.692,232.417,232.576,19113
2021-02-03 12:15:00,232.584,232.679,232.345,232.355,12216
2021-02-03 12:20:00,232.26,232.356,232.096,232.266,7683
2021-02-03 12:25:00,232.225,232.273,232.056,232.115,17652
2021-02-03 12:30:00,232.001,232.004,231.47,231.604,8946
2021-02-03 12:35:00,231.457,231.64,231.306,231.634,8181
2021-02-03 12:40:00,231.362,231.516,231.241,231.455,11013
2021-02-03 12:45:00,231.454,231.785,231.454,231.785,7380
2021-02-03 12:50:00,231.778,231.984,231.778,231.984,6759
2021-02-03 12:55:00,231.909,232.199,231.853,231.853,9945
2021-02-03 13:00:00,231.85,231.862,231.752,231.862,4134
2021-02-03 13:05:00,231.699,231.804,231.699,231.801,4347
2021-02-03 13:10:00,231.686,231.811,231.631,231.699,16965
2021-02-03 13:15:00,231.734,231.863,231.734,231.859,6306
2021-02-03 13:20:00,231.807,231.824,231.657,231.657,7758
2021-02-03 13:25:00,231.706,231.706,231.405,231.405,7599
2021-02-03 13:30:00,231.454,231.765,231.29,231.29,22410
2021-02-03 13:35:00,231.159,231.555,231.159,231.552,12840
2021-02-03 13:40:00,231.529,231.794,231.521,231.66,15675
2021-02-03 13:45:00,231.703,231.801,231.475,231.475,10986
2021-02-03 13:50:00,231.368,231.509,231.273,231.273,8904
2021-02-03 13:55:00,231.375,231.375,231.14,231.152,11148
2021-02-03 14:00:00,231.228,231.228,231.031,231.091,10350
2021-02-03 14:05:00,231.119,231.296,231.034,231.237,11562
2021-02-03 14:10:00,231.124,231.372,231.113,231.319,13512
2021-02-03 14:15:00,231.375,231.87,231.303,231.827,14934
2021-02-03 14:20:00,231.806,232.001,231.798,231.862,8952
2021-02-03 14:25:00,231.906,231.906,231.578,231.65,10557
2021-02-03 14:30:00,231.791,231.886,231.712,231.712,4383
2021-02-03 14:35:00,231.843,231.948,231.775,231.852,16878
2021-02-03 14:40:00,231.929,231.978,231.798,231.819,9846
2021-02-03 14:45:00,231.978,232.153,231.865,232.131,12306
2021-02-03 14:50:00,232.191,232.378,232.191,232.378,15855
2021-02-03 14:55:00,232.328,232.328,231.955,231.989,14997
2021-02-03 15:00:00,232.05,232.071,231.863,231.968,6600
2021-02-03 15:05:00,231.919,231.935,231.532,231.595,11868
2021-02-03 15:10:00,231.606,231.629,231.536,231.557,8232
2021-02-03 15:15:00,231.513,231.513,231.093,231.097,23787
2021-02-03 15:20:00,231.146,231.205,231.051,231.146,17274
2021-02-03 15:25:00,231.106,231.169,230.523,230.566,35217
2021-02-03 15:30:00,230.635,230.635,230.24,230.294,37005
2021-02-03 15:35:00,230.41,230.589,230.117,230.281,24645
2021-02-03 15:40:00,230.256,230.379,230.15,230.215,20709
2021-02-03 15:45:00,230.287,230.304,230.114,230.189,23958
2021-02-03 15:50:00,230.146,230.527,229.979,230.114,42768
2021-02-03 15:55:00,230.245,230.438,229.737,230.042,46200
2021-02-03 16:00:00,230.022,230.022,229.55,229.783,108876
2021-02-03 16:05:00,229.763,229.763,229.763,229.763,14682
2021-02-03 20:00:00,232.6,232.6,232.6,232.6,450
2021-02-04 08:30:00,229.979,229.979,229.979,229.979,969
2021-02-04 09:35:00,230.425,231.516,230.294,231.516,45465
2021-02-04 09:40:00,230.635,231.893,230.635,231.893,30546
2021-02-04 09:45:00,231.958,233.239,231.958,232.993,14793
2021-02-04 09:50:00,232.993,233.826,232.993,233.403,52842
2021-02-04 09:55:00,233.259,233.911,233.252,233.911,24951
2021-02-04 10:00:00,234.14,235.17,234.14,234.851,36207
2021-02-04 10:05:00,234.608,235.002,234.597,235.002,12759
2021-02-04 10:10:00,235.175,235.464,234.975,235.464,11334
2021-02-04 10:15:00,235.696,236.188,235.319,235.378,37680
2021-02-04 10:20:00,235.467,236.092,235.441,236.047,18990
2021-02-04 10:25:00,236.204,236.486,235.46,235.935,72624
2021-02-04 10:30:00,235.955,236.217,235.876,236.099,18555
2021-02-04 10:35:00,236.174,236.319,235.336,235.336,34392
2021-02-04 10:40:00,235.657,235.739,235.568,235.588,10995
2021-02-04 10:45:00,235.588,235.683,235.152,235.157,18702
2021-02-04 10:50:00,235.264,235.549,235.129,235.192,24537
2021-02-04 10:55:00,235.183,235.323,234.754,235.323,16494
2021-02-04 11:00:00,235.278,235.411,235.11,235.411,18186
2021-02-04 11:05:00,235.336,235.49,235.277,235.375,15372
2021-02-04 11:10:00,235.411,235.663,235.411,235.523,11238
2021-02-04 11:15:00,235.5,235.536,235.257,235.313,8439
2021-02-04 11:20:00,235.38,235.542,235.323,235.355,6813
2021-02-04 11:25:00,235.29,235.29,235.034,235.185,14583
2021-02-04 11:30:00,235.09,235.09,234.656,234.98,16557
2021-02-04 11:35:00,234.962,235.156,234.954,235.152,17487
2021-02-04 11:40:00,235.432,235.686,235.432,235.686,4770
2021-02-04 11:45:00,235.683,235.817,235.523,235.523,20442
2021-02-04 11:50:00,235.588,235.588,235.542,235.542,2508
2021-02-04 11:55:00,235.562,235.642,235.428,235.544,15279
2021-02-04 12:00:00,235.542,235.791,235.532,235.791,10407
2021-02-04 12:05:00,235.87,236.007,235.87,236.007,6285
2021-02-04 12:10:00,235.912,235.912,235.747,235.847,9054
2021-02-04 12:15:00,235.765,235.86,235.64,235.64,6237
2021-02-04 12:20:00,235.516,235.726,235.516,235.68,8733
2021-02-04 12:25:00,235.575,235.634,235.545,235.595,8886
2021-02-04 12:30:00,235.559,235.562,235.272,235.272,6897
2021-02-04 12:35:00,235.306,235.618,235.306,235.411,29058
2021-02-04 12:40:00,235.509,235.634,235.437,235.542,12390
2021-02-04 12:45:00,235.423,235.526,235.27,235.313,29340
2021-02-04 12:50:00,235.313,235.428,235.254,235.428,7176
2021-02-04 12:55:00,235.711,235.85,235.711,235.812,5037
2021-02-04 13:00:00,235.925,236.463,235.925,236.459,18072
2021-02-04 13:05:00,236.469,236.705,236.34,236.672,25554
2021-02-04 13:10:00,236.617,236.699,236.253,236.532,14979
2021-02-04 13:15:00,236.4,236.473,236.158,236.276,31152
2021-02-04 13:20:00,236.261,236.261,236.037,236.181,22038
2021-02-04 13:25:00,236.115,236.22,236.05,236.142,13767
2021-02-04 13:30:00,236.07,236.086,236.037,236.075,10674
2021-02-04 13:35:00,236.03,236.034,235.844,235.876,11031
2021-02-04 13:40:00,235.896,235.896,235.572,235.709,15627
2021-02-04 13:45:00,235.655,235.68,235.247,235.359,14070
2021-02-04 13:50:00,235.395,235.549,235.359,235.478,10449
2021-02-04 13:55:00,235.531,235.531,235.318,235.318,14202
2021-02-04 14:00:00,235.311,235.311,234.828,234.985,28005
2021-02-04 14:05:00,234.812,234.812,234.566,234.638,17415
2021-02-04 14:10:00,234.631,234.713,234.553,234.59,2421
2021-02-04 14:15:00,234.543,234.628,234.304,234.369,15213
2021-02-04 14:20:00,234.415,234.458,234.143,234.147,28542
2021-02-04 14:25:00,234.13,234.13,233.911,233.914,15540
2021-02-04 14:30:00,233.993,233.993,233.606,233.806,23163
2021-02-04 14:35:00,233.742,233.953,233.522,233.845,33105
2021-02-04 14:40:00,233.78,234.271,233.767,234.088,15060
2021-02-04 14:45:00,233.986,233.986,233.581,233.93,17580
2021-02-04 14:50:00,233.934,234.052,233.749,234.038,11673
2021-02-04 14:55:00,234.242,234.287,234.084,234.135,14550
2021-02-04 15:00:00,234.109,234.109,233.714,233.786,15444
2021-02-04 15:05:00,233.786,233.826,233.257,233.344,38547
2021-02-04 15:10:00,233.377,233.455,233.123,233.423,17304
2021-02-04 15:15:00,233.347,233.347,233.206,233.206,9486
2021-02-04 15:20:00,233.252,233.531,233.183,233.419,16476
2021-02-04 15:25:00,233.367,233.862,233.331,233.698,42051
2021-02-04 15:30:00,233.704,233.765,233.583,233.613,14655
2021-02-04 15:35:00,233.577,233.668,233.37,233.561,27522
2021-02-04 15:40:00,233.459,233.462,232.895,233.062,21075
2021-02-04 15:45:00,233.072,233.307,232.824,233.252,28341
2021-02-04 15:50:00,233.17,233.452,233.075,233.154,26850
2021-02-04 15:55:00,232.944,233.164,232.414,232.646,54372
2021-02-04 16:00:00,232.685,232.741,232.292,232.525,117087
2021-02-04 16:05:00,232.705,232.705,232.705,232.705,22173
2021-02-05 09:35:00,233.783,234.592,233.567,233.984,40371
2021-02-05 09:40:00,233.652,235.139,233.652,234.658,33108
2021-02-05 09:45:00,234.762,234.916,234.356,234.608,21900
2021-02-05 09:50:00,234.607,235.408,234.607,234.841,23706
2021-02-05 09:55:00,234.825,235.424,234.563,234.949,15051
2021-02-05 10:00:00,235.201,235.257,234.815,235.113,17448
2021-02-05 10:05:00,235.095,235.226,235.018,235.221,11313
2021-02-05 10:10:00,235.218,235.381,234.907,235.277,18447
2021-02-05 10:15:00,235.351,235.351,234.674,234.674,23622
2021-02-05 10:20:00,234.743,235.237,234.743,235.185,13503
2021-02-05 10:25:00,235.237,235.329,235.077,235.169,11640
2021-02-05 10:30:00,235.211,235.506,235.211,235.506,15369
2021-02-05 10:35:00,235.405,235.778,235.193,235.401,45474
2021-02-05 10:40:00,235.301,235.975,235.301,235.975,19941
2021-02-05 10:45:00,235.858,236.342,235.801,236.342,13305
2021-02-05 10:50:00,236.269,236.581,236.178,236.564,20493
2021-02-05 10:55:00,236.633,236.738,236.502,236.613,13614
2021-02-05 11:00:00,236.61,237.311,236.561,236.977,43011
2021-02-05 11:05:00,236.99,237.514,236.971,237.21,22746
2021-02-05 11:10:00,237.147,237.288,236.951,236.951,12879
2021-02-05 11:15:00,236.987,237.298,236.984,237.026,8889
2021-02-05 11:20:00,237.144,237.652,237.141,237.652,14214
2021-02-05 11:25:00,237.726,237.865,237.082,237.082,22494
2021-02-05 11:30:00,236.941,236.997,236.744,236.943,11991
2021-02-05 11:35:00,236.954,237.151,236.954,237.077,4227
2021-02-05 11:40:00,237.095,237.095,236.638,236.656,23325
2021-02-05 11:45:00,236.7,236.797,236.368,236.368,21042
2021-02-05 11:50:00,236.437,236.612,236.302,236.302,15369
2021-02-05 11:55:00,236.129,236.353,236.034,236.063,13275
2021-02-05 12:00:00,236.198,236.198,235.86,235.86,18366
2021-02-05 12:05:00,235.914,236.027,235.539,235.539,6201
2021-02-05 12:10:00,235.457,235.719,235.457,235.611,10659
2021-02-05 12:15:00,235.683,235.686,235.296,235.296,10656
2021-02-05 12:20:00,235.444,235.901,235.444,235.775,21870
2021-02-05 12:25:00,235.621,235.814,235.621,235.814,3300
2021-02-05 12:30:00,235.791,235.811,235.598,235.598,12729
2021-02-05 12:35:00,235.545,235.665,235.473,235.616,5823
2021-02-05 12:40:00,235.549,235.699,235.549,235.655,19887
2021-02-05 12:45:00,235.713,235.713,235.467,235.649,8433
2021-02-05 12:50:00,235.686,235.686,235.552,235.552,1983
2021-02-05 12:55:00,235.467,235.634,235.467,235.572,12138
2021-02-05 13:00:00,235.444,235.518,235.359,235.518,5355
2021-02-05 13:05:00,235.472,235.472,235.346,235.406,38079
2021-02-05 13:10:00,235.389,235.562,235.313,235.455,12216
2021-02-05 13:15:00,235.519,235.519,235.351,235.457,11148
2021-02-05 13:20:00,235.465,235.555,235.444,235.523,7287
2021-02-05 13:25:00,235.546,235.578,235.375,235.375,18315
2021-02-05 13:30:00,235.421,235.618,235.421,235.604,7575
2021-02-05 13:35:00,235.539,235.706,235.539,235.678,6144
2021-02-05 13:40:00,235.657,235.709,235.608,235.673,5286
2021-02-05 13:45:00,235.644,235.744,235.601,235.601,19497
2021-02-05 13:50:00,235.598,235.661,235.285,235.285,13752
2021-02-05 13:55:00,235.066,235.233,235.066,235.231,5703
2021-02-05 14:00:00,235.175,235.175,234.894,234.894,9996
2021-02-05 14:05:00,234.995,235.277,234.946,235.277,12081
2021-02-05 14:10:00,235.205,235.444,235.167,235.167,18984
2021-02-05 14:15:00,235.167,235.233,234.894,234.972,7956
2021-02-05 14:20:00,234.799,234.916,234.789,234.831,6741
2021-02-05 14:25:00,234.877,234.972,234.743,234.743,25029
2021-02-05 14:30:00,234.864,234.903,234.821,234.851,4356
2021-02-05 14:35:00,234.838,234.995,234.838,234.848,7086
2021-02-05 14:40:00,234.897,235.192,234.897,235.103,11571
2021-02-05 14:45:00,235.064,235.146,234.933,234.957,15831
2021-02-05 14:50:00,234.957,234.975,234.907,234.97,4548
2021-02-05 14:55:00,234.857,234.857,234.674,234.743,14619
2021-02-05 15:00:00,234.582,234.787,234.497,234.497,12096
2021-02-05 15:05:00,234.435,234.566,234.435,234.507,7779
2021-02-05 15:10:00,234.455,234.566,234.455,234.487,8646
2021-02-05 15:15:00,234.602,234.756,234.491,234.756,6936
2021-02-05 15:20:00,234.792,234.934,234.772,234.889,52908
2021-02-05 15:25:00,234.915,234.982,234.753,234.803,27216
2021-02-05 15:30:00,234.753,234.759,234.061,234.248,19956
2021-02-05 15:35:00,234.206,234.808,234.206,234.808,9498
2021-02-05 15:40:00,234.828,234.828,234.563,234.563,28761
2021-02-05 15:45:00,234.559,234.622,234.464,234.527,25005
2021-02-05 15:50:00,234.553,234.648,234.31,234.31,26280
2021-02-05 15:55:00,234.291,234.53,234.238,234.497,45177
2021-02-05 16:00:00,234.477,234.759,234.328,234.481,153000
2021-02-05 16:05:00,234.756,234.756,234.756,234.756,42420
2021-02-08 07:30:00,238.661,238.661,238.661,238.661,324
2021-02-08 07:35:00,237.514,237.514,237.514,237.514,3006
2021-02-08 09:35:00,236.846,238.248,236.325,237.989,58440
2021-02-08 09:40:00,238.068,238.255,237.442,237.649,24369
2021-02-08 09:45:00,238.654,238.962,237.904,237.904,12132
2021-02-08 09:50:00,238.405,238.405,237.691,237.691,16242
2021-02-08 09:55:00,237.665,237.681,237.128,237.128,8991
2021-02-08 10:00:00,236.856,236.876,236.558,236.792,4110
2021-02-08 10:05:00,237.023,237.277,236.844,237.041,21264
2021-02-08 10:10:00,237.161,237.321,237.049,237.223,18723
2021-02-08 10:15:00,237.252,237.419,237.252,237.419,6999
2021-02-08 10:20:00,237.695,237.695,237.341,237.485,21366
2021-02-08 10:25:00,237.629,237.776,237.403,237.403,18198
2021-02-08 10:30:00,237.419,237.688,237.347,237.545,18276
2021-02-08 10:35:00,237.449,237.449,237.236,237.236,11271
2021-02-08 10:40:00,237.429,237.803,237.213,237.803,23031
2021-02-08 10:45:00,237.686,237.845,237.652,237.727,4779
2021-02-08 10:50:00,237.649,237.649,237.38,237.505,20553
2021-02-08 10:55:00,237.596,237.776,237.393,237.393,13986
2021-02-08 11:00:00,237.55,237.56,237.229,237.324,10914
2021-02-08 11:05:00,237.554,237.554,237.278,237.493,7737
2021-02-08 11:10:00,237.514,237.636,237.482,237.537,9531
2021-02-08 11:15:00,237.423,237.423,237.098,237.125,12192
2021-02-08 11:20:00,237.187,237.406,237.121,237.406,6543
2021-02-08 11:25:00,237.328,237.426,236.921,236.925,43140
2021-02-08 11:30:00,236.844,237.059,236.794,236.902,31464
2021-02-08 11:35:00,236.921,236.931,236.758,236.879,7431
2021-02-08 11:40:00,236.83,236.933,236.83,236.933,5190
2021-02-08 11:45:00,236.83,237.034,236.781,237.034,29958
2021-02-08 11:50:00,237.079,237.079,236.993,237.057,3042
2021-02-08 11:55:00,237.213,237.282,237.213,237.282,4008
2021-02-08 12:00:00,237.315,237.616,237.315,237.557,15450
2021-02-08 12:05:00,237.613,237.613,237.467,237.531,4020
2021-02-08 12:10:00,237.541,237.675,237.541,237.675,3819
2021-02-08 12:15:00,237.668,237.965,237.634,237.965,16542
2021-02-08 12:20:00,237.911,238.055,237.842,238.016,16263
2021-02-08 12:25:00,237.973,238.002,237.842,237.999,12558
2021-02-08 12:30:00,238.045,238.244,237.937,238.183,18573
2021-02-08 12:35:00,238.143,238.217,237.953,237.953,9621
2021-02-08 12:40:00,237.953,237.953,237.757,237.76,8220
2021-02-08 12:45:00,237.668,237.881,237.668,237.881,13443
2021-02-08 12:50:00,237.927,238.071,237.796,237.934,12264
2021-02-08 12:55:00,237.776,237.822,237.727,237.79,5328
2021-02-08 13:00:00,237.74,237.757,237.642,237.696,10647
2021-02-08 13:05:00,237.632,237.663,237.449,237.577,12057
2021-02-08 13:10:00,237.626,238.081,237.626,237.796,5319
2021-02-08 13:15:00,237.876,237.947,237.727,237.867,10758
2021-02-08 13:20:00,237.989,238.101,237.79,237.894,30045
2021-02-08 13:25:00,237.842,237.911,237.779,237.911,6756
2021-02-08 13:30:00,237.881,237.914,237.819,237.819,9693
2021-02-08 13:35:00,237.865,237.917,237.754,237.871,15624
2021-02-08 13:40:00,237.917,238.006,237.917,237.976,7209
2021-02-08 13:45:00,238.022,238.022,237.806,237.854,27657
2021-02-08 13:50:00,237.839,237.845,237.76,237.76,5157
2021-02-08 13:55:00,237.783,237.826,237.58,237.58,21288
2021-02-08 14:00:00,237.701,237.796,237.28,237.341,9438
2021-02-08 14:05:00,237.22,237.522,237.22,237.439,10458
2021-02-08 14:10:00,237.4,237.402,237.282,237.282,9156
2021-02-08 14:15:00,237.282,237.367,237.252,237.367,5901
2021-02-08 14:20:00,237.432,237.524,237.432,237.475,5121
2021-02-08 14:25:00,237.451,237.781,237.451,237.636,13695
2021-02-08 14:30:00,237.695,237.714,237.56,237.698,10302
2021-02-08 14:35:00,237.583,237.698,237.56,237.691,6285
2021-02-08 14:40:00,237.659,237.681,237.622,237.668,8385
2021-02-08 14:45:00,237.681,237.727,237.57,237.577,21936
2021-02-08 14:50:00,237.642,237.714,237.548,237.649,9543
2021-02-08 14:55:00,237.717,237.731,237.624,237.672,7920
2021-02-08 15:00:00,237.731,237.763,237.534,237.534,17325
2021-02-08 15:05:00,237.468,237.563,237.403,237.426,7959
2021-02-08 15:10:00,237.329,237.534,237.329,237.455,17205
2021-02-08 15:15:00,237.524,237.672,237.475,237.508,10797
2021-02-08 15:20:00,237.462,237.498,237.406,237.406,6600
2021-02-08 15:25:00,237.351,237.364,237.239,237.364,5703
2021-02-08 15:30:00,237.377,237.377,237.246,237.367,11712
2021-02-08 15:35:00,237.377,237.426,237.285,237.37,11268
2021-02-08 15:40:00,237.246,237.475,237.246,237.41,13281
2021-02-08 15:45:00,237.36,237.396,237.239,237.337,21561
2021-02-08 15:50:00,237.239,237.452,237.239,237.452,17016
2021-02-08 15:55:00,237.406,237.57,237.367,237.455,37653
2021-02-08 16:00:00,237.331,237.373,237.013,237.19,153651
2021-02-08 16:05:00,237.19,237.19,237.19,237.19,42582
2021-02-08 19:15:00,237.514,237.514,237.514,237.514,432
2021-02-09 09:35:00,237.236,237.593,237.095,237.216,35901
2021-02-09 09:40:00,237.511,237.511,236.938,236.938,15480
2021-02-09 09:45:00,237.19,237.19,236.541,236.541,17682
2021-02-09 09:50:00,236.518,236.833,236.163,236.163,18477
2021-02-09 09:55:00,236.233,236.233,235.647,235.88,20313
2021-02-09 10:00:00,235.935,237.236,235.876,235.981,19296
2021-02-09 10:05:00,236.155,236.155,235.663,235.706,9348
2021-02-09 10:10:00,236.004,236.004,235.67,235.88,8025
2021-02-09 10:15:00,235.855,235.994,235.355,235.385,35973
2021-02-09 10:20:00,235.516,235.652,235.452,235.459,12714
2021-02-09 10:25:00,235.362,235.437,235.288,235.288,12165
2021-02-09 10:30:00,235.221,235.272,234.91,235.025,16011
2021-02-09 10:35:00,235.182,235.267,234.91,234.91,22695
2021-02-09 10:40:00,234.977,235.19,234.894,235.19,23103
2021-02-09 10:45:00,235.108,235.219,234.785,234.864,16671
2021-02-09 10:50:00,234.861,234.861,234.477,234.586,20223
2021-02-09 10:55:00,234.661,234.661,234.5,234.523,20508
2021-02-09 11:00:00,234.5,234.52,234.425,234.497,8457
2021-02-09 11:05:00,234.402,234.438,234.114,234.114,11919
2021-02-09 11:10:00,234.163,234.245,234.163,234.171,8835
2021-02-09 11:15:00,234.081,234.212,234.045,234.178,9222
2021-02-09 11:20:00,234.52,234.646,234.52,234.586,7698
2021-02-09 11:25:00,234.7,234.884,234.654,234.851,16869
2021-02-09 11:30:00,234.818,235.205,234.782,235.205,12189
2021-02-09 11:35:00,235.142,235.296,235.074,235.074,17511
2021-02-09 11:40:00,235.116,235.134,234.946,234.979,15345
2021-02-09 11:45:00,234.843,235.061,234.759,234.999,13305
2021-02-09 11:50:00,235.061,235.111,235.046,235.106,4038
2021-02-09 11:55:00,235.011,235.221,235.011,235.221,6087
2021-02-09 12:00:00,235.296,235.355,235.246,235.326,8391
2021-02-09 12:05:00,235.323,235.588,235.323,235.588,5055
2021-02-09 12:10:00,235.559,235.657,235.46,235.581,20028
2021-02-09 12:15:00,235.536,235.567,235.346,235.346,6600
2021-02-09 12:20:00,235.31,235.52,235.31,235.52,3849
2021-02-09 12:25:00,235.483,235.622,235.483,235.532,5928
2021-02-09 12:30:00,235.411,235.418,235.296,235.418,3033
2021-02-09 12:35:00,235.562,235.562,235.562,235.562,1140
2021-02-09 12:40:00,235.457,235.559,235.408,235.504,4587
2021-02-09 12:45:00,235.47,235.64,235.47,235.608,9087
2021-02-09 12:55:00,235.655,235.876,235.655,235.735,14346
2021-02-09 13:00:00,235.657,235.703,235.621,235.667,12564
2021-02-09 13:05:00,235.604,235.637,235.331,235.331,12954
2021-02-09 13:10:00,235.45,235.45,235.355,235.355,3474
2021-02-09 13:15:00,235.339,235.351,235.267,235.267,5517
2021-02-09 13:20:00,235.296,235.298,235.221,235.241,15411
2021-02-09 13:25:00,235.242,235.244,235.002,235.013,12648
2021-02-09 13:30:00,235.013,235.069,235.013,235.057,4317
2021-02-09 13:35:00,235.044,235.044,234.396,234.559,18837
2021-02-09 13:40:00,234.648,234.83,234.648,234.767,8562
2021-02-09 13:45:00,234.726,234.818,234.441,234.592,20037
2021-02-09 13:50:00,234.661,234.664,234.438,234.438,3417
2021-02-09 13:55:00,234.628,234.72,234.563,234.595,3846
2021-02-09 14:00:00,234.63,234.63,234.536,234.568,8103
2021-02-09 14:05:00,234.649,234.654,234.474,234.576,6993
2021-02-09 14:15:00,234.559,234.622,234.52,234.564,10749
2021-02-09 14:20:00,234.577,234.618,234.536,234.574,8385
2021-02-09 14:25:00,234.553,234.576,234.432,234.576,23481
2021-02-09 14:30:00,234.346,234.486,234.32,234.486,10473
2021-02-09 14:35:00,234.525,234.638,234.525,234.599,7338
2021-02-09 14:40:00,234.425,234.455,234.422,234.455,2676
2021-02-09 14:45:00,234.471,234.474,233.839,233.839,26298
2021-02-09 14:50:00,233.842,233.858,233.753,233.858,10413
2021-02-09 14:55:00,233.862,234.043,233.803,233.911,17334
2021-02-09 15:00:00,233.911,233.968,233.757,233.812,15369
2021-02-09 15:05:00,233.824,233.875,233.703,233.76,14481
2021-02-09 15:10:00,233.817,233.937,233.752,233.937,11661
2021-02-09 15:15:00,233.945,234.284,233.945,234.196,13632
2021-02-09 15:20:00,234.095,234.255,234.084,234.184,11313
2021-02-09 15:25:00,234.13,234.16,234.016,234.16,8667
2021-02-09 15:30:00,234.209,234.209,233.97,233.986,14700
2021-02-09 15:35:00,233.937,234.156,233.937,234.097,10290
2021-02-09 15:40:00,234.078,234.348,234.078,234.225,8652
2021-02-09 15:45:00,234.32,234.353,234.228,234.276,16620
2021-02-09 15:50:00,234.222,234.287,233.898,233.898,32043
2021-02-09 15:55:00,233.924,233.924,233.76,233.773,37776
2021-02-09 16:00:00,233.757,233.757,233.495,233.531,71040
2021-02-09 16:05:00,233.586,233.586,233.586,233.586,27477
2021-02-10 09:35:00,234.432,235.08,233.914,234.107,55203
2021-02-10 09:40:00,234.579,234.864,234.16,234.323,32340
2021-02-10 09:45:00,234.133,234.192,233.239,233.639,32988
2021-02-10 09:50:00,233.814,234.108,233.762,233.958,6285
2021-02-10 09:55:00,233.857,234.432,233.521,233.989,39462
2021-02-10 10:00:00,233.937,233.937,233.278,233.318,13539
2021-02-10 10:05:00,233.711,233.934,233.563,233.727,39984
2021-02-10 10:10:00,233.642,233.937,233.606,233.702,35991
2021-02-10 10:15:00,233.793,233.793,233.262,233.537,19116
2021-02-10 10:20:00,233.362,233.416,233.262,233.262,10470
2021-02-10 10:25:00,233.121,233.314,232.721,232.754,14058
2021-02-10 10:30:00,233.16,233.393,232.856,233.124,10707
2021-02-10 10:35:00,232.918,233.046,232.286,232.286,25293
2021-02-10 10:40:00,232.574,232.699,232.289,232.497,11769
2021-02-10 10:45:00,232.62,232.712,232.04,232.053,15339
2021-02-10 10:50:00,232.053,232.577,231.945,232.389,14991
2021-02-10 10:55:00,232.509,233.092,232.509,232.813,7968
2021-02-10 11:00:00,233.082,233.311,232.848,233.254,17304
2021-02-10 11:05:00,233.19,233.19,232.784,232.784,22047
2021-02-10 11:10:00,232.977,233.098,232.882,232.977,6429
2021-02-10 11:15:00,233.19,233.213,232.568,232.99,17124
2021-02-10 11:20:00,232.731,232.941,232.515,232.939,10440
2021-02-10 11:25:00,232.939,233.088,232.748,233.088,25479
2021-02-10 11:30:00,233.085,233.138,232.813,232.875,10173
2021-02-10 11:35:00,233.059,233.152,232.839,233.152,4287
2021-02-10 11:40:00,233.131,233.331,233.131,233.301,9936
2021-02-10 11:45:00,233.273,233.413,233.197,233.197,10962
2021-02-10 11:50:00,233.347,233.423,233.183,233.423,21966
2021-02-10 11:55:00,233.409,233.468,233.316,233.468,5709
2021-02-10 12:00:00,233.727,233.789,233.727,233.789,2454
2021-02-10 12:05:00,233.636,233.826,233.606,233.606,18258
2021-02-10 12:10:00,233.586,233.662,233.211,233.655,11001
2021-02-10 12:15:00,233.806,233.976,233.737,233.976,4287
2021-02-10 12:20:00,233.875,233.921,233.688,233.766,16128
2021-02-10 12:25:00,233.724,233.724,233.409,233.419,8046
2021-02-10 12:30:00,233.527,233.762,233.527,233.762,5784
2021-02-10 12:35:00,233.744,234.034,233.737,233.993,10092
2021-02-10 12:40:00,233.887,234.035,233.801,233.865,8679
2021-02-10 12:45:00,233.925,234.006,233.77,233.911,7485
2021-02-10 12:50:00,233.74,233.829,233.701,233.73,8403
2021-02-10 12:55:00,233.668,233.758,233.432,233.583,15312
2021-02-10 13:00:00,233.544,233.721,233.4,233.521,10458
2021-02-10 13:05:00,233.58,233.747,233.58,233.731,4455
2021-02-10 13:10:00,233.673,233.767,233.54,233.54,13749
2021-02-10 13:15:00,233.552,233.606,233.552,233.606,3837
2021-02-10 13:20:00,233.642,233.642,233.524,233.588,5292
2021-02-10 13:25:00,233.586,233.621,233.514,233.554,10956
2021-02-10 13:30:00,233.592,233.598,233.475,233.513,14214
2021-02-10 13:35:00,233.468,233.485,233.19,233.423,19092
2021-02-10 13:40:00,233.514,233.826,233.468,233.826,5013
2021-02-10 13:45:00,233.721,233.989,233.662,233.989,15519
2021-02-10 13:50:00,233.986,234.114,233.418,233.426,35130
2021-02-10 13:55:00,233.472,233.714,233.393,233.714,10545
2021-02-10 14:00:00,233.688,233.947,233.547,233.936,24180
2021-02-10 14:05:00,234.124,234.124,233.966,234.024,15441
2021-02-10 14:10:00,234.042,234.183,233.858,234.183,32358
2021-02-10 14:15:00,234.196,234.595,234.196,234.572,21906
2021-02-10 14:20:00,234.517,234.582,234.202,234.281,40071
2021-02-10 14:25:00,234.248,234.258,234.094,234.184,21087
2021-02-10 14:30:00,234.14,234.394,234.074,234.33,24969
2021-02-10 14:35:00,234.361,234.428,234.147,234.147,27294
2021-02-10 14:40:00,234.215,234.278,234.14,234.235,12327
2021-02-10 14:45:00,234.269,234.333,234.153,234.219,12411
2021-02-10 14:50:00,234.153,234.235,233.947,234.107,20601
2021-02-10 14:55:00,234.104,234.13,233.839,233.96,9231
2021-02-10 15:00:00,233.953,234.019,233.731,234.019,14823
2021-02-10 15:05:00,234.122,234.147,234.058,234.124,8466
2021-02-10 15:10:00,234.071,234.071,233.753,233.845,18072
2021-02-10 15:15:00,233.694,233.884,233.694,233.853,4176
2021-02-10 15:20:00,233.881,233.881,233.524,233.586,28194
2021-02-10 15:25:00,233.58,233.58,233.364,233.429,20460
2021-02-10 15:30:00,233.364,233.485,233.213,233.485,17976
2021-02-10 15:35:00,233.56,233.603,233.38,233.396,20022
2021-02-10 15:40:00,233.421,233.421,233.211,233.211,14928
2021-02-10 15:45:00,233.314,233.314,233.131,233.134,18030
2021-02-10 15:50:00,233.177,233.295,233.118,233.19,16686
2021-02-10 15:55:00,233.16,233.606,233.16,233.331,32418
2021-02-10 16:00:00,233.344,233.442,233.052,233.36,78144
2021-02-10 16:05:00,233.36,233.36,233.36,233.36,13266
2021-02-10 16:30:00,231.945,231.945,231.945,231.945,492
2021-02-11 09:35:00,234.006,234.782,233.586,234.477,50625
2021-02-11 09:40:00,234.477,234.589,234.232,234.317,6570
2021-02-11 09:45:00,234.353,235.493,234.304,234.969,31923
2021-02-11 09:50:00,234.782,235.149,234.782,235.149,2073
2021-02-11 09:55:00,235.174,235.174,234.15,234.389,17235
2021-02-11 10:00:00,234.484,235.1,233.983,233.983,16464
2021-02-11 10:05:00,234.317,234.549,234.317,234.549,4167
2021-02-11 10:10:00,234.422,234.884,234.148,234.884,8133
2021-02-11 10:15:00,234.844,234.928,234.838,234.838,14283
2021-02-11 10:20:00,235.018,236.129,235.018,236.129,26190
2021-02-11 10:25:00,236.088,236.088,235.975,236.037,4776
2021-02-11 10:30:00,236.161,236.369,235.75,235.837,41343
2021-02-11 10:35:00,235.981,235.981,235.662,235.703,10875
2021-02-11 10:40:00,235.771,235.925,235.49,235.49,14124
2021-02-11 10:45:00,235.631,235.709,235.618,235.709,2538
2021-02-11 10:50:00,235.705,236.004,235.705,236.001,26166
2021-02-11 10:55:00,236.004,236.066,235.837,236.045,17634
2021-02-11 11:00:00,236.04,236.148,235.693,235.693,26142
2021-02-11 11:05:00,235.657,235.699,235.559,235.559,2988
2021-02-11 11:10:00,235.554,235.57,235.378,235.483,16905
2021-02-11 11:15:00,235.606,235.634,235.369,235.398,12387
2021-02-11 11:20:00,235.369,235.808,235.298,235.796,22257
2021-02-11 11:25:00,235.84,236.104,235.778,236.047,30813
2021-02-11 11:30:00,236.075,236.132,235.814,235.893,41352
2021-02-11 11:35:00,235.893,236.058,235.844,236.058,5712
2021-02-11 11:40:00,236.057,236.071,235.893,235.998,14889
2021-02-11 11:45:00,235.909,236.112,235.909,236.112,6651
2021-02-11 11:50:00,236.034,236.114,235.909,236.053,39960
2021-02-11 11:55:00,236.061,236.071,235.888,235.968,8415
2021-02-11 12:00:00,235.988,235.988,235.729,235.806,8940
2021-02-11 12:05:00,235.821,235.87,235.745,235.814,12954
2021-02-11 12:10:00,235.765,235.889,235.65,235.65,12270
2021-02-11 12:15:00,235.608,235.696,235.562,235.591,9327
2021-02-11 12:20:00,235.601,235.614,235.385,235.385,6819
2021-02-11 12:25:00,235.267,235.336,235.136,235.136,8934
2021-02-11 12:30:00,234.985,235.021,234.594,234.594,11064
2021-02-11 12:35:00,234.592,234.9,234.592,234.9,5424
2021-02-11 12:40:00,234.949,234.949,234.884,234.884,3438
2021-02-11 12:45:00,234.857,234.857,234.759,234.759,7338
2021-02-11 12:50:00,234.691,234.691,234.428,234.51,8247
2021-02-11 12:55:00,234.684,234.784,234.648,234.648,6408
2021-02-11 13:00:00,234.805,234.894,234.766,234.861,5856
2021-02-11 13:05:00,234.766,234.9,234.766,234.9,9921
2021-02-11 13:10:00,234.9,234.9,234.635,234.635,11280
2021-02-11 13:15:00,234.641,234.799,234.641,234.799,8151
2021-02-11 13:20:00,234.88,234.93,234.795,234.857,7680
2021-02-11 13:25:00,234.9,235.064,234.877,234.877,9435
2021-02-11 13:30:00,234.835,234.835,234.566,234.566,9654
2021-02-11 13:35:00,234.556,234.605,234.489,234.527,4356
2021-02-11 13:40:00,234.69,234.818,234.69,234.818,2424
2021-02-11 13:45:00,234.807,234.926,234.799,234.887,10797
2021-02-11 13:50:00,234.844,234.952,234.749,234.952,7431
2021-02-11 13:55:00,234.995,234.995,234.995,234.995,819
2021-02-11 14:00:00,234.956,235.604,234.939,235.585,22311
2021-02-11 14:05:00,235.585,235.585,235.437,235.49,7950
2021-02-11 14:10:00,235.437,235.669,235.437,235.572,3144
2021-02-11 14:15:00,235.601,235.785,235.509,235.637,9924
2021-02-11 14:20:00,235.68,235.79,235.65,235.79,5442
2021-02-11 14:25:00,235.853,235.941,235.752,235.876,13773
2021-02-11 14:30:00,235.827,235.939,235.719,235.866,10848
2021-02-11 14:35:00,235.791,235.922,235.719,235.735,16584
2021-02-11 14:40:00,235.739,235.857,235.634,235.673,24060
2021-02-11 14:45:00,235.627,235.663,235.211,235.265,9498
2021-02-11 14:50:00,235.211,235.252,235.041,235.041,12510
2021-02-11 14:55:00,235.041,235.041,234.841,234.989,13065
2021-02-11 15:00:00,235.088,235.21,235.015,235.159,9750
2021-02-11 15:05:00,235.316,235.347,235.28,235.347,10068
2021-02-11 15:10:00,235.411,235.893,235.355,235.893,15768
2021-02-11 15:15:00,235.811,235.97,235.811,235.873,24852
2021-02-11 15:20:00,235.932,235.98,235.844,235.86,7782
2021-02-11 15:25:00,235.814,236.129,235.811,236.115,10698
2021-02-11 15:30:00,235.962,236.047,235.735,235.735,13047
2021-02-11 15:35:00,235.804,235.863,235.493,235.509,13236
2021-02-11 15:40:00,235.55,235.55,235.188,235.188,21249
2021-02-11 15:45:00,235.106,235.277,235.033,235.256,14958
2021-02-11 15:50:00,235.257,235.604,235.257,235.568,19917
2021-02-11 15:55:00,235.516,235.614,235.441,235.614,16584
2021-02-11 16:00:00,235.565,235.654,235.257,235.601,59289
2021-02-11 16:05:00,235.644,235.644,235.644,235.644,8214
2021-02-12 09:35:00,234.995,236.525,234.982,236.065,56403
2021-02-12 09:40:00,236.047,236.781,236.047,236.335,18666
2021-02-12 09:45:00,236.574,236.591,235.962,236.07,14667
2021-02-12 09:50:00,236.096,236.384,236.066,236.135,17718
2021-02-12 09:55:00,236.122,236.317,235.876,235.876,41658
2021-02-12 10:00:00,236.014,236.017,235.589,235.726,17151
2021-02-12 10:05:00,235.804,235.935,235.47,235.47,16299
2021-02-12 10:10:00,235.621,235.83,235.591,235.591,11532
2021-02-12 10:15:00,235.549,235.732,235.549,235.588,9552
2021-02-12 10:20:00,235.59,235.768,235.521,235.657,7125
2021-02-12 10:25:00,235.624,235.919,235.532,235.899,14181
2021-02-12 10:30:00,235.755,236.004,235.755,236.004,13419
2021-02-12 10:35:00,235.921,236.133,235.752,236.011,15450
2021-02-12 10:40:00,236.158,236.36,236.093,236.237,44094
2021-02-12 10:45:00,236.283,237.14,236.25,237.121,17442
2021-02-12 10:50:00,237.208,237.554,237.1,237.521,21267
2021-02-12 10:55:00,237.662,237.701,237.503,237.701,7401
2021-02-12 11:00:00,237.698,238.16,237.563,237.93,21504
2021-02-12 11:05:00,238.094,238.268,238.094,238.114,17193
2021-02-12 11:10:00,237.983,238.058,237.812,237.812,13944
2021-02-12 11:15:00,237.655,237.655,237.111,237.216,9678
2021-02-12 11:20:00,237.203,237.39,237.203,237.236,3849
2021-02-12 11:25:00,237.21,237.488,237.075,237.393,14880
2021-02-12 11:30:00,237.442,237.681,237.442,237.681,4617
2021-02-12 11:35:00,237.767,237.776,237.74,237.74,3432
2021-02-12 11:40:00,237.717,237.717,237.613,237.717,11367
2021-02-12 11:45:00,237.6,237.6,237.518,237.551,6612
2021-02-12 11:50:00,237.59,237.665,237.59,237.629,3870
2021-02-12 11:55:00,237.58,237.58,237.416,237.416,6591
2021-02-12 12:00:00,237.292,237.306,237.221,237.306,7356
2021-02-12 12:05:00,237.136,237.317,237.136,237.187,5511
2021-02-12 12:10:00,237.194,237.223,237.128,237.216,3483
2021-02-12 12:15:00,237.21,237.21,236.905,236.905,7950
2021-02-12 12:20:00,236.974,237.036,236.781,236.781,6060
2021-02-12 12:25:00,236.781,236.823,236.686,236.686,2721
2021-02-12 12:30:00,236.731,236.741,236.348,236.348,16764
2021-02-12 12:35:00,236.314,236.314,236.129,236.191,5145
2021-02-12 12:40:00,236.147,236.147,235.703,235.988,19647
2021-02-12 12:45:00,235.95,236.027,235.85,235.85,12831
2021-02-12 12:50:00,235.963,236.043,235.962,236.025,6879
2021-02-12 12:55:00,236.029,236.03,235.785,235.785,15708
2021-02-12 13:00:00,235.755,235.965,235.752,235.96,12087
2021-02-12 13:05:00,236.034,236.247,236.034,236.247,10749
2021-02-12 13:10:00,236.199,236.646,236.199,236.56,13242
2021-02-12 13:15:00,236.651,236.833,236.584,236.833,6834
2021-02-12 13:20:00,236.823,236.938,236.545,236.702,20736
2021-02-12 13:25:00,236.797,236.82,236.666,236.72,5148
2021-02-12 13:30:00,236.79,236.905,236.787,236.836,12231
2021-02-12 13:35:00,236.777,236.862,236.777,236.862,6393
2021-02-12 13:40:00,236.902,237.046,236.879,237.02,10377
2021-02-12 13:45:00,237.098,237.17,236.977,237.013,10422
2021-02-12 13:50:00,236.993,237.354,236.993,237.354,16812
2021-02-12 13:55:00,237.288,237.324,237.023,237.023,11319
2021-02-12 14:00:00,237.072,237.183,237.066,237.183,8340
2021-02-12 14:05:00,237.301,237.39,237.275,237.39,10497
2021-02-12 14:10:00,237.452,237.678,237.446,237.678,20379
2021-02-12 14:15:00,237.721,237.921,237.717,237.907,8868
2021-02-12 14:20:00,237.845,237.914,237.419,237.426,18156
2021-02-12 14:25:00,237.475,237.49,237.288,237.373,6003
2021-02-12 14:30:00,237.439,237.514,237.439,237.472,9063
2021-02-12 14:35:00,237.455,237.488,237.367,237.439,14520
2021-02-12 14:40:00,237.377,237.377,237.19,237.213,14730
2021-02-12 14:45:00,237.177,237.223,237.115,237.223,2487
2021-02-12 14:50:00,237.195,237.301,237.115,237.115,11070
2021-02-12 14:55:00,237.174,237.298,237.151,237.221,15222
2021-02-12 15:00:00,237.229,237.229,237.0,237.029,12708
2021-02-12 15:05:00,237.007,237.108,236.849,236.849,15366
2021-02-12 15:10:00,236.931,236.993,236.695,236.774,13584
2021-02-12 15:15:00,236.666,236.666,236.618,236.666,7755
2021-02-12 15:20:00,236.713,236.713,236.433,236.645,19878
2021-02-12 15:25:00,236.587,236.587,236.122,236.171,19479
2021-02-12 15:30:00,236.086,236.183,235.943,236.099,27624
2021-02-12 15:35:00,236.142,236.165,235.971,236.076,22812
2021-02-12 15:40:00,236.04,236.302,235.988,236.289,15144
2021-02-12 15:45:00,236.253,236.283,236.083,236.083,12600
2021-02-12 15:50:00,236.125,236.178,235.837,236.034,30156
2021-02-12 15:55:00,236.135,236.355,236.102,236.279,42846
2021-02-12 16:00:00,236.22,236.237,235.95,236.217,99225
2021-02-12 16:05:00,236.22,236.22,236.22,236.22,4887
2021-02-16 08:30:00,236.22,236.22,236.22,236.22,1800
2021-02-16 09:35:00,236.532,236.659,234.972,235.385,64341
2021-02-16 09:40:00,235.282,235.385,234.972,235.296,21828
2021-02-16 09:45:00,235.129,235.562,234.998,235.562,24783
2021-02-16 09:50:00,235.801,236.034,235.634,235.775,13494
2021-02-16 09:55:00,235.624,235.696,235.169,235.595,13569
2021-02-16 10:00:00,235.49,235.506,234.438,234.789,11193
2021-02-16 10:05:00,234.52,234.527,233.744,233.744,25803
2021-02-16 10:10:00,233.786,234.035,233.747,233.991,24384
2021-02-16 10:15:00,233.973,233.973,233.259,233.56,24210
2021-02-16 10:20:00,233.734,233.86,233.577,233.757,20613
2021-02-16 10:25:00,233.814,233.814,233.183,233.239,17202
2021-02-16 10:30:00,233.39,233.449,233.039,233.111,18684
2021-02-16 10:35:00,233.141,233.413,233.138,233.255,14367
2021-02-16 10:40:00,233.226,233.344,233.177,233.244,8592
2021-02-16 10:45:00,233.249,233.249,232.767,232.767,26028
2021-02-16 10:50:00,232.846,233.033,232.505,232.505,25992
2021-02-16 10:55:00,232.531,232.633,231.971,232.21,17250
2021-02-16 11:00:00,232.011,232.672,231.922,232.672,7155
2021-02-16 11:05:00,232.577,232.96,232.538,232.96,14235
2021-02-16 11:10:00,233.052,233.059,232.866,232.905,10281
2021-02-16 11:15:00,232.992,233.095,232.928,233.041,4452
2021-02-16 11:20:00,232.933,233.016,232.826,233.01,9846
2021-02-16 11:25:00,233.154,233.406,233.105,233.406,14631
2021-02-16 11:30:00,233.387,233.639,233.387,233.639,4587
2021-02-16 11:35:00,233.524,233.78,233.226,233.78,19395
2021-02-16 11:40:00,233.845,234.038,233.77,233.901,10695
2021-02-16 11:45:00,233.898,233.934,233.547,233.547,17172
2021-02-16 11:50:00,233.547,233.613,233.164,233.613,13428
2021-02-16 11:55:00,233.373,233.373,233.079,233.079,6630
2021-02-16 12:00:00,233.429,233.439,233.075,233.246,15081
2021-02-16 12:05:00,233.255,233.344,233.036,233.344,11766
2021-02-16 12:10:00,233.213,233.213,232.839,232.839,12072
2021-02-16 12:15:00,232.853,233.39,232.853,233.278,8121
2021-02-16 12:20:00,233.282,233.282,233.02,233.255,15201
2021-02-16 12:25:00,233.37,233.468,233.37,233.37,5142
2021-02-16 12:30:00,233.439,233.498,233.439,233.498,1890
2021-02-16 12:35:00,233.426,233.429,233.272,233.355,5307
2021-02-16 12:40:00,233.282,233.429,233.21,233.233,12900
2021-02-16 12:45:00,233.226,233.403,233.226,233.403,3300
2021-02-16 12:50:00,233.321,233.328,233.255,233.269,12984
2021-02-16 12:55:00,233.227,233.262,233.216,233.262,1419
2021-02-16 13:00:00,233.288,233.413,233.226,233.226,17652
2021-02-16 13:05:00,233.311,233.419,233.311,233.419,3783
2021-02-16 13:10:00,233.416,233.454,233.273,233.273,8754
2021-02-16 13:15:00,233.324,233.393,233.275,233.285,7914
2021-02-16 13:20:00,233.229,233.295,233.193,233.193,14355
2021-02-16 13:25:00,233.111,233.354,233.111,233.275,7572
2021-02-16 13:30:00,233.334,233.334,232.973,233.075,7536
2021-02-16 13:35:00,233.131,233.323,233.124,233.323,12897
2021-02-16 13:40:00,233.255,233.255,232.705,233.087,13017
2021-02-16 13:45:00,232.951,233.023,232.81,232.81,10734
2021-02-16 13:50:00,232.931,232.931,232.823,232.918,4437
2021-02-16 13:55:00,233.052,233.308,233.052,233.308,10551
2021-02-16 14:00:00,233.213,233.262,233.21,233.262,3195
2021-02-16 14:05:00,233.121,233.262,233.046,233.262,10716
2021-02-16 14:10:00,233.278,233.278,233.085,233.136,6045
2021-02-16 14:15:00,233.072,233.072,232.859,232.928,32688
2021-02-16 14:20:00,232.9,232.9,232.436,232.505,30591
2021-02-16 14:25:00,232.492,232.52,232.433,232.458,17454
2021-02-16 14:30:00,232.423,232.669,232.279,232.669,19221
2021-02-16 14:35:00,232.6,232.705,232.486,232.486,11484
2021-02-16 14:40:00,232.397,232.397,232.243,232.341,8166
2021-02-16 14:45:00,232.412,232.623,232.341,232.341,11715
2021-02-16 14:50:00,232.417,232.928,232.151,232.151,36774
2021-02-16 14:55:00,232.161,232.292,232.066,232.138,17748
2021-02-16 15:00:00,232.302,232.377,232.273,232.348,8070
2021-02-16 15:05:00,232.364,232.42,232.119,232.235,18648
2021-02-16 15:10:00,232.191,232.286,232.158,232.165,9498
2021-02-16 15:15:00,232.125,232.125,231.988,232.004,18486
2021-02-16 15:20:00,232.007,232.145,232.004,232.102,11469
2021-02-16 15:25:00,232.06,232.138,231.794,231.85,25206
2021-02-16 15:30:00,231.906,231.997,231.716,231.83,13608
2021-02-16 15:35:00,231.804,232.151,231.765,232.151,14157
2021-02-16 15:40:00,232.305,232.41,232.096,232.319,24858
2021-02-16 15:45:00,232.294,232.45,232.233,232.33,20373
2021-02-16 15:50:00,232.371,232.489,232.312,232.314,25029
2021-02-16 15:55:00,232.397,232.397,231.958,231.958,52722
2021-02-16 16:00:00,231.975,232.014,231.565,231.644,100020
2021-02-16 16:05:00,231.755,231.755,231.755,231.755,51009
2021-02-16 18:15:00,231.781,231.781,231.781,231.781,300
2021-02-16 18:45:00,231.617,231.617,231.617,231.617,1353
2021-02-16 19:55:00,229.504,229.504,229.324,229.324,1377
2021-02-17 09:25:00,230.11,230.11,230.11,230.11,1440
2021-02-17 09:35:00,230.307,230.789,228.977,229.567,101985
2021-02-17 09:40:00,229.449,229.825,229.065,229.825,25794
2021-02-17 09:45:00,229.868,231.17,229.868,231.17,12108
2021-02-17 09:50:00,231.781,232.135,231.647,231.981,21162
2021-02-17 09:55:00,232.394,232.764,232.315,232.541,11796
2021-02-17 10:00:00,232.568,232.925,232.098,232.42,16800
2021-02-17 10:05:00,232.351,232.775,232.309,232.525,12312
2021-02-17 10:10:00,232.79,233.262,232.482,233.138,12813
2021-02-17 10:15:00,232.961,232.984,232.379,232.379,15330
2021-02-17 10:20:00,232.492,232.492,232.132,232.148,13713
2021-02-17 10:25:00,232.286,232.436,231.868,232.024,8982
2021-02-17 10:30:00,232.148,232.43,231.863,231.863,16497
2021-02-17 10:35:00,231.839,231.839,231.67,231.67,3627
2021-02-17 10:40:00,231.857,231.981,231.614,231.614,18801
2021-02-17 10:45:00,231.512,231.572,231.17,231.17,18468
2021-02-17 10:50:00,231.192,231.213,230.848,231.051,15183
2021-02-17 10:55:00,231.042,231.162,230.988,231.149,11628
2021-02-17 11:00:00,231.087,231.326,230.759,230.759,25818
2021-02-17 11:05:00,230.808,230.808,230.432,230.432,11523
2021-02-17 11:10:00,230.202,230.564,230.202,230.307,14631
2021-02-17 11:15:00,230.432,230.517,230.369,230.464,9816
2021-02-17 11:20:00,230.451,230.975,230.373,230.975,7203
2021-02-17 11:25:00,230.982,231.303,230.982,231.149,18063
2021-02-17 11:30:00,231.198,231.611,230.926,231.608,38457
2021-02-17 11:35:00,231.555,231.693,231.414,231.693,32766
2021-02-17 11:40:00,231.76,231.76,231.47,231.637,18621
2021-02-17 11:45:00,231.621,232.379,231.621,232.379,10917
2021-02-17 11:50:00,232.399,232.753,232.396,232.753,7329
2021-02-17 11:55:00,232.656,232.846,232.443,232.676,25788
2021-02-17 12:00:00,232.582,232.733,232.482,232.733,6036
2021-02-17 12:05:00,232.672,232.672,232.371,232.436,32745
2021-02-17 12:10:00,232.418,232.564,232.302,232.436,35637
2021-02-17 12:15:00,232.355,232.621,232.355,232.423,16347
2021-02-17 12:20:00,232.436,232.776,232.42,232.751,22494
2021-02-17 12:25:00,232.751,232.977,232.685,232.8,12495
2021-02-17 12:30:00,233.026,233.029,232.613,232.879,15369
2021-02-17 12:35:00,232.962,233.049,232.908,233.046,11226
2021-02-17 12:40:00,232.979,233.717,232.979,233.367,78321
2021-02-17 12:45:00,233.554,234.949,233.547,234.782,53895
2021-02-17 12:50:00,234.589,234.995,234.314,234.995,26142
2021-02-17 12:55:00,234.938,235.038,234.527,234.7,25107
2021-02-17 13:00:00,234.857,235.075,234.797,235.01,14958
2021-02-17 13:05:00,235.095,235.716,234.995,235.716,31923
2021-02-17 13:10:00,235.686,236.15,235.595,235.703,30696
2021-02-17 13:15:00,235.733,235.824,235.618,235.824,30102
2021-02-17 13:20:00,235.978,235.978,235.624,235.631,8187
2021-02-17 13:25:00,235.68,236.192,235.68,236.058,18858
2021-02-17 13:30:00,236.057,236.215,235.988,236.171,17367
2021-02-17 13:35:00,236.142,236.856,236.093,236.623,32163
2021-02-17 13:40:00,236.528,236.666,236.386,236.536,8466
2021-02-17 13:45:00,236.623,237.023,236.581,236.777,24171
2021-02-17 13:50:00,236.774,236.774,236.61,236.715,5892
2021-02-17 13:55:00,236.758,237.043,236.676,236.817,16815
2021-02-17 14:00:00,236.797,236.812,236.712,236.766,8136
2021-02-17 14:05:00,236.856,237.138,236.767,236.941,22983
2021-02-17 14:10:00,236.941,236.971,236.815,236.931,10056
2021-02-17 14:15:00,237.02,237.02,236.571,236.613,20196
2021-02-17 14:20:00,236.45,236.45,236.047,236.348,13494
2021-02-17 14:25:00,236.387,236.387,235.942,235.942,12291
2021-02-17 14:30:00,235.971,236.033,235.811,235.866,10227
2021-02-17 14:35:00,235.875,236.048,235.79,235.79,14685
2021-02-17 14:40:00,235.79,235.86,235.729,235.86,9285
2021-02-17 14:45:00,235.857,235.922,235.742,235.847,9282
2021-02-17 14:50:00,235.912,236.083,235.771,235.917,16353
2021-02-17 14:55:00,236.063,236.063,235.88,235.907,12699
2021-02-17 15:00:00,235.919,235.986,235.788,235.817,18282
2021-02-17 15:05:00,235.812,235.988,235.752,235.939,16944
2021-02-17 15:10:00,235.955,236.05,235.948,235.96,7740
2021-02-17 15:15:00,235.953,236.24,235.952,236.237,21873
2021-02-17 15:20:00,236.204,236.314,236.148,236.286,6882
2021-02-17 15:25:00,236.327,236.736,236.327,236.736,16293
2021-02-17 15:30:00,236.758,236.799,236.571,236.659,27858
2021-02-17 15:35:00,236.571,236.61,235.962,236.24,37551
2021-02-17 15:40:00,236.165,236.381,236.165,236.233,15423
2021-02-17 15:45:00,236.289,236.374,236.24,236.289,28152
2021-02-17 15:50:00,236.345,236.587,236.312,236.587,26226
2021-02-17 15:55:00,236.545,236.545,236.207,236.327,34821
2021-02-17 16:00:00,236.374,236.437,236.165,236.335,82308
2021-02-17 16:05:00,236.335,236.335,236.335,236.335,4458
2021-02-18 09:35:00,235.333,235.5,234.251,235.028,77301
2021-02-18 09:40:00,235.549,235.876,234.995,235.172,27681
2021-02-18 09:45:00,235.106,236.45,235.106,235.916,10647
2021-02-18 09:50:00,236.04,236.309,235.614,235.976,12954
2021-02-18 09:55:00,235.965,236.029,235.788,235.857,10962
2021-02-18 10:00:00,235.785,236.194,235.785,236.007,12642
2021-02-18 10:05:00,235.744,235.896,235.473,235.496,10581
2021-02-18 10:10:00,235.165,235.165,234.884,235.097,19251
2021-02-18 10:15:00,235.103,235.496,235.103,235.29,14373
2021-02-18 10:20:00,235.29,235.467,234.93,235.467,22041
2021-02-18 10:25:00,235.477,235.798,235.36,235.654,20838
2021-02-18 10:30:00,235.65,235.93,235.634,235.93,10572
2021-02-18 10:35:00,235.942,235.996,235.83,235.889,20934
2021-02-18 10:40:00,235.768,235.945,235.719,235.919,28071
2021-02-18 10:45:00,235.998,236.06,235.804,236.06,13674
2021-02-18 10:50:00,236.204,236.423,236.066,236.423,14994
2021-02-18 10:55:00,236.309,236.396,236.106,236.26,21435
2021-02-18 11:00:00,236.381,236.47,236.381,236.441,8385
2021-02-18 11:05:00,236.532,236.669,236.394,236.417,24525
2021-02-18 11:10:00,236.451,236.568,236.355,236.355,10272
2021-02-18 11:15:00,236.387,236.702,236.269,236.702,12792
2021-02-18 11:20:00,236.794,236.813,236.535,236.699,13347
2021-02-18 11:25:00,236.833,236.967,236.663,236.738,10203
2021-02-18 11:30:00,236.738,236.738,236.417,236.535,2568
2021-02-18 11:35:00,236.496,236.669,236.36,236.36,19923
2021-02-18 11:40:00,236.456,236.622,236.243,236.243,16263
2021-02-18 11:45:00,236.355,236.369,236.24,236.24,10497
2021-02-18 11:50:00,236.384,236.404,236.384,236.404,1239
2021-02-18 11:55:00,236.486,236.908,236.414,236.785,20073
2021-02-18 12:00:00,236.785,237.054,236.785,237.054,9903
2021-02-18 12:05:00,237.134,237.514,237.102,237.392,27576
2021-02-18 12:10:00,237.387,237.695,237.321,237.642,30870
2021-02-18 12:15:00,237.604,238.032,237.554,237.935,23973
2021-02-18 12:20:00,237.919,238.17,237.906,238.002,24267
2021-02-18 12:25:00,238.097,238.209,237.914,237.914,10818
2021-02-18 12:30:00,237.966,238.097,237.845,237.901,8685
2021-02-18 12:35:00,237.799,237.934,237.744,237.76,9885
2021-02-18 12:40:00,237.901,237.993,237.632,237.842,10353
2021-02-18 12:45:00,237.75,237.75,237.501,237.544,9060
2021-02-18 12:50:00,237.642,237.698,237.59,237.59,6126
2021-02-18 12:55:00,237.577,237.577,237.419,237.491,12396
2021-02-18 13:00:00,237.577,237.681,237.577,237.672,3069
2021-02-18 13:05:00,237.636,237.678,237.462,237.495,8682
2021-02-18 13:10:00,237.501,237.632,237.501,237.563,6903
2021-02-18 13:15:00,237.59,237.649,237.514,237.583,9198
2021-02-18 13:20:00,237.577,238.055,237.577,238.055,16728
2021-02-18 13:25:00,238.104,238.425,238.045,238.32,23859
2021-02-18 13:30:00,238.253,238.53,238.232,238.486,18741
2021-02-18 13:35:00,238.486,238.73,238.486,238.651,18468
2021-02-18 13:40:00,238.753,238.91,238.7,238.871,14244
2021-02-18 13:45:00,238.763,238.825,238.612,238.7,15375
2021-02-18 13:50:00,238.756,238.805,238.648,238.707,10734
2021-02-18 13:55:00,238.763,238.799,238.615,238.658,16695
2021-02-18 14:00:00,238.713,238.736,238.579,238.622,9294
2021-02-18 14:05:00,238.651,239.27,238.648,239.26,34278
2021-02-18 14:10:00,239.27,239.347,239.005,239.005,20352
2021-02-18 14:15:00,238.966,238.972,238.73,238.903,8505
2021-02-18 14:20:00,238.984,239.038,238.878,238.982,8577
2021-02-18 14:25:00,239.015,239.057,238.831,239.031,10359
2021-02-18 14:30:00,239.031,239.031,238.9,238.9,8001
2021-02-18 14:35:00,238.825,239.028,238.825,238.954,7569
2021-02-18 14:40:00,238.887,239.01,238.887,239.01,3249
2021-02-18 14:45:00,238.946,238.959,238.795,238.795,17259
2021-02-18 14:50:00,238.822,238.939,238.726,238.726,12171
2021-02-18 14:55:00,238.71,238.71,238.589,238.599,6015
2021-02-18 15:00:00,238.694,238.972,238.694,238.972,3891
2021-02-18 15:05:00,238.939,238.939,238.694,238.867,16548
2021-02-18 15:10:00,238.782,238.871,238.684,238.871,12426
2021-02-18 15:15:00,238.822,238.831,238.763,238.769,8031
2021-02-18 15:20:00,238.887,238.962,238.808,238.808,12045
2021-02-18 15:25:00,238.808,238.871,238.622,238.622,19044
2021-02-18 15:30:00,238.654,238.733,238.494,238.505,21435
2021-02-18 15:35:00,238.471,238.7,238.458,238.458,18540
2021-02-18 15:40:00,238.455,238.559,238.363,238.428,19308
2021-02-18 15:45:00,238.387,238.412,238.31,238.369,16200
2021-02-18 15:50:00,238.379,238.478,238.238,238.242,24087
2021-02-18 15:55:00,238.304,238.304,237.917,237.983,40830
2021-02-18 16:00:00,237.888,238.183,237.767,238.17,76554
2021-02-18 16:05:00,238.091,238.091,238.091,238.091,18255
2021-02-19 09:35:00,238.874,238.874,238.091,238.615,92919
2021-02-19 09:40:00,238.458,238.458,238.127,238.16,7935
2021-02-19 09:45:00,238.263,238.263,237.411,237.655,21624
2021-02-19 09:50:00,237.57,237.934,237.493,237.59,24810
2021-02-19 09:55:00,237.554,238.874,237.554,238.229,157401
2021-02-19 10:00:00,238.378,238.884,238.235,238.884,11646
2021-02-19 10:05:00,238.962,238.962,238.507,238.507,17385
2021-02-19 10:10:00,238.564,238.713,238.497,238.497,10605
2021-02-19 10:15:00,238.271,238.271,237.616,237.616,2430
2021-02-19 10:20:00,237.852,238.009,237.079,237.183,21405
2021-02-19 10:25:00,237.111,237.539,237.111,237.326,12936
2021-02-19 10:30:00,237.229,237.26,236.856,236.982,25197
2021-02-19 10:35:00,236.993,237.138,236.993,237.138,2310
2021-02-19 10:40:00,237.062,237.514,236.971,237.165,44352
2021-02-19 10:45:00,237.295,237.408,237.111,237.111,11745
2021-02-19 10:50:00,236.915,237.439,236.866,237.295,16761
2021-02-19 10:55:00,237.174,237.174,236.692,236.692,14934
2021-02-19 11:00:00,236.574,236.574,236.269,236.297,9822
2021-02-19 11:05:00,236.214,236.271,235.722,235.722,9459
2021-02-19 11:10:00,235.611,236.106,235.611,235.903,14823
2021-02-19 11:15:00,235.742,235.844,235.658,235.844,7575
2021-02-19 11:20:00,235.845,235.968,235.821,235.862,9540
2021-02-19 11:25:00,235.752,235.811,235.742,235.742,3561
2021-02-19 11:30:00,235.873,235.912,235.719,235.871,15099
2021-02-19 11:35:00,236.047,236.047,235.803,236.034,7563
2021-02-19 11:40:00,236.097,236.127,235.87,236.037,7743
2021-02-19 11:45:00,236.075,236.155,235.939,236.014,5658
2021-02-19 11:50:00,236.057,236.125,236.053,236.053,8241
2021-02-19 11:55:00,236.178,236.188,236.178,236.188,4347
2021-02-19 12:00:00,236.235,236.463,236.235,236.269,11337
2021-02-19 12:05:00,236.414,236.414,236.269,236.31,8748
2021-02-19 12:10:00,236.227,236.269,236.119,236.119,16293
2021-02-19 12:15:00,236.122,236.296,236.086,236.086,7845
2021-02-19 12:20:00,236.125,236.125,236.001,236.017,5670
2021-02-19 12:25:00,235.962,235.962,235.523,235.595,15423
2021-02-19 12:30:00,235.506,235.56,235.326,235.411,8673
2021-02-19 12:35:00,235.326,235.503,235.221,235.31,15399
2021-02-19 12:40:00,235.349,235.919,235.349,235.817,10788
2021-02-19 12:45:00,235.706,236.391,235.706,236.25,15864
2021-02-19 12:50:00,236.184,236.358,236.05,236.05,14343
2021-02-19 12:55:00,236.112,236.26,236.066,236.155,6036
2021-02-19 13:00:00,236.243,236.604,236.191,236.54,11202
2021-02-19 13:05:00,236.528,236.528,236.174,236.518,15243
2021-02-19 13:10:00,236.371,236.371,236.073,236.073,2721
2021-02-19 13:15:00,236.132,236.135,236.03,236.133,9198
2021-02-19 13:20:00,235.935,236.07,235.844,235.844,5751
2021-02-19 13:25:00,235.84,235.93,235.624,235.696,12597
2021-02-19 13:30:00,235.634,235.64,234.766,235.003,32889
2021-02-19 13:35:00,234.857,235.152,234.841,235.152,21210
2021-02-19 13:40:00,235.162,235.383,235.136,235.303,8100
2021-02-19 13:45:00,235.221,235.313,235.151,235.249,10674
2021-02-19 13:50:00,235.269,235.269,234.894,235.008,19218
2021-02-19 13:55:00,235.142,235.182,234.956,234.956,9744
2021-02-19 14:00:00,234.944,235.113,234.944,235.005,7785
2021-02-19 14:05:00,234.923,235.296,234.923,235.067,11586
2021-02-19 14:10:00,235.047,235.073,234.813,234.813,12996
2021-02-19 14:15:00,234.856,234.856,234.71,234.766,6591
2021-02-19 14:20:00,234.913,235.008,234.766,234.766,7047
2021-02-19 14:25:00,234.553,234.582,234.386,234.386,9762
2021-02-19 14:30:00,234.32,234.527,234.166,234.209,19902
2021-02-19 14:35:00,234.201,234.527,234.101,234.343,7803
2021-02-19 14:40:00,234.353,234.54,234.081,234.081,17847
2021-02-19 14:45:00,234.155,234.317,234.137,234.232,12957
2021-02-19 14:50:00,234.186,234.238,233.844,234.019,20229
2021-02-19 14:55:00,233.947,233.973,233.839,233.868,11760
2021-02-19 15:00:00,233.927,233.927,233.74,233.793,12684
2021-02-19 15:05:00,233.855,234.017,233.658,233.786,18843
2021-02-19 15:10:00,233.688,233.688,233.603,233.655,15969
2021-02-19 15:15:00,233.649,233.961,233.649,233.961,28413
2021-02-19 15:20:00,234.045,234.466,234.045,234.461,19098
2021-02-19 15:25:00,234.369,234.376,234.163,234.307,11790
2021-02-19 15:30:00,234.373,234.376,234.163,234.346,21789
2021-02-19 15:35:00,234.397,234.599,234.389,234.595,14313
2021-02-19 15:40:00,234.55,234.933,234.487,234.926,32175
2021-02-19 15:45:00,234.864,235.116,234.617,234.617,30420
2021-02-19 15:50:00,234.7,235.106,234.7,234.874,30132
2021-02-19 15:55:00,235.002,235.002,234.638,234.664,28809
2021-02-19 16:00:00,234.605,234.867,234.327,234.792,72195
2021-02-19 16:05:00,234.864,234.864,234.864,234.864,12096
2021-02-19 16:10:00,234.864,234.864,234.864,234.864,900
2021-02-22 09:35:00,233.77,234.238,231.617,231.617,49905
2021-02-22 09:40:00,231.522,232.256,231.418,232.15,20475
2021-02-22 09:45:00,232.261,232.261,231.735,232.042,13308
2021-02-22 09:50:00,232.224,232.702,231.999,232.24,17190
2021-02-22 09:55:00,232.001,232.944,231.978,232.849,23631
2021-02-22 10:00:00,232.738,232.738,232.214,232.353,12207
2021-02-22 10:05:00,232.355,232.394,232.145,232.145,18945
2021-02-22 10:10:00,232.043,232.065,231.365,231.365,32766
2021-02-22 10:15:00,231.375,231.804,231.192,231.192,20619
2021-02-22 10:20:00,231.244,231.277,230.058,230.058,23439
2021-02-22 10:25:00,230.186,230.468,230.186,230.397,16152
2021-02-22 10:30:00,230.284,230.458,230.065,230.45,29544
2021-02-22 10:35:00,230.337,230.425,229.891,230.425,24360
2021-02-22 10:40:00,230.438,230.641,230.078,230.641,17034
2021-02-22 10:45:00,230.567,230.972,230.566,230.893,13101
2021-02-22 10:50:00,230.785,230.785,230.435,230.435,15372
2021-02-22 10:55:00,230.448,230.454,229.979,230.088,21240
2021-02-22 11:00:00,230.243,230.32,229.979,230.32,20229
2021-02-22 11:05:00,230.3,230.608,230.3,230.602,12609
2021-02-22 11:10:00,230.759,231.162,230.546,230.772,24753
2021-02-22 11:15:00,230.866,231.001,230.866,230.974,13251
2021-02-22 11:20:00,230.967,230.967,230.608,230.772,14478
2021-02-22 11:25:00,230.846,230.846,230.569,230.569,10572
2021-02-22 11:30:00,230.428,230.428,230.343,230.343,9378
2021-02-22 11:35:00,230.156,230.392,230.156,230.34,15951
2021-02-22 11:40:00,230.364,230.889,230.364,230.774,12648
2021-02-22 11:45:00,230.777,230.831,230.699,230.73,6120
2021-02-22 11:50:00,230.671,230.857,230.572,230.572,13356
2021-02-22 11:55:00,230.625,230.625,230.432,230.51,7869
2021-02-22 12:00:00,230.585,230.735,230.585,230.735,7083
2021-02-22 12:05:00,230.638,230.776,230.517,230.776,14967
2021-02-22 12:10:00,230.92,230.988,230.71,230.785,14244
2021-02-22 12:15:00,230.779,230.779,230.471,230.471,12645
2021-02-22 12:20:00,230.631,230.631,230.468,230.504,16005
2021-02-22 12:25:00,230.474,230.618,230.474,230.589,5343
2021-02-22 12:30:00,230.635,230.929,230.635,230.854,11133
2021-02-22 12:35:00,230.969,231.319,230.969,231.319,7698
2021-02-22 12:40:00,231.336,231.581,231.267,231.322,22575
2021-02-22 12:45:00,231.355,231.427,231.273,231.293,13368
2021-02-22 12:50:00,231.309,231.309,230.946,230.946,9690
2021-02-22 12:55:00,230.956,231.083,230.854,231.083,12834
2021-02-22 13:00:00,231.131,231.136,230.903,230.903,7104
2021-02-22 13:05:00,231.041,231.067,230.956,231.059,7191
2021-02-22 13:10:00,230.995,231.1,230.91,230.962,3918
2021-02-22 13:15:00,231.093,231.152,231.083,231.093,9534
2021-02-22 13:20:00,231.09,231.142,230.785,230.785,9801
2021-02-22 13:25:00,230.803,230.929,230.553,230.929,18093
2021-02-22 13:30:00,230.9,231.013,230.802,231.013,11454
2021-02-22 13:35:00,231.136,231.391,231.069,231.391,9903
2021-02-22 13:40:00,231.46,231.811,231.46,231.742,12936
2021-02-22 13:45:00,231.745,232.207,231.598,232.207,12873
2021-02-22 13:50:00,232.125,232.481,232.106,232.481,20013
2021-02-22 13:55:00,232.509,232.631,232.44,232.44,6588
2021-02-22 14:00:00,232.548,232.692,232.407,232.468,12984
2021-02-22 14:05:00,232.423,232.44,232.404,232.404,15303
2021-02-22 14:10:00,232.358,232.374,232.158,232.158,11634
2021-02-22 14:15:00,232.182,232.182,231.788,231.821,14778
2021-02-22 14:20:00,231.912,232.047,231.807,231.807,5061
2021-02-22 14:25:00,231.862,231.948,231.788,231.809,8385
2021-02-22 14:30:00,231.865,232.158,231.823,232.076,13251
2021-02-22 14:35:00,232.019,232.019,231.934,231.934,4716
2021-02-22 14:40:00,231.934,232.194,231.934,232.194,5469
2021-02-22 14:45:00,232.089,232.089,231.883,231.989,11517
2021-02-22 14:50:00,232.115,232.192,231.886,231.886,15165
2021-02-22 14:55:00,231.988,232.156,231.988,231.997,7434
2021-02-22 15:00:00,231.999,232.004,231.889,231.915,10182
2021-02-22 15:05:00,231.994,232.341,231.994,232.204,7728
2021-02-22 15:10:00,232.243,232.428,232.237,232.428,17940
2021-02-22 15:15:00,232.523,232.669,232.427,232.617,20247
2021-02-22 15:20:00,232.649,232.805,232.193,232.276,18096
2021-02-22 15:25:00,232.341,232.407,232.138,232.23,15264
2021-02-22 15:30:00,232.32,232.32,232.194,232.217,8496
2021-02-22 15:35:00,232.286,232.584,232.286,232.502,19173
2021-02-22 15:40:00,232.341,232.754,232.341,232.613,19272
2021-02-22 15:45:00,232.613,232.784,232.469,232.469,21039
2021-02-22 15:50:00,232.545,232.807,232.522,232.522,23535
2021-02-22 15:55:00,232.374,232.436,232.109,232.233,27600
2021-02-22 16:00:00,232.251,232.468,231.952,232.174,67581
2021-02-22 16:05:00,232.151,232.151,232.151,232.151,14586
2021-02-23 09:35:00,231.175,231.175,229.652,229.717,40056
2021-02-23 09:40:00,229.373,230.264,229.357,229.934,21339
2021-02-23 09:45:00,229.694,229.947,228.997,229.662,52824
2021-02-23 09:50:00,229.668,230.13,229.517,229.653,23526
2021-02-23 09:55:00,229.445,229.57,228.387,229.036,32337
2021-02-23 10:00:00,228.983,229.262,228.508,229.249,12573
2021-02-23 10:05:00,228.97,228.97,228.207,228.617,31107
2021-02-23 10:10:00,228.68,229.318,228.68,229.318,20205
2021-02-23 10:15:00,229.631,230.006,229.003,229.003,37113
2021-02-23 10:20:00,228.997,229.128,228.41,228.712,21123
2021-02-23 10:25:00,228.771,228.771,228.243,228.466,15831
2021-02-23 10:30:00,228.541,228.689,227.732,227.87,54225
2021-02-23 10:35:00,227.725,227.92,227.686,227.825,22044
2021-02-23 10:40:00,227.835,228.993,227.807,228.812,16770
2021-02-23 10:45:00,228.993,228.993,228.508,228.787,20316
2021-02-23 10:50:00,228.672,228.928,228.397,228.397,28353
2021-02-23 10:55:00,228.418,228.743,228.273,228.71,18480
2021-02-23 11:00:00,228.658,228.794,228.381,228.387,35802
2021-02-23 11:05:00,228.463,228.463,228.096,228.296,27855
2021-02-23 11:10:00,228.173,228.173,227.732,228.06,18594
2021-02-23 11:15:00,228.338,228.545,228.063,228.545,15060
2021-02-23 11:20:00,228.512,228.512,228.217,228.325,17619
2021-02-23 11:25:00,228.407,228.495,228.255,228.364,18762
2021-02-23 11:30:00,228.312,228.405,227.778,227.778,18540
2021-02-23 11:35:00,227.778,227.788,227.277,227.447,40842
2021-02-23 11:40:00,227.529,227.83,227.152,227.455,35520
2021-02-23 11:45:00,227.306,227.306,227.198,227.221,8271
2021-02-23 11:50:00,227.342,227.401,227.228,227.385,8787
2021-02-23 11:55:00,227.375,227.703,227.375,227.514,16032
2021-02-23 12:00:00,227.514,227.514,227.133,227.264,13371
2021-02-23 12:05:00,227.159,227.205,226.861,226.861,11433
2021-02-23 12:10:00,226.848,227.024,226.533,227.024,13845
2021-02-23 12:15:00,227.023,227.264,226.877,227.257,11823
2021-02-23 12:20:00,227.208,227.208,226.687,226.687,16455
2021-02-23 12:25:00,226.703,226.787,226.428,226.628,10704
2021-02-23 12:30:00,226.392,226.825,226.392,226.7,6579
2021-02-23 12:35:00,226.689,227.074,226.579,227.059,12189
2021-02-23 12:40:00,227.005,227.447,226.772,227.447,24534
2021-02-23 12:45:00,227.372,227.467,226.793,226.793,28533
2021-02-23 12:50:00,226.795,226.969,226.739,226.869,16281
2021-02-23 12:55:00,226.929,227.221,226.648,227.21,21066
2021-02-23 13:00:00,227.074,227.105,226.874,226.965,7245
2021-02-23 13:05:00,226.713,227.031,226.68,226.926,13335
2021-02-23 13:10:00,227.038,227.185,226.956,227.093,9072
2021-02-23 13:15:00,227.087,227.188,227.031,227.031,17256
2021-02-23 13:20:00,227.098,227.098,226.956,226.985,13059
2021-02-23 13:25:00,227.162,227.247,227.162,227.188,9345
2021-02-23 13:30:00,227.09,227.224,227.067,227.154,12249
2021-02-23 13:35:00,227.185,227.82,227.185,227.483,27255
2021-02-23 13:40:00,227.634,227.634,227.355,227.355,8505
2021-02-23 13:45:00,227.48,227.84,227.48,227.794,13185
2021-02-23 13:50:00,227.889,228.259,227.608,227.811,29895
2021-02-23 13:55:00,227.676,227.676,227.418,227.418,19446
2021-02-23 14:00:00,227.434,227.509,227.054,227.054,19557
2021-02-23 14:05:00,226.943,227.191,226.789,227.123,30126
2021-02-23 14:10:00,227.121,227.218,226.933,227.06,17424
2021-02-23 14:15:00,227.195,227.368,227.195,227.306,17118
2021-02-23 14:20:00,227.427,227.891,227.355,227.732,33705
2021-02-23 14:25:00,227.807,227.82,227.522,227.699,22419
2021-02-23 14:30:00,227.503,228.007,227.404,227.791,19983
2021-02-23 14:35:00,227.699,227.791,227.365,227.365,13647
2021-02-23 14:40:00,227.424,227.788,227.378,227.727,13815
2021-02-23 14:45:00,227.699,227.902,227.617,227.791,28656
2021-02-23 14:50:00,227.973,228.061,227.794,227.817,15243
2021-02-23 14:55:00,227.907,228.433,227.832,227.948,62889
2021-02-23 15:00:00,227.948,228.436,227.948,228.407,17736
2021-02-23 15:05:00,228.369,228.554,228.369,228.528,23646
2021-02-23 15:10:00,228.522,228.636,228.417,228.449,26610
2021-02-23 15:15:00,228.446,228.721,228.276,228.646,50460
2021-02-23 15:20:00,228.751,228.816,228.581,228.587,25899
2021-02-23 15:25:00,228.754,228.911,228.613,228.669,58326
2021-02-23 15:30:00,228.64,229.373,228.417,229.121,98601
2021-02-23 15:35:00,229.113,229.265,228.938,229.169,31362
2021-02-23 15:40:00,229.167,229.324,229.085,229.234,69078
2021-02-23 15:45:00,229.242,229.432,229.216,229.226,49224
2021-02-23 15:50:00,229.265,229.429,228.836,228.872,35319
2021-02-23 15:55:00,228.908,229.07,228.626,228.695,65304
2021-02-23 16:00:00,228.746,228.833,228.125,228.204,185994
2021-02-23 16:05:00,228.207,228.207,228.207,228.207,10209
2021-02-24 09:35:00,228.377,228.682,227.139,227.686,74358
2021-02-24 09:40:00,227.126,227.748,227.06,227.44,27444
2021-02-24 09:45:00,227.526,227.807,226.979,226.979,23268
2021-02-24 09:50:00,227.136,227.205,226.923,227.201,13767
2021-02-24 09:55:00,227.06,227.06,226.304,226.392,22800
2021-02-24 10:00:00,226.381,226.677,225.612,225.933,37551
2021-02-24 10:05:00,226.112,226.523,226.112,226.474,16413
2021-02-24 10:10:00,226.387,226.572,226.133,226.382,14361
2021-02-24 10:15:00,226.13,226.318,225.911,226.032,21477
2021-02-24 10:20:00,226.163,226.34,225.717,225.734,33480
2021-02-24 10:25:00,225.979,226.366,225.979,226.338,8424
2021-02-24 10:30:00,226.34,226.34,225.671,225.912,23583
2021-02-24 10:35:00,225.907,226.299,225.819,225.868,26406
2021-02-24 10:40:00,226.025,226.251,225.766,225.793,14391
2021-02-24 10:45:00,225.745,225.937,225.737,225.937,11703
2021-02-24 10:50:00,225.92,226.35,225.907,226.074,10854
2021-02-24 10:55:00,226.264,226.356,226.048,226.078,17850
2021-02-24 11:00:00,226.084,226.268,225.609,225.678,28041
2021-02-24 11:05:00,225.835,226.048,225.118,225.195,40146
2021-02-24 11:10:00,225.363,225.55,225.226,225.478,12483
2021-02-24 11:15:00,225.403,225.46,225.354,225.378,16074
2021-02-24 11:20:00,225.396,225.396,225.033,225.152,20553
2021-02-24 11:25:00,225.154,225.203,224.962,225.085,17736
2021-02-24 11:30:00,225.128,225.342,225.039,225.039,12861
2021-02-24 11:35:00,224.954,225.178,224.954,225.105,33315
2021-02-24 11:40:00,225.177,225.279,225.039,225.039,25395
2021-02-24 11:45:00,225.196,225.206,225.121,225.157,16863
2021-02-24 11:50:00,225.236,225.648,225.128,225.558,37989
2021-02-24 11:55:00,225.413,225.437,225.324,225.383,11775
2021-02-24 12:00:00,225.383,225.383,224.744,224.744,31245
2021-02-24 12:05:00,224.761,224.761,224.41,224.499,16452
2021-02-24 12:10:00,224.691,224.712,224.38,224.453,13092
2021-02-24 12:15:00,224.508,224.626,224.256,224.56,37257
2021-02-24 12:20:00,224.546,224.751,224.472,224.671,14133
2021-02-24 12:25:00,224.671,224.974,224.666,224.803,61035
2021-02-24 12:30:00,224.885,225.357,224.823,225.17,20013
2021-02-24 12:35:00,225.26,225.508,225.196,225.219,37923
2021-02-24 12:40:00,225.285,225.472,225.052,225.198,23832
2021-02-24 12:45:00,225.208,225.341,225.131,225.131,8847
2021-02-24 12:50:00,225.165,225.165,224.702,224.754,24534
2021-02-24 12:55:00,224.752,224.768,224.656,224.736,8322
2021-02-24 13:00:00,224.662,225.093,224.656,225.093,29055
2021-02-24 13:05:00,225.052,225.259,225.016,225.242,19635
2021-02-24 13:10:00,225.131,225.508,225.023,225.213,35904
2021-02-24 13:15:00,225.213,225.213,225.098,225.131,3867
2021-02-24 13:20:00,225.183,225.183,225.016,225.046,12333
2021-02-24 13:25:00,225.101,225.101,224.669,224.823,22245
2021-02-24 13:30:00,224.902,225.327,224.825,225.137,35457
2021-02-24 13:35:00,225.154,225.319,225.137,225.252,19758
2021-02-24 13:40:00,225.252,225.406,225.147,225.17,15693
2021-02-24 13:45:00,225.218,225.383,225.144,225.259,27180
2021-02-24 13:50:00,225.187,225.383,225.16,225.275,18087
2021-02-24 13:55:00,225.173,225.393,225.173,225.246,13410
2021-02-24 14:00:00,225.183,225.288,224.892,224.892,27609
2021-02-24 14:05:00,224.947,225.075,224.577,224.577,34239
2021-02-24 14:10:00,224.554,224.607,224.374,224.4,19143
2021-02-24 14:15:00,224.433,224.525,224.227,224.435,44391
2021-02-24 14:20:00,224.44,224.63,224.44,224.585,17559
2021-02-24 14:25:00,224.551,224.551,224.043,224.187,45210
2021-02-24 14:30:00,224.269,224.338,223.988,224.083,23502
2021-02-24 14:35:00,223.994,224.119,223.781,223.781,23979
2021-02-24 14:40:00,223.819,223.915,223.648,223.886,31500
2021-02-24 14:45:00,223.955,224.02,223.354,223.354,36573
2021-02-24 14:50:00,223.45,223.788,223.322,223.322,42579
2021-02-24 14:55:00,223.347,223.562,223.347,223.514,42372
2021-02-24 15:00:00,223.506,223.506,222.962,223.08,38943
2021-02-24 15:05:00,223.07,223.552,223.07,223.49,37569
2021-02-24 15:10:00,223.486,223.591,223.368,223.476,36549
2021-02-24 15:15:00,223.401,223.434,222.956,223.057,69717
2021-02-24 15:20:00,223.046,223.159,222.903,223.006,66489
2021-02-24 15:25:00,223.064,223.545,223.005,223.449,55320
2021-02-24 15:30:00,223.432,223.49,223.29,223.293,38901
2021-02-24 15:35:00,223.347,223.457,223.241,223.319,41613
2021-02-24 15:40:00,223.362,223.462,223.237,223.303,78429
2021-02-24 15:45:00,223.306,223.313,222.9,222.923,64953
2021-02-24 15:50:00,222.926,223.29,222.926,223.26,67683
2021-02-24 15:55:00,223.318,223.445,223.178,223.252,95754
2021-02-24 16:00:00,223.254,223.496,222.834,223.257,212607
2021-02-24 16:05:00,223.437,223.437,223.437,223.437,50784
2021-02-25 09:35:00,222.32,222.942,220.918,221.542,66036
2021-02-25 09:40:00,221.629,222.182,221.516,222.055,16428
2021-02-25 09:45:00,222.117,223.524,222.117,222.91,23493
2021-02-25 09:50:00,223.072,223.666,222.988,223.277,31407
2021-02-25 09:55:00,223.712,223.811,223.241,223.673,28704
2021-02-25 10:00:00,223.807,224.174,223.29,223.673,39261
2021-02-25 10:05:00,223.409,223.761,223.198,223.3,23529
2021-02-25 10:10:00,223.263,223.362,223.021,223.242,15507
2021-02-25 10:15:00,223.437,223.709,223.008,223.008,23178
2021-02-25 10:20:00,223.008,223.139,222.582,222.634,31086
2021-02-25 10:25:00,222.831,223.11,222.828,222.905,21477
2021-02-25 10:30:00,222.802,222.802,221.688,222.007,17742
2021-02-25 10:35:00,222.012,222.071,221.786,222.038,17859
2021-02-25 10:40:00,221.989,222.333,221.989,222.232,21576
2021-02-25 10:45:00,222.228,222.766,222.228,222.441,31575
2021-02-25 10:50:00,222.202,222.841,222.132,222.539,25788
2021-02-25 10:55:00,222.438,222.667,222.192,222.366,26976
2021-02-25 11:00:00,222.582,222.766,222.402,222.481,10797
2021-02-25 11:05:00,222.561,222.561,222.176,222.232,21159
2021-02-25 11:10:00,222.382,223.015,222.367,222.978,16839
2021-02-25 11:15:00,222.831,222.978,222.539,222.916,26958
2021-02-25 11:20:00,222.92,223.483,222.798,223.395,10491
2021-02-25 11:25:00,223.421,223.571,223.034,223.034,16395
2021-02-25 11:30:00,223.044,223.116,222.825,222.936,20472
2021-02-25 11:35:00,222.939,222.939,222.685,222.685,11091
2021-02-25 11:40:00,222.689,222.689,222.14,222.14,8184
2021-02-25 11:45:00,222.245,222.245,221.793,222.12,9546
2021-02-25 11:50:00,221.947,222.1,221.611,221.94,10596
2021-02-25 11:55:00,221.909,222.032,221.658,221.799,15096
2021-02-25 12:00:00,221.704,221.832,221.521,221.832,14478
2021-02-25 12:05:00,221.786,221.958,221.629,221.956,7131
2021-02-25 12:10:00,221.878,222.345,221.76,222.336,18717
2021-02-25 12:15:00,222.254,222.539,222.099,222.264,22722
2021-02-25 12:20:00,222.354,222.503,222.094,222.215,12600
2021-02-25 12:25:00,222.032,222.032,221.662,221.662,19227
2021-02-25 12:30:00,221.553,221.625,221.386,221.426,13236
2021-02-25 12:35:00,221.426,221.426,221.242,221.29,14439
2021-02-25 12:40:00,221.237,221.462,221.237,221.462,8433
2021-02-25 12:45:00,221.37,221.37,221.206,221.298,14049
2021-02-25 12:50:00,221.252,221.252,220.476,220.6,31122
2021-02-25 12:55:00,220.833,220.833,220.037,220.037,16497
2021-02-25 13:00:00,220.151,220.158,219.676,220.004,18345
2021-02-25 13:05:00,220.109,220.299,219.824,219.986,16026
2021-02-25 13:10:00,220.021,220.151,219.827,220.148,15375
2021-02-25 13:15:00,220.007,220.652,220.007,220.453,10341
2021-02-25 13:20:00,220.616,220.616,220.22,220.589,9837
2021-02-25 13:25:00,220.679,220.829,220.394,220.43,17394
2021-02-25 13:30:00,220.502,220.502,220.187,220.358,18585
2021-02-25 13:35:00,220.361,220.361,220.151,220.282,10521
2021-02-25 13:40:00,220.128,220.413,220.066,220.363,20904
2021-02-25 13:45:00,220.461,220.757,220.459,220.674,18135
2021-02-25 13:50:00,220.885,220.885,220.697,220.743,6669
2021-02-25 13:55:00,220.77,220.821,220.567,220.628,15414
2021-02-25 14:00:00,220.531,221.2,220.531,221.091,14340
2021-02-25 14:05:00,221.082,221.373,221.042,221.373,14475
2021-02-25 14:10:00,221.56,221.864,221.494,221.642,14310
2021-02-25 14:15:00,221.575,221.575,221.373,221.449,11103
2021-02-25 14:20:00,221.514,221.707,221.452,221.642,12090
2021-02-25 14:25:00,221.655,221.901,221.444,221.901,38949
2021-02-25 14:30:00,221.779,221.876,221.779,221.876,8418
2021-02-25 14:35:00,221.953,222.34,221.92,222.261,23652
2021-02-25 14:40:00,222.253,222.253,221.927,221.973,12498
2021-02-25 14:45:00,221.897,222.097,221.881,221.924,14232
2021-02-25 14:50:00,222.009,222.015,221.675,221.789,38013
2021-02-25 14:55:00,221.945,222.114,221.49,221.49,22233
2021-02-25 15:00:00,221.625,221.796,221.589,221.599,16257
2021-02-25 15:05:00,221.737,222.195,221.717,221.729,19914
2021-02-25 15:10:00,221.727,221.835,221.272,221.272,16614
2021-02-25 15:15:00,221.413,221.665,221.362,221.498,13677
2021-02-25 15:20:00,221.375,221.478,221.216,221.245,11217
2021-02-25 15:25:00,221.295,221.575,221.114,221.252,18393
2021-02-25 15:30:00,221.37,221.927,221.368,221.398,15258
2021-02-25 15:35:00,221.442,221.701,221.223,221.223,18495
2021-02-25 15:40:00,221.167,221.35,220.63,221.042,20979
2021-02-25 15:45:00,221.091,221.357,220.666,221.234,31548
2021-02-25 15:50:00,221.229,221.704,220.767,220.767,44706
2021-02-25 15:55:00,221.331,221.514,221.095,221.501,56805
2021-02-25 16:00:00,221.357,221.357,220.364,220.42,181398
2021-02-25 16:05:00,220.535,220.535,220.535,220.535,23187
2021-02-26 09:35:00,221.897,222.472,221.849,222.16,71001
2021-02-26 09:40:00,222.278,223.575,222.058,223.326,20376
2021-02-26 09:45:00,223.234,223.901,223.168,223.184,28452
2021-02-26 09:50:00,223.166,223.818,222.498,222.702,40665
2021-02-26 09:55:00,222.623,223.296,222.488,223.192,27384
2021-02-26 10:00:00,223.112,223.938,223.076,223.746,42984
2021-02-26 10:05:00,223.754,224.56,223.703,224.429,37632
2021-02-26 10:10:00,224.495,224.573,223.979,224.271,45561
2021-02-26 10:15:00,224.342,224.606,223.954,224.485,53403
2021-02-26 10:20:00,224.422,224.524,223.9,224.229,42225
2021-02-26 10:25:00,224.352,224.527,224.14,224.491,21366
2021-02-26 10:30:00,224.367,224.747,223.588,223.588,78633
2021-02-26 10:35:00,223.785,224.314,223.595,224.298,28605
2021-02-26 10:40:00,224.014,224.587,223.805,224.537,40515
2021-02-26 10:45:00,224.429,224.429,223.989,224.201,16425
2021-02-26 10:50:00,224.284,224.577,224.271,224.307,16902
2021-02-26 10:55:00,224.081,224.298,223.743,223.879,47175
2021-02-26 11:00:00,223.89,224.485,223.698,224.324,38526
2021-02-26 11:05:00,224.462,224.705,224.074,224.458,15948
2021-02-26 11:10:00,224.462,224.554,224.022,224.035,17862
2021-02-26 11:15:00,224.097,224.147,223.58,223.867,32004
2021-02-26 11:20:00,223.926,224.114,223.628,223.641,10239
2021-02-26 11:25:00,223.637,223.716,223.312,223.463,42447
2021-02-26 11:30:00,223.58,223.682,223.312,223.513,19302
2021-02-26 11:35:00,223.486,223.854,223.312,223.841,22218
2021-02-26 11:40:00,223.913,224.245,223.913,224.197,10842
2021-02-26 11:45:00,224.194,224.194,223.641,223.785,44853
2021-02-26 11:50:00,223.721,223.979,223.588,223.812,16833
2021-02-26 11:55:00,223.769,223.818,223.555,223.562,27420
2021-02-26 12:00:00,223.601,223.752,223.598,223.736,8106
2021-02-26 12:05:00,223.789,223.894,223.47,223.529,11409
2021-02-26 12:10:00,223.447,223.805,223.263,223.805,32061
2021-02-26 12:15:00,223.93,224.176,223.848,224.176,29532
2021-02-26 12:20:00,224.071,224.462,224.005,224.419,32469
2021-02-26 12:25:00,224.426,224.426,224.192,224.288,24390
2021-02-26 12:30:00,224.192,224.298,224.064,224.298,12603
2021-02-26 12:35:00,224.383,225.109,224.324,225.109,33618
2021-02-26 12:40:00,225.24,225.513,225.24,225.503,18531
2021-02-26 12:45:00,225.697,225.982,225.559,225.894,15729
2021-02-26 12:50:00,226.028,226.324,226.012,226.211,16098
2021-02-26 12:55:00,226.137,226.596,226.028,226.285,25407
2021-02-26 13:00:00,226.232,226.439,226.196,226.258,22542
2021-02-26 13:05:00,226.302,226.373,226.041,226.11,26430
2021-02-26 13:10:00,226.133,226.78,226.055,226.78,29238
2021-02-26 13:15:00,226.769,226.867,226.559,226.559,15489
2021-02-26 13:20:00,226.583,226.715,226.426,226.481,16641
2021-02-26 13:25:00,226.38,226.455,226.191,226.191,12117
2021-02-26 13:30:00,226.245,226.245,225.733,225.733,42150
2021-02-26 13:35:00,225.766,225.766,225.165,225.481,11913
2021-02-26 13:40:00,225.434,225.514,225.165,225.173,17271
2021-02-26 13:45:00,225.166,225.457,225.166,225.457,9873
2021-02-26 13:50:00,225.45,225.493,224.618,224.688,18834
2021-02-26 13:55:00,224.636,224.639,224.399,224.483,9333
2021-02-26 14:00:00,224.437,224.718,224.437,224.524,17286
2021-02-26 14:05:00,224.413,224.749,224.079,224.16,13131
2021-02-26 14:10:00,223.935,224.094,223.812,223.812,7830
2021-02-26 14:15:00,223.825,224.14,223.821,224.109,17958
2021-02-26 14:20:00,224.061,224.222,223.565,223.565,32241
2021-02-26 14:25:00,223.473,223.569,223.171,223.416,15396
2021-02-26 14:30:00,223.327,223.746,223.327,223.746,11646
2021-02-26 14:35:00,223.821,224.104,223.777,224.104,10296
2021-02-26 14:40:00,224.153,224.192,223.608,223.608,34572
2021-02-26 14:45:00,223.565,223.885,223.565,223.885,13824
2021-02-26 14:50:00,223.895,224.314,223.895,224.022,16281
2021-02-26 14:55:00,223.956,224.001,223.739,223.739,14178
2021-02-26 15:00:00,223.867,224.045,223.867,223.946,16029
2021-02-26 15:05:00,224.015,224.332,223.953,224.332,18744
2021-02-26 15:10:00,224.281,224.337,224.012,224.33,30633
2021-02-26 15:15:00,224.334,224.334,223.88,223.933,13671
2021-02-26 15:20:00,223.992,224.273,223.972,224.163,9318
2021-02-26 15:25:00,224.163,224.209,223.828,223.828,16167
2021-02-26 15:30:00,223.779,223.912,223.683,223.772,11556
2021-02-26 15:35:00,223.759,223.851,223.647,223.647,20463
2021-02-26 15:40:00,223.546,223.546,222.931,223.181,33339
2021-02-26 15:45:00,223.105,223.708,222.935,223.679,25803
2021-02-26 15:50:00,223.628,224.255,223.628,224.059,32853
2021-02-26 15:55:00,224.059,224.127,223.641,223.641,66750
2021-02-26 16:00:00,223.688,224.166,223.421,223.421,151227
2021-02-26 16:05:00,223.424,223.424,223.424,223.424,41043
2021-02-26 16:10:00,223.424,223.424,223.424,223.424,1449
2021-03-01 09:35:00,224.954,228.78,224.954,228.186,79452
2021-03-01 09:40:00,227.94,228.49,226.603,226.81,77988
2021-03-01 09:45:00,226.71,226.869,226.334,226.623,14250
2021-03-01 09:50:00,226.564,227.542,226.564,227.096,16008
2021-03-01 09:55:00,227.02,227.059,226.301,226.35,31401
2021-03-01 10:00:00,226.486,227.266,226.475,227.145,13398
2021-03-01 10:05:00,227.138,227.532,226.928,227.447,32223
2021-03-01 10:10:00,227.427,227.629,227.227,227.449,16647
2021-03-01 10:15:00,227.403,227.547,227.286,227.547,23112
2021-03-01 10:20:00,227.637,228.728,227.637,228.728,23937
2021-03-01 10:25:00,228.585,228.728,228.455,228.583,22254
2021-03-01 10:30:00,228.508,228.508,227.953,228.018,12270
2021-03-01 10:35:00,228.015,228.297,227.859,227.859,16020
2021-03-01 10:40:00,227.989,228.585,227.989,228.559,27159
2021-03-01 10:45:00,228.695,229.053,228.588,229.053,34668
2021-03-01 10:50:00,229.161,229.486,228.133,228.57,40719
2021-03-01 10:55:00,228.567,229.401,228.567,229.345,37566
2021-03-01 11:00:00,229.224,229.831,229.03,229.723,20346
2021-03-01 11:05:00,229.8,230.13,229.559,229.577,42762
2021-03-01 11:10:00,229.204,229.698,229.155,229.698,7569
2021-03-01 11:15:00,229.631,229.923,229.631,229.877,8766
2021-03-01 11:20:00,229.864,229.864,229.595,229.765,9678
2021-03-01 11:25:00,229.739,229.825,229.627,229.696,10587
2021-03-01 11:30:00,229.713,229.713,229.621,229.621,5871
2021-03-01 11:35:00,229.655,229.655,229.214,229.33,11871
2021-03-01 11:40:00,229.38,229.565,229.38,229.565,11121
2021-03-01 11:45:00,229.568,229.788,229.513,229.788,5661
2021-03-01 11:50:00,229.723,230.097,229.723,230.094,4425
2021-03-01 11:55:00,230.008,230.209,229.939,230.209,5820
2021-03-01 12:00:00,230.297,230.823,230.242,230.823,6039
2021-03-01 12:05:00,230.826,231.013,230.695,230.695,15555
2021-03-01 12:10:00,230.685,231.091,230.685,230.902,8949
2021-03-01 12:15:00,230.813,230.921,230.514,230.627,48282
2021-03-01 12:20:00,230.547,230.678,230.16,230.16,11829
2021-03-01 12:25:00,230.25,230.25,229.966,229.966,4419
2021-03-01 12:30:00,230.056,230.137,229.673,229.8,8865
2021-03-01 12:35:00,229.601,229.866,229.601,229.866,4581
2021-03-01 12:40:00,229.851,229.851,229.598,229.598,6648
2021-03-01 12:45:00,229.66,229.66,229.254,229.375,8619
2021-03-01 12:50:00,229.509,229.563,229.312,229.404,13938
2021-03-01 12:55:00,229.404,229.45,229.37,229.394,5751
2021-03-01 13:00:00,229.253,229.253,228.867,228.867,4320
2021-03-01 13:05:00,228.714,228.869,228.695,228.852,18429
2021-03-01 13:10:00,229.117,229.117,229.025,229.025,4455
2021-03-01 13:15:00,228.931,228.931,228.626,228.702,9963
2021-03-01 13:20:00,228.696,228.784,228.696,228.767,5436
2021-03-01 13:25:00,228.711,228.846,228.606,228.649,11547
2021-03-01 13:30:00,228.534,229.01,228.531,229.01,7752
2021-03-01 13:35:00,229.073,229.316,229.073,229.233,10890
2021-03-01 13:40:00,229.053,229.197,228.912,229.046,7800
2021-03-01 13:45:00,229.115,229.296,228.875,228.875,8145
2021-03-01 13:50:00,228.984,228.984,228.672,228.928,13554
2021-03-01 13:55:00,229.041,229.105,228.99,229.092,2568
2021-03-01 14:00:00,229.276,229.276,228.935,228.935,7965
2021-03-01 14:05:00,229.008,229.164,228.938,229.053,6966
2021-03-01 14:10:00,228.994,229.26,228.974,229.086,17223
2021-03-01 14:15:00,229.291,229.291,229.164,229.168,3465
2021-03-01 14:20:00,228.931,229.201,228.931,229.201,5967
2021-03-01 14:25:00,229.166,229.496,229.163,229.476,10986
2021-03-01 14:30:00,229.457,229.608,229.457,229.608,4725
2021-03-01 14:35:00,229.609,229.629,229.427,229.486,18372
2021-03-01 14:40:00,229.437,229.555,229.345,229.453,15492
2021-03-01 14:45:00,229.582,229.69,229.417,229.417,11193
2021-03-01 14:50:00,229.328,229.332,228.971,228.971,5715
2021-03-01 14:55:00,229.118,229.118,228.946,229.007,9216
2021-03-01 15:00:00,228.948,228.958,228.705,228.705,9228
2021-03-01 15:05:00,228.606,228.925,227.91,227.91,36837
2021-03-01 15:10:00,227.91,228.12,227.91,228.031,16878
2021-03-01 15:15:00,228.025,228.105,227.971,228.031,8802
2021-03-01 15:20:00,228.037,228.082,227.82,227.943,8289
2021-03-01 15:25:00,228.028,228.36,228.015,228.271,11889
2021-03-01 15:30:00,228.283,228.432,228.196,228.375,18522
2021-03-01 15:35:00,228.452,228.452,228.091,228.091,30249
2021-03-01 15:40:00,228.176,228.176,227.884,227.884,11175
2021-03-01 15:45:00,227.828,227.986,227.697,227.874,15846
2021-03-01 15:50:00,227.769,227.833,227.614,227.833,17988
2021-03-01 15:55:00,227.706,227.706,227.289,227.483,33456
2021-03-01 16:00:00,227.573,227.871,227.105,227.496,119637
2021-03-01 16:05:00,227.857,227.857,227.857,227.857,183777
2021-03-01 16:35:00,227.857,227.857,227.857,227.857,600
2021-03-02 09:35:00,226.994,228.505,226.928,226.928,49491
2021-03-02 09:40:00,226.912,227.408,226.626,227.358,7773
2021-03-02 09:45:00,227.532,227.532,226.708,226.708,10842
2021-03-02 09:50:00,226.839,226.876,225.894,226.348,11310
2021-03-02 09:55:00,226.284,226.912,226.196,226.912,6489
2021-03-02 10:00:00,227.283,227.772,226.8,227.772,14868
2021-03-02 10:05:00,227.427,227.427,226.248,226.416,21954
2021-03-02 10:10:00,226.426,226.57,226.186,226.186,9039
2021-03-02 10:15:00,226.291,226.291,225.793,225.93,19299
2021-03-02 10:20:00,226.094,226.373,225.903,225.903,8241
2021-03-02 10:25:00,225.823,226.048,225.388,225.388,13662
2021-03-02 10:30:00,225.342,225.509,225.128,225.128,9078
2021-03-02 10:35:00,225.03,225.56,224.757,225.481,20478
2021-03-02 10:40:00,225.332,225.552,225.148,225.201,13287
2021-03-02 10:45:00,225.355,225.726,225.339,225.339,10317
2021-03-02 10:50:00,225.296,225.562,225.199,225.562,6183
2021-03-02 10:55:00,225.44,225.496,224.961,224.961,13107
2021-03-02 11:00:00,225.036,225.22,225.022,225.202,11220
2021-03-02 11:05:00,225.256,225.657,225.125,225.657,17292
2021-03-02 11:10:00,225.86,225.99,225.86,225.986,8043
2021-03-02 11:15:00,226.081,226.412,225.93,226.412,12924
2021-03-02 11:20:00,226.362,226.596,226.077,226.473,12183
2021-03-02 11:25:00,226.298,226.468,226.263,226.302,10380
2021-03-02 11:30:00,226.15,226.465,226.15,226.465,13770
2021-03-02 11:35:00,226.409,226.409,226.15,226.179,6018
2021-03-02 11:40:00,226.222,226.58,226.15,226.468,9960
2021-03-02 11:45:00,226.225,226.445,226.163,226.445,8481
2021-03-02 11:50:00,226.322,226.708,226.322,226.708,4692
2021-03-02 11:55:00,226.844,227.082,226.844,227.082,2883
2021-03-02 12:00:00,226.859,226.941,226.813,226.813,8202
2021-03-02 12:05:00,226.813,227.197,226.619,227.197,13140
2021-03-02 12:10:00,227.311,227.319,227.148,227.148,7053
2021-03-02 12:15:00,227.355,227.588,227.086,227.588,6195
2021-03-02 12:20:00,227.541,227.541,227.125,227.286,21066
2021-03-02 12:25:00,227.178,227.408,227.178,227.408,5097
2021-03-02 12:30:00,227.437,227.591,227.27,227.591,7758
2021-03-02 12:35:00,227.508,227.894,227.378,227.894,14817
2021-03-02 12:40:00,227.999,228.36,227.999,228.36,3960
2021-03-02 12:45:00,228.386,228.386,228.189,228.291,8256
2021-03-02 12:50:00,228.37,228.82,228.37,228.756,9867
2021-03-02 12:55:00,228.731,228.731,228.255,228.265,7893
2021-03-02 13:00:00,228.274,228.373,227.944,227.944,9261
2021-03-02 13:05:00,227.89,228.031,227.823,228.015,9426
2021-03-02 13:10:00,227.892,227.989,227.752,227.912,13503
2021-03-02 13:15:00,228.143,228.169,228.1,228.169,2217
2021-03-02 13:20:00,228.189,228.235,227.966,227.966,14187
2021-03-02 13:25:00,227.864,227.941,227.864,227.941,3984
2021-03-02 13:30:00,227.966,228.061,227.503,227.864,36402
2021-03-02 13:35:00,227.765,228.086,227.483,228.086,12999
2021-03-02 13:40:00,228.163,228.252,227.949,228.132,12582
2021-03-02 13:45:00,228.077,228.174,227.7,227.928,7197
2021-03-02 13:50:00,227.935,228.227,227.935,228.082,14925
2021-03-02 13:55:00,228.058,228.076,227.798,227.798,5607
2021-03-02 14:00:00,227.839,227.862,227.775,227.775,2961
2021-03-02 14:05:00,227.82,228.018,227.687,227.82,16170
2021-03-02 14:10:00,227.706,227.775,227.677,227.749,8142
2021-03-02 14:15:00,227.741,227.836,227.48,227.522,17619
2021-03-02 14:20:00,227.635,227.635,227.521,227.527,4509
2021-03-02 14:25:00,227.559,227.756,227.559,227.608,13632
2021-03-02 14:30:00,227.761,227.761,227.578,227.713,10035
2021-03-02 14:35:00,227.624,227.775,227.44,227.639,24027
2021-03-02 14:40:00,227.654,227.742,227.552,227.616,14232
2021-03-02 14:45:00,227.493,227.537,227.453,227.522,7407
2021-03-02 14:50:00,227.508,227.742,227.486,227.58,23520
2021-03-02 14:55:00,227.408,227.67,227.314,227.332,22989
2021-03-02 15:00:00,227.465,227.588,227.465,227.555,7731
2021-03-02 15:05:00,227.605,227.723,227.605,227.705,7479
2021-03-02 15:10:00,227.728,227.861,227.728,227.849,10461
2021-03-02 15:15:00,227.907,227.917,227.7,227.7,11604
2021-03-02 15:20:00,227.651,227.651,227.452,227.545,12915
2021-03-02 15:25:00,227.463,227.585,227.463,227.547,7638
2021-03-02 15:30:00,227.573,227.792,227.447,227.447,17700
2021-03-02 15:35:00,227.424,227.499,227.155,227.155,21612
2021-03-02 15:40:00,227.24,227.24,226.928,226.974,24756
2021-03-02 15:45:00,226.935,227.035,226.839,226.951,44325
2021-03-02 15:50:00,226.944,227.017,226.564,226.795,50028
2021-03-02 15:55:00,226.705,226.885,226.59,226.642,52812
2021-03-02 16:00:00,226.636,226.928,226.495,226.58,124473
2021-03-02 16:05:00,226.491,226.491,226.491,226.491,56004
2021-03-03 09:35:00,226.898,227.887,224.481,225.184,48672
2021-03-03 09:40:00,225.335,225.623,225.22,225.22,6936
2021-03-03 09:45:00,224.846,225.253,224.498,224.836,10572
2021-03-03 09:50:00,225.089,226.268,224.38,224.872,37869
2021-03-03 09:55:00,225.092,225.092,224.301,224.688,7257
2021-03-03 10:00:00,224.429,224.667,223.542,223.542,10917
2021-03-03 10:05:00,223.999,224.137,222.987,223.67,36711
2021-03-03 10:10:00,223.739,224.025,223.674,223.75,16377
2021-03-03 10:15:00,224.015,224.114,223.726,223.992,12489
2021-03-03 10:20:00,223.997,223.997,223.171,223.496,18063
2021-03-03 10:25:00,223.628,223.628,223.294,223.5,7344
2021-03-03 10:30:00,223.463,223.841,223.463,223.782,8220
2021-03-03 10:35:00,223.641,223.769,223.069,223.069,14034
2021-03-03 10:40:00,223.232,223.232,222.656,222.656,16098
2021-03-03 10:45:00,222.57,222.672,222.355,222.527,25011
2021-03-03 10:50:00,222.483,222.813,222.452,222.452,14493
2021-03-03 10:55:00,222.376,222.862,222.367,222.527,30543
2021-03-03 11:00:00,222.688,222.692,222.245,222.603,17796
2021-03-03 11:05:00,222.521,222.884,222.521,222.78,15909
2021-03-03 11:10:00,222.78,223.017,222.675,223.017,9516
2021-03-03 11:15:00,222.926,222.926,222.491,222.536,10134
2021-03-03 11:20:00,222.436,222.78,222.13,222.78,27774
2021-03-03 11:25:00,222.784,223.112,222.784,223.105,9591
2021-03-03 11:30:00,223.155,223.347,223.091,223.347,10404
2021-03-03 11:35:00,223.347,223.637,223.26,223.613,13332
2021-03-03 11:40:00,223.616,223.949,223.539,223.949,35115
2021-03-03 11:45:00,224.051,224.189,223.972,224.189,15141
2021-03-03 11:50:00,224.288,224.393,224.232,224.393,8817
2021-03-03 11:55:00,224.284,224.37,224.245,224.298,8586
2021-03-03 12:00:00,224.281,224.406,224.248,224.393,8334
2021-03-03 12:05:00,224.275,224.368,224.248,224.272,14850
2021-03-03 12:10:00,224.363,224.373,224.248,224.306,8790
2021-03-03 12:15:00,224.252,224.307,224.113,224.113,17163
2021-03-03 12:20:00,224.091,224.137,223.876,223.876,13749
2021-03-03 12:25:00,223.956,223.956,223.752,223.853,9165
2021-03-03 12:30:00,223.779,223.821,223.611,223.8,9741
2021-03-03 12:35:00,223.739,223.847,223.647,223.711,16788
2021-03-03 12:40:00,223.746,223.754,223.664,223.683,8514
2021-03-03 12:45:00,223.77,223.872,223.697,223.697,13746
2021-03-03 12:50:00,223.769,223.959,223.769,223.959,18369
2021-03-03 12:55:00,223.935,223.997,223.664,223.664,24603
2021-03-03 13:00:00,223.636,223.636,223.063,223.063,4131
2021-03-03 13:05:00,223.168,223.232,222.968,222.982,12822
2021-03-03 13:10:00,223.132,223.201,222.905,222.905,11145
2021-03-03 13:15:00,222.902,222.938,222.518,222.534,17925
2021-03-03 13:20:00,222.767,223.112,222.695,222.958,13590
2021-03-03 13:25:00,222.964,223.035,222.905,223.035,10080
2021-03-03 13:30:00,222.908,222.918,222.662,222.793,22029
2021-03-03 13:35:00,222.771,222.83,222.541,222.646,14496
2021-03-03 13:40:00,222.665,222.79,222.613,222.685,15066
2021-03-03 13:45:00,222.682,222.682,222.501,222.636,10542
2021-03-03 13:50:00,222.649,222.714,222.445,222.445,7059
2021-03-03 13:55:00,222.495,222.659,222.436,222.573,9942
2021-03-03 14:00:00,222.555,222.679,222.439,222.624,8475
2021-03-03 14:05:00,222.685,222.981,222.541,222.892,21591
2021-03-03 14:10:00,222.854,223.015,222.833,222.924,11370
2021-03-03 14:15:00,222.836,222.971,222.816,222.954,14982
2021-03-03 14:20:00,223.033,223.04,222.688,222.792,23331
2021-03-03 14:25:00,222.772,222.774,222.344,222.344,12702
2021-03-03 14:30:00,222.393,222.79,222.393,222.731,23721
2021-03-03 14:35:00,222.741,222.836,222.12,222.173,16815
2021-03-03 14:40:00,222.252,222.431,222.183,222.183,14640
2021-03-03 14:45:00,222.386,222.422,222.258,222.422,12447
2021-03-03 14:50:00,222.245,222.245,221.964,221.982,27273
2021-03-03 14:55:00,222.005,222.173,221.83,221.853,21450
2021-03-03 15:00:00,221.854,221.882,221.812,221.881,9576
2021-03-03 15:05:00,221.805,222.229,221.792,222.194,16329
2021-03-03 15:10:00,222.117,222.209,221.904,222.209,16764
2021-03-03 15:15:00,222.209,222.634,222.209,222.432,26475
2021-03-03 15:20:00,222.439,222.482,222.173,222.202,27180
2021-03-03 15:25:00,222.196,222.196,221.723,221.723,13452
2021-03-03 15:30:00,221.808,222.163,221.789,222.163,20652
2021-03-03 15:35:00,222.18,222.18,221.745,221.797,25470
2021-03-03 15:40:00,221.881,221.912,221.709,221.912,11559
2021-03-03 15:45:00,221.9,222.025,221.818,221.854,26577
2021-03-03 15:50:00,221.933,222.174,221.739,221.92,54330
2021-03-03 15:55:00,221.892,221.892,221.395,221.45,38055
2021-03-03 16:00:00,221.455,221.592,220.958,220.961,77505
2021-03-03 16:05:00,221.083,221.083,221.083,221.083,25527
2021-03-03 16:15:00,222.54,222.54,222.54,222.54,11700
2021-03-04 09:35:00,220.396,221.867,220.396,221.332,44076
2021-03-04 09:40:00,221.601,222.044,221.194,221.46,18849
2021-03-04 09:45:00,221.501,221.501,220.429,220.429,21039
2021-03-04 09:50:00,220.38,220.436,220.209,220.209,9321
2021-03-04 09:55:00,220.079,220.094,219.582,219.887,32643
2021-03-04 10:00:00,219.89,219.9,219.25,219.562,9414
2021-03-04 10:05:00,219.434,220.074,219.296,219.92,19068
2021-03-04 10:10:00,220.258,220.406,219.155,219.516,48795
2021-03-04 10:15:00,219.572,220.403,219.194,220.399,29976
2021-03-04 10:20:00,220.239,220.281,219.749,219.749,18483
2021-03-04 10:25:00,220.137,220.311,220.137,220.179,12051
2021-03-04 10:30:00,220.055,220.239,219.821,219.821,21678
2021-03-04 10:35:00,219.936,219.936,219.904,219.927,4329
2021-03-04 10:40:00,219.904,220.347,219.756,220.288,18516
2021-03-04 10:45:00,220.478,220.794,220.363,220.771,17121
2021-03-04 10:50:00,220.938,221.424,220.938,221.283,36984
2021-03-04 10:55:00,221.24,221.24,220.534,220.574,11010
2021-03-04 11:00:00,220.465,220.697,220.376,220.488,18096
2021-03-04 11:05:00,220.649,221.283,220.649,221.014,20802
2021-03-04 11:10:00,220.977,221.166,220.84,221.166,14193
2021-03-04 11:15:00,221.27,221.381,221.138,221.243,12744
2021-03-04 11:20:00,221.206,221.383,221.206,221.383,2418
2021-03-04 11:25:00,221.473,221.473,221.319,221.422,15000
2021-03-04 11:30:00,221.375,221.659,221.335,221.659,11901
2021-03-04 11:35:00,221.808,221.82,221.163,221.163,28116
2021-03-04 11:40:00,221.283,221.463,221.122,221.376,30450
2021-03-04 11:45:00,221.342,221.466,221.289,221.289,20004
2021-03-04 11:50:00,221.456,221.456,221.247,221.247,11124
2021-03-04 11:55:00,221.174,221.557,221.174,221.557,10416
2021-03-04 12:00:00,221.398,221.559,220.935,220.961,23727
2021-03-04 12:05:00,221.06,221.523,221.06,221.352,10167
2021-03-04 12:10:00,221.332,221.654,221.303,221.621,21501
2021-03-04 12:15:00,221.595,221.595,221.012,221.027,9405
2021-03-04 12:20:00,220.999,221.654,220.999,221.234,20013
2021-03-04 12:25:00,220.997,220.997,220.58,220.627,8931
2021-03-04 12:30:00,220.419,220.419,220.419,220.419,1755
2021-03-04 12:35:00,220.153,220.153,219.599,219.599,7632
2021-03-04 12:40:00,219.575,219.578,219.303,219.575,18588
2021-03-04 12:45:00,219.638,219.713,219.286,219.286,14046
2021-03-04 12:50:00,219.201,219.207,218.826,218.826,10749
2021-03-04 12:55:00,218.649,218.863,218.229,218.661,16593
2021-03-04 13:00:00,218.547,218.547,218.133,218.133,8961
2021-03-04 13:05:00,218.117,218.692,218.117,218.196,5691
2021-03-04 13:10:00,218.242,218.242,217.569,217.976,9438
2021-03-04 13:15:00,217.68,217.68,217.095,217.095,22335
2021-03-04 13:20:00,217.25,217.5,216.95,217.5,22263
2021-03-04 13:25:00,217.224,217.47,217.031,217.47,17001
2021-03-04 13:30:00,217.237,217.705,217.224,217.705,10719
2021-03-04 13:35:00,217.523,217.575,216.833,216.833,16878
2021-03-04 13:40:00,216.866,217.234,216.582,217.025,19875
2021-03-04 13:45:00,216.675,217.163,216.537,216.61,16026
2021-03-04 13:50:00,216.567,216.567,215.667,215.754,16020
2021-03-04 13:55:00,215.769,215.769,214.91,215.51,18627
2021-03-04 14:00:00,215.572,215.634,214.836,215.226,17031
2021-03-04 14:05:00,215.442,215.644,215.372,215.372,10080
2021-03-04 14:10:00,215.646,216.744,215.646,216.744,12693
2021-03-04 14:15:00,216.606,216.682,216.038,216.038,23157
2021-03-04 14:20:00,216.101,216.101,215.395,215.687,36624
2021-03-04 14:25:00,215.5,216.899,215.444,216.899,26964
2021-03-04 14:30:00,216.813,216.876,215.881,216.383,44424
2021-03-04 14:35:00,216.242,216.242,215.858,215.923,24498
2021-03-04 14:40:00,215.979,216.061,215.9,215.923,8097
2021-03-04 14:45:00,215.973,216.202,215.871,216.045,60936
2021-03-04 14:50:00,215.936,216.257,215.845,216.005,110325
2021-03-04 14:55:00,216.005,217.001,216.005,216.925,17847
2021-03-04 15:00:00,217.056,217.411,217.004,217.37,21048
2021-03-04 15:05:00,217.477,217.477,217.001,217.096,25224
2021-03-04 15:10:00,217.312,217.578,217.312,217.578,28839
2021-03-04 15:15:00,217.46,217.465,216.978,217.217,39981
2021-03-04 15:20:00,217.142,217.29,216.922,217.096,37392
2021-03-04 15:25:00,217.037,217.194,216.945,217.158,29325
2021-03-04 15:30:00,217.155,217.437,217.109,217.299,33717
2021-03-04 15:35:00,217.286,217.785,217.276,217.626,19362
2021-03-04 15:40:00,217.684,217.881,217.582,217.582,46509
2021-03-04 15:45:00,217.692,217.877,216.787,216.994,66867
2021-03-04 15:50:00,217.115,217.119,216.754,216.754,44484
2021-03-04 15:55:00,216.955,217.152,216.442,216.616,76317
2021-03-04 16:00:00,216.597,216.744,216.193,216.744,133914
2021-03-04 16:05:00,216.6,216.6,216.6,216.6,11169
2021-03-04 16:10:00,216.6,216.6,216.6,216.6,14022
2021-03-05 09:35:00,217.89,218.259,217.339,217.572,32733
2021-03-05 09:40:00,217.713,217.733,217.142,217.418,26712
2021-03-05 09:45:00,217.564,218.032,216.79,216.79,21849
2021-03-05 09:50:00,217.06,217.542,216.735,216.754,21591
2021-03-05 09:55:00,216.528,216.797,215.831,215.831,11700
2021-03-05 10:00:00,215.996,216.744,215.996,216.744,10017
2021-03-05 10:05:00,216.741,216.741,216.235,216.298,7557
2021-03-05 10:10:00,216.521,216.748,216.344,216.682,47253
2021-03-05 10:15:00,216.628,216.682,216.173,216.173,23979
2021-03-05 10:20:00,216.426,216.623,216.253,216.467,18066
2021-03-05 10:25:00,216.603,216.787,216.551,216.685,21042
2021-03-05 10:30:00,216.81,217.597,216.725,216.751,41256
2021-03-05 10:35:00,216.846,217.001,216.557,217.001,31425
2021-03-05 10:40:00,216.831,217.946,216.831,217.677,29313
2021-03-05 10:45:00,217.73,217.909,217.265,217.265,24147
2021-03-05 10:50:00,217.094,217.799,216.928,217.618,37701
2021-03-05 10:55:00,217.567,218.046,217.276,218.046,25608
2021-03-05 11:00:00,217.9,217.9,216.744,216.932,20712
2021-03-05 11:05:00,216.636,217.092,216.429,216.909,17259
2021-03-05 11:10:00,216.774,216.774,215.835,216.268,21582
2021-03-05 11:15:00,216.511,216.79,216.166,216.166,6867
2021-03-05 11:20:00,216.449,216.669,216.449,216.628,12138
2021-03-05 11:25:00,216.488,216.826,216.321,216.396,14826
2021-03-05 11:30:00,216.695,216.78,216.537,216.597,7440
2021-03-05 11:35:00,216.685,217.183,216.567,216.818,17163
2021-03-05 11:40:00,216.606,217.096,216.393,217.096,8562
2021-03-05 11:45:00,216.849,216.935,216.416,216.935,25389
2021-03-05 11:50:00,216.984,217.237,216.675,217.237,8718
2021-03-05 11:55:00,217.084,217.237,216.833,216.833,11394
2021-03-05 12:00:00,216.856,217.447,216.856,217.386,7140
2021-03-05 12:05:00,217.24,217.792,217.158,217.792,18642
2021-03-05 12:10:00,217.588,218.47,217.588,218.322,17718
2021-03-05 12:15:00,218.326,218.413,217.89,218.028,32607
2021-03-05 12:20:00,218.104,218.468,218.012,218.248,47193
2021-03-05 12:25:00,218.248,219.007,218.247,218.734,27246
2021-03-05 12:30:00,218.731,218.935,218.536,218.56,26505
2021-03-05 12:35:00,218.641,218.68,218.462,218.68,3405
2021-03-05 12:40:00,218.692,218.702,218.459,218.559,21216
2021-03-05 12:45:00,218.468,218.905,218.465,218.859,52287
2021-03-05 12:50:00,218.82,218.964,218.528,218.528,31749
2021-03-05 12:55:00,218.551,218.905,218.406,218.708,96519
2021-03-05 13:00:00,218.715,218.94,218.429,218.94,31575
2021-03-05 13:05:00,218.94,219.069,218.593,218.649,35547
2021-03-05 13:10:00,218.679,218.869,218.56,218.731,29235
2021-03-05 13:15:00,218.734,218.734,218.39,218.547,13056
2021-03-05 13:20:00,218.675,218.753,218.455,218.455,36105
2021-03-05 13:25:00,218.481,218.487,218.166,218.222,24924
2021-03-05 13:30:00,218.212,218.344,218.061,218.061,19548
2021-03-05 13:35:00,218.032,218.262,217.907,218.015,31275
2021-03-05 13:40:00,218.015,218.429,217.992,218.429,34170
2021-03-05 13:45:00,218.16,219.486,218.16,219.211,23592
2021-03-05 13:50:00,219.122,219.388,218.682,218.884,41472
2021-03-05 13:55:00,218.89,219.204,218.606,218.611,27303
2021-03-05 14:00:00,218.738,219.201,218.662,219.201,10500
2021-03-05 14:05:00,219.372,219.667,219.237,219.467,16572
2021-03-05 14:10:00,219.112,219.69,219.112,219.608,20220
2021-03-05 14:15:00,219.624,220.616,219.48,220.583,27219
2021-03-05 14:20:00,220.662,220.794,220.505,220.521,24750
2021-03-05 14:25:00,220.516,220.889,220.37,220.889,20400
2021-03-05 14:30:00,220.935,221.414,220.935,221.404,11484
2021-03-05 14:35:00,221.326,221.67,221.23,221.372,17400
2021-03-05 14:40:00,221.619,221.828,221.592,221.605,18192
2021-03-05 14:45:00,221.555,221.756,221.329,221.376,10002
2021-03-05 14:50:00,221.523,221.611,221.329,221.518,24843
2021-03-05 14:55:00,221.426,221.526,220.565,220.902,17670
2021-03-05 15:00:00,220.904,220.951,220.725,220.856,10677
2021-03-05 15:05:00,220.899,221.431,220.889,221.431,20457
2021-03-05 15:10:00,221.375,221.375,220.757,220.757,21780
2021-03-05 15:15:00,220.82,220.961,220.577,220.961,12975
2021-03-05 15:20:00,221.05,221.273,220.79,220.958,14595
2021-03-05 15:25:00,220.885,221.27,220.885,221.27,18486
2021-03-05 15:30:00,221.171,221.307,220.991,221.076,18738
2021-03-05 15:35:00,220.991,221.273,220.991,221.273,17214
2021-03-05 15:40:00,221.496,221.761,221.276,221.761,21180
2021-03-05 15:45:00,221.772,221.9,221.513,221.9,25932
2021-03-05 15:50:00,221.815,221.974,221.516,221.974,31446
2021-03-05 15:55:00,222.11,222.294,222.055,222.13,36261
2021-03-05 16:00:00,222.104,222.104,221.677,221.897,74703
2021-03-05 16:05:00,221.897,221.897,221.897,221.897,19950
2021-03-08 07:05:00,222.816,223.312,222.816,223.312,2160
2021-03-08 09:35:00,222.754,224.215,222.33,224.215,61044
2021-03-08 09:40:00,223.631,226.104,223.614,226.025,25545
2021-03-08 09:45:00,226.028,226.242,225.279,225.986,31152
2021-03-08 09:50:00,226.133,226.889,225.726,226.518,42402
2021-03-08 09:55:00,226.222,228.235,226.222,228.202,36801
2021-03-08 10:00:00,227.94,228.215,226.669,227.68,69939
2021-03-08 10:05:00,227.683,228.242,227.293,228.045,43023
2021-03-08 10:10:00,227.894,228.031,227.532,228.012,17922
2021-03-08 10:15:00,228.567,229.283,228.104,228.92,30246
2021-03-08 10:20:00,228.675,229.138,228.659,229.138,14613
2021-03-08 10:25:00,228.731,229.447,228.718,228.986,33789
2021-03-08 10:30:00,228.924,229.295,228.898,229.036,24180
2021-03-08 10:35:00,229.296,229.664,228.829,229.242,32229
2021-03-08 10:40:00,229.217,229.217,227.976,228.48,27240
2021-03-08 10:45:00,228.478,228.481,227.982,227.982,15720
2021-03-08 10:50:00,227.992,228.81,227.992,228.637,22581
2021-03-08 10:55:00,228.639,229.742,228.639,229.723,65340
2021-03-08 11:00:00,229.523,229.88,229.109,229.243,31818
2021-03-08 11:05:00,229.322,229.626,228.511,228.79,30744
2021-03-08 11:10:00,228.807,229.214,228.807,228.895,19116
2021-03-08 11:15:00,228.915,229.059,228.57,228.869,24627
2021-03-08 11:20:00,228.67,229.128,228.67,228.958,10899
2021-03-08 11:25:00,228.994,229.371,228.994,229.366,10128
2021-03-08 11:30:00,229.435,229.486,229.279,229.38,21678
2021-03-08 11:35:00,229.27,229.496,229.059,229.409,16842
2021-03-08 11:40:00,229.309,229.319,229.194,229.319,13032
2021-03-08 11:45:00,229.316,229.391,228.779,228.779,12903
2021-03-08 11:50:00,228.77,228.833,228.724,228.82,17691
2021-03-08 11:55:00,228.839,228.892,228.624,228.892,14700
2021-03-08 12:00:00,228.885,229.149,228.885,229.063,18144
2021-03-08 12:05:00,228.961,229.538,228.961,229.538,14970
2021-03-08 12:10:00,229.357,229.798,229.357,229.763,14049
2021-03-08 12:15:00,229.585,229.821,229.532,229.7,17736
2021-03-08 12:20:00,229.805,229.946,229.549,229.946,20592
2021-03-08 12:25:00,230.035,230.209,229.972,230.209,21453
2021-03-08 12:30:00,230.225,230.225,229.723,229.972,23520
2021-03-08 12:35:00,230.137,230.137,229.782,230.002,17079
2021-03-08 12:40:00,230.179,230.189,230.179,230.189,1632
2021-03-08 12:45:00,230.153,230.251,229.88,229.958,22782
2021-03-08 12:50:00,230.064,230.064,229.854,229.854,7053
2021-03-08 12:55:00,229.93,230.018,229.838,229.962,11685
2021-03-08 13:00:00,229.923,230.091,229.923,230.091,3489
2021-03-08 13:05:00,230.137,230.701,230.137,230.534,25056
2021-03-08 13:10:00,230.54,230.77,230.357,230.547,26196
2021-03-08 13:15:00,230.426,230.426,230.053,230.163,12705
2021-03-08 13:20:00,230.163,230.407,230.163,230.297,32583
2021-03-08 13:25:00,230.337,230.337,230.186,230.186,1677
2021-03-08 13:30:00,230.173,230.38,230.123,230.334,13614
2021-03-08 13:35:00,230.245,230.245,229.971,229.971,19731
2021-03-08 13:40:00,229.913,229.925,229.864,229.925,5013
2021-03-08 13:45:00,229.867,229.995,229.808,229.852,19305
2021-03-08 13:50:00,229.864,229.864,229.723,229.723,8103
2021-03-08 13:55:00,229.709,229.765,228.754,229.073,13689
2021-03-08 14:00:00,229.175,229.337,228.744,228.759,6453
2021-03-08 14:05:00,228.649,228.964,228.603,228.603,19152
2021-03-08 14:10:00,228.728,228.971,228.6,228.948,11529
2021-03-08 14:15:00,228.849,228.974,228.688,228.738,18348
2021-03-08 14:20:00,228.675,228.885,228.672,228.825,12756
2021-03-08 14:25:00,228.742,228.742,228.442,228.537,14442
2021-03-08 14:30:00,228.537,228.66,228.416,228.66,21954
2021-03-08 14:35:00,228.669,228.672,228.324,228.393,29958
2021-03-08 14:40:00,228.399,228.442,228.329,228.419,15072
2021-03-08 14:45:00,228.527,228.582,228.229,228.229,24972
2021-03-08 14:50:00,228.176,228.212,228.018,228.018,8517
2021-03-08 14:55:00,228.192,228.488,228.192,228.449,13173
2021-03-08 15:00:00,228.343,228.366,228.252,228.252,4260
2021-03-08 15:05:00,228.454,228.454,227.562,227.562,16713
2021-03-08 15:10:00,227.532,227.636,227.286,227.286,12312
2021-03-08 15:15:00,227.224,227.944,227.224,227.944,6852
2021-03-08 15:20:00,228.041,228.041,227.26,227.281,15954
2021-03-08 15:25:00,227.206,227.825,227.206,227.765,15324
2021-03-08 15:30:00,227.834,228.002,227.325,227.506,49509
2021-03-08 15:35:00,227.582,227.634,227.45,227.496,17514
2021-03-08 15:40:00,227.486,227.739,227.217,227.302,38103
2021-03-08 15:45:00,227.309,227.309,226.728,226.977,41901
2021-03-08 15:50:00,227.096,227.096,226.242,226.393,34113
2021-03-08 15:55:00,226.416,226.526,225.999,226.137,30942
2021-03-08 16:00:00,226.077,226.191,225.774,225.979,74250
2021-03-08 16:05:00,225.976,225.976,225.976,225.976,15642
2021-03-09 09:35:00,227.729,228.567,227.414,228.068,48348
2021-03-09 09:40:00,228.293,229.194,228.293,229.194,1593
2021-03-09 09:45:00,228.92,229.706,228.649,229.296,12921
2021-03-09 09:50:00,229.565,230.504,229.316,229.775,75387
2021-03-09 09:55:00,229.696,230.242,229.601,230.242,16695
2021-03-09 10:00:00,230.094,230.567,230.017,230.452,17691
2021-03-09 10:05:00,230.452,231.716,230.452,231.609,17187
2021-03-09 10:10:00,231.946,232.409,231.684,231.7,23220
2021-03-09 10:15:00,231.65,231.982,231.499,231.982,16422
2021-03-09 10:20:00,232.173,233.467,232.048,232.925,63678
2021-03-09 10:25:00,232.946,233.056,231.756,231.77,16068
2021-03-09 10:30:00,231.933,232.018,231.746,231.762,15969
2021-03-09 10:35:00,231.913,231.913,231.516,231.532,16494
2021-03-09 10:40:00,231.434,231.611,231.276,231.517,11031
2021-03-09 10:45:00,231.621,232.159,231.611,232.159,12741
2021-03-09 10:50:00,232.21,233.003,232.21,232.728,19692
2021-03-09 10:55:00,232.563,232.956,232.557,232.632,16857
2021-03-09 11:00:00,232.731,232.931,231.918,232.035,25914
2021-03-09 11:05:00,231.956,232.33,231.893,231.959,19956
2021-03-09 11:10:00,232.068,232.288,232.005,232.045,10548
2021-03-09 11:15:00,232.031,232.031,231.457,231.457,6501
2021-03-09 11:20:00,231.381,231.588,231.358,231.588,14598
2021-03-09 11:25:00,231.478,231.478,231.125,231.125,11349
2021-03-09 11:30:00,231.125,231.204,230.537,230.537,30603
2021-03-09 11:35:00,230.522,230.948,230.522,230.884,16227
2021-03-09 11:40:00,230.951,231.631,230.951,231.55,17772
2021-03-09 11:45:00,231.68,231.7,231.194,231.194,22806
2021-03-09 11:50:00,231.345,231.457,230.859,231.046,8706
2021-03-09 11:55:00,230.872,230.99,230.701,230.715,15621
2021-03-09 12:00:00,230.729,231.401,230.729,231.401,7671
2021-03-09 12:05:00,231.403,231.468,231.035,231.036,21423
2021-03-09 12:10:00,230.979,231.268,230.893,231.268,8601
2021-03-09 12:15:00,231.723,231.91,231.723,231.91,4242
2021-03-09 12:20:00,231.903,232.361,231.903,232.361,18903
2021-03-09 12:25:00,232.402,232.465,232.13,232.284,12744
2021-03-09 12:30:00,232.501,232.501,232.238,232.261,9957
2021-03-09 12:35:00,232.265,232.265,231.989,232.194,8610
2021-03-09 12:40:00,232.243,232.243,232.15,232.15,4167
2021-03-09 12:45:00,232.015,232.097,231.821,231.821,11355
2021-03-09 12:50:00,231.6,231.941,231.6,231.941,7656
2021-03-09 12:55:00,231.818,232.003,231.719,231.984,18294
2021-03-09 13:00:00,232.012,232.197,231.959,232.12,10296
2021-03-09 13:05:00,232.389,232.526,232.389,232.526,4227
2021-03-09 13:10:00,232.452,232.619,232.307,232.619,20079
2021-03-09 13:15:00,232.586,232.641,232.332,232.412,16755
2021-03-09 13:20:00,232.636,232.882,232.491,232.558,20796
2021-03-09 13:25:00,232.485,232.56,232.432,232.432,7005
2021-03-09 13:30:00,232.425,232.508,232.337,232.389,22239
2021-03-09 13:35:00,232.312,232.417,232.245,232.281,13587
2021-03-09 13:40:00,232.186,232.667,232.186,232.667,9933
2021-03-09 13:45:00,232.563,233.01,232.563,233.01,13314
2021-03-09 13:50:00,232.928,233.026,232.836,232.957,8520
2021-03-09 13:55:00,232.948,233.382,232.948,233.176,8538
2021-03-09 14:00:00,233.263,233.263,233.187,233.187,3135
2021-03-09 14:05:00,233.261,233.261,232.941,233.109,30189
2021-03-09 14:10:00,233.086,233.158,232.691,232.691,20085
2021-03-09 14:15:00,232.682,232.818,232.593,232.803,5628
2021-03-09 14:20:00,232.728,232.783,232.623,232.783,15666
2021-03-09 14:25:00,232.769,232.876,232.705,232.708,15639
2021-03-09 14:30:00,232.741,233.063,232.741,232.984,17007
2021-03-09 14:35:00,233.007,233.555,232.99,233.555,24009
2021-03-09 14:40:00,233.506,233.719,233.381,233.645,13845
2021-03-09 14:45:00,233.67,233.89,233.67,233.884,26457
2021-03-09 14:50:00,233.866,233.866,233.45,233.503,30153
2021-03-09 14:55:00,233.575,233.581,233.394,233.47,27549
2021-03-09 15:00:00,233.516,233.884,233.499,233.884,25044
2021-03-09 15:05:00,233.872,233.872,233.099,233.335,32154
2021-03-09 15:10:00,233.329,233.601,233.292,233.312,24159
2021-03-09 15:15:00,233.375,233.687,233.375,233.552,24156
2021-03-09 15:20:00,233.552,233.926,233.396,233.892,27258
2021-03-09 15:25:00,233.89,234.028,233.69,233.69,38031
2021-03-09 15:30:00,233.581,233.611,233.145,233.266,32784
2021-03-09 15:35:00,233.384,233.614,233.266,233.614,30033
2021-03-09 15:40:00,233.614,233.673,233.158,233.292,43362
2021-03-09 15:45:00,233.447,233.463,232.898,232.925,48720
2021-03-09 15:50:00,232.905,233.056,232.706,232.898,52914
2021-03-09 15:55:00,232.793,233.332,232.517,233.332,80454
2021-03-09 16:00:00,233.243,233.327,231.864,231.864,227247
2021-03-09 16:05:00,231.864,231.864,231.864,231.864,31593
2021-03-10 09:35:00,233.194,233.673,232.182,232.813,66555
2021-03-10 09:40:00,233.306,233.314,231.818,232.508,37515
2021-03-10 09:45:00,232.434,232.892,231.775,232.077,34170
2021-03-10 09:50:00,232.051,232.168,231.542,231.542,13998
2021-03-10 09:55:00,231.572,232.366,231.572,232.123,13890
2021-03-10 10:00:00,232.114,232.816,231.851,232.767,26367
2021-03-10 10:05:00,232.632,233.444,232.422,233.159,12909
2021-03-10 10:10:00,233.647,233.729,233.494,233.631,4800
2021-03-10 10:15:00,233.626,233.626,233.279,233.555,10002
2021-03-10 10:20:00,233.368,233.368,233.178,233.178,11220
2021-03-10 10:25:00,233.306,233.306,233.058,233.059,12510
2021-03-10 10:30:00,233.168,233.168,232.672,232.793,22395
2021-03-10 10:35:00,232.756,232.813,232.431,232.431,14931
2021-03-10 10:40:00,232.563,232.797,232.38,232.797,18231
2021-03-10 10:45:00,232.71,233.271,232.682,233.271,22788
2021-03-10 10:50:00,233.112,233.279,233.059,233.059,10203
2021-03-10 10:55:00,233.094,233.158,232.859,233.033,32790
2021-03-10 11:00:00,233.002,233.145,232.859,233.109,28614
2021-03-10 11:05:00,233.038,233.214,232.925,233.214,18558
2021-03-10 11:10:00,233.099,233.207,233.026,233.155,34695
2021-03-10 11:15:00,233.214,233.22,233.045,233.125,13722
2021-03-10 11:20:00,233.168,233.21,233.033,233.168,15834
2021-03-10 11:25:00,233.292,233.406,233.292,233.406,5955
2021-03-10 11:30:00,233.555,233.943,233.555,233.866,12021
2021-03-10 11:35:00,233.824,234.221,233.788,234.155,12474
2021-03-10 11:40:00,234.189,234.192,234.148,234.15,6828
2021-03-10 11:45:00,234.179,234.222,234.026,234.222,19659
2021-03-10 11:50:00,234.288,234.288,234.258,234.258,2598
2021-03-10 11:55:00,234.248,234.54,234.207,234.389,10692
2021-03-10 12:00:00,234.412,234.662,234.343,234.478,9741
2021-03-10 12:05:00,234.468,234.665,234.439,234.665,8196
2021-03-10 12:10:00,234.537,234.678,234.534,234.675,7830
2021-03-10 12:15:00,234.665,234.82,234.665,234.8,9738
2021-03-10 12:20:00,234.882,234.951,234.675,234.675,10932
2021-03-10 12:25:00,234.54,235.135,234.373,235.135,21030
2021-03-10 12:30:00,235.191,235.268,234.987,235.148,8268
2021-03-10 12:35:00,235.384,235.384,235.184,235.207,25611
2021-03-10 12:40:00,235.161,235.443,235.161,235.422,18564
2021-03-10 12:45:00,235.417,235.417,235.089,235.251,5229
2021-03-10 12:50:00,235.335,235.618,235.335,235.432,11154
2021-03-10 12:55:00,235.375,235.375,235.171,235.184,5556
2021-03-10 13:00:00,235.227,235.514,235.217,235.45,12978
2021-03-10 13:05:00,235.371,235.463,234.961,234.961,10179
2021-03-10 13:10:00,234.976,235.299,234.941,235.299,13119
2021-03-10 13:15:00,235.402,235.434,235.292,235.417,2868
2021-03-10 13:20:00,235.595,235.599,235.273,235.591,7851
2021-03-10 13:25:00,235.493,235.493,235.358,235.48,5547
2021-03-10 13:30:00,235.604,235.682,235.43,235.486,7776
2021-03-10 13:35:00,235.586,235.709,235.43,235.44,12663
2021-03-10 13:40:00,235.549,235.601,235.453,235.453,2967
2021-03-10 13:45:00,235.535,235.7,235.486,235.519,5985
2021-03-10 13:50:00,235.542,235.634,235.42,235.634,10557
2021-03-10 13:55:00,235.732,235.732,235.516,235.726,5706
2021-03-10 14:00:00,235.746,235.746,235.499,235.604,5241
2021-03-10 14:05:00,235.503,235.788,235.47,235.788,15381
2021-03-10 14:10:00,235.811,235.93,235.742,235.755,10008
2021-03-10 14:15:00,235.831,236.169,235.831,236.169,9330
2021-03-10 14:20:00,236.225,236.33,236.012,236.012,14175
2021-03-10 14:25:00,236.044,236.044,235.649,235.782,7404
2021-03-10 14:30:00,235.782,236.023,235.78,235.897,8244
2021-03-10 14:35:00,235.885,235.885,235.732,235.824,15882
2021-03-10 14:40:00,235.88,235.992,235.834,235.84,10830
2021-03-10 14:45:00,235.934,235.934,235.611,235.683,11361
2021-03-10 14:50:00,235.486,235.552,235.168,235.352,21273
2021-03-10 14:55:00,235.455,235.455,234.481,234.675,21147
2021-03-10 15:00:00,234.645,234.688,234.529,234.529,6666
2021-03-10 15:05:00,234.529,234.67,233.999,233.999,17232
2021-03-10 15:10:00,234.061,234.081,233.736,233.992,21540
2021-03-10 15:15:00,233.93,234.061,233.862,233.956,8082
2021-03-10 15:20:00,233.867,234.044,233.726,233.805,20340
2021-03-10 15:25:00,233.808,233.989,233.575,233.647,12936
2021-03-10 15:30:00,233.698,233.698,233.198,233.279,29109
2021-03-10 15:35:00,233.283,233.283,232.741,232.741,12594
2021-03-10 15:40:00,232.797,232.797,232.399,232.537,31131
2021-03-10 15:45:00,232.511,232.596,232.399,232.399,29430
2021-03-10 15:50:00,232.373,232.524,232.314,232.314,42132
2021-03-10 15:55:00,232.186,232.258,231.447,231.756,64437
2021-03-10 16:00:00,231.774,232.061,231.588,231.884,138156
2021-03-10 16:05:00,231.884,231.884,231.884,231.884,12492
2021-03-10 16:10:00,231.884,231.884,231.884,231.884,11676
2021-03-11 09:35:00,231.687,233.209,231.687,233.092,66942
2021-03-11 09:40:00,233.24,233.424,232.669,233.375,17199
2021-03-11 09:45:00,233.494,233.838,232.841,232.841,8667
2021-03-11 09:50:00,232.724,232.744,232.419,232.419,9972
2021-03-11 09:55:00,232.274,232.274,231.24,231.45,19617
2021-03-11 10:00:00,231.086,231.926,231.033,231.752,12084
2021-03-11 10:05:00,231.644,232.58,231.634,232.577,19215
2021-03-11 10:10:00,232.639,232.639,232.179,232.228,13020
2021-03-11 10:15:00,232.104,232.104,231.65,231.716,8328
2021-03-11 10:20:00,231.862,231.864,231.581,231.7,16515
2021-03-11 10:25:00,231.595,231.939,231.578,231.716,9768
2021-03-11 10:30:00,231.864,232.176,231.782,231.782,14583
2021-03-11 10:35:00,231.87,232.045,231.256,231.325,13125
2021-03-11 10:40:00,231.112,231.205,231.03,231.03,10350
2021-03-11 10:45:00,231.158,231.204,231.053,231.14,5919
2021-03-11 10:50:00,231.312,231.391,231.227,231.25,12006
2021-03-11 10:55:00,231.227,231.913,231.227,231.913,11184
2021-03-11 11:00:00,231.897,232.104,231.808,231.923,15423
2021-03-11 11:05:00,232.104,232.179,232.012,232.022,16473
2021-03-11 11:10:00,232.012,232.012,231.137,231.137,22254
2021-03-11 11:15:00,231.132,231.283,231.046,231.204,13347
2021-03-11 11:20:00,231.274,231.614,231.274,231.598,19182
2021-03-11 11:25:00,231.604,231.759,231.562,231.759,15603
2021-03-11 11:30:00,231.797,231.805,231.562,231.657,16203
2021-03-11 11:35:00,231.588,232.058,231.588,231.884,17313
2021-03-11 11:40:00,232.038,232.038,231.693,231.693,13953
2021-03-11 11:45:00,231.65,231.736,231.545,231.601,6456
2021-03-11 11:50:00,231.693,231.759,231.595,231.733,10974
2021-03-11 11:55:00,231.683,231.683,231.614,231.618,5817
2021-03-11 12:00:00,231.682,231.682,231.03,231.03,17937
2021-03-11 12:05:00,231.072,231.072,230.964,231.043,8007
2021-03-11 12:10:00,231.102,231.467,231.102,231.388,6090
2021-03-11 12:15:00,231.654,231.667,231.519,231.588,10074
2021-03-11 12:20:00,231.572,231.595,231.473,231.539,11748
2021-03-11 12:25:00,231.498,231.555,231.319,231.319,12933
2021-03-11 12:30:00,231.148,231.266,231.132,231.266,6210
2021-03-11 12:35:00,231.227,231.962,231.227,231.854,31359
2021-03-11 12:40:00,231.905,232.744,231.818,232.744,35787
2021-03-11 12:45:00,232.646,232.718,232.452,232.452,18489
2021-03-11 12:50:00,232.527,232.527,232.212,232.35,8352
2021-03-11 12:55:00,232.36,232.485,232.288,232.38,12891
2021-03-11 13:00:00,232.442,232.695,232.442,232.659,8730
2021-03-11 13:05:00,232.864,232.946,232.662,232.662,12354
2021-03-11 13:10:00,232.774,232.862,232.774,232.862,7800
2021-03-11 13:15:00,232.69,232.779,232.596,232.596,14280
2021-03-11 13:20:00,232.659,232.701,232.455,232.488,7182
2021-03-11 13:25:00,232.537,232.774,232.498,232.774,11916
2021-03-11 13:30:00,232.77,232.829,232.6,232.603,15531
2021-03-11 13:35:00,232.636,232.652,232.465,232.465,6975
2021-03-11 13:40:00,232.238,232.251,232.045,232.045,11886
2021-03-11 13:45:00,232.054,232.094,231.961,231.999,8511
2021-03-11 13:50:00,232.035,232.104,231.831,231.831,11223
2021-03-11 13:55:00,231.903,232.024,231.862,231.893,15747
2021-03-11 14:00:00,231.831,232.215,231.831,232.215,10071
2021-03-11 14:05:00,232.107,232.535,232.035,232.535,10770
2021-03-11 14:10:00,232.435,232.462,232.297,232.462,7059
2021-03-11 14:15:00,232.462,232.462,232.251,232.251,12912
2021-03-11 14:20:00,232.169,232.169,232.104,232.127,8310
2021-03-11 14:25:00,232.097,232.13,232.035,232.077,14982
2021-03-11 14:30:00,232.054,232.102,231.92,231.92,7461
2021-03-11 14:35:00,231.962,232.091,231.88,232.091,11130
2021-03-11 14:40:00,232.146,232.146,231.696,231.752,12444
2021-03-11 14:45:00,231.716,231.716,231.361,231.361,6840
2021-03-11 14:50:00,231.499,231.693,231.499,231.631,16491
2021-03-11 14:55:00,231.585,231.939,231.581,231.939,15969
2021-03-11 15:00:00,231.893,232.097,231.823,232.028,11187
2021-03-11 15:05:00,231.956,231.962,231.854,231.854,15915
2021-03-11 15:10:00,231.854,231.936,231.762,231.911,27327
2021-03-11 15:15:00,231.746,231.91,231.742,231.897,12438
2021-03-11 15:20:00,231.972,232.28,231.972,232.28,21003
2021-03-11 15:25:00,232.232,232.485,232.163,232.201,37962
2021-03-11 15:30:00,232.242,232.383,232.212,232.35,20481
2021-03-11 15:35:00,232.311,232.347,231.903,231.903,38850
2021-03-11 15:40:00,231.941,232.002,231.788,231.979,26445
2021-03-11 15:45:00,232.051,232.051,231.864,231.874,23244
2021-03-11 15:50:00,231.939,232.012,231.88,231.935,33492
2021-03-11 15:55:00,231.785,231.946,231.542,231.568,47520
2021-03-11 16:00:00,231.559,231.641,231.043,231.315,92037
2021-03-11 16:05:00,231.194,231.194,231.194,231.194,13344
2021-03-12 07:25:00,231.976,231.976,231.976,231.976,600
2021-03-12 09:35:00,230.504,230.982,229.907,230.209,57045
2021-03-12 09:40:00,230.585,231.086,230.585,231.059,6081
2021-03-12 09:45:00,230.846,231.007,230.669,231.007,8817
2021-03-12 09:50:00,231.023,231.178,230.754,230.754,22062
2021-03-12 09:55:00,230.99,231.112,230.99,231.112,3996
2021-03-12 10:00:00,231.325,231.375,230.931,231.11,21807
2021-03-12 10:05:00,230.537,230.846,230.537,230.695,5859
2021-03-12 10:10:00,230.808,230.915,230.445,230.856,12063
2021-03-12 10:15:00,230.829,230.879,230.672,230.795,11712
2021-03-12 10:20:00,230.803,231.361,230.803,231.312,24903
2021-03-12 10:25:00,231.439,231.44,231.302,231.334,14586
2021-03-12 10:30:00,231.33,231.861,231.33,231.861,9990
2021-03-12 10:35:00,231.719,232.292,231.719,232.289,6000
2021-03-12 10:40:00,232.256,232.291,232.061,232.291,12321
2021-03-12 10:45:00,232.311,232.547,232.209,232.547,7086
2021-03-12 10:50:00,232.485,232.485,232.074,232.074,19542
2021-03-12 10:55:00,232.046,232.046,231.468,231.608,12096
2021-03-12 11:00:00,231.621,231.682,231.421,231.682,5574
2021-03-12 11:05:00,231.514,231.736,231.15,231.15,13254
2021-03-12 11:10:00,231.224,231.358,231.066,231.068,7329
2021-03-12 11:15:00,231.059,231.087,231.036,231.087,4713
2021-03-12 11:20:00,230.997,231.086,230.849,230.849,11628
2021-03-12 11:25:00,230.956,231.007,230.954,230.984,7176
2021-03-12 11:30:00,230.931,231.151,230.931,231.058,3111
2021-03-12 11:35:00,231.004,231.378,231.004,231.365,16827
2021-03-12 11:40:00,231.315,231.345,231.132,231.238,18228
2021-03-12 11:45:00,231.148,231.157,230.954,231.157,9621
2021-03-12 11:50:00,230.994,231.059,230.994,231.059,4266
2021-03-12 11:55:00,231.071,231.214,231.049,231.128,10482
2021-03-12 12:00:00,231.312,231.336,231.21,231.336,2550
2021-03-12 12:05:00,231.204,231.406,231.122,231.406,19005
2021-03-12 12:10:00,231.394,231.427,231.335,231.335,5379
2021-03-12 12:15:00,231.296,231.375,231.292,231.375,4641
2021-03-12 12:20:00,231.496,231.496,231.434,231.473,1716
2021-03-12 12:25:00,231.394,231.444,231.23,231.394,11628
2021-03-12 12:30:00,231.493,231.67,231.467,231.67,4116
2021-03-12 12:35:00,231.861,231.861,231.805,231.805,2148
2021-03-12 12:40:00,231.746,231.775,231.742,231.742,2262
2021-03-12 12:45:00,231.667,231.736,231.667,231.719,9555
2021-03-12 12:50:00,231.756,231.765,231.664,231.664,7434
2021-03-12 12:55:00,231.688,231.877,231.577,231.877,8421
2021-03-12 13:00:00,231.969,232.179,231.969,232.179,4563
2021-03-12 13:05:00,232.194,232.194,232.194,232.194,1206
2021-03-12 13:10:00,231.999,232.379,231.999,232.127,8709
2021-03-12 13:15:00,232.11,232.169,231.992,231.992,13074
2021-03-12 13:20:00,231.992,232.297,231.992,232.263,10215
2021-03-12 13:25:00,232.343,232.458,232.284,232.458,2589
2021-03-12 13:30:00,232.212,232.306,232.14,232.284,6570
2021-03-12 13:35:00,232.271,232.297,232.163,232.251,3825
2021-03-12 13:40:00,232.256,232.401,232.186,232.401,5739
2021-03-12 13:45:00,232.504,232.568,232.429,232.568,5019
2021-03-12 13:50:00,232.632,232.632,232.497,232.497,2805
2021-03-12 13:55:00,232.452,232.471,232.406,232.406,13470
2021-03-12 14:00:00,232.406,232.55,232.406,232.471,10161
2021-03-12 14:05:00,232.55,233.158,232.55,232.814,17673
2021-03-12 14:10:00,232.695,232.989,232.691,232.977,7785
2021-03-12 14:15:00,232.971,233.169,232.954,233.164,10785
2021-03-12 14:20:00,233.138,233.309,233.059,233.309,10299
2021-03-12 14:25:00,233.376,233.376,233.122,233.243,18372
2021-03-12 14:30:00,233.138,233.171,233.059,233.099,9579
2021-03-12 14:35:00,233.178,233.179,233.046,233.105,11847
2021-03-12 14:40:00,232.974,233.179,232.938,233.084,13668
2021-03-12 14:45:00,233.072,233.286,233.072,233.256,22503
2021-03-12 14:50:00,233.246,233.246,232.879,232.879,22632
2021-03-12 14:55:00,232.959,233.02,232.67,232.67,10527
2021-03-12 15:00:00,232.55,232.803,232.488,232.797,9225
2021-03-12 15:05:00,232.675,232.872,232.675,232.774,11745
2021-03-12 15:10:00,232.785,232.862,232.754,232.836,7299
2021-03-12 15:15:00,232.875,232.984,232.744,232.938,21459
2021-03-12 15:20:00,232.943,233.04,232.905,232.905,13452
2021-03-12 15:25:00,232.885,233.059,232.866,232.895,20457
2021-03-12 15:30:00,232.875,232.974,232.823,232.912,26145
2021-03-12 15:35:00,232.898,232.967,232.829,232.875,17427
2021-03-12 15:40:00,232.895,232.966,232.751,232.751,36357
2021-03-12 15:45:00,232.58,232.889,232.58,232.843,32109
2021-03-12 15:50:00,232.828,232.907,232.685,232.774,25833
2021-03-12 15:55:00,232.734,232.737,232.435,232.435,59751
2021-03-12 16:00:00,232.373,232.596,232.373,232.577,136890
2021-03-12 16:05:00,232.55,232.55,232.55,232.55,9000
2021-03-15 09:35:00,232.55,233.207,232.55,233.207,26145
2021-03-15 09:40:00,233.155,233.155,233.155,233.155,1587
2021-03-15 09:45:00,233.263,233.535,233.033,233.033,7224
2021-03-15 09:50:00,232.903,233.1,232.744,232.834,20598
2021-03-15 09:55:00,232.831,232.915,232.831,232.915,2580
2021-03-15 10:00:00,232.824,232.974,232.481,232.856,19764
2021-03-15 10:05:00,233.043,233.043,232.295,232.44,16503
2021-03-15 10:10:00,232.422,232.422,231.884,232.123,5880
2021-03-15 10:15:00,232.031,232.136,231.762,232.136,8589
2021-03-15 10:20:00,232.086,232.222,232.038,232.133,1779
2021-03-15 10:25:00,232.202,232.202,232.068,232.068,2622
2021-03-15 10:30:00,232.232,232.488,232.132,232.488,5622
2021-03-15 10:35:00,232.312,232.312,232.196,232.196,10491
2021-03-15 10:40:00,232.005,232.11,231.992,231.992,4770
2021-03-15 10:45:00,232.005,232.035,231.68,231.723,17475
2021-03-15 10:50:00,231.723,231.723,231.342,231.342,4680
2021-03-15 10:55:00,231.509,232.061,231.456,232.012,15372
2021-03-15 11:00:00,232.121,232.215,232.084,232.161,6186
2021-03-15 11:05:00,232.242,232.242,232.237,232.237,2304
2021-03-15 11:10:00,232.307,232.376,232.107,232.107,5328
2021-03-15 11:20:00,232.123,232.242,232.007,232.176,3567
2021-03-15 11:25:00,232.051,232.508,232.051,232.488,12507
2021-03-15 11:30:00,232.416,232.416,232.159,232.212,6546
2021-03-15 11:35:00,232.406,232.412,232.048,232.168,4032
2021-03-15 11:40:00,232.312,232.338,232.166,232.166,4791
2021-03-15 11:45:00,232.271,232.521,232.271,232.521,4782
2021-03-15 11:50:00,232.626,232.626,232.458,232.47,6282
2021-03-15 11:55:00,232.547,232.547,232.547,232.547,1491
2021-03-15 12:00:00,232.757,232.757,232.652,232.652,3609
2021-03-15 12:05:00,232.678,232.77,232.508,232.521,9213
2021-03-15 12:10:00,232.445,232.586,232.445,232.586,3420
2021-03-15 12:15:00,232.757,232.81,232.566,232.566,9588
2021-03-15 12:20:00,232.662,232.711,232.567,232.711,2823
2021-03-15 12:25:00,232.76,232.856,232.682,232.856,1893
2021-03-15 12:30:00,232.731,232.846,232.711,232.846,5772
2021-03-15 12:35:00,232.764,232.774,232.716,232.716,3213
2021-03-15 12:40:00,232.783,232.783,232.783,232.783,462
2021-03-15 12:45:00,232.833,233.043,232.801,233.043,5802
2021-03-15 12:50:00,233.197,233.568,233.197,233.542,7974
2021-03-15 12:55:00,233.535,233.558,233.276,233.33,6057
2021-03-15 13:00:00,233.174,233.421,233.059,233.327,10749
2021-03-15 13:05:00,233.496,233.759,233.48,233.683,4470
2021-03-15 13:10:00,233.746,233.933,233.739,233.762,4758
2021-03-15 13:15:00,233.874,233.9,233.864,233.9,1995
2021-03-15 13:20:00,234.061,234.079,234.061,234.079,882
2021-03-15 13:25:00,234.159,234.166,234.002,234.081,10074
2021-03-15 13:30:00,234.028,234.284,234.005,234.159,9918
2021-03-15 13:35:00,234.227,234.232,234.169,234.214,4923
2021-03-15 13:40:00,234.291,234.34,234.127,234.291,10611
2021-03-15 13:45:00,234.544,234.544,234.301,234.301,10344
2021-03-15 13:50:00,234.475,234.481,234.271,234.412,10785
2021-03-15 13:55:00,234.534,234.682,234.508,234.56,14001
2021-03-15 14:00:00,234.657,234.668,234.522,234.668,7116
2021-03-15 14:05:00,234.688,234.688,234.524,234.563,10590
2021-03-15 14:10:00,234.603,234.665,234.498,234.498,5676
2021-03-15 14:15:00,234.48,234.497,234.376,234.497,3981
2021-03-15 14:20:00,234.531,234.629,234.34,234.599,10755
2021-03-15 14:25:00,234.554,234.554,234.511,234.54,4425
2021-03-15 14:30:00,234.626,234.803,234.54,234.803,11946
2021-03-15 14:35:00,234.836,234.895,234.432,234.537,12288
2021-03-15 14:40:00,234.659,234.659,234.465,234.465,5910
2021-03-15 14:45:00,234.557,234.631,234.434,234.465,7857
2021-03-15 14:50:00,234.493,234.493,234.138,234.294,6273
2021-03-15 14:55:00,234.22,234.337,234.153,234.337,4674
2021-03-15 15:00:00,234.25,234.448,234.25,234.448,4776
2021-03-15 15:05:00,234.508,234.511,234.255,234.271,13287
2021-03-15 15:10:00,234.205,234.314,234.169,234.219,8682
2021-03-15 15:15:00,234.138,234.416,234.138,234.242,5466
2021-03-15 15:20:00,234.159,234.402,234.159,234.33,10515
2021-03-15 15:25:00,234.432,234.432,234.11,234.279,4461
2021-03-15 15:30:00,234.271,234.434,234.176,234.427,9297
2021-03-15 15:35:00,234.427,234.427,234.209,234.281,11601
2021-03-15 15:40:00,234.376,234.596,234.376,234.46,15933
2021-03-15 15:45:00,234.44,234.44,234.182,234.422,15645
2021-03-15 15:50:00,234.478,234.721,234.471,234.721,13635
2021-03-15 15:55:00,234.708,234.997,234.593,234.888,22968
2021-03-15 16:00:00,234.897,235.453,234.897,235.453,56808
2021-03-15 16:05:00,235.453,235.453,235.453,235.453,11748
2021-03-15 16:10:00,235.453,235.453,235.453,235.453,3045
2021-03-16 09:35:00,235.631,236.448,234.783,235.844,32520
2021-03-16 09:40:00,235.798,236.209,235.716,235.742,6420
2021-03-16 09:45:00,235.463,236.274,235.463,236.099,5853
2021-03-16 09:50:00,236.156,236.406,235.494,235.585,15516
2021-03-16 09:55:00,235.91,236.156,235.785,235.979,16626
2021-03-16 10:00:00,236.122,236.235,235.736,235.762,11550
2021-03-16 10:05:00,235.463,235.631,234.921,234.921,13902
2021-03-16 10:10:00,234.915,234.977,234.682,234.971,13467
2021-03-16 10:15:00,234.918,235.01,234.402,234.427,86568
2021-03-16 10:20:00,234.333,234.333,233.558,233.811,24273
2021-03-16 10:25:00,233.847,234.182,233.805,234.15,19962
2021-03-16 10:30:00,234.153,234.153,233.936,234.104,9165
2021-03-16 10:35:00,234.248,234.37,234.035,234.196,6969
2021-03-16 10:40:00,234.159,234.317,234.146,234.274,9714
2021-03-16 10:45:00,234.376,234.716,234.376,234.627,18345
2021-03-16 10:50:00,234.598,235.512,234.501,235.512,24291
2021-03-16 10:55:00,235.297,235.504,234.698,234.797,19335
2021-03-16 11:00:00,234.685,234.724,234.478,234.683,13377
2021-03-16 11:05:00,234.71,235.164,234.603,235.164,27633
2021-03-16 11:10:00,234.82,234.82,234.716,234.716,5433
2021-03-16 11:15:00,234.626,235.007,234.554,234.98,18447
2021-03-16 11:20:00,234.946,235.174,234.892,234.911,11841
2021-03-16 11:25:00,234.754,234.77,234.573,234.764,8388
2021-03-16 11:30:00,234.755,234.79,234.302,234.348,12219
2021-03-16 11:35:00,234.265,234.352,234.242,234.25,7632
2021-03-16 11:40:00,234.159,234.675,234.156,234.465,15411
2021-03-16 11:45:00,234.534,234.685,234.511,234.511,8187
2021-03-16 11:50:00,234.517,234.714,234.478,234.714,6948
2021-03-16 11:55:00,234.741,234.741,234.573,234.609,4041
2021-03-16 12:00:00,234.798,234.806,234.758,234.787,5700
2021-03-16 12:05:00,234.774,234.971,234.774,234.971,20577
2021-03-16 12:10:00,234.961,234.964,234.846,234.872,5604
2021-03-16 12:15:00,234.77,235.02,234.77,234.948,12348
2021-03-16 12:20:00,234.99,234.99,234.829,234.915,6537
2021-03-16 12:25:00,234.938,235.153,234.869,235.153,5997
2021-03-16 12:30:00,235.158,235.276,235.158,235.276,4527
2021-03-16 12:35:00,235.177,235.331,235.177,235.331,7161
2021-03-16 12:40:00,235.371,235.854,235.342,235.821,8988
2021-03-16 12:45:00,235.861,236.117,235.673,235.836,30708
2021-03-16 12:50:00,235.506,235.516,235.406,235.44,11139
2021-03-16 12:55:00,235.393,235.788,235.393,235.719,14694
2021-03-16 13:00:00,235.66,235.703,235.576,235.67,4983
2021-03-16 13:05:00,235.742,235.887,235.724,235.762,14250
2021-03-16 13:10:00,235.826,235.874,235.535,235.703,15024
2021-03-16 13:15:00,235.754,235.788,235.631,235.788,8130
2021-03-16 13:20:00,235.595,235.729,235.588,235.622,9696
2021-03-16 13:25:00,235.578,235.608,235.578,235.608,2421
2021-03-16 13:30:00,235.703,235.792,235.67,235.775,7815
2021-03-16 13:35:00,235.792,235.795,235.749,235.765,6297
2021-03-16 13:40:00,235.834,235.834,235.742,235.742,1788
2021-03-16 13:45:00,235.683,235.7,235.517,235.606,10176
2021-03-16 13:50:00,235.67,235.746,235.67,235.734,6681
2021-03-16 13:55:00,235.759,235.759,235.66,235.66,2142
2021-03-16 14:00:00,235.568,235.677,235.568,235.651,2934
2021-03-16 14:05:00,235.621,235.68,235.506,235.506,5046
2021-03-16 14:10:00,235.775,235.805,235.506,235.506,10302
2021-03-16 14:15:00,235.621,235.683,235.598,235.598,6642
2021-03-16 14:20:00,235.673,235.732,235.591,235.595,6609
2021-03-16 14:25:00,235.624,235.634,235.401,235.512,5223
2021-03-16 14:30:00,235.453,235.542,235.122,235.296,9168
2021-03-16 14:35:00,235.332,235.373,235.194,235.194,5802
2021-03-16 14:40:00,235.115,235.25,234.902,235.033,12081
2021-03-16 14:45:00,235.132,235.22,234.938,235.22,16047
2021-03-16 14:50:00,235.23,235.47,235.23,235.47,8859
2021-03-16 14:55:00,235.401,236.051,235.401,235.962,18291
2021-03-16 15:00:00,235.913,236.412,235.903,236.205,19086
2021-03-16 15:05:00,236.32,236.412,235.969,236.136,20181
2021-03-16 15:10:00,236.173,236.284,236.104,236.222,8079
2021-03-16 15:15:00,236.196,236.478,236.196,236.383,20664
2021-03-16 15:20:00,236.287,236.711,236.287,236.552,10911
2021-03-16 15:25:00,236.629,236.701,236.233,236.32,9963
2021-03-16 15:30:00,236.182,236.248,235.962,236.15,13443
2021-03-16 15:35:00,236.002,236.353,235.956,236.315,16452
2021-03-16 15:40:00,236.294,236.34,235.844,236.102,14589
2021-03-16 15:45:00,236.018,236.035,235.693,235.693,12888
2021-03-16 15:50:00,235.706,235.821,235.676,235.696,22632
2021-03-16 15:55:00,235.803,235.805,235.411,235.511,34029
2021-03-16 16:00:00,235.486,235.591,235.217,235.315,74589
2021-03-16 16:05:00,235.48,235.48,235.48,235.48,52068
2021-03-17 09:35:00,235.716,235.785,234.659,234.659,23898
2021-03-17 09:40:00,234.491,234.491,234.044,234.044,5520
2021-03-17 09:45:00,234.806,235.154,234.691,234.836,12243
2021-03-17 09:50:00,234.987,235.046,233.79,233.79,22620
2021-03-17 09:55:00,233.637,233.637,233.02,233.097,10350
2021-03-17 10:00:00,232.897,233.733,232.698,233.652,11787
2021-03-17 10:05:00,233.457,233.457,232.951,232.99,10563
2021-03-17 10:10:00,232.866,233.371,232.764,233.255,8514
2021-03-17 10:15:00,233.861,234.343,233.861,234.343,6180
2021-03-17 10:20:00,234.649,234.649,233.847,234.251,4908
2021-03-17 10:25:00,234.228,234.228,233.769,233.962,5814
2021-03-17 10:30:00,234.317,234.327,234.242,234.242,3243
2021-03-17 10:35:00,234.355,234.355,233.811,234.222,9342
2021-03-17 10:40:00,234.32,234.32,234.113,234.299,7248
2021-03-17 10:45:00,234.35,234.481,234.245,234.373,8901
2021-03-17 10:50:00,234.366,234.601,234.352,234.511,6723
2021-03-17 10:55:00,234.478,234.899,234.478,234.899,13236
2021-03-17 11:00:00,234.731,234.805,234.622,234.622,5424
2021-03-17 11:05:00,234.596,234.78,234.531,234.544,6627
2021-03-17 11:10:00,234.616,234.694,234.613,234.694,6072
2021-03-17 11:15:00,234.695,234.742,234.514,234.652,11088
2021-03-17 11:20:00,234.611,234.644,234.611,234.644,930
2021-03-17 11:25:00,234.618,234.744,234.514,234.514,6888
2021-03-17 11:30:00,234.586,234.863,234.586,234.734,7137
2021-03-17 11:35:00,234.732,234.852,234.683,234.839,6942
2021-03-17 11:40:00,235.112,235.112,235.112,235.112,1518
2021-03-17 11:45:00,235.109,235.158,234.984,235.033,7842
2021-03-17 11:50:00,235.186,235.256,235.066,235.066,3015
2021-03-17 11:55:00,235.0,235.276,235.0,235.138,4491
2021-03-17 12:00:00,235.158,235.22,235.148,235.148,4911
2021-03-17 12:05:00,235.043,235.143,235.033,235.04,20490
2021-03-17 12:10:00,235.145,235.591,235.141,235.591,11490
2021-03-17 12:15:00,235.624,235.867,235.614,235.867,6522
2021-03-17 12:20:00,235.936,236.008,235.714,235.714,5643
2021-03-17 12:25:00,235.686,235.686,235.393,235.516,4038
2021-03-17 12:30:00,235.48,235.503,235.375,235.375,5067
2021-03-17 12:35:00,235.361,235.414,235.253,235.319,6003
2021-03-17 12:40:00,235.261,235.322,235.021,235.033,7845
2021-03-17 12:45:00,234.954,234.954,234.839,234.895,4635
2021-03-17 12:50:00,235.02,235.02,234.363,234.593,12909
2021-03-17 12:55:00,234.552,234.668,234.552,234.629,5694
2021-03-17 13:00:00,234.629,234.826,234.629,234.749,6531
2021-03-17 13:05:00,234.714,235.542,234.714,235.542,15606
2021-03-17 13:10:00,235.476,235.668,235.306,235.306,9882
2021-03-17 13:15:00,235.381,235.381,234.816,235.017,5328
2021-03-17 13:20:00,234.806,234.849,234.546,234.849,8502
2021-03-17 13:25:00,234.859,234.997,234.811,234.811,4884
2021-03-17 13:30:00,235.0,235.065,234.984,234.984,3969
2021-03-17 13:35:00,234.948,234.997,234.925,234.938,4794
2021-03-17 13:40:00,234.859,234.859,234.724,234.724,2430
2021-03-17 13:45:00,234.772,234.782,234.698,234.731,6939
2021-03-17 13:50:00,234.714,234.714,234.653,234.659,2898
2021-03-17 13:55:00,234.491,234.508,234.36,234.45,2310
2021-03-17 14:00:00,234.353,234.78,234.353,234.78,11466
2021-03-17 14:05:00,234.797,235.92,234.797,235.013,12879
2021-03-17 14:10:00,235.105,235.2,234.652,234.751,5583
2021-03-17 14:15:00,234.951,235.23,234.915,235.23,8397
2021-03-17 14:20:00,235.194,235.194,234.668,234.76,9549
2021-03-17 14:25:00,234.682,234.994,234.682,234.987,9390
2021-03-17 14:30:00,235.021,235.243,234.665,234.665,8319
2021-03-17 14:35:00,234.563,234.82,234.365,234.732,6522
2021-03-17 14:40:00,234.934,235.65,234.934,235.391,8241
2021-03-17 14:45:00,235.437,235.509,235.266,235.48,8571
2021-03-17 14:50:00,235.499,235.667,235.493,235.506,7872
2021-03-17 14:55:00,235.365,235.483,235.013,235.43,13284
2021-03-17 15:00:00,235.545,235.552,235.338,235.338,7590
2021-03-17 15:05:00,235.512,235.608,235.389,235.517,11376
2021-03-17 15:10:00,235.276,235.373,235.184,235.237,10218
2021-03-17 15:15:00,235.171,235.171,234.77,234.77,8022
2021-03-17 15:20:00,234.79,234.948,234.675,234.675,9393
2021-03-17 15:25:00,234.517,234.606,234.458,234.596,6498
2021-03-17 15:30:00,234.632,234.691,234.531,234.691,8694
2021-03-17 15:35:00,234.721,234.857,234.636,234.857,23358
2021-03-17 15:40:00,234.862,234.862,234.642,234.675,14085
2021-03-17 15:45:00,234.645,234.714,234.274,234.274,19722
2021-03-17 15:50:00,234.345,234.345,233.838,234.054,24699
2021-03-17 15:55:00,233.933,234.11,233.526,233.585,26061
2021-03-17 16:00:00,233.552,234.061,233.552,234.061,61185
2021-03-17 16:05:00,233.939,233.939,233.939,233.939,23676
2021-03-18 09:35:00,232.783,233.874,232.682,233.325,32688
2021-03-18 09:40:00,232.854,233.022,232.581,232.751,3984
2021-03-18 09:45:00,232.783,232.908,232.593,232.593,9534
2021-03-18 09:50:00,232.754,232.794,231.808,232.156,23247
2021-03-18 09:55:00,231.907,232.187,231.368,231.616,18336
2021-03-18 10:00:00,231.619,231.792,230.739,231.792,47100
2021-03-18 10:05:00,231.46,231.672,231.012,231.155,51594
2021-03-18 10:10:00,231.191,231.527,230.932,231.137,14142
2021-03-18 10:15:00,231.076,231.187,230.586,230.759,19344
2021-03-18 10:20:00,230.672,230.715,230.228,230.386,14682
2021-03-18 10:25:00,230.386,230.582,230.158,230.343,10323
2021-03-18 10:30:00,230.422,230.58,230.104,230.114,12378
2021-03-18 10:35:00,229.887,230.01,229.552,229.802,16956
2021-03-18 10:40:00,229.696,229.872,229.486,229.708,15528
2021-03-18 10:45:00,229.593,230.626,229.593,230.616,14937
2021-03-18 10:50:00,230.659,230.905,230.659,230.844,15876
2021-03-18 10:55:00,230.843,230.843,230.435,230.462,6897
2021-03-18 11:00:00,230.472,230.662,230.455,230.577,8739
2021-03-18 11:05:00,230.445,231.217,230.322,231.217,12102
2021-03-18 11:10:00,231.453,231.864,231.309,231.769,13068
2021-03-18 11:15:00,231.621,231.66,231.207,231.565,13380
2021-03-18 11:20:00,231.552,231.913,231.552,231.91,6909
2021-03-18 11:25:00,231.982,232.084,231.982,232.084,9255
2021-03-18 11:30:00,231.999,232.237,231.999,232.237,5241
2021-03-18 11:35:00,232.251,232.251,232.064,232.064,15243
2021-03-18 11:40:00,232.045,232.485,231.754,232.485,15228
2021-03-18 11:45:00,232.324,232.685,232.324,232.478,7698
2021-03-18 11:50:00,232.583,232.711,232.527,232.711,10212
2021-03-18 11:55:00,232.667,233.243,232.616,233.033,15903
2021-03-18 12:00:00,233.263,233.263,233.056,233.246,5445
2021-03-18 12:05:00,233.345,233.526,233.214,233.242,12453
2021-03-18 12:10:00,233.141,233.345,233.141,233.329,5931
2021-03-18 12:15:00,233.332,233.752,233.332,233.752,14118
2021-03-18 12:20:00,233.71,233.71,233.506,233.595,8784
2021-03-18 12:25:00,233.483,233.581,233.44,233.581,5148
2021-03-18 12:30:00,233.655,233.655,233.552,233.552,6909
2021-03-18 12:35:00,233.476,233.729,233.394,233.729,12345
2021-03-18 12:40:00,233.677,233.677,233.279,233.322,10533
2021-03-18 12:45:00,233.338,233.338,233.273,233.273,3726
2021-03-18 12:50:00,233.253,233.253,233.0,233.003,11865
2021-03-18 12:55:00,232.957,233.187,232.957,233.171,11748
2021-03-18 13:00:00,233.391,233.667,233.342,233.532,16770
2021-03-18 13:05:00,233.563,233.66,233.223,233.545,6240
2021-03-18 13:10:00,233.545,233.608,233.419,233.476,7956
2021-03-18 13:15:00,233.444,233.503,233.309,233.309,5292
2021-03-18 13:20:00,233.404,233.631,233.292,233.631,8565
2021-03-18 13:25:00,233.678,234.015,233.678,234.015,7668
2021-03-18 13:30:00,234.066,234.36,234.066,234.202,13143
2021-03-18 13:35:00,234.104,234.402,233.869,234.399,23226
2021-03-18 13:40:00,234.596,234.8,234.563,234.563,15327
2021-03-18 13:45:00,234.534,234.795,234.494,234.795,9522
2021-03-18 13:50:00,234.754,235.002,234.754,234.915,5589
2021-03-18 13:55:00,234.798,234.938,234.783,234.902,4587
2021-03-18 14:00:00,234.981,234.981,234.718,234.882,11358
2021-03-18 14:05:00,235.013,235.013,234.797,234.808,12192
2021-03-18 14:10:00,234.888,235.161,234.885,235.161,7443
2021-03-18 14:15:00,235.054,235.233,235.0,235.094,20931
2021-03-18 14:20:00,235.11,235.11,234.849,234.865,4698
2021-03-18 14:25:00,234.91,234.91,234.56,234.56,8037
2021-03-18 14:30:00,234.448,234.448,233.939,233.939,6885
2021-03-18 14:35:00,234.058,234.125,233.572,233.572,11142
2021-03-18 14:40:00,233.475,233.526,232.852,233.319,30720
2021-03-18 14:45:00,233.335,233.355,232.912,233.23,7581
2021-03-18 14:50:00,233.353,233.542,233.329,233.375,13335
2021-03-18 14:55:00,233.381,233.595,233.299,233.595,21381
2021-03-18 15:00:00,233.45,233.788,233.45,233.562,5913
2021-03-18 15:05:00,233.506,233.506,233.358,233.358,3810
2021-03-18 15:10:00,233.099,233.398,233.003,233.398,7947
2021-03-18 15:15:00,233.463,233.596,233.187,233.427,13158
2021-03-18 15:20:00,233.306,233.737,233.306,233.737,19941
2021-03-18 15:25:00,233.742,233.831,233.585,233.585,11184
2021-03-18 15:30:00,233.45,233.47,232.971,232.971,32457
2021-03-18 15:35:00,233.187,233.55,233.02,233.166,24540
2021-03-18 15:40:00,233.26,233.485,233.238,233.485,15690
2021-03-18 15:45:00,233.499,233.499,233.02,233.102,20778
2021-03-18 15:50:00,233.178,233.194,232.813,233.056,25257
2021-03-18 15:55:00,232.604,233.043,232.412,232.816,53871
2021-03-18 16:00:00,232.662,233.21,232.662,233.207,90669
2021-03-18 16:05:00,233.207,233.207,233.207,233.207,40773
2021-03-18 17:15:00,233.558,233.558,233.558,233.558,573
2021-03-19 09:35:00,232.675,233.145,232.675,233.145,296445
2021-03-19 09:40:00,232.964,234.143,232.889,234.143,3375
2021-03-19 09:45:00,233.417,234.485,233.417,234.22,11448
2021-03-19 09:50:00,234.451,234.451,233.618,233.962,15819
2021-03-19 09:55:00,233.8,234.36,233.585,233.585,26289
2021-03-19 10:00:00,233.501,233.775,233.123,233.123,11481
2021-03-19 10:05:00,232.971,232.971,232.414,232.439,9081
2021-03-19 10:10:00,232.554,233.115,232.554,233.043,6960
2021-03-19 10:15:00,233.118,233.402,233.076,233.109,15459
2021-03-19 10:20:00,233.059,233.063,232.921,232.989,4254
2021-03-19 10:25:00,233.063,233.294,233.04,233.276,15063
2021-03-19 10:30:00,233.102,233.227,232.734,232.734,7296
2021-03-19 10:35:00,232.795,233.317,232.682,232.974,23097
2021-03-19 10:40:00,232.898,233.182,232.82,233.182,5481
2021-03-19 10:45:00,233.232,233.324,233.076,233.217,10422
2021-03-19 10:50:00,233.483,233.493,233.138,233.138,4809
2021-03-19 10:55:00,233.292,233.311,233.072,233.079,5826
2021-03-19 11:00:00,233.109,233.338,232.921,233.274,13806
2021-03-19 11:05:00,233.269,233.371,233.043,233.043,10398
2021-03-19 11:10:00,232.974,233.015,232.593,232.7,8127
2021-03-19 11:15:00,232.623,232.623,232.002,232.281,14787
2021-03-19 11:20:00,232.278,232.524,232.278,232.327,7833
2021-03-19 11:25:00,232.314,232.554,232.097,232.531,15846
2021-03-19 11:30:00,232.629,232.757,232.629,232.685,8151
2021-03-19 11:35:00,232.824,233.02,232.764,233.02,8004
2021-03-19 11:40:00,233.072,233.219,232.974,233.023,12303
2021-03-19 11:45:00,233.109,233.219,232.984,233.219,5931
2021-03-19 11:50:00,233.368,233.368,233.184,233.268,12918
2021-03-19 11:55:00,233.179,233.21,232.944,233.21,12045
2021-03-19 12:00:00,233.171,233.171,233.161,233.161,1485
2021-03-19 12:05:00,233.158,233.159,232.905,232.905,4401
2021-03-19 12:10:00,232.826,232.826,232.6,232.744,4200
2021-03-19 12:15:00,232.744,233.043,232.744,233.043,10896
2021-03-19 12:20:00,233.041,233.202,233.041,233.102,8820
2021-03-19 12:25:00,232.967,232.985,232.967,232.985,1548
2021-03-19 12:30:00,232.957,232.997,232.957,232.997,798
2021-03-19 12:35:00,232.976,232.976,232.632,232.705,7977
2021-03-19 12:40:00,232.646,232.708,232.547,232.606,7260
2021-03-19 12:45:00,232.603,232.751,232.563,232.626,13923
2021-03-19 12:50:00,232.691,232.974,232.691,232.948,8409
2021-03-19 12:55:00,233.053,233.141,232.882,233.036,6924
2021-03-19 13:00:00,232.98,232.998,232.954,232.954,3093
2021-03-19 13:05:00,232.833,232.833,232.67,232.797,7839
2021-03-19 13:10:00,232.843,232.954,232.655,232.939,15084
2021-03-19 13:15:00,232.859,232.859,232.731,232.787,4638
2021-03-19 13:20:00,232.811,232.811,232.682,232.682,3525
2021-03-19 13:25:00,232.703,232.703,232.169,232.169,15873
2021-03-19 13:30:00,232.353,232.353,232.176,232.224,17505
2021-03-19 13:35:00,232.251,232.921,232.23,232.921,27789
2021-03-19 13:40:00,232.98,233.246,232.98,233.076,10971
2021-03-19 13:45:00,233.063,233.063,232.846,232.89,10923
2021-03-19 13:50:00,232.793,233.04,232.793,232.826,14892
2021-03-19 13:55:00,232.832,232.974,232.724,232.9,11862
2021-03-19 14:00:00,232.99,233.033,232.905,232.938,9876
2021-03-19 14:05:00,232.946,233.535,232.859,233.253,32643
2021-03-19 14:10:00,233.309,233.45,232.982,233.046,14925
2021-03-19 14:15:00,233.026,233.25,232.938,233.233,6723
2021-03-19 14:20:00,233.166,233.169,232.882,232.903,10566
2021-03-19 14:25:00,232.908,233.015,232.839,233.015,14442
2021-03-19 14:30:00,232.935,233.132,232.931,233.081,12843
2021-03-19 14:35:00,233.094,233.094,232.879,232.879,20313
2021-03-19 14:40:00,232.737,232.875,232.598,232.682,10671
2021-03-19 14:45:00,232.7,232.941,232.632,232.803,19788
2021-03-19 14:50:00,232.99,233.066,232.892,233.026,12051
2021-03-19 14:55:00,233.023,233.141,232.931,232.954,15591
2021-03-19 15:00:00,232.921,233.184,232.921,233.184,17166
2021-03-19 15:05:00,233.361,233.361,233.04,233.197,17205
2021-03-19 15:10:00,233.182,233.283,233.109,233.171,22437
2021-03-19 15:15:00,233.168,233.171,232.957,233.03,13851
2021-03-19 15:20:00,233.017,233.069,232.985,233.069,11277
2021-03-19 15:25:00,233.079,233.164,232.931,232.931,25197
2021-03-19 15:30:00,232.98,233.135,232.962,233.125,25293
2021-03-19 15:35:00,233.115,233.269,232.839,233.178,30300
2021-03-19 15:40:00,233.29,233.535,233.288,233.388,31806
2021-03-19 15:45:00,233.409,233.893,233.409,233.828,40299
2021-03-19 15:50:00,233.844,233.861,233.429,233.673,52398
2021-03-19 15:55:00,233.447,233.66,232.202,232.35,67476
2021-03-19 16:00:00,232.36,232.455,231.785,231.864,139404
2021-03-19 16:05:00,231.933,231.933,231.933,231.933,71463
2021-03-19 16:10:00,231.933,231.933,231.933,231.933,109506
2021-03-19 16:15:00,231.933,231.933,231.933,231.933,9000
2021-03-22 07:55:00,233.821,233.821,233.821,233.821,321
2021-03-22 09:35:00,231.976,232.097,231.677,232.097,59658
2021-03-22 09:40:00,231.634,232.471,231.634,232.425,8691
2021-03-22 09:45:00,232.678,232.793,232.424,232.793,6444
2021-03-22 09:50:00,232.805,233.092,232.803,232.944,4227
2021-03-22 09:55:00,232.957,233.288,232.8,232.962,6903
2021-03-22 10:00:00,233.049,234.077,233.017,234.077,20355
2021-03-22 10:05:00,233.682,234.081,233.404,233.404,4962
2021-03-22 10:10:00,233.572,233.982,233.572,233.775,4854
2021-03-22 10:15:00,233.713,233.887,233.713,233.887,3822
2021-03-22 10:20:00,234.132,234.764,233.985,234.66,17295
2021-03-22 10:25:00,234.797,235.125,234.531,234.788,10533
2021-03-22 10:30:00,234.705,234.82,234.475,234.82,8535
2021-03-22 10:35:00,234.621,234.662,234.442,234.557,10692
2021-03-22 10:40:00,234.578,234.639,234.409,234.639,9177
2021-03-22 10:45:00,234.946,235.293,234.946,235.293,5217
2021-03-22 10:50:00,235.417,235.48,235.141,235.309,9639
2021-03-22 10:55:00,235.255,235.255,234.737,234.737,8265
2021-03-22 11:00:00,234.659,235.171,234.659,235.171,3672
2021-03-22 11:05:00,235.253,235.407,235.171,235.398,9405
2021-03-22 11:10:00,235.45,235.45,234.813,234.895,18900
2021-03-22 11:15:00,234.813,234.895,234.721,234.833,8844
2021-03-22 11:20:00,234.911,235.154,234.887,235.154,6954
2021-03-22 11:25:00,235.375,235.473,235.266,235.345,7839
2021-03-22 11:30:00,235.269,235.291,235.038,235.109,5448
2021-03-22 11:35:00,235.197,235.315,235.118,235.228,6531
2021-03-22 11:40:00,235.317,235.657,235.317,235.549,10605
2021-03-22 11:45:00,235.581,235.89,235.567,235.788,10308
2021-03-22 11:50:00,235.821,235.821,235.539,235.709,17934
2021-03-22 11:55:00,235.701,235.742,235.492,235.492,5421
2021-03-22 12:00:00,235.68,235.936,235.641,235.734,14391
2021-03-22 12:05:00,235.78,235.844,235.595,235.595,8661
2021-03-22 12:10:00,235.545,235.545,235.054,235.054,5391
2021-03-22 12:15:00,234.944,234.944,234.82,234.82,3969
2021-03-22 12:20:00,234.79,234.8,234.652,234.652,3828
2021-03-22 12:25:00,234.685,234.928,234.585,234.928,10770
2021-03-22 12:30:00,234.734,234.846,234.718,234.741,19242
2021-03-22 12:35:00,234.54,234.54,234.307,234.404,4875
2021-03-22 12:40:00,234.376,234.409,234.238,234.399,6105
2021-03-22 12:45:00,234.557,234.652,234.544,234.599,7317
2021-03-22 12:50:00,234.645,234.678,234.57,234.57,2694
2021-03-22 12:55:00,234.465,234.465,234.281,234.424,4515
2021-03-22 13:00:00,234.402,234.402,234.365,234.366,1998
2021-03-22 13:05:00,234.432,234.752,234.432,234.751,11091
2021-03-22 13:10:00,234.808,235.043,234.754,235.043,6423
2021-03-22 13:15:00,234.895,235.246,234.885,235.246,6396
2021-03-22 13:20:00,235.109,235.151,234.996,235.151,8826
2021-03-22 13:25:00,235.236,235.236,235.072,235.135,6873
2021-03-22 13:30:00,235.369,235.369,235.076,235.331,6399
2021-03-22 13:35:00,235.348,235.539,235.348,235.539,3744
2021-03-22 13:40:00,235.815,235.903,235.613,235.613,7665
2021-03-22 13:45:00,235.792,235.962,235.792,235.962,8493
2021-03-22 13:50:00,235.969,236.15,235.969,236.077,3675
2021-03-22 13:55:00,236.169,236.209,236.049,236.051,7080
2021-03-22 14:00:00,235.994,235.994,235.936,235.975,17031
2021-03-22 14:05:00,235.969,235.975,235.89,235.917,5439
2021-03-22 14:10:00,235.88,235.88,235.821,235.862,7212
2021-03-22 14:15:00,235.887,236.084,235.818,235.943,7161
2021-03-22 14:20:00,235.966,236.14,235.966,236.14,5328
2021-03-22 14:25:00,236.258,236.284,236.117,236.225,2163
2021-03-22 14:30:00,236.317,236.422,236.054,236.084,7614
2021-03-22 14:35:00,236.186,236.196,235.966,236.14,9549
2021-03-22 14:40:00,236.192,236.448,236.192,236.416,6270
2021-03-22 14:45:00,236.352,236.494,236.352,236.448,7218
2021-03-22 14:50:00,236.557,236.777,236.488,236.488,19416
2021-03-22 14:55:00,236.458,236.471,236.376,236.389,10701
2021-03-22 15:00:00,236.435,236.573,236.386,236.439,5520
2021-03-22 15:05:00,236.345,236.465,236.246,236.378,9393
2021-03-22 15:10:00,236.389,236.609,236.389,236.511,14973
2021-03-22 15:15:00,236.626,236.836,236.626,236.777,11535
2021-03-22 15:20:00,236.716,236.974,236.691,236.932,23076
2021-03-22 15:25:00,236.915,237.072,236.774,236.87,16854
2021-03-22 15:30:00,236.818,236.842,236.631,236.842,17607
2021-03-22 15:35:00,236.754,236.754,236.273,236.408,13245
2021-03-22 15:40:00,236.317,236.452,236.304,236.412,9111
2021-03-22 15:45:00,236.284,236.485,236.258,236.432,15990
2021-03-22 15:50:00,236.419,236.485,236.353,236.356,13965
2021-03-22 15:55:00,236.402,236.402,236.199,236.317,21828
2021-03-22 16:00:00,236.33,236.734,236.327,236.521,56322
2021-03-22 16:05:00,236.527,236.527,236.527,236.527,35694
2021-03-22 17:00:00,236.777,236.777,236.777,236.777,300
2021-03-22 20:00:00,236.777,236.777,236.777,236.777,300
2021-03-23 08:05:00,236.777,236.777,236.777,236.777,546
2021-03-23 09:35:00,237.122,237.762,236.949,237.762,38106
2021-03-23 09:40:00,237.989,238.189,237.895,238.107,17031
2021-03-23 09:50:00,238.033,238.033,237.759,237.759,4461
2021-03-23 09:55:00,237.737,237.934,237.737,237.801,10527
2021-03-23 10:00:00,238.1,238.803,238.1,238.803,11481
2021-03-23 10:05:00,238.438,238.734,238.422,238.562,5508
2021-03-23 10:10:00,238.56,238.773,238.294,238.386,8196
2021-03-23 10:15:00,238.419,238.567,238.412,238.55,8934
2021-03-23 10:20:00,238.355,238.576,238.355,238.57,11580
2021-03-23 10:25:00,238.356,238.678,238.314,238.678,8520
2021-03-23 10:30:00,238.734,239.22,238.632,239.191,14394
2021-03-23 10:35:00,239.194,239.25,238.859,239.233,25206
2021-03-23 10:40:00,239.358,239.617,239.135,239.424,24780
2021-03-23 10:45:00,239.447,239.447,239.151,239.294,12591
2021-03-23 10:50:00,239.358,239.793,239.328,239.765,23922
2021-03-23 10:55:00,239.657,240.36,239.657,240.314,21651
2021-03-23 11:00:00,240.468,240.882,240.342,240.768,23556
2021-03-23 11:05:00,240.849,241.118,240.567,240.645,19905
2021-03-23 11:10:00,240.708,240.938,240.557,240.787,16782
2021-03-23 11:15:00,240.787,241.721,240.787,241.296,42450
2021-03-23 11:20:00,241.373,241.585,241.177,241.253,28800
2021-03-23 11:25:00,241.163,241.319,240.882,240.882,8466
2021-03-23 11:30:00,240.879,241.264,240.879,241.223,5352
2021-03-23 11:35:00,240.998,241.246,240.796,241.246,9750
2021-03-23 11:40:00,241.408,241.867,241.374,241.867,12822
2021-03-23 11:45:00,241.864,241.864,241.585,241.667,29400
2021-03-23 11:50:00,241.617,241.68,241.368,241.483,10254
2021-03-23 11:55:00,241.481,241.481,241.23,241.343,12468
2021-03-23 12:00:00,241.328,241.46,241.223,241.223,25365
2021-03-23 12:05:00,241.402,241.483,241.365,241.371,8940
2021-03-23 12:10:00,241.476,241.476,240.915,241.025,35565
2021-03-23 12:15:00,241.151,241.877,241.151,241.877,25944
2021-03-23 12:20:00,241.956,241.956,241.621,241.7,21465
2021-03-23 12:25:00,241.703,241.859,241.703,241.859,14823
2021-03-23 12:30:00,241.857,241.959,241.703,241.752,18792
2021-03-23 12:35:00,241.818,241.923,241.66,241.923,25626
2021-03-23 12:40:00,241.762,242.031,241.663,241.723,20007
2021-03-23 12:45:00,241.755,242.011,241.529,241.661,43152
2021-03-23 12:50:00,241.563,241.575,241.555,241.575,2553
2021-03-23 12:55:00,241.571,242.241,241.571,242.103,27612
2021-03-23 13:00:00,242.205,242.327,242.11,242.11,6387
2021-03-23 13:05:00,242.107,242.32,241.929,241.929,17421
2021-03-23 13:10:00,241.941,242.08,241.938,241.941,12621
2021-03-23 13:15:00,242.051,242.131,241.916,242.131,14136
2021-03-23 13:20:00,242.126,242.425,242.126,242.235,26532
2021-03-23 13:25:00,242.233,242.233,241.677,241.757,10620
2021-03-23 13:30:00,241.747,242.113,241.745,241.911,15879
2021-03-23 13:35:00,241.926,241.926,241.401,241.437,13845
2021-03-23 13:40:00,241.397,241.522,241.056,241.056,13653
2021-03-23 13:45:00,241.092,241.358,241.013,241.263,24936
2021-03-23 13:50:00,241.355,241.683,241.046,241.53,27426
2021-03-23 13:55:00,241.486,241.579,241.296,241.535,14421
2021-03-23 14:00:00,241.45,241.575,241.322,241.378,16653
2021-03-23 14:05:00,241.184,241.578,241.184,241.571,10524
2021-03-23 14:10:00,241.342,242.008,241.342,242.008,21261
2021-03-23 14:15:00,242.041,242.041,241.683,241.713,23778
2021-03-23 14:20:00,241.762,241.9,241.476,241.476,17559
2021-03-23 14:25:00,241.506,241.555,240.964,240.964,9582
2021-03-23 14:30:00,241.0,241.345,241.0,241.168,26355
2021-03-23 14:35:00,241.235,241.235,240.658,240.66,12867
2021-03-23 14:40:00,240.606,240.708,240.373,240.588,8457
2021-03-23 14:45:00,240.481,240.481,240.136,240.172,12135
2021-03-23 14:50:00,240.258,240.537,240.182,240.455,30189
2021-03-23 14:55:00,240.509,240.78,240.409,240.717,10107
2021-03-23 15:00:00,240.796,240.951,240.649,240.777,18543
2021-03-23 15:05:00,240.795,241.038,240.721,240.895,19827
2021-03-23 15:10:00,240.865,240.865,240.261,240.537,23640
2021-03-23 15:15:00,240.218,240.492,240.002,240.012,13581
2021-03-23 15:20:00,239.798,239.867,239.522,239.532,22761
2021-03-23 15:25:00,239.617,239.617,238.908,239.069,13404
2021-03-23 15:30:00,238.908,239.732,238.833,239.69,20109
2021-03-23 15:35:00,239.636,239.7,239.053,239.115,26943
2021-03-23 15:40:00,239.007,239.184,238.819,239.021,20490
2021-03-23 15:45:00,238.925,239.118,238.747,238.872,18600
2021-03-23 15:50:00,238.872,239.02,238.734,238.747,41085
2021-03-23 15:55:00,238.747,238.747,237.982,238.209,72102
2021-03-23 16:00:00,238.163,238.713,238.151,238.399,129558
2021-03-23 16:05:00,238.399,238.399,238.399,238.399,10971
2021-03-24 09:30:00,238.379,238.379,238.379,238.379,339
2021-03-24 09:35:00,237.003,238.197,237.003,237.998,39831
2021-03-24 09:40:00,238.225,238.59,238.031,238.59,6030
2021-03-24 09:45:00,238.353,238.429,238.353,238.429,921
2021-03-24 09:50:00,238.347,238.422,238.347,238.422,1176
2021-03-24 09:55:00,238.533,239.082,238.363,239.082,5847
2021-03-24 10:00:00,239.154,239.611,239.154,239.315,13908
2021-03-24 10:05:00,239.273,239.273,238.979,238.979,2541
2021-03-24 10:10:00,238.846,238.846,238.402,238.402,7494
2021-03-24 10:15:00,238.041,238.292,237.945,238.059,18717
2021-03-24 10:20:00,238.082,238.087,237.716,237.741,8997
2021-03-24 10:25:00,237.956,238.209,237.956,238.062,6645
2021-03-24 10:30:00,237.884,238.025,237.884,238.025,1587
2021-03-24 10:35:00,237.987,238.407,237.987,238.358,8898
2021-03-24 10:40:00,238.307,238.544,238.307,238.544,4404
2021-03-24 10:45:00,238.59,239.013,238.485,238.614,12582
2021-03-24 10:50:00,238.731,238.836,238.642,238.642,4350
2021-03-24 10:55:00,238.862,238.875,238.773,238.803,4815
2021-03-24 11:00:00,238.79,238.961,238.649,238.961,5808
2021-03-24 11:05:00,239.095,239.519,238.961,239.519,11427
2021-03-24 11:10:00,239.632,240.13,239.632,239.926,10518
2021-03-24 11:15:00,239.926,240.0,239.596,239.599,9627
2021-03-24 11:20:00,239.718,239.718,239.529,239.529,6438
2021-03-24 11:25:00,239.461,239.476,239.24,239.363,5502
2021-03-24 11:30:00,239.332,239.534,239.332,239.534,5484
2021-03-24 11:40:00,239.667,239.814,239.332,239.332,4578
2021-03-24 11:45:00,239.353,239.486,239.273,239.44,8910
2021-03-24 11:50:00,239.841,239.982,239.74,239.847,2418
2021-03-24 11:55:00,239.903,240.117,239.903,239.972,11127
2021-03-24 12:00:00,240.043,240.501,240.043,240.425,21825
2021-03-24 12:05:00,240.489,240.593,240.389,240.593,6342
2021-03-24 12:10:00,240.517,240.524,240.002,240.002,15705
2021-03-24 12:15:00,240.113,240.191,239.916,239.998,8091
2021-03-24 12:20:00,240.038,240.182,239.949,239.949,6696
2021-03-24 12:25:00,239.867,239.949,239.703,239.716,8454
2021-03-24 12:30:00,239.783,239.818,239.611,239.811,10698
2021-03-24 12:35:00,239.724,239.989,239.709,239.818,5766
2021-03-24 12:40:00,240.064,240.278,240.002,240.278,15852
2021-03-24 12:45:00,240.241,240.317,240.12,240.238,13095
2021-03-24 12:50:00,240.2,240.2,239.966,240.021,8916
2021-03-24 12:55:00,239.892,240.018,239.733,239.817,9243
2021-03-24 13:00:00,239.732,239.833,239.673,239.772,9144
2021-03-24 13:05:00,239.64,239.87,239.627,239.87,11808
2021-03-24 13:10:00,239.558,239.558,239.514,239.535,2661
2021-03-24 13:15:00,239.437,239.453,239.253,239.253,7002
2021-03-24 13:20:00,239.125,239.192,238.98,238.98,6099
2021-03-24 13:25:00,239.066,239.066,238.724,238.744,10956
2021-03-24 13:30:00,238.746,238.806,238.619,238.806,7209
2021-03-24 13:35:00,238.806,238.862,238.675,238.675,20817
2021-03-24 13:40:00,238.57,238.57,238.498,238.498,1656
2021-03-24 13:45:00,238.448,238.448,238.117,238.117,4443
2021-03-24 13:50:00,238.215,238.798,238.179,238.711,12066
2021-03-24 13:55:00,238.77,238.77,238.553,238.553,3912
2021-03-24 14:00:00,238.558,238.558,238.383,238.383,4461
2021-03-24 14:05:00,238.402,238.507,238.13,238.13,7476
2021-03-24 14:10:00,238.268,238.268,237.992,238.14,12129
2021-03-24 14:15:00,238.143,238.461,238.038,238.461,19470
2021-03-24 14:20:00,238.524,238.547,238.35,238.363,20568
2021-03-24 14:25:00,238.393,238.55,238.393,238.403,10929
2021-03-24 14:30:00,238.379,238.399,238.064,238.235,12795
2021-03-24 14:35:00,238.074,238.284,237.933,238.284,9006
2021-03-24 14:40:00,238.348,238.553,238.294,238.304,15048
2021-03-24 14:45:00,238.232,238.332,237.949,237.949,11763
2021-03-24 14:50:00,237.939,238.393,237.89,238.356,13446
2021-03-24 14:55:00,238.36,238.494,238.324,238.324,9957
2021-03-24 15:00:00,238.087,238.415,237.979,238.035,11607
2021-03-24 15:05:00,237.923,238.189,237.877,238.041,14514
2021-03-24 15:10:00,238.072,238.301,238.067,238.301,6264
2021-03-24 15:15:00,238.399,238.399,238.035,238.041,13227
2021-03-24 15:20:00,238.107,238.376,237.956,238.258,12135
2021-03-24 15:25:00,238.136,238.136,237.752,237.752,17460
2021-03-24 15:30:00,238.104,238.156,238.007,238.041,8199
2021-03-24 15:35:00,237.9,238.133,237.678,237.719,27813
2021-03-24 15:40:00,237.838,237.959,237.654,237.834,15966
2021-03-24 15:45:00,237.657,238.199,237.657,238.063,27411
2021-03-24 15:50:00,238.064,238.544,238.013,238.504,32832
2021-03-24 15:55:00,238.299,238.616,238.09,238.09,52515
2021-03-24 16:00:00,238.094,238.094,237.522,237.811,67245
2021-03-24 16:05:00,237.811,237.811,237.811,237.811,177108
2021-03-24 16:15:00,237.811,237.811,237.811,237.811,2358
2021-03-25 09:35:00,237.535,237.686,237.036,237.036,35952
2021-03-25 09:40:00,236.783,237.315,236.494,236.534,16134
2021-03-25 09:45:00,236.803,236.908,236.675,236.908,8922
2021-03-25 09:50:00,236.964,237.66,236.961,237.495,11637
2021-03-25 09:55:00,238.087,238.087,237.663,238.005,11820
2021-03-25 10:00:00,237.64,238.058,237.519,237.952,30771
2021-03-25 10:05:00,237.939,237.982,237.568,237.673,24981
2021-03-25 10:10:00,237.762,238.235,237.762,237.951,13191
2021-03-25 10:15:00,237.989,238.051,237.749,237.847,34257
2021-03-25 10:20:00,238.023,238.386,238.023,238.386,11679
2021-03-25 10:25:00,238.557,238.583,238.35,238.399,7491
2021-03-25 10:30:00,238.442,238.867,238.442,238.867,8769
2021-03-25 10:35:00,238.987,238.993,238.788,238.788,4494
2021-03-25 10:40:00,238.796,239.263,238.741,239.007,19791
2021-03-25 10:45:00,238.957,239.212,238.911,239.212,28878
2021-03-25 10:50:00,239.243,239.696,239.243,239.696,17238
2021-03-25 10:55:00,239.693,239.706,239.401,239.568,12036
2021-03-25 11:00:00,239.552,240.041,239.552,240.031,9768
2021-03-25 11:05:00,240.005,240.08,239.713,239.893,9048
2021-03-25 11:10:00,239.755,239.952,239.755,239.847,8622
2021-03-25 11:15:00,239.693,240.271,239.693,240.271,8256
2021-03-25 11:20:00,240.186,240.197,240.038,240.038,5685
2021-03-25 11:25:00,240.146,240.146,239.811,239.857,6453
2021-03-25 11:30:00,239.701,240.067,239.535,239.81,8202
2021-03-25 11:35:00,239.893,239.893,239.552,239.642,11295
2021-03-25 11:40:00,239.614,239.614,239.345,239.345,4788
2021-03-25 11:45:00,239.34,239.542,239.222,239.462,4152
2021-03-25 11:50:00,239.506,240.077,239.404,239.854,24765
2021-03-25 11:55:00,239.897,240.43,239.841,240.324,8265
2021-03-25 12:00:00,240.333,240.593,240.289,240.488,7665
2021-03-25 12:05:00,240.542,240.547,240.248,240.248,6288
2021-03-25 12:10:00,240.248,240.333,240.069,240.176,15741
2021-03-25 12:15:00,240.128,240.307,240.035,240.307,12666
2021-03-25 12:20:00,240.347,240.498,240.286,240.389,7782
2021-03-25 12:25:00,240.381,240.381,240.113,240.23,9276
2021-03-25 12:30:00,240.351,240.351,240.115,240.294,14514
2021-03-25 12:35:00,240.25,240.25,240.195,240.202,6786
2021-03-25 12:40:00,240.209,240.327,240.191,240.31,6618
2021-03-25 12:45:00,240.274,240.484,240.274,240.309,11169
2021-03-25 12:50:00,240.401,240.56,240.401,240.56,4176
2021-03-25 12:55:00,240.415,240.744,240.415,240.507,22191
2021-03-25 13:00:00,240.501,240.872,240.501,240.872,8793
2021-03-25 13:05:00,240.921,241.02,240.803,240.989,5550
2021-03-25 13:10:00,240.911,241.0,240.78,240.898,8304
2021-03-25 13:15:00,240.908,241.007,240.803,241.007,11160
2021-03-25 13:20:00,240.943,241.01,240.79,240.79,4656
2021-03-25 13:25:00,240.698,240.698,240.698,240.698,789
2021-03-25 13:30:00,240.672,241.013,240.67,241.013,11100
2021-03-25 13:35:00,241.078,241.138,241.078,241.138,2427
2021-03-25 13:40:00,241.082,241.309,241.082,241.292,7992
2021-03-25 13:45:00,241.332,241.88,241.332,241.88,14922
2021-03-25 13:50:00,241.903,242.011,241.65,241.829,19575
2021-03-25 13:55:00,241.9,241.9,241.695,241.9,9561
2021-03-25 14:00:00,241.877,241.88,241.479,241.479,8169
2021-03-25 14:05:00,241.414,241.414,241.217,241.394,17919
2021-03-25 14:10:00,241.327,241.686,241.312,241.686,7599
2021-03-25 14:15:00,241.39,241.411,241.291,241.299,6567
2021-03-25 14:20:00,241.292,241.315,241.22,241.315,4941
2021-03-25 14:25:00,241.371,241.414,241.287,241.307,9765
2021-03-25 14:30:00,241.414,241.46,241.371,241.371,7785
2021-03-25 14:35:00,241.34,241.542,241.292,241.364,9057
2021-03-25 14:40:00,241.667,241.759,241.667,241.745,6474
2021-03-25 14:45:00,241.752,241.867,241.732,241.846,11418
2021-03-25 14:50:00,241.788,241.88,241.768,241.877,7791
2021-03-25 14:55:00,241.862,242.054,241.798,242.054,8256
2021-03-25 15:00:00,242.044,242.524,241.972,242.524,11364
2021-03-25 15:05:00,242.232,242.305,242.151,242.255,13185
2021-03-25 15:10:00,242.224,242.593,242.215,242.553,13107
2021-03-25 15:15:00,242.81,243.401,242.81,243.03,34206
2021-03-25 15:20:00,243.24,243.345,243.016,243.345,11484
2021-03-25 15:25:00,243.179,243.345,243.0,243.23,16587
2021-03-25 15:30:00,243.177,243.187,242.77,243.115,16140
2021-03-25 15:35:00,243.102,243.315,243.059,243.266,18534
2021-03-25 15:40:00,243.42,243.42,243.246,243.338,18165
2021-03-25 15:45:00,243.297,243.369,242.805,242.819,23157
2021-03-25 15:50:00,242.78,242.898,242.547,242.89,17487
2021-03-25 15:55:00,242.598,243.076,242.36,242.8,70107
2021-03-25 16:00:00,242.688,242.938,242.038,242.878,147237
2021-03-25 16:05:00,242.757,242.757,242.757,242.757,20907
2021-03-25 17:20:00,242.757,242.757,242.757,242.757,4281
2021-03-26 09:20:00,242.757,242.757,242.757,242.757,27954
2021-03-26 09:35:00,242.803,243.352,242.085,242.69,39903
2021-03-26 09:40:00,242.714,242.875,242.438,242.463,6450
2021-03-26 09:45:00,242.553,243.332,242.553,243.217,8688
2021-03-26 09:50:00,243.297,243.297,242.695,242.931,6291
2021-03-26 09:55:00,242.645,242.77,242.102,242.611,8931
2021-03-26 10:00:00,242.619,243.547,242.507,243.547,14790
2021-03-26 10:05:00,243.673,243.673,243.069,243.261,19296
2021-03-26 10:10:00,243.397,244.002,243.397,244.002,10041
2021-03-26 10:15:00,244.258,244.258,243.906,244.074,7533
2021-03-26 10:20:00,244.151,244.665,244.151,244.652,13050
2021-03-26 10:25:00,244.695,244.918,244.695,244.918,6528
2021-03-26 10:30:00,244.934,245.213,244.76,244.918,13395
2021-03-26 10:35:00,244.78,244.78,244.448,244.619,10731
2021-03-26 10:40:00,244.563,244.642,244.422,244.619,11445
2021-03-26 10:45:00,244.658,244.665,244.57,244.665,3627
2021-03-26 10:50:00,244.75,244.987,244.741,244.882,13674
2021-03-26 10:55:00,244.892,245.506,244.892,245.493,17982
2021-03-26 11:00:00,245.345,245.345,244.819,244.905,22944
2021-03-26 11:05:00,244.757,244.757,244.156,244.563,13938
2021-03-26 11:10:00,244.519,244.714,244.445,244.484,23487
2021-03-26 11:15:00,244.481,244.481,244.103,244.34,7284
2021-03-26 11:20:00,244.323,244.36,244.159,244.281,9999
2021-03-26 11:25:00,244.432,244.593,244.432,244.545,2847
2021-03-26 11:30:00,244.552,244.576,244.269,244.327,12864
2021-03-26 11:35:00,244.461,244.506,244.371,244.396,5250
2021-03-26 11:40:00,244.517,244.563,244.402,244.563,7506
2021-03-26 11:45:00,244.47,244.644,244.356,244.622,12471
2021-03-26 11:50:00,244.632,245.007,244.632,245.007,12822
2021-03-26 11:55:00,245.016,245.016,244.497,244.665,24006
2021-03-26 12:00:00,244.745,244.862,244.488,244.862,11169
2021-03-26 12:05:00,244.931,245.463,244.931,245.463,5511
2021-03-26 12:10:00,245.391,245.591,245.281,245.591,10458
2021-03-26 12:15:00,245.479,245.519,245.315,245.417,15237
2021-03-26 12:20:00,245.472,245.506,245.417,245.417,4923
2021-03-26 12:25:00,245.378,245.722,245.378,245.663,11355
2021-03-26 12:30:00,245.52,245.818,245.44,245.795,13812
2021-03-26 12:35:00,245.821,245.985,245.703,245.985,13698
2021-03-26 12:40:00,245.969,246.218,245.969,246.212,8304
2021-03-26 12:45:00,246.235,246.235,246.034,246.108,12471
2021-03-26 12:50:00,246.12,246.235,246.054,246.212,8400
2021-03-26 12:55:00,246.258,246.983,246.258,246.908,34668
2021-03-26 13:00:00,246.957,247.013,246.829,246.97,16212
2021-03-26 13:05:00,246.98,247.171,246.928,246.958,14181
2021-03-26 13:10:00,247.082,247.373,247.026,247.217,31296
2021-03-26 13:15:00,247.121,247.463,247.072,247.24,37770
2021-03-26 13:20:00,247.121,247.197,247.01,247.183,17772
2021-03-26 13:25:00,247.274,247.305,247.089,247.305,8634
2021-03-26 13:30:00,247.21,247.693,247.141,247.479,23457
2021-03-26 13:35:00,247.341,247.474,247.19,247.307,17613
2021-03-26 13:40:00,247.307,247.333,247.056,247.243,22677
2021-03-26 13:45:00,247.089,247.259,247.066,247.102,27933
2021-03-26 13:50:00,247.075,247.154,246.767,246.799,16725
2021-03-26 13:55:00,246.773,247.082,246.678,247.082,41397
2021-03-26 14:00:00,247.029,247.26,246.869,246.882,13647
2021-03-26 14:05:00,246.964,246.987,246.685,246.731,14208
2021-03-26 14:10:00,246.652,246.696,246.225,246.251,15243
2021-03-26 14:15:00,246.271,246.294,246.072,246.118,13599
2021-03-26 14:20:00,245.995,246.025,245.736,246.025,9687
2021-03-26 14:25:00,246.149,246.744,246.149,246.675,9615
2021-03-26 14:30:00,246.491,246.744,246.488,246.552,7401
2021-03-26 14:35:00,246.622,246.921,246.603,246.885,10218
2021-03-26 14:40:00,246.888,247.049,246.846,247.044,10125
2021-03-26 14:45:00,247.171,247.312,247.033,247.312,11790
2021-03-26 14:50:00,247.184,247.217,246.933,247.064,21975
2021-03-26 14:55:00,247.204,247.604,247.164,247.447,14979
2021-03-26 15:00:00,247.295,247.584,247.263,247.582,14292
2021-03-26 15:05:00,247.584,247.584,247.417,247.499,6420
2021-03-26 15:10:00,247.502,247.606,247.272,247.476,30558
2021-03-26 15:15:00,247.575,247.827,247.542,247.571,13251
2021-03-26 15:20:00,247.709,247.709,247.548,247.709,9204
2021-03-26 15:25:00,247.804,247.808,247.486,247.644,19380
2021-03-26 15:30:00,247.729,247.77,247.437,247.667,28749
2021-03-26 15:35:00,247.731,248.143,247.679,248.126,28509
2021-03-26 15:40:00,248.118,248.231,247.736,247.92,30600
2021-03-26 15:45:00,248.038,248.208,247.854,248.044,26130
2021-03-26 15:50:00,248.103,248.373,248.044,248.356,24225
2021-03-26 15:55:00,248.389,248.839,248.172,248.839,67782
2021-03-26 16:00:00,248.731,249.584,248.714,249.263,192162
2021-03-26 16:05:00,249.263,249.263,249.263,249.263,20289
2021-03-26 18:00:00,249.584,249.584,249.584,249.584,900
2021-03-29 08:40:00,249.256,249.256,249.256,249.256,969
2021-03-29 09:35:00,249.256,251.397,249.161,251.131,73740
2021-03-29 09:40:00,251.088,252.197,251.072,251.624,28380
2021-03-29 09:45:00,251.804,252.212,251.335,251.377,13569
2021-03-29 09:50:00,251.248,251.248,250.297,250.865,6126
2021-03-29 09:55:00,249.809,249.936,249.315,249.785,14991
2021-03-29 10:00:00,249.742,249.742,248.934,249.131,19488
2021-03-29 10:05:00,248.783,248.9,248.35,248.435,8973
2021-03-29 10:10:00,248.323,248.323,248.044,248.044,8607
2021-03-29 10:15:00,247.778,247.9,247.686,247.686,7227
2021-03-29 10:20:00,247.693,247.694,247.548,247.614,11229
2021-03-29 10:25:00,248.087,248.093,247.573,247.573,9633
2021-03-29 10:30:00,247.561,247.959,247.542,247.709,7152
2021-03-29 10:35:00,247.628,247.752,247.628,247.722,4992
2021-03-29 10:40:00,247.663,247.896,247.44,247.85,5898
2021-03-29 10:45:00,247.529,247.624,247.41,247.476,7083
2021-03-29 10:50:00,247.279,247.368,247.279,247.368,4542
2021-03-29 10:55:00,247.499,247.74,247.306,247.306,13341
2021-03-29 11:00:00,247.131,247.404,247.131,247.404,3681
2021-03-29 11:05:00,247.381,247.381,246.885,246.885,10809
2021-03-29 11:10:00,247.102,247.102,246.767,247.043,7533
2021-03-29 11:15:00,247.154,247.584,247.154,247.584,4758
2021-03-29 11:20:00,247.86,248.093,247.798,247.979,7587
2021-03-29 11:25:00,247.988,248.051,247.988,248.051,4470
2021-03-29 11:30:00,248.284,248.438,248.284,248.438,10410
2021-03-29 11:35:00,248.396,248.484,248.343,248.343,6069
2021-03-29 11:40:00,248.294,248.294,248.261,248.281,3837
2021-03-29 11:45:00,248.333,248.806,248.333,248.806,9105
2021-03-29 11:50:00,248.897,248.942,248.58,248.655,10242
2021-03-29 11:55:00,248.635,248.698,248.504,248.602,13467
2021-03-29 12:00:00,248.685,248.685,248.589,248.647,2391
2021-03-29 12:05:00,248.777,248.885,248.777,248.885,2943
2021-03-29 12:10:00,248.941,249.253,248.941,249.253,10158
2021-03-29 12:15:00,249.249,249.249,248.987,249.174,9990
2021-03-29 12:20:00,249.24,249.376,249.24,249.355,3843
2021-03-29 12:25:00,249.486,249.588,249.486,249.552,6138
2021-03-29 12:30:00,249.42,249.61,249.272,249.61,10575
2021-03-29 12:35:00,249.453,249.483,249.054,249.167,14547
2021-03-29 12:40:00,249.039,249.079,249.039,249.079,3564
2021-03-29 12:45:00,249.131,249.407,249.131,249.289,14301
2021-03-29 12:50:00,249.397,249.591,249.397,249.43,7959
2021-03-29 12:55:00,249.368,249.384,249.253,249.384,4023
2021-03-29 13:00:00,249.41,249.496,249.259,249.259,9369
2021-03-29 13:05:00,249.454,249.483,249.31,249.371,12708
2021-03-29 13:10:00,249.302,249.302,248.908,248.921,8163
2021-03-29 13:15:00,248.888,248.888,248.786,248.863,7884
2021-03-29 13:20:00,248.888,249.223,248.888,249.036,10929
2021-03-29 13:25:00,249.043,249.043,248.97,248.974,4974
2021-03-29 13:30:00,248.975,248.975,248.704,248.846,8505
2021-03-29 13:35:00,248.862,249.223,248.862,249.223,2049
2021-03-29 13:40:00,249.249,249.44,249.235,249.309,6867
2021-03-29 13:45:00,249.409,249.532,249.34,249.532,5355
2021-03-29 13:50:00,249.44,249.483,249.34,249.476,5295
2021-03-29 13:55:00,249.64,249.726,249.512,249.588,14796
2021-03-29 14:00:00,249.584,249.735,249.351,249.351,8331
2021-03-29 14:05:00,249.256,249.403,249.079,249.205,6420
2021-03-29 14:10:00,249.174,249.256,249.131,249.218,5913
2021-03-29 14:15:00,249.106,249.106,249.102,249.102,1674
2021-03-29 14:20:00,249.075,249.079,248.89,248.895,10611
2021-03-29 14:25:00,248.974,249.187,248.974,249.112,3435
2021-03-29 14:30:00,249.069,249.332,249.069,249.332,4791
2021-03-29 14:35:00,249.305,249.305,249.052,249.052,4401
2021-03-29 14:40:00,249.14,249.14,248.934,249.056,4944
2021-03-29 14:45:00,249.108,249.371,249.108,249.279,10209
2021-03-29 14:50:00,249.318,249.579,249.318,249.579,1524
2021-03-29 14:55:00,249.44,249.594,249.363,249.363,11892
2021-03-29 15:00:00,249.325,249.325,248.997,249.192,12660
2021-03-29 15:05:00,249.575,249.575,249.226,249.387,8445
2021-03-29 15:10:00,249.525,249.698,249.473,249.698,17067
2021-03-29 15:15:00,249.64,249.709,249.584,249.68,16053
2021-03-29 15:20:00,249.702,249.762,249.538,249.594,8250
2021-03-29 15:25:00,249.699,249.711,249.538,249.675,10854
2021-03-29 15:30:00,249.617,249.634,249.174,249.174,13764
2021-03-29 15:35:00,249.266,249.502,249.251,249.322,16434
2021-03-29 15:40:00,249.213,249.282,248.872,248.908,26979
2021-03-29 15:45:00,248.846,249.046,248.757,248.801,19404
2021-03-29 15:50:00,248.698,249.177,248.698,248.768,30243
2021-03-29 15:55:00,249.061,249.061,248.609,248.616,37272
2021-03-29 16:00:00,248.655,248.655,248.052,248.284,104619
2021-03-29 16:05:00,248.373,248.373,248.373,248.373,18234
2021-03-30 09:05:00,249.584,249.584,249.584,249.584,324
2021-03-30 09:35:00,247.43,247.571,246.405,246.977,51531
2021-03-30 09:40:00,247.197,247.197,246.369,246.557,21414
2021-03-30 09:45:00,246.783,246.783,246.089,246.573,7230
2021-03-30 09:50:00,246.506,246.701,246.419,246.516,9603
2021-03-30 09:55:00,246.859,247.24,246.849,247.24,6936
2021-03-30 10:00:00,247.141,247.386,246.967,247.386,17130
2021-03-30 10:05:00,247.118,247.118,245.67,245.67,13353
2021-03-30 10:10:00,245.673,245.857,245.473,245.473,9285
2021-03-30 10:15:00,245.663,245.719,245.497,245.545,16428
2021-03-30 10:20:00,245.539,245.647,245.381,245.545,14454
2021-03-30 10:25:00,245.563,245.563,244.98,245.058,9153
2021-03-30 10:30:00,245.225,245.683,245.225,245.637,17175
2021-03-30 10:35:00,245.823,245.988,245.617,245.617,10743
2021-03-30 10:40:00,245.601,245.833,245.419,245.833,6477
2021-03-30 10:45:00,245.696,245.948,245.614,245.948,6366
2021-03-30 10:50:00,245.811,246.225,245.778,246.225,7572
2021-03-30 10:55:00,246.284,246.353,246.164,246.164,6465
2021-03-30 11:00:00,246.071,246.1,245.407,245.483,10035
2021-03-30 11:05:00,245.486,245.722,245.402,245.468,9093
2021-03-30 11:10:00,245.484,245.484,245.422,245.422,3330
2021-03-30 11:15:00,245.404,245.41,245.144,245.144,11064
2021-03-30 11:20:00,245.151,245.532,245.151,245.476,12306
2021-03-30 11:25:00,245.25,245.374,245.25,245.305,4638
2021-03-30 11:30:00,245.256,245.256,244.957,244.987,11133
2021-03-30 11:35:00,244.878,244.878,244.718,244.718,4260
2021-03-30 11:40:00,244.718,244.928,244.448,244.448,6273
2021-03-30 11:45:00,244.381,244.888,244.32,244.855,9375
2021-03-30 11:50:00,244.896,244.896,244.783,244.783,2592
2021-03-30 11:55:00,244.653,244.653,244.36,244.36,4659
2021-03-30 12:00:00,244.432,244.839,244.379,244.839,11010
2021-03-30 12:05:00,244.977,244.984,244.977,244.984,837
2021-03-30 12:10:00,245.098,245.098,244.915,245.052,3285
2021-03-30 12:15:00,245.105,245.366,245.105,245.144,3279
2021-03-30 12:20:00,245.144,245.207,244.987,245.092,9348
2021-03-30 12:25:00,245.077,245.588,244.987,245.588,8370
2021-03-30 12:30:00,245.41,245.637,245.406,245.417,8157
2021-03-30 12:35:00,245.402,245.402,245.061,245.069,5085
2021-03-30 12:40:00,244.882,244.882,244.53,244.614,12123
2021-03-30 12:45:00,244.501,244.56,244.323,244.36,8733
2021-03-30 12:50:00,244.351,244.351,244.034,244.09,6357
2021-03-30 12:55:00,244.1,244.1,243.729,243.977,29640
2021-03-30 13:00:00,243.962,244.28,243.962,244.2,8175
2021-03-30 13:05:00,244.08,244.33,243.926,244.273,7575
2021-03-30 13:10:00,244.322,244.322,244.076,244.076,3714
2021-03-30 13:15:00,244.015,244.194,243.919,244.084,8211
2021-03-30 13:20:00,244.113,244.32,244.113,244.217,2616
2021-03-30 13:25:00,244.113,244.438,244.108,244.438,9336
2021-03-30 13:30:00,244.557,244.557,244.433,244.433,3168
2021-03-30 13:35:00,244.511,244.813,244.511,244.813,9207
2021-03-30 13:40:00,244.934,244.938,244.934,244.938,2895
2021-03-30 13:45:00,244.862,244.862,244.754,244.803,7926
2021-03-30 13:50:00,244.811,244.898,244.811,244.898,1821
2021-03-30 13:55:00,244.834,245.049,244.834,245.046,5634
2021-03-30 14:00:00,245.087,245.194,245.087,245.144,4065
2021-03-30 14:05:00,245.095,245.213,244.806,244.806,17583
2021-03-30 14:10:00,244.803,244.956,244.744,244.744,9663
2021-03-30 14:15:00,244.649,244.649,244.599,244.599,2715
2021-03-30 14:20:00,244.744,244.993,244.744,244.993,4299
2021-03-30 14:25:00,244.819,245.049,244.763,244.841,6378
2021-03-30 14:30:00,244.954,244.954,244.954,244.954,507
2021-03-30 14:35:00,245.079,245.079,244.957,245.039,6648
2021-03-30 14:40:00,245.007,245.098,244.911,245.098,5934
2021-03-30 14:45:00,245.082,245.082,244.78,244.78,5718
2021-03-30 14:50:00,244.931,245.22,244.931,245.22,3957
2021-03-30 14:55:00,245.192,245.21,245.144,245.21,4557
2021-03-30 15:00:00,245.312,245.463,245.312,245.463,3258
2021-03-30 15:05:00,245.269,245.46,245.269,245.371,4848
2021-03-30 15:10:00,245.299,245.338,245.23,245.333,6000
2021-03-30 15:15:00,245.254,245.322,245.171,245.289,5295
2021-03-30 15:20:00,245.335,245.355,245.102,245.148,8919
2021-03-30 15:25:00,245.21,245.392,245.108,245.368,9768
2021-03-30 15:30:00,245.263,245.335,245.105,245.22,11124
2021-03-30 15:35:00,245.188,245.65,245.121,245.65,13164
2021-03-30 15:40:00,245.729,245.88,245.621,245.626,14265
2021-03-30 15:45:00,245.607,245.686,245.473,245.553,14787
2021-03-30 15:50:00,245.525,245.578,245.263,245.44,15903
2021-03-30 15:55:00,245.279,245.279,244.941,244.998,35490
2021-03-30 16:00:00,245.036,245.302,244.514,245.302,89886
2021-03-30 16:05:00,245.059,245.059,245.059,245.059,58572
2021-03-31 09:35:00,245.066,246.131,245.066,245.785,29235
2021-03-31 09:40:00,245.759,246.195,245.075,245.451,14637
2021-03-31 09:45:00,245.196,245.386,244.915,245.386,1695
2021-03-31 09:50:00,244.832,244.832,244.034,244.034,6183
2021-03-31 09:55:00,244.176,244.274,243.811,244.25,13617
2021-03-31 10:00:00,244.153,244.33,244.087,244.087,8175
2021-03-31 10:05:00,244.143,244.529,244.143,244.258,7272
2021-03-31 10:10:00,244.271,244.276,244.133,244.276,5673
2021-03-31 10:15:00,244.32,244.32,244.32,244.32,606
2021-03-31 10:20:00,244.406,244.406,243.903,244.11,9840
2021-03-31 10:25:00,244.089,244.179,244.087,244.087,1692
2021-03-31 10:30:00,243.965,243.988,243.699,243.988,9372
2021-03-31 10:35:00,243.995,243.995,243.716,243.874,10626
2021-03-31 10:40:00,243.695,243.726,243.312,243.312,10674
2021-03-31 10:45:00,243.207,243.516,243.207,243.447,15489
2021-03-31 10:50:00,243.345,243.397,243.182,243.187,26682
2021-03-31 10:55:00,243.401,244.031,243.401,243.992,15621
2021-03-31 11:00:00,244.13,244.235,243.762,243.946,15288
2021-03-31 11:05:00,244.103,244.629,244.103,244.629,8304
2021-03-31 11:10:00,244.524,244.527,243.934,243.934,9024
2021-03-31 11:15:00,244.051,244.051,243.992,243.992,2004
2021-03-31 11:20:00,243.913,243.913,243.601,243.601,6249
2021-03-31 11:25:00,243.732,243.87,243.693,243.693,3288
2021-03-31 11:30:00,243.542,243.693,243.522,243.626,4179
2021-03-31 11:35:00,243.562,243.69,243.562,243.69,6804
2021-03-31 11:40:00,243.568,243.752,243.568,243.752,3063
2021-03-31 11:45:00,243.734,243.982,243.734,243.913,9006
2021-03-31 11:50:00,244.002,244.33,244.002,244.33,5442
2021-03-31 11:55:00,244.458,244.763,244.458,244.727,8370
2021-03-31 12:00:00,244.839,244.941,244.77,244.77,8220
2021-03-31 12:05:00,244.78,244.855,244.709,244.709,5919
2021-03-31 12:10:00,244.777,244.921,244.731,244.79,5799
2021-03-31 12:15:00,244.731,244.731,244.399,244.442,6633
2021-03-31 12:20:00,244.534,244.847,244.534,244.847,5310
2021-03-31 12:30:00,244.767,244.767,244.612,244.612,2664
2021-03-31 12:35:00,244.718,244.718,244.534,244.534,6684
2021-03-31 12:40:00,244.484,244.576,244.484,244.576,6948
2021-03-31 12:45:00,244.547,244.547,244.497,244.497,4299
2021-03-31 12:50:00,244.547,244.589,244.261,244.261,20691
2021-03-31 12:55:00,244.264,244.281,244.215,244.248,5397
2021-03-31 13:00:00,244.202,244.207,244.103,244.156,4092
2021-03-31 13:05:00,244.258,244.31,244.205,244.282,6375
2021-03-31 13:10:00,244.299,244.435,244.299,244.435,6741
2021-03-31 13:15:00,244.455,244.461,244.386,244.461,3591
2021-03-31 13:20:00,244.353,244.366,244.156,244.156,6177
2021-03-31 13:25:00,244.115,244.115,243.939,243.939,5445
2021-03-31 13:30:00,243.9,244.092,243.885,244.092,7284
2021-03-31 13:35:00,244.166,244.166,243.988,243.988,9135
2021-03-31 13:40:00,243.982,244.149,243.933,243.979,9498
2021-03-31 13:45:00,244.002,244.005,243.716,243.785,14751
2021-03-31 13:50:00,243.736,244.048,243.676,244.048,6414
2021-03-31 13:55:00,244.149,244.149,244.052,244.052,6060
2021-03-31 14:00:00,244.176,244.274,244.166,244.186,6312
2021-03-31 14:05:00,244.044,244.235,243.903,244.235,10656
2021-03-31 14:10:00,244.2,244.2,244.195,244.199,2877
2021-03-31 14:15:00,244.067,244.208,243.887,244.208,7734
2021-03-31 14:20:00,244.189,244.189,243.816,243.816,14772
2021-03-31 14:25:00,243.834,244.346,243.834,244.346,11172
2021-03-31 14:30:00,244.254,244.356,244.2,244.356,6459
2021-03-31 14:35:00,244.402,244.626,244.254,244.254,9888
2021-03-31 14:40:00,244.296,244.364,244.261,244.364,9609
2021-03-31 14:45:00,244.258,244.307,243.91,244.028,14109
2021-03-31 14:50:00,244.034,244.159,243.66,243.66,8895
2021-03-31 14:55:00,243.834,243.893,243.498,243.498,6129
2021-03-31 15:00:00,243.465,243.465,242.885,243.003,12222
2021-03-31 15:05:00,243.218,243.22,242.931,243.028,6264
2021-03-31 15:10:00,242.934,243.328,242.855,243.13,25383
2021-03-31 15:15:00,243.118,243.156,242.76,242.846,8796
2021-03-31 15:20:00,242.915,243.023,242.839,242.915,9237
2021-03-31 15:25:00,242.839,242.997,242.645,242.645,13848
2021-03-31 15:30:00,242.759,242.969,242.752,242.911,16680
2021-03-31 15:35:00,242.895,243.01,242.793,242.888,11400
2021-03-31 15:40:00,242.819,242.847,242.363,242.363,12810
2021-03-31 15:45:00,242.348,242.566,242.348,242.53,14559
2021-03-31 15:50:00,242.53,242.787,242.365,242.787,25809
2021-03-31 15:55:00,242.406,243.016,242.406,243.016,28665
2021-03-31 16:00:00,242.911,243.085,242.363,242.366,118338
2021-03-31 16:05:00,242.363,242.363,242.363,242.363,55092
2021-03-31 16:10:00,242.363,242.363,242.363,242.363,4482
2021-04-01 06:40:00,242.36,242.36,242.36,242.36,100
2021-04-01 07:25:00,245.305,245.315,245.305,245.315,483
2021-04-01 07:50:00,246.724,246.724,246.724,246.724,146
2021-04-01 08:05:00,245.315,246.951,245.315,246.941,1130
2021-04-01 08:10:00,246.951,249.896,246.951,249.896,554
2021-04-01 08:15:00,249.157,249.157,249.157,249.157,308
2021-04-01 08:25:00,248.271,249.059,248.271,249.059,401
2021-04-01 08:30:00,249.059,249.059,249.059,249.059,205
2021-04-01 08:45:00,246.3,246.3,246.3,246.3,111
2021-04-01 08:55:00,249.059,249.059,249.059,249.059,400
2021-04-01 09:00:00,250.113,250.222,250.113,250.222,393
2021-04-01 09:05:00,249.936,250.231,249.936,250.143,5275
2021-04-01 09:10:00,250.143,250.143,250.143,250.143,625
2021-04-01 09:15:00,250.143,250.143,249.256,249.256,808
2021-04-01 09:20:00,249.256,249.256,249.256,249.256,266
2021-04-01 09:25:00,249.798,249.798,249.798,249.798,391
2021-04-01 09:30:00,249.502,249.502,245.315,245.315,1570
2021-04-01 09:35:00,242.695,245.911,242.695,244.823,58772
2021-04-01 09:40:00,245.079,245.079,243.305,243.719,19329
2021-04-01 09:45:00,243.68,243.68,242.025,242.458,24145
2021-04-01 09:50:00,242.557,243.03,241.867,242.113,17041
2021-04-01 09:55:00,242.212,242.872,241.995,242.576,15958
2021-04-01 10:00:00,242.537,242.78,241.995,242.167,15443
2021-04-01 10:05:00,242.148,242.148,241.394,241.857,16880
2021-04-01 10:10:00,242.034,242.527,241.897,242.049,11756
2021-04-01 10:15:00,242.094,242.33,241.729,241.729,8765
2021-04-01 10:20:00,241.7,241.7,241.049,241.355,8572
2021-04-01 10:25:00,241.483,241.739,241.256,241.443,19425
2021-04-01 10:30:00,241.444,241.621,241.296,241.596,13393
2021-04-01 10:35:00,241.493,242.19,241.365,241.837,9841
2021-04-01 10:40:00,241.803,241.887,241.591,241.818,8394
2021-04-01 10:45:00,241.888,242.635,241.788,242.389,11675
2021-04-01 10:50:00,242.488,242.951,242.448,242.882,12360
2021-04-01 10:55:00,242.724,242.891,242.527,242.891,8647
2021-04-01 11:00:00,242.818,243.483,242.818,243.222,8727
2021-04-01 11:05:00,243.305,243.394,242.842,243.394,7155
2021-04-01 11:10:00,243.409,243.697,243.335,243.537,10931
2021-04-01 11:15:00,243.601,243.916,243.576,243.65,9351
2021-04-01 11:20:00,243.66,243.798,243.394,243.768,15925
2021-04-01 11:25:00,243.714,243.837,243.591,243.601,8381
2021-04-01 11:30:00,243.542,243.846,243.493,243.846,8874
2021-04-01 11:35:00,243.773,243.827,243.493,243.529,9637
2021-04-01 11:40:00,243.562,243.916,243.562,243.867,12201
2021-04-01 11:45:00,243.892,244.212,243.842,244.212,6918
2021-04-01 11:50:00,244.133,244.714,244.133,244.714,10870
2021-04-01 11:55:00,244.714,244.941,244.424,244.517,11498
2021-04-01 12:00:00,244.483,244.547,244.212,244.369,7900
2021-04-01 12:05:00,244.409,244.759,244.409,244.759,6606
2021-04-01 12:10:00,244.754,245.143,244.754,245.084,12277
2021-04-01 12:15:00,245.079,245.079,244.576,244.704,8218
2021-04-01 12:20:00,244.621,244.714,244.562,244.645,8005
2021-04-01 12:25:00,244.645,244.832,244.576,244.783,6924
2021-04-01 12:30:00,244.862,245.029,244.783,244.852,9195
2021-04-01 12:35:00,244.852,245.079,244.823,244.915,7432
2021-04-01 12:40:00,244.911,244.98,244.626,244.695,13373
2021-04-01 12:45:00,244.695,244.773,243.788,244.113,18955
2021-04-01 12:50:00,244.143,244.143,243.867,243.906,5092
2021-04-01 12:55:00,243.906,244.231,243.906,244.094,5225
2021-04-01 13:00:00,244.098,244.497,244.098,244.419,6956
2021-04-01 13:05:00,244.547,244.655,244.251,244.517,7531
2021-04-01 13:10:00,244.606,244.754,244.547,244.68,8798
2021-04-01 13:15:00,244.665,244.892,244.665,244.84,7122
2021-04-01 13:20:00,244.901,245.236,244.852,245.236,9355
2021-04-01 13:25:00,245.295,245.512,245.227,245.483,24551
2021-04-01 13:30:00,245.384,245.513,245.315,245.315,9720
2021-04-01 13:35:00,245.404,245.63,245.394,245.493,5542
2021-04-01 13:40:00,245.493,245.532,245.345,245.443,7000
2021-04-01 13:45:00,245.414,245.63,245.33,245.433,9420
2021-04-01 13:50:00,245.424,245.542,245.305,245.325,9505
2021-04-01 13:55:00,245.266,245.473,245.197,245.473,7895
2021-04-01 14:00:00,245.433,245.729,245.345,245.65,11294
2021-04-01 14:05:00,245.65,245.961,245.335,245.335,9883
2021-04-01 14:10:00,245.305,245.394,245.049,245.148,8757
2021-04-01 14:15:00,245.039,245.044,244.842,244.901,13155
2021-04-01 14:20:00,244.97,245.079,244.793,245.079,7362
2021-04-01 14:25:00,245.148,245.532,245.039,245.532,11407
2021-04-01 14:30:00,245.542,245.798,245.384,245.798,14675
2021-04-01 14:35:00,245.857,246.507,245.857,246.507,25688
2021-04-01 14:40:00,246.428,247.069,246.428,246.773,24773
2021-04-01 14:45:00,246.69,246.714,246.182,246.286,16102
2021-04-01 14:50:00,246.182,246.182,245.808,246.074,7004
2021-04-01 14:55:00,246.059,246.596,245.965,246.586,15800
2021-04-01 15:00:00,246.608,246.734,246.089,246.143,9845
2021-04-01 15:05:00,246.187,246.488,246.084,246.488,12263
2021-04-01 15:10:00,246.448,246.694,246.389,246.665,13234
2021-04-01 15:15:00,246.704,246.882,246.596,246.66,11410
2021-04-01 15:20:00,246.596,246.649,246.389,246.448,13248
2021-04-01 15:25:00,246.527,246.704,246.438,246.69,9754
2021-04-01 15:30:00,246.635,246.99,246.547,246.951,13057
2021-04-01 15:35:00,246.901,246.901,246.547,246.675,13268
2021-04-01 15:40:00,246.611,246.763,245.916,246.084,28240
2021-04-01 15:45:00,246.089,246.3,246.054,246.133,10002
2021-04-01 15:50:00,246.222,246.438,246.222,246.36,14919
2021-04-01 15:55:00,246.468,246.488,246.133,246.153,38566
2021-04-01 16:00:00,246.153,246.626,245.906,246.054,111465
2021-04-01 16:05:00,246.054,246.054,246.054,246.054,127679
2021-04-01 16:20:00,246.005,246.005,246.005,246.005,501
2021-04-01 16:35:00,247.276,247.276,247.276,247.276,742
2021-04-01 18:30:00,246.103,246.103,246.074,246.074,1477
2021-04-01 18:45:00,246.074,246.074,246.074,246.074,200
2021-04-01 19:05:00,246.074,246.074,246.074,246.074,248
2021-04-05 08:30:00,248.369,248.369,248.369,248.369,550
2021-04-05 09:10:00,250.675,250.675,250.665,250.665,857
2021-04-05 09:15:00,249.965,250.734,249.965,250.734,754
2021-04-05 09:20:00,250.98,251.098,250.98,251.098,588
2021-04-05 09:25:00,251.108,251.108,251.098,251.098,300
2021-04-05 09:30:00,251.108,251.108,250.596,250.734,1415
2021-04-05 09:35:00,247.965,250.468,247.049,248.685,70476
2021-04-05 09:40:00,248.754,249.48,248.404,248.404,22943
2021-04-05 09:45:00,248.566,248.597,247.69,247.69,14157
2021-04-05 09:50:00,247.896,247.916,246.862,247.098,15250
2021-04-05 09:55:00,247.098,247.315,246.507,247.172,15314
2021-04-05 10:00:00,247.177,248.049,247.172,247.571,8316
2021-04-05 10:05:00,247.749,248.616,247.571,248.601,16044
2021-04-05 10:10:00,248.635,249.956,248.497,249.763,26366
2021-04-05 10:15:00,249.778,250.222,249.483,249.965,14344
2021-04-05 10:20:00,250.074,250.556,250.074,250.497,11332
2021-04-05 10:25:00,250.374,250.501,250.034,250.043,15279
2021-04-05 10:30:00,250.064,250.241,249.473,250.207,9190
2021-04-05 10:35:00,250.246,250.773,250.246,250.734,8817
2021-04-05 10:40:00,250.685,250.872,249.877,249.877,26056
2021-04-05 10:45:00,249.965,250.625,249.965,250.315,13305
2021-04-05 10:50:00,250.389,250.389,249.975,250.167,14120
2021-04-05 10:55:00,250.054,250.241,249.591,250.034,18738
2021-04-05 11:00:00,250.172,250.921,250.098,250.911,27510
2021-04-05 11:05:00,250.724,250.793,250.261,250.478,17707
2021-04-05 11:10:00,250.556,251.138,250.359,251.024,13952
2021-04-05 11:15:00,251.039,251.487,250.993,251.148,15205
2021-04-05 11:20:00,250.951,251.01,250.389,250.556,10637
2021-04-05 11:25:00,250.552,250.552,249.749,249.984,9797
2021-04-05 11:30:00,250.143,250.458,250.044,250.153,17587
2021-04-05 11:35:00,250.118,250.384,250.084,250.32,13104
2021-04-05 11:40:00,250.241,250.423,250.133,250.261,11978
2021-04-05 11:45:00,250.29,250.362,250.005,250.172,9648
2021-04-05 11:50:00,250.29,250.616,250.271,250.576,14610
2021-04-05 11:55:00,250.625,250.813,250.608,250.635,10006
2021-04-05 12:00:00,250.655,251.069,250.586,251.0,16801
2021-04-05 12:05:00,250.96,251.552,250.901,251.502,16788
2021-04-05 12:10:00,251.537,252.093,251.433,251.987,32409
2021-04-05 12:15:00,251.906,251.965,251.315,251.374,14904
2021-04-05 12:20:00,251.295,251.295,250.32,250.768,11894
2021-04-05 12:25:00,250.724,250.724,250.566,250.704,8507
2021-04-05 12:30:00,250.734,251.088,250.729,250.931,6393
2021-04-05 12:35:00,251.049,251.364,250.744,251.364,7683
2021-04-05 12:40:00,251.266,251.591,251.246,251.414,13857
2021-04-05 12:45:00,251.404,251.404,250.793,251.148,5408
2021-04-05 12:50:00,251.039,251.502,251.039,251.502,9925
2021-04-05 12:55:00,251.532,251.63,251.138,251.207,8786
2021-04-05 13:00:00,251.148,251.404,251.049,251.404,4690
2021-04-05 13:05:00,251.414,251.924,251.298,251.689,11459
2021-04-05 13:10:00,251.752,251.798,251.586,251.617,7387
2021-04-05 13:15:00,251.532,251.747,251.453,251.62,11744
2021-04-05 13:20:00,251.581,251.581,251.394,251.507,7081
2021-04-05 13:25:00,251.463,251.547,251.246,251.473,9983
2021-04-05 13:30:00,251.522,251.646,251.325,251.522,8671
2021-04-05 13:35:00,251.63,252.024,251.63,251.763,10410
2021-04-05 13:40:00,251.877,251.877,251.463,251.463,11968
2021-04-05 13:45:00,251.581,251.581,251.374,251.443,3440
2021-04-05 13:50:00,251.478,251.571,251.256,251.561,6610
2021-04-05 13:55:00,251.469,251.601,251.443,251.542,5582
2021-04-05 14:00:00,251.596,251.975,251.542,251.975,5717
2021-04-05 14:05:00,251.985,251.985,251.492,251.492,18074
2021-04-05 14:10:00,251.576,251.709,251.157,251.261,11255
2021-04-05 14:15:00,251.261,251.433,251.256,251.364,5979
2021-04-05 14:20:00,251.453,251.561,251.423,251.532,9494
2021-04-05 14:25:00,251.404,251.492,251.286,251.423,15639
2021-04-05 14:30:00,251.401,251.571,251.266,251.335,17325
2021-04-05 14:35:00,251.305,251.639,251.226,251.384,9502
2021-04-05 14:40:00,251.325,251.423,251.177,251.414,8037
2021-04-05 14:45:00,251.345,251.453,251.118,251.128,12136
2021-04-05 14:50:00,251.128,251.286,251.02,251.102,10991
2021-04-05 14:55:00,251.059,251.098,250.862,250.911,7520
2021-04-05 15:00:00,250.918,251.108,250.916,251.034,5238
2021-04-05 15:05:00,251.0,251.093,250.714,250.822,13280
2021-04-05 15:10:00,250.832,251.039,250.832,251.029,10310
2021-04-05 15:15:00,251.148,251.266,251.029,251.197,14712
2021-04-05 15:20:00,251.128,251.473,251.088,251.335,18324
2021-04-05 15:25:00,251.414,251.423,251.138,251.335,18860
2021-04-05 15:30:00,251.266,251.763,251.226,251.763,17874
2021-04-05 15:35:00,251.763,252.093,251.719,251.955,15459
2021-04-05 15:40:00,252.015,252.271,251.877,251.995,21062
2021-04-05 15:45:00,251.916,252.074,251.818,252.074,15612
2021-04-05 15:50:00,252.074,252.625,252.034,252.625,31016
2021-04-05 15:55:00,252.507,252.603,251.995,252.369,49412
2021-04-05 16:00:00,252.29,252.704,252.103,252.103,95968
2021-04-05 16:05:00,252.113,252.113,252.113,252.113,25540
2021-04-05 18:15:00,253.197,253.197,253.197,253.197,901
2021-04-06 09:35:00,251.295,252.704,251.0,251.0,49198
2021-04-06 09:40:00,251.113,251.246,250.729,251.073,14821
2021-04-06 09:45:00,251.0,251.148,250.566,250.951,10592
2021-04-06 09:50:00,250.931,251.719,250.754,251.719,8902
2021-04-06 09:55:00,251.739,252.468,251.601,252.389,18697
2021-04-06 10:00:00,252.419,252.941,251.99,251.99,16450
2021-04-06 10:05:00,251.818,252.714,251.818,252.271,6048
2021-04-06 10:10:00,252.335,253.088,252.3,253.088,6557
2021-04-06 10:15:00,253.093,253.522,253.039,253.418,16010
2021-04-06 10:20:00,253.532,253.926,253.443,253.886,8458
2021-04-06 10:25:00,253.832,254.054,253.714,253.921,11348
2021-04-06 10:30:00,254.044,254.428,253.886,253.886,27981
2021-04-06 10:35:00,253.862,254.3,253.758,254.3,8635
2021-04-06 10:40:00,254.192,254.251,253.857,253.975,12781
2021-04-06 10:45:00,254.054,254.083,253.62,253.714,23089
2021-04-06 10:50:00,253.649,253.798,253.374,253.428,13843
2021-04-06 10:55:00,253.394,253.473,253.315,253.473,6754
2021-04-06 11:00:00,253.414,253.709,253.374,253.414,10742
2021-04-06 11:05:00,253.443,253.699,253.217,253.507,10795
2021-04-06 11:10:00,253.433,253.581,253.285,253.502,9413
2021-04-06 11:15:00,253.431,254.202,253.431,254.064,10719
2021-04-06 11:20:00,254.143,254.448,254.143,254.448,11634
2021-04-06 11:25:00,254.389,254.487,254.231,254.394,10518
2021-04-06 11:30:00,254.404,254.773,254.34,254.763,7876
2021-04-06 11:35:00,254.768,254.773,254.527,254.588,13716
2021-04-06 11:40:00,254.561,254.832,254.379,254.753,17830
2021-04-06 11:45:00,254.798,255.315,254.726,255.268,21876
2021-04-06 11:50:00,255.295,255.561,255.069,255.143,22767
2021-04-06 11:55:00,255.138,255.138,254.763,254.916,21289
2021-04-06 12:00:00,254.916,254.916,254.556,254.635,26448
2021-04-06 12:05:00,254.556,254.556,254.083,254.138,21514
2021-04-06 12:10:00,254.202,254.625,254.202,254.556,15923
2021-04-06 12:15:00,254.468,254.522,254.236,254.478,11700
2021-04-06 12:20:00,254.527,254.793,254.478,254.556,20726
2021-04-06 12:25:00,254.522,254.527,254.231,254.35,29875
2021-04-06 12:30:00,254.428,254.714,254.394,254.635,16734
2021-04-06 12:35:00,254.571,254.571,254.113,254.231,14886
2021-04-06 12:40:00,254.133,254.172,253.827,254.172,24750
2021-04-06 12:45:00,254.192,254.566,254.133,254.438,21129
2021-04-06 12:50:00,254.502,254.635,254.295,254.315,17547
2021-04-06 12:55:00,254.315,254.315,253.857,253.97,13645
2021-04-06 13:00:00,253.926,254.32,253.926,254.32,11912
2021-04-06 13:05:00,254.266,254.335,254.029,254.083,10544
2021-04-06 13:10:00,254.123,254.231,253.946,254.049,13619
2021-04-06 13:15:00,254.093,254.285,253.965,254.251,11362
2021-04-06 13:20:00,254.231,254.566,254.162,254.566,28186
2021-04-06 13:25:00,254.556,255.049,254.556,254.921,32959
2021-04-06 13:30:00,254.955,255.005,254.616,254.675,19404
2021-04-06 13:35:00,254.714,254.714,254.418,254.458,12325
2021-04-06 13:40:00,254.418,254.418,254.108,254.123,8840
2021-04-06 13:45:00,254.133,254.428,254.133,254.399,19187
2021-04-06 13:50:00,254.409,254.808,254.409,254.753,20651
2021-04-06 13:55:00,254.773,254.99,254.601,254.655,31505
2021-04-06 14:00:00,254.719,254.842,254.148,254.148,36791
2021-04-06 14:05:00,254.143,254.389,254.064,254.31,16163
2021-04-06 14:10:00,254.281,254.773,254.177,254.507,19055
2021-04-06 14:15:00,254.522,254.724,254.438,254.438,21743
2021-04-06 14:20:00,254.379,254.625,254.379,254.498,15327
2021-04-06 14:25:00,254.586,254.675,254.379,254.473,20359
2021-04-06 14:30:00,254.418,254.497,254.31,254.428,14216
2021-04-06 14:35:00,254.394,254.404,254.093,254.167,18252
2021-04-06 14:40:00,254.212,254.212,253.926,254.064,18268
2021-04-06 14:45:00,254.069,254.675,254.069,254.675,25498
2021-04-06 14:50:00,254.675,254.675,254.31,254.468,14431
2021-04-06 14:55:00,254.389,254.389,254.044,254.133,14180
2021-04-06 15:00:00,254.083,254.33,254.039,254.182,13830
2021-04-06 15:05:00,254.088,254.212,253.817,254.182,17015
2021-04-06 15:10:00,254.212,254.261,254.005,254.083,17561
2021-04-06 15:15:00,254.103,254.507,254.054,254.394,18323
2021-04-06 15:20:00,254.404,254.566,254.29,254.468,15532
2021-04-06 15:25:00,254.517,254.556,254.428,254.537,19218
2021-04-06 15:30:00,254.522,254.596,254.33,254.43,18553
2021-04-06 15:35:00,254.468,254.576,254.379,254.428,19121
2021-04-06 15:40:00,254.468,254.507,254.31,254.497,36799
2021-04-06 15:45:00,254.468,254.734,254.271,254.315,38324
2021-04-06 15:50:00,254.324,254.734,254.3,254.606,40293
2021-04-06 15:55:00,254.576,255.039,254.438,254.911,71532
2021-04-06 16:00:00,254.95,255.739,254.872,255.118,194970
2021-04-06 16:05:00,255.118,255.118,255.118,255.118,58449
2021-04-06 16:10:00,255.118,255.118,255.118,255.118,1913
2021-04-06 19:45:00,255.118,255.118,255.118,255.118,128
2021-04-07 07:50:00,256.152,256.152,256.152,256.152,277
2021-04-07 08:05:00,259.108,259.108,259.108,259.108,266
2021-04-07 08:30:00,256.399,256.399,256.133,256.133,2951
2021-04-07 09:05:00,256.349,256.349,256.349,256.349,122
2021-04-07 09:35:00,255.088,255.847,254.359,254.514,48416
2021-04-07 09:40:00,254.379,254.542,252.034,252.197,29355
2021-04-07 09:45:00,252.04,252.261,251.029,251.374,20860
2021-04-07 09:50:00,251.473,251.492,250.034,250.359,29699
2021-04-07 09:55:00,250.172,250.852,250.074,250.276,15996
2021-04-07 10:00:00,250.419,250.419,249.374,249.975,33272
2021-04-07 10:05:00,249.985,250.468,249.655,250.458,13598
2021-04-07 10:10:00,250.63,250.734,249.689,249.887,20946
2021-04-07 10:15:00,249.995,250.31,249.552,249.621,13163
2021-04-07 10:20:00,249.714,249.714,248.665,248.823,26458
2021-04-07 10:25:00,248.911,249.451,248.704,249.266,13001
2021-04-07 10:30:00,249.355,249.67,248.911,249.054,30053
2021-04-07 10:35:00,249.177,249.177,248.182,248.823,24819
2021-04-07 10:40:00,248.941,249.862,248.882,249.798,13826
2021-04-07 10:45:00,249.822,250.074,249.335,249.391,19811
2021-04-07 10:50:00,249.295,249.798,249.207,249.453,17082
2021-04-07 10:55:00,249.464,249.517,249.089,249.256,21462
2021-04-07 11:00:00,249.187,249.345,249.059,249.197,17378
2021-04-07 11:05:00,249.108,249.148,248.566,248.773,66744
2021-04-07 11:10:00,248.763,248.803,247.946,248.478,45749
2021-04-07 11:15:00,248.537,248.537,247.02,247.561,31488
2021-04-07 11:20:00,247.463,248.537,247.443,248.447,17759
2021-04-07 11:25:00,248.419,248.606,247.315,247.532,14405
2021-04-07 11:30:00,247.611,248.359,247.542,248.123,15841
2021-04-07 11:35:00,248.015,248.083,247.532,248.083,7051
2021-04-07 11:40:00,248.133,248.389,248.044,248.315,9413
2021-04-07 11:45:00,248.31,248.31,247.502,247.502,11229
2021-04-07 11:50:00,247.527,247.995,247.364,247.931,13710
2021-04-07 11:55:00,247.867,247.906,247.295,247.41,8874
2021-04-07 12:00:00,247.399,247.67,247.355,247.394,13111
2021-04-07 12:05:00,247.355,247.512,246.941,247.512,19713
2021-04-07 12:10:00,247.502,247.887,247.502,247.877,10687
2021-04-07 12:15:00,247.719,248.093,247.428,247.478,15976
2021-04-07 12:20:00,247.502,247.502,247.039,247.167,17093
2021-04-07 12:25:00,247.114,247.325,246.941,247.325,12428
2021-04-07 12:30:00,247.212,247.798,247.212,247.502,9315
2021-04-07 12:35:00,247.613,247.818,247.581,247.67,11651
2021-04-07 12:40:00,247.64,247.768,247.355,247.532,10291
2021-04-07 12:45:00,247.621,247.825,247.433,247.552,9216
2021-04-07 12:50:00,247.335,247.374,247.0,247.089,7132
2021-04-07 12:55:00,247.187,248.172,247.187,248.054,20313
2021-04-07 13:00:00,248.098,248.389,248.015,248.281,22204
2021-04-07 13:05:00,248.3,248.369,248.172,248.32,15982
2021-04-07 13:10:00,248.305,248.537,248.251,248.527,14143
2021-04-07 13:15:00,248.527,248.931,248.428,248.931,24666
2021-04-07 13:20:00,248.899,249.236,248.202,248.228,15008
2021-04-07 13:25:00,248.261,248.359,248.015,248.074,7952
2021-04-07 13:30:00,248.093,248.103,247.483,247.709,9640
2021-04-07 13:35:00,247.67,248.034,247.67,247.719,11138
2021-04-07 13:40:00,247.64,247.68,247.118,247.325,12898
2021-04-07 13:45:00,247.138,247.463,247.0,247.236,8907
2021-04-07 13:50:00,247.148,247.384,247.039,247.103,10941
2021-04-07 13:55:00,247.029,247.089,246.744,246.872,15676
2021-04-07 14:00:00,246.823,247.217,246.803,247.217,17934
2021-04-07 14:05:00,247.177,247.611,247.177,247.601,7876
2021-04-07 14:10:00,247.502,247.985,247.463,247.655,12665
2021-04-07 14:15:00,247.581,247.749,247.502,247.719,8958
2021-04-07 14:20:00,247.759,247.875,247.384,247.384,17797
2021-04-07 14:25:00,247.355,247.561,247.128,247.414,9371
2021-04-07 14:30:00,247.355,247.433,247.02,247.424,7567
2021-04-07 14:35:00,247.424,247.552,247.325,247.325,10682
2021-04-07 14:40:00,247.404,247.433,247.207,247.414,10332
2021-04-07 14:45:00,247.414,247.483,247.079,247.079,10834
2021-04-07 14:50:00,247.079,247.148,246.655,246.877,27085
2021-04-07 14:55:00,246.892,247.345,246.823,247.345,17928
2021-04-07 15:00:00,247.31,247.374,247.098,247.286,21857
2021-04-07 15:05:00,247.217,247.483,247.217,247.256,12804
2021-04-07 15:10:00,247.394,247.404,246.941,246.951,15256
2021-04-07 15:15:00,246.99,247.571,246.951,247.236,17181
2021-04-07 15:20:00,247.325,247.325,247.049,247.207,17888
2021-04-07 15:25:00,247.276,247.63,247.207,247.236,13248
2021-04-07 15:30:00,247.25,247.542,247.148,247.537,15237
2021-04-07 15:35:00,247.492,247.552,247.158,247.325,22584
2021-04-07 15:40:00,247.325,247.591,247.187,247.325,54391
2021-04-07 15:45:00,247.34,247.512,247.148,247.443,22398
2021-04-07 15:50:00,247.384,247.699,247.384,247.596,25324
2021-04-07 15:55:00,247.68,247.749,247.404,247.591,59708
2021-04-07 16:00:00,247.542,248.074,247.463,247.975,105982
2021-04-07 16:05:00,247.975,247.975,247.975,247.975,35181
2021-04-08 08:05:00,247.552,247.552,247.552,247.552,114
2021-04-08 08:45:00,249.552,249.552,249.552,249.552,100
2021-04-08 09:15:00,249.63,249.739,249.63,249.739,500
2021-04-08 09:35:00,247.995,249.749,247.975,249.044,50341
2021-04-08 09:40:00,249.005,249.65,248.891,249.039,15365
2021-04-08 09:45:00,249.029,249.029,248.103,248.153,8098
2021-04-08 09:50:00,248.487,249.552,248.399,249.522,23316
2021-04-08 09:55:00,249.335,249.552,248.763,248.867,16372
2021-04-08 10:00:00,248.813,248.823,248.33,248.33,7480
2021-04-08 10:05:00,248.379,248.566,247.394,247.433,14795
2021-04-08 10:10:00,247.571,248.113,247.532,247.936,14291
2021-04-08 10:15:00,247.946,248.832,247.936,248.724,10723
2021-04-08 10:20:00,248.581,248.872,248.581,248.788,4097
2021-04-08 10:25:00,248.749,248.911,248.522,248.911,12847
2021-04-08 10:30:00,248.724,249.68,248.724,249.63,15385
2021-04-08 10:35:00,249.581,249.936,249.453,249.936,17956
2021-04-08 10:40:00,250.064,250.527,249.916,250.468,22663
2021-04-08 10:45:00,250.473,250.734,250.399,250.625,17646
2021-04-08 10:50:00,250.621,250.793,250.428,250.734,18155
2021-04-08 10:55:00,250.763,250.862,250.271,250.33,17745
2021-04-08 11:00:00,250.256,250.399,250.064,250.394,13208
2021-04-08 11:05:00,250.399,250.576,250.3,250.576,10435
2021-04-08 11:10:00,250.694,250.694,250.093,250.093,9238
2021-04-08 11:15:00,250.093,250.507,249.946,250.463,5241
2021-04-08 11:20:00,250.507,250.517,249.911,249.995,8380
2021-04-08 11:25:00,249.926,249.936,249.591,249.65,12447
2021-04-08 11:30:00,249.749,249.798,249.453,249.735,6300
2021-04-08 11:35:00,249.877,250.3,249.854,250.185,10642
2021-04-08 11:40:00,250.113,250.172,249.492,249.542,5115
2021-04-08 11:45:00,249.591,249.877,249.561,249.857,7118
2021-04-08 11:50:00,249.852,250.103,249.852,249.926,6711
2021-04-08 11:55:00,249.926,250.074,249.847,250.074,5132
2021-04-08 12:00:00,250.064,250.064,249.581,249.581,4864
2021-04-08 12:05:00,249.568,249.689,249.453,249.483,9265
2021-04-08 12:10:00,249.522,249.808,249.423,249.552,9818
2021-04-08 12:15:00,249.507,249.689,249.507,249.611,4341
2021-04-08 12:20:00,249.719,249.867,249.616,249.616,6397
2021-04-08 12:25:00,249.433,249.561,249.317,249.507,6513
2021-04-08 12:30:00,249.507,249.507,249.217,249.217,6422
2021-04-08 12:35:00,249.246,249.443,249.164,249.345,6177
2021-04-08 12:40:00,249.394,249.599,249.167,249.542,10664
2021-04-08 12:45:00,249.552,249.63,249.414,249.512,6619
2021-04-08 12:50:00,249.616,249.63,249.286,249.305,7692
2021-04-08 12:55:00,249.295,249.295,248.941,248.941,4772
2021-04-08 13:00:00,248.941,249.079,248.911,248.98,5796
2021-04-08 13:05:00,248.98,249.049,248.842,248.842,5994
2021-04-08 13:10:00,248.921,249.098,248.872,249.049,6051
2021-04-08 13:15:00,248.97,249.355,248.877,249.355,6994
2021-04-08 13:20:00,249.246,249.473,249.246,249.448,4938
2021-04-08 13:25:00,249.492,249.901,249.492,249.862,5356
2021-04-08 13:30:00,249.916,249.965,249.818,249.965,7291
2021-04-08 13:35:00,250.005,250.271,249.867,249.936,8575
2021-04-08 13:40:00,249.965,249.985,249.896,249.916,3387
2021-04-08 13:45:00,249.847,250.044,249.749,249.749,8286
2021-04-08 13:50:00,249.665,249.788,249.581,249.699,4443
2021-04-08 13:55:00,249.68,249.896,249.635,249.832,4473
2021-04-08 14:00:00,249.827,249.936,249.532,249.689,7568
2021-04-08 14:05:00,249.65,249.694,249.542,249.596,4986
2021-04-08 14:10:00,249.561,249.926,249.556,249.926,6538
2021-04-08 14:15:00,249.896,250.202,249.884,250.202,9052
2021-04-08 14:20:00,250.3,250.325,250.054,250.212,15882
2021-04-08 14:25:00,250.261,250.276,250.123,250.172,9553
2021-04-08 14:30:00,250.123,250.29,250.123,250.222,10129
2021-04-08 14:35:00,250.192,250.356,250.093,250.153,17411
2021-04-08 14:40:00,250.133,250.803,250.133,250.438,21045
2021-04-08 14:45:00,250.399,250.694,250.389,250.694,6254
2021-04-08 14:50:00,250.625,251.157,250.566,251.157,25686
2021-04-08 14:55:00,251.138,251.138,250.724,250.808,11254
2021-04-08 15:00:00,250.729,250.872,250.63,250.763,8452
2021-04-08 15:05:00,250.749,250.763,250.586,250.635,6371
2021-04-08 15:10:00,250.586,250.645,250.438,250.547,6848
2021-04-08 15:15:00,250.625,250.714,250.537,250.714,6461
2021-04-08 15:20:00,250.675,251.143,250.596,251.143,9704
2021-04-08 15:25:00,251.039,251.197,250.897,250.975,12630
2021-04-08 15:30:00,250.921,251.01,250.661,250.773,15745
2021-04-08 15:35:00,250.695,250.783,250.675,250.773,13312
2021-04-08 15:40:00,250.744,250.773,250.576,250.665,14776
2021-04-08 15:45:00,250.645,250.685,250.458,250.458,18173
2021-04-08 15:50:00,250.468,250.527,250.153,250.189,23491
2021-04-08 15:55:00,250.153,250.153,249.758,249.896,31982
2021-04-08 16:00:00,249.877,249.995,249.689,249.719,91925
2021-04-08 16:05:00,249.729,249.729,249.729,249.729,9162
2021-04-08 16:10:00,249.729,249.729,249.729,249.729,409
2021-04-08 16:15:00,249.729,249.729,249.729,249.729,678
2021-04-08 16:25:00,249.729,249.729,249.729,249.729,78751
2021-04-08 19:10:00,249.729,249.729,249.729,249.729,1000
2021-04-09 09:35:00,250.438,250.527,249.01,250.527,42726
2021-04-09 09:40:00,250.468,251.295,250.468,251.206,13046
2021-04-09 09:45:00,251.335,251.354,250.468,250.822,7292
2021-04-09 09:50:00,250.754,250.763,250.32,250.507,5529
2021-04-09 09:55:00,250.635,250.744,250.123,250.153,6755
2021-04-09 10:00:00,250.172,251.039,250.054,251.039,24050
2021-04-09 10:05:00,250.96,251.561,250.96,251.266,8601
2021-04-09 10:10:00,251.059,251.256,250.763,250.901,9363
2021-04-09 10:15:00,250.911,251.236,250.744,250.744,12180
2021-04-09 10:20:00,250.685,251.049,250.635,251.049,9566
2021-04-09 10:25:00,251.084,251.315,250.754,250.754,15822
2021-04-09 10:30:00,250.616,250.711,250.231,250.571,14610
2021-04-09 10:35:00,250.438,250.773,250.281,250.507,19007
2021-04-09 10:40:00,250.547,250.547,249.768,249.768,12650
2021-04-09 10:45:00,249.621,249.744,249.364,249.512,14241
2021-04-09 10:50:00,249.596,250.35,249.596,250.093,14883
2021-04-09 10:55:00,250.079,250.359,249.867,250.015,16550
2021-04-09 11:00:00,250.024,250.123,249.167,249.67,38111
2021-04-09 11:05:00,249.63,249.798,249.384,249.635,12290
2021-04-09 11:10:00,249.719,249.916,249.542,249.542,17599
2021-04-09 11:15:00,249.453,249.556,249.231,249.364,9559
2021-04-09 11:20:00,249.473,249.699,249.394,249.665,11437
2021-04-09 11:25:00,249.699,249.985,249.63,249.936,13574
2021-04-09 11:30:00,250.034,250.034,249.64,249.758,12062
2021-04-09 11:35:00,249.827,249.882,249.601,249.719,8843
2021-04-09 11:40:00,249.709,249.827,249.581,249.704,10682
2021-04-09 11:45:00,249.621,249.778,249.394,249.443,9179
2021-04-09 11:50:00,249.443,249.729,249.335,249.729,8311
2021-04-09 11:55:00,249.739,249.906,249.739,249.847,13167
2021-04-09 12:00:00,249.773,249.936,249.773,249.842,8158
2021-04-09 12:05:00,249.778,249.896,249.739,249.818,8544
2021-04-09 12:10:00,249.803,250.172,249.63,249.63,21093
2021-04-09 12:15:00,249.63,249.837,249.581,249.773,8409
2021-04-09 12:20:00,249.768,250.054,249.729,250.054,12017
2021-04-09 12:25:00,250.049,250.428,250.015,250.242,14312
2021-04-09 12:30:00,250.226,250.32,249.995,249.995,6146
2021-04-09 12:35:00,250.113,250.241,250.005,250.231,64221
2021-04-09 12:40:00,250.3,250.616,250.231,250.433,8865
2021-04-09 12:45:00,250.488,250.921,250.468,250.911,8218
2021-04-09 12:50:00,250.931,251.069,250.754,250.754,7505
2021-04-09 12:55:00,250.773,250.793,250.468,250.532,8268
2021-04-09 13:00:00,250.552,250.616,250.359,250.532,12612
2021-04-09 13:05:00,250.532,250.842,250.497,250.808,9093
2021-04-09 13:10:00,250.793,250.798,250.389,250.428,8920
2021-04-09 13:15:00,250.409,250.507,250.261,250.458,10056
2021-04-09 13:20:00,250.463,250.822,250.419,250.778,11298
2021-04-09 13:25:00,250.773,250.788,250.428,250.507,26035
2021-04-09 13:30:00,250.566,250.596,250.162,250.241,14194
2021-04-09 13:35:00,250.271,250.96,250.271,250.916,10377
2021-04-09 13:40:00,250.97,251.226,250.916,251.177,7937
2021-04-09 13:45:00,251.192,251.295,250.798,250.798,13360
2021-04-09 13:50:00,250.901,251.01,250.763,250.867,8045
2021-04-09 13:55:00,250.773,250.882,250.458,250.458,12492
2021-04-09 14:00:00,250.576,250.635,250.31,250.635,11081
2021-04-09 14:05:00,250.616,250.813,250.517,250.675,12679
2021-04-09 14:10:00,250.665,250.783,250.488,250.65,8440
2021-04-09 14:15:00,250.586,250.665,250.428,250.561,11808
2021-04-09 14:20:00,250.625,250.941,250.566,250.901,11450
2021-04-09 14:25:00,250.891,250.911,250.586,250.783,8024
2021-04-09 14:30:00,250.852,250.98,250.665,250.744,9025
2021-04-09 14:35:00,250.778,250.872,250.665,250.665,8333
2021-04-09 14:40:00,250.665,250.665,250.113,250.379,41772
2021-04-09 14:45:00,250.468,250.665,250.379,250.389,10573
2021-04-09 14:50:00,250.453,250.645,250.276,250.645,11161
2021-04-09 14:55:00,250.606,250.665,250.31,250.635,12649
2021-04-09 15:00:00,250.685,250.872,250.665,250.832,17171
2021-04-09 15:05:00,250.793,250.842,250.497,250.527,15242
2021-04-09 15:10:00,250.497,250.586,250.409,250.522,13990
2021-04-09 15:15:00,250.532,250.586,250.32,250.32,8104
2021-04-09 15:20:00,250.32,250.941,250.281,250.734,60243
2021-04-09 15:25:00,250.783,250.803,250.556,250.601,20216
2021-04-09 15:30:00,250.645,251.246,250.547,251.207,18825
2021-04-09 15:35:00,251.246,251.522,251.167,251.256,19235
2021-04-09 15:40:00,251.295,251.611,251.157,251.157,37488
2021-04-09 15:45:00,251.138,251.345,251.088,251.221,54777
2021-04-09 15:50:00,251.177,251.354,251.079,251.157,36476
2021-04-09 15:55:00,251.157,251.354,251.118,251.128,64718
2021-04-09 16:00:00,251.217,251.512,250.832,251.502,135961
2021-04-09 16:05:00,251.512,251.512,251.512,251.512,12944
2021-04-12 09:35:00,251.946,252.212,251.266,252.212,55786
2021-04-12 09:40:00,252.517,254.005,252.517,253.627,12111
2021-04-12 09:45:00,253.886,254.95,253.768,254.921,35061
2021-04-12 09:50:00,254.921,255.349,254.734,254.852,22753
2021-04-12 09:55:00,254.714,254.813,254.192,254.438,14141
2021-04-12 10:00:00,254.438,254.862,254.438,254.448,9542
2021-04-12 10:05:00,254.448,254.714,254.31,254.428,9002
2021-04-12 10:10:00,254.3,254.621,254.133,254.621,9787
2021-04-12 10:15:00,254.497,254.99,254.497,254.773,5865
2021-04-12 10:20:00,254.675,255.019,254.675,255.0,9630
2021-04-12 10:25:00,254.901,255.036,254.724,254.95,6311
2021-04-12 10:30:00,255.0,255.049,254.497,254.497,8947
2021-04-12 10:35:00,254.591,254.66,254.054,254.66,48344
2021-04-12 10:40:00,254.616,254.665,254.172,254.281,12621
2021-04-12 10:45:00,254.261,254.635,254.207,254.635,10784
2021-04-12 10:50:00,254.576,254.576,254.212,254.34,9177
2021-04-12 10:55:00,254.251,254.29,254.103,254.231,9334
2021-04-12 11:00:00,254.172,254.359,254.064,254.143,8601
2021-04-12 11:05:00,254.123,254.251,254.034,254.079,14024
2021-04-12 11:10:00,254.103,254.103,253.935,253.975,8224
2021-04-12 11:15:00,253.965,254.241,253.965,254.182,9554
2021-04-12 11:20:00,254.157,254.379,254.157,254.33,6422
2021-04-12 11:25:00,254.35,254.596,254.35,254.596,8287
2021-04-12 11:30:00,254.596,254.773,254.556,254.714,12914
2021-04-12 11:35:00,254.65,254.65,254.281,254.281,7037
2021-04-12 11:40:00,254.29,254.674,254.231,254.576,9073
2021-04-12 11:45:00,254.606,254.768,254.507,254.675,6839
2021-04-12 11:50:00,254.704,254.704,254.554,254.645,4701
2021-04-12 11:55:00,254.625,254.714,254.547,254.547,7238
2021-04-12 12:00:00,254.576,254.665,254.29,254.29,5987
2021-04-12 12:05:00,254.33,254.359,254.231,254.359,5605
2021-04-12 12:10:00,254.389,254.404,254.32,254.359,7184
2021-04-12 12:15:00,254.33,254.517,254.271,254.34,15112
2021-04-12 12:20:00,254.35,254.409,254.231,254.409,9213
2021-04-12 12:25:00,254.487,254.527,254.256,254.468,13237
2021-04-12 12:30:00,254.428,254.428,254.133,254.29,8341
2021-04-12 12:35:00,254.202,254.379,254.187,254.31,22647
2021-04-12 12:40:00,254.311,254.311,253.955,254.246,10051
2021-04-12 12:45:00,254.3,254.3,254.093,254.133,4628
2021-04-12 12:50:00,254.083,254.093,253.729,253.729,3768
2021-04-12 12:55:00,253.719,253.837,253.62,253.805,3103
2021-04-12 13:00:00,253.817,253.817,253.65,253.758,3925
2021-04-12 13:05:00,253.68,253.867,253.62,253.803,5796
2021-04-12 13:10:00,253.832,253.886,253.753,253.793,2542
2021-04-12 13:15:00,253.68,253.739,253.561,253.681,4153
2021-04-12 13:20:00,253.76,253.76,253.379,253.443,6600
2021-04-12 13:25:00,253.512,253.611,253.384,253.384,3027
2021-04-12 13:30:00,253.345,253.515,253.266,253.266,6917
2021-04-12 13:35:00,253.276,253.44,253.207,253.364,6434
2021-04-12 13:40:00,253.433,253.62,253.433,253.62,2463
2021-04-12 13:45:00,253.581,253.63,253.364,253.364,7666
2021-04-12 13:50:00,253.423,253.551,253.414,253.542,2950
2021-04-12 13:55:00,253.443,253.483,253.399,253.404,4180
2021-04-12 14:00:00,253.354,253.384,253.354,253.354,3335
2021-04-12 14:05:00,253.423,253.583,253.39,253.522,7200
2021-04-12 14:10:00,253.507,253.601,253.483,253.522,4705
2021-04-12 14:15:00,253.502,253.601,253.374,253.601,5591
2021-04-12 14:20:00,253.601,253.719,253.591,253.649,5523
2021-04-12 14:25:00,253.65,253.714,253.434,253.542,4987
2021-04-12 14:30:00,253.512,253.561,253.354,253.561,8300
2021-04-12 14:35:00,253.581,253.689,253.492,253.542,6985
2021-04-12 14:40:00,253.542,253.68,253.458,253.5,5516
2021-04-12 14:45:00,253.542,253.877,253.483,253.808,10869
2021-04-12 14:50:00,253.734,253.808,253.537,253.591,4610
2021-04-12 14:55:00,253.537,253.601,253.463,253.512,6748
2021-04-12 15:00:00,253.522,253.63,253.5,253.586,4335
2021-04-12 15:05:00,253.591,253.67,253.443,253.453,7015
2021-04-12 15:10:00,253.443,253.443,253.197,253.266,10656
2021-04-12 15:15:00,253.231,253.231,252.825,252.825,5679
2021-04-12 15:20:00,252.734,252.901,252.675,252.808,8797
2021-04-12 15:25:00,252.872,253.039,252.832,252.832,13363
2021-04-12 15:30:00,252.916,253.118,252.842,253.054,7914
2021-04-12 15:35:00,253.079,253.167,252.97,253.157,10663
2021-04-12 15:40:00,253.138,253.551,253.088,253.392,16705
2021-04-12 15:45:00,253.473,253.65,253.404,253.582,17302
2021-04-12 15:50:00,253.689,253.896,253.561,253.729,21448
2021-04-12 15:55:00,253.739,254.093,253.63,254.054,33250
2021-04-12 16:00:00,253.985,253.985,253.611,253.788,54761
2021-04-12 16:05:00,253.788,253.788,253.788,253.788,13856
2021-04-12 16:10:00,253.788,253.788,253.788,253.788,2697
2021-04-12 16:20:00,253.788,253.788,253.788,253.788,5588
2021-04-13 09:35:00,253.788,253.788,252.616,253.34,42250
2021-04-13 09:40:00,253.486,253.502,252.832,253.473,5882
2021-04-13 09:45:00,253.433,254.261,253.256,253.847,17228
2021-04-13 09:50:00,253.67,253.67,252.872,253.005,9243
2021-04-13 09:55:00,253.005,253.788,252.882,253.394,16267
2021-04-13 10:00:00,253.354,254.024,253.354,253.739,4173
2021-04-13 10:05:00,253.601,253.913,253.483,253.817,6142
2021-04-13 10:10:00,253.714,253.808,253.335,253.492,7005
2021-04-13 10:15:00,253.591,253.906,253.453,253.808,8600
2021-04-13 10:20:00,253.896,253.896,253.384,253.463,7560
2021-04-13 10:25:00,253.443,253.719,253.394,253.591,6377
2021-04-13 10:30:00,253.483,253.492,253.207,253.492,5065
2021-04-13 10:35:00,253.453,253.54,253.069,253.088,10182
2021-04-13 10:40:00,253.148,253.611,253.128,253.547,6238
2021-04-13 10:45:00,253.611,253.655,253.414,253.611,4879
2021-04-13 10:50:00,253.611,253.699,253.483,253.571,5332
2021-04-13 10:55:00,253.561,253.664,253.276,253.364,7005
2021-04-13 11:00:00,253.364,253.532,252.931,252.931,6057
2021-04-13 11:05:00,252.931,253.015,252.872,252.96,3428
2021-04-13 11:10:00,252.96,252.96,252.586,252.586,4395
2021-04-13 11:15:00,252.606,252.606,252.468,252.537,5496
2021-04-13 11:20:00,252.586,252.783,252.578,252.655,4869
2021-04-13 11:25:00,252.724,253.019,252.724,252.842,3882
2021-04-13 11:30:00,252.903,252.931,252.675,252.714,4870
2021-04-13 11:35:00,252.793,253.108,252.793,252.96,6881
2021-04-13 11:40:00,252.931,253.157,252.931,252.98,3982
2021-04-13 11:45:00,253.069,253.207,253.069,253.207,3337
2021-04-13 11:50:00,253.226,253.561,253.226,253.537,4327
2021-04-13 11:55:00,253.546,253.877,253.546,253.768,4409
2021-04-13 12:00:00,253.783,254.054,253.783,253.926,3556
2021-04-13 12:05:00,253.877,253.926,253.837,253.916,2258
2021-04-13 12:10:00,253.719,253.778,253.601,253.68,2136
2021-04-13 12:15:00,253.64,253.788,253.64,253.689,2836
2021-04-13 12:20:00,253.64,253.739,253.542,253.66,4607
2021-04-13 12:25:00,253.62,253.62,253.433,253.523,2847
2021-04-13 12:30:00,253.384,253.384,253.226,253.364,3512
2021-04-13 12:35:00,253.354,253.404,253.246,253.266,4665
2021-04-13 12:40:00,253.315,253.63,253.315,253.63,4209
2021-04-13 12:45:00,253.551,253.551,253.345,253.394,3752
2021-04-13 12:50:00,253.327,253.34,253.197,253.197,3138
2021-04-13 12:55:00,253.315,253.463,253.305,253.463,3665
2021-04-13 13:00:00,253.364,253.364,253.246,253.325,6202
2021-04-13 13:05:00,253.226,253.256,252.97,253.015,6001
2021-04-13 13:10:00,252.97,253.285,252.97,253.113,4998
2021-04-13 13:15:00,253.118,253.463,253.118,253.433,4963
2021-04-13 13:20:00,253.473,253.473,253.374,253.374,3531
2021-04-13 13:25:00,253.3,253.3,253.019,253.187,5538
2021-04-13 13:30:00,253.197,253.256,253.074,253.138,4051
2021-04-13 13:35:00,253.157,253.236,252.985,253.167,5501
2021-04-13 13:40:00,253.182,253.522,253.138,253.522,4048
2021-04-13 13:45:00,253.423,253.433,253.295,253.295,3076
2021-04-13 13:50:00,253.354,253.433,253.236,253.374,9007
2021-04-13 13:55:00,253.433,253.576,253.345,253.414,6599
2021-04-13 14:00:00,253.453,253.689,253.414,253.581,6096
2021-04-13 14:05:00,253.729,253.778,253.63,253.709,4170
2021-04-13 14:10:00,253.709,253.857,253.571,253.768,5942
2021-04-13 14:15:00,253.817,254.143,253.768,254.083,4702
2021-04-13 14:20:00,254.172,254.369,254.162,254.271,10341
2021-04-13 14:25:00,254.241,254.478,254.241,254.478,4826
2021-04-13 14:30:00,254.453,254.527,254.379,254.453,7559
2021-04-13 14:35:00,254.438,254.487,254.409,254.438,5218
2021-04-13 14:40:00,254.409,254.409,253.817,253.817,6676
2021-04-13 14:45:00,253.886,254.064,253.886,254.064,4541
2021-04-13 14:50:00,254.074,254.143,253.965,254.074,5133
2021-04-13 14:55:00,254.039,254.093,253.906,253.975,5718
2021-04-13 15:00:00,253.946,254.172,253.946,254.044,5206
2021-04-13 15:05:00,254.079,254.3,254.079,254.241,7057
2021-04-13 15:10:00,254.251,254.29,254.034,254.034,8591
2021-04-13 15:15:00,254.123,254.182,253.936,253.965,5454
2021-04-13 15:20:00,253.98,254.054,253.852,254.034,5481
2021-04-13 15:25:00,254.034,254.093,253.837,253.857,7184
2021-04-13 15:30:00,253.946,253.946,253.63,253.67,8954
2021-04-13 15:35:00,253.729,253.886,253.67,253.827,9355
2021-04-13 15:40:00,253.822,253.896,253.689,253.689,12833
2021-04-13 15:45:00,253.67,253.837,253.67,253.689,10700
2021-04-13 15:50:00,253.689,253.872,253.571,253.832,14355
2021-04-13 15:55:00,253.867,253.926,253.65,253.867,29302
2021-04-13 16:00:00,253.867,254.019,253.512,253.561,50363
2021-04-13 16:05:00,253.601,253.601,253.601,253.601,10406
2021-04-13 16:10:00,253.601,253.601,253.601,253.601,2648
2021-04-13 16:25:00,253.601,253.601,253.601,253.601,5561
2021-04-13 17:40:00,256.133,256.133,256.133,256.133,500
2021-04-14 05:00:00,250.734,250.734,250.734,250.734,214
2021-04-14 09:35:00,253.197,253.66,252.709,253.221,30196
2021-04-14 09:40:00,253.492,253.675,253.221,253.473,5968
2021-04-14 09:45:00,253.276,253.729,253.029,253.138,6593
2021-04-14 09:50:00,253.01,253.305,253.01,253.261,4697
2021-04-14 09:55:00,253.138,253.3,252.941,253.3,4370
2021-04-14 10:00:00,253.138,253.362,252.734,252.734,4977
2021-04-14 10:05:00,252.783,252.97,252.024,252.024,7626
2021-04-14 10:10:00,252.039,252.32,252.024,252.044,5462
2021-04-14 10:15:00,252.024,252.113,251.847,252.024,6457
2021-04-14 10:20:00,251.916,252.182,251.818,251.847,7752
2021-04-14 10:25:00,251.847,251.847,251.591,251.611,10749
2021-04-14 10:30:00,251.63,252.212,251.63,251.881,8202
2021-04-14 10:35:00,251.827,252.3,251.719,252.054,8615
2021-04-14 10:40:00,251.926,251.946,251.788,251.832,3459
2021-04-14 10:45:00,251.906,251.955,251.689,251.689,7625
2021-04-14 10:50:00,251.65,251.65,251.103,251.374,32223
2021-04-14 10:55:00,251.33,251.382,251.187,251.246,7724
2021-04-14 11:00:00,251.32,251.414,251.02,251.138,21150
2021-04-14 11:05:00,251.143,251.64,251.02,251.581,14161
2021-04-14 11:10:00,251.64,252.172,251.552,252.172,11584
2021-04-14 11:15:00,252.113,252.123,251.749,252.123,6290
2021-04-14 11:20:00,252.143,252.547,252.143,252.547,4363
2021-04-14 11:25:00,252.478,252.507,252.113,252.113,6746
2021-04-14 11:30:00,252.182,252.571,252.015,252.532,6578
2021-04-14 11:35:00,252.458,252.635,252.266,252.266,8651
2021-04-14 11:40:00,252.212,252.33,252.039,252.039,4725
2021-04-14 11:45:00,252.015,252.093,251.872,251.872,7997
2021-04-14 11:50:00,251.824,252.054,251.788,251.788,6933
2021-04-14 11:55:00,251.808,251.808,251.354,251.355,6965
2021-04-14 12:00:00,251.433,251.719,251.384,251.719,6443
2021-04-14 12:05:00,251.687,251.847,251.542,251.543,5052
2021-04-14 12:10:00,251.512,251.847,251.512,251.813,3788
2021-04-14 12:15:00,251.709,251.867,251.62,251.65,4992
2021-04-14 12:20:00,251.66,251.719,251.478,251.645,5516
2021-04-14 12:25:00,251.808,251.867,251.561,251.66,4582
2021-04-14 12:30:00,251.513,251.62,251.049,251.049,9161
2021-04-14 12:35:00,251.03,251.315,251.01,251.266,7641
2021-04-14 12:40:00,251.246,251.384,251.138,251.19,7206
2021-04-14 12:45:00,251.049,251.364,251.049,251.364,4683
2021-04-14 12:50:00,251.346,251.64,251.246,251.552,5923
2021-04-14 12:55:00,251.532,251.827,251.473,251.753,6071
2021-04-14 13:00:00,251.857,251.886,251.753,251.822,3532
2021-04-14 13:05:00,251.822,252.714,251.768,252.683,25589
2021-04-14 13:10:00,252.724,252.734,252.33,252.389,14246
2021-04-14 13:15:00,252.369,252.497,252.302,252.468,4430
2021-04-14 13:20:00,252.468,252.603,252.419,252.556,9360
2021-04-14 13:25:00,252.453,252.744,252.453,252.744,9139
2021-04-14 13:30:00,252.843,253.033,252.793,252.793,9819
2021-04-14 13:35:00,252.822,252.842,252.586,252.586,4037
2021-04-14 13:40:00,252.586,252.642,252.251,252.251,5909
2021-04-14 13:45:00,252.305,252.497,252.3,252.497,5028
2021-04-14 13:50:00,252.507,252.556,252.389,252.478,3529
2021-04-14 13:55:00,252.379,252.537,252.103,252.463,8942
2021-04-14 14:00:00,252.399,252.399,251.955,251.965,7957
2021-04-14 14:05:00,252.074,252.33,252.074,252.33,7973
2021-04-14 14:10:00,252.279,252.356,252.084,252.084,6631
2021-04-14 14:15:00,252.084,252.251,252.015,252.241,8659
2021-04-14 14:20:00,252.251,252.281,251.995,252.281,8214
2021-04-14 14:25:00,252.231,252.517,252.221,252.448,6152
2021-04-14 14:30:00,252.443,252.468,252.251,252.279,4930
2021-04-14 14:35:00,252.271,252.281,252.074,252.271,8942
2021-04-14 14:40:00,252.251,252.281,252.162,252.197,3256
2021-04-14 14:45:00,252.241,252.32,252.015,252.015,11447
2021-04-14 14:50:00,252.093,252.168,251.837,251.955,8570
2021-04-14 14:55:00,251.906,251.985,251.788,251.79,5569
2021-04-14 15:00:00,251.63,251.827,251.62,251.65,8373
2021-04-14 15:05:00,251.483,251.62,251.246,251.62,15248
2021-04-14 15:10:00,251.601,251.847,251.601,251.768,4314
2021-04-14 15:15:00,251.788,251.867,251.653,251.66,9098
2021-04-14 15:20:00,251.62,251.749,251.552,251.689,14725
2021-04-14 15:25:00,251.65,251.788,251.561,251.64,21036
2021-04-14 15:30:00,251.62,251.818,251.62,251.729,11801
2021-04-14 15:35:00,251.66,251.857,251.64,251.818,14360
2021-04-14 15:40:00,251.699,251.808,251.571,251.729,10989
2021-04-14 15:45:00,251.655,251.699,251.497,251.68,9071
2021-04-14 15:50:00,251.68,251.719,251.404,251.419,11901
2021-04-14 15:55:00,251.295,251.64,251.295,251.394,25669
2021-04-14 16:00:00,251.374,251.552,251.128,251.207,57954
2021-04-14 16:05:00,251.276,251.276,251.276,251.276,14363
2021-04-14 16:10:00,251.276,251.276,251.276,251.276,4121
2021-04-15 09:35:00,252.084,253.483,252.054,252.975,35119
2021-04-15 09:40:00,253.034,253.325,252.616,252.697,9188
2021-04-15 09:45:00,252.951,253.404,252.813,253.108,10937
2021-04-15 09:50:00,252.724,253.315,252.606,253.088,6877
2021-04-15 09:55:00,253.128,253.226,252.625,253.226,7962
2021-04-15 10:00:00,253.128,253.128,252.271,252.586,6109
2021-04-15 10:05:00,252.507,253.226,252.251,253.217,8034
2021-04-15 10:10:00,253.207,253.315,253.059,253.069,5833
2021-04-15 10:15:00,253.039,253.217,252.951,253.069,4796
2021-04-15 10:20:00,253.207,253.433,253.049,253.059,8405
2021-04-15 10:25:00,253.207,253.354,253.167,253.246,15338
2021-04-15 10:30:00,253.207,253.423,253.039,253.394,14925
2021-04-15 10:35:00,253.443,253.946,253.399,253.724,15154
2021-04-15 10:40:00,253.502,253.561,253.332,253.394,7370
2021-04-15 10:45:00,253.522,253.67,253.384,253.443,9777
2021-04-15 10:50:00,253.502,253.616,253.436,253.532,17455
2021-04-15 10:55:00,253.542,253.61,253.236,253.308,13387
2021-04-15 11:00:00,253.315,253.497,253.285,253.285,15850
2021-04-15 11:05:00,253.364,253.699,253.305,253.689,8414
2021-04-15 11:10:00,253.616,253.817,253.443,253.749,11704
2021-04-15 11:15:00,253.709,253.709,253.443,253.581,9277
2021-04-15 11:20:00,253.473,253.66,253.453,253.542,6052
2021-04-15 11:25:00,253.497,253.571,253.414,253.433,10674
2021-04-15 11:30:00,253.443,253.443,253.138,253.226,11200
2021-04-15 11:35:00,253.266,253.463,253.197,253.463,10322
2021-04-15 11:40:00,253.448,253.483,253.197,253.226,10111
2021-04-15 11:45:00,253.229,253.276,253.128,253.128,7652
2021-04-15 11:50:00,253.138,253.315,253.108,253.315,5043
2021-04-15 11:55:00,253.177,253.177,252.921,252.931,7920
2021-04-15 12:00:00,252.931,252.931,252.685,252.685,4786
2021-04-15 12:05:00,252.655,253.108,252.556,252.99,10424
2021-04-15 12:10:00,252.99,253.207,252.99,253.207,4458
2021-04-15 12:15:00,253.187,253.285,253.039,253.098,7280
2021-04-15 12:20:00,253.172,253.325,253.108,253.266,9121
2021-04-15 12:25:00,253.241,253.345,253.157,253.207,7887
2021-04-15 12:30:00,253.197,253.276,253.177,253.246,5311
2021-04-15 12:35:00,253.276,253.276,252.832,252.832,8329
2021-04-15 12:40:00,252.842,253.236,252.822,253.187,6339
2021-04-15 12:45:00,253.226,253.364,253.197,253.364,9954
2021-04-15 12:50:00,253.364,253.63,253.364,253.591,10057
2021-04-15 12:55:00,253.66,253.66,253.404,253.431,6929
2021-04-15 13:00:00,253.446,253.68,253.446,253.551,7917
2021-04-15 13:05:00,253.522,253.522,253.394,253.454,5212
2021-04-15 13:10:00,253.453,253.581,253.29,253.532,10242
2021-04-15 13:15:00,253.527,253.551,253.335,253.394,6137
2021-04-15 13:20:00,253.315,253.68,253.315,253.62,6180
2021-04-15 13:25:00,253.67,254.133,253.665,254.133,7591
2021-04-15 13:30:00,254.064,254.064,253.926,253.926,6137
2021-04-15 13:35:00,253.896,253.906,253.63,253.63,7622
2021-04-15 13:40:00,253.62,253.66,253.502,253.66,6283
2021-04-15 13:45:00,253.699,253.936,253.651,253.896,7942
2021-04-15 13:50:00,253.862,254.091,253.837,254.024,5721
2021-04-15 13:55:00,253.985,254.044,253.817,254.044,8928
2021-04-15 14:00:00,254.054,254.113,253.699,253.768,4869
2021-04-15 14:05:00,253.689,253.808,253.66,253.684,6350
2021-04-15 14:10:00,253.601,253.65,253.374,253.64,14842
2021-04-15 14:15:00,253.689,253.837,253.64,253.798,7391
2021-04-15 14:20:00,253.857,254.182,253.857,254.044,9136
2021-04-15 14:25:00,254.039,254.331,254.039,254.271,6320
2021-04-15 14:30:00,254.35,254.354,254.143,254.251,6901
2021-04-15 14:35:00,254.3,254.497,254.271,254.359,16844
2021-04-15 14:40:00,254.281,254.281,253.798,253.896,14813
2021-04-15 14:45:00,253.896,254.024,253.827,253.877,6080
2021-04-15 14:50:00,253.798,253.827,253.561,253.699,8450
2021-04-15 14:55:00,253.65,253.65,253.207,253.394,13080
2021-04-15 15:00:00,253.315,253.502,253.074,253.502,10506
2021-04-15 15:05:00,253.544,253.544,253.207,253.226,8547
2021-04-15 15:10:00,253.187,253.187,252.906,253.0,9883
2021-04-15 15:15:00,253.0,253.039,252.729,252.805,16687
2021-04-15 15:20:00,252.714,253.069,252.685,252.99,13962
2021-04-15 15:25:00,253.087,253.098,252.665,252.793,20898
2021-04-15 15:30:00,252.882,252.96,252.822,252.852,19875
2021-04-15 15:35:00,252.911,253.138,252.862,252.99,30982
2021-04-15 15:40:00,252.99,253.069,252.68,252.704,27181
2021-04-15 15:45:00,252.714,252.882,252.645,252.773,36297
2021-04-15 15:50:00,252.753,253.305,252.753,252.931,54629
2021-04-15 15:55:00,252.788,253.522,252.788,253.128,44538
2021-04-15 16:00:00,253.133,253.345,252.891,253.335,118632
2021-04-15 16:05:00,253.335,253.335,253.335,253.335,10487
2021-04-15 16:10:00,253.335,253.335,253.335,253.335,2163
2021-04-16 09:20:00,256.093,256.093,256.093,256.093,200
2021-04-16 09:25:00,255.482,255.482,255.443,255.443,300
2021-04-16 09:35:00,254.96,261.069,254.749,261.069,234614
2021-04-16 09:40:00,261.069,264.842,260.615,262.136,128075
2021-04-16 09:45:00,261.97,262.921,261.168,262.399,38444
2021-04-16 09:50:00,262.399,263.433,262.103,262.911,34315
2021-04-16 09:55:00,262.763,263.666,262.487,263.295,38987
2021-04-16 10:00:00,263.295,263.699,262.241,262.537,26583
2021-04-16 10:05:00,262.704,264.31,262.527,264.31,36931
2021-04-16 10:10:00,264.458,265.019,263.581,265.0,55792
2021-04-16 10:15:00,265.009,265.334,263.67,263.916,39881
2021-04-16 10:20:00,263.734,264.921,263.734,264.802,28089
2021-04-16 10:25:00,264.665,264.911,263.333,263.794,103920
2021-04-16 10:30:00,263.561,264.083,262.773,263.128,65373
2021-04-16 10:35:00,262.881,263.137,262.625,263.098,27660
2021-04-16 10:40:00,263.054,263.394,262.753,263.325,23897
2021-04-16 10:45:00,263.349,263.719,263.044,263.044,18644
2021-04-16 10:50:00,262.977,263.108,262.261,263.009,55190
2021-04-16 10:55:00,263.059,263.404,262.832,262.891,20757
2021-04-16 11:00:00,262.793,263.049,262.428,263.049,12933
2021-04-16 11:05:00,263.078,263.078,262.409,262.911,12723
2021-04-16 11:10:00,262.921,263.926,262.921,263.738,12960
2021-04-16 11:15:00,263.689,264.024,263.492,263.581,15172
2021-04-16 11:20:00,263.63,264.221,263.566,264.034,14303
2021-04-16 11:25:00,263.965,264.103,263.443,263.443,17765
2021-04-16 11:30:00,263.364,263.458,262.871,263.108,20517
2021-04-16 11:35:00,263.108,263.463,263.029,263.285,11383
2021-04-16 11:40:00,263.19,263.463,262.99,262.99,8547
2021-04-16 11:45:00,262.96,262.985,262.537,262.906,9718
2021-04-16 11:50:00,262.901,263.128,262.714,262.734,10763
2021-04-16 11:55:00,262.684,262.812,262.497,262.625,8698
2021-04-16 12:00:00,262.546,262.556,261.877,261.877,10342
2021-04-16 12:05:00,261.985,262.408,261.886,262.399,7824
2021-04-16 12:10:00,262.359,262.773,262.339,262.773,14270
2021-04-16 12:15:00,262.694,262.793,262.458,262.596,16197
2021-04-16 12:20:00,262.665,263.167,262.497,263.098,12893
2021-04-16 12:25:00,263.088,263.216,262.558,262.911,8525
2021-04-16 12:30:00,262.832,262.871,262.566,262.714,11519
2021-04-16 12:35:00,262.655,262.812,262.221,262.487,11275
2021-04-16 12:40:00,262.408,262.714,262.28,262.645,11978
2021-04-16 12:45:00,262.635,262.812,262.527,262.803,8951
2021-04-16 12:50:00,262.803,262.901,262.458,262.541,13736
2021-04-16 12:55:00,262.625,262.852,262.576,262.738,10595
2021-04-16 13:00:00,262.699,262.911,262.665,262.738,6148
2021-04-16 13:05:00,262.763,262.852,262.704,262.812,12942
2021-04-16 13:10:00,262.812,262.94,262.734,262.881,13978
2021-04-16 13:15:00,262.773,263.029,262.773,262.871,7781
2021-04-16 13:20:00,262.862,263.039,262.812,263.029,9182
2021-04-16 13:25:00,263.039,263.147,262.995,263.049,9673
2021-04-16 13:30:00,262.99,263.472,262.99,263.315,13458
2021-04-16 13:35:00,263.384,263.699,263.187,263.66,12210
2021-04-16 13:40:00,263.546,263.827,263.443,263.821,10249
2021-04-16 13:45:00,263.788,263.807,263.541,263.807,16674
2021-04-16 13:50:00,263.817,263.936,263.67,263.797,14076
2021-04-16 13:55:00,263.827,264.014,263.767,264.014,10793
2021-04-16 14:00:00,263.98,264.142,263.719,263.916,15538
2021-04-16 14:05:00,263.832,263.926,263.522,263.748,16727
2021-04-16 14:10:00,263.729,264.133,263.719,264.049,9128
2021-04-16 14:15:00,264.019,264.448,264.019,264.093,12749
2021-04-16 14:20:00,264.202,264.359,264.162,264.167,10590
2021-04-16 14:25:00,264.16,264.408,264.095,264.408,9141
2021-04-16 14:30:00,264.399,264.763,264.399,264.503,21679
2021-04-16 14:35:00,264.428,264.458,264.182,264.182,14237
2021-04-16 14:40:00,264.162,264.182,263.857,264.034,7649
2021-04-16 14:45:00,264.014,264.28,263.985,264.261,11092
2021-04-16 14:50:00,264.31,264.458,264.221,264.428,12191
2021-04-16 14:55:00,264.477,264.812,264.359,264.628,19215
2021-04-16 15:00:00,264.536,264.763,264.44,264.753,17778
2021-04-16 15:05:00,264.832,264.916,264.546,264.684,21374
2021-04-16 15:10:00,264.694,264.802,264.576,264.64,18963
2021-04-16 15:15:00,264.615,264.738,264.576,264.684,9092
2021-04-16 15:20:00,264.689,264.689,264.428,264.576,14236
2021-04-16 15:25:00,264.546,264.571,264.261,264.31,12257
2021-04-16 15:30:00,264.344,264.399,263.847,263.995,18411
2021-04-16 15:35:00,264.133,264.192,263.689,263.906,20866
2021-04-16 15:40:00,263.827,264.054,263.64,263.83,19383
2021-04-16 15:45:00,263.827,263.857,263.433,263.67,22129
2021-04-16 15:50:00,263.67,263.748,263.433,263.65,29284
2021-04-16 15:55:00,263.65,263.719,263.128,263.147,48676
2021-04-16 16:00:00,263.118,263.364,262.793,262.852,112587
2021-04-16 16:05:00,262.97,262.97,262.97,262.97,32144
2021-04-16 16:10:00,262.97,262.97,262.97,262.97,12128
2021-04-16 16:40:00,262.073,262.073,262.073,262.073,100
2021-04-16 17:00:00,263.019,263.019,263.019,263.019,150
2021-04-19 09:30:00,261.138,261.138,261.128,261.128,570
2021-04-19 09:35:00,261.847,263.502,259.896,259.896,39218
2021-04-19 09:40:00,259.886,260.58,259.216,260.428,15451
2021-04-19 09:45:00,260.251,260.468,259.246,259.246,12694
2021-04-19 09:50:00,259.157,260.32,258.881,259.926,15805
2021-04-19 09:55:00,259.955,261.325,259.748,260.901,15092
2021-04-19 10:00:00,260.901,262.3,260.901,261.522,17291
2021-04-19 10:05:00,261.468,261.954,261.187,261.954,14066
2021-04-19 10:10:00,261.965,262.748,261.965,262.645,11012
2021-04-19 10:15:00,262.507,262.986,262.28,262.95,13369
2021-04-19 10:20:00,262.694,263.876,262.546,263.876,34169
2021-04-19 10:25:00,263.886,263.916,262.738,263.019,13874
2021-04-19 10:30:00,262.916,262.916,262.216,262.335,8197
2021-04-19 10:35:00,262.33,262.458,261.867,262.044,9848
2021-04-19 10:40:00,262.054,262.133,261.581,261.581,9636
2021-04-19 10:45:00,261.768,262.083,261.532,261.896,10824
2021-04-19 10:50:00,261.817,262.014,261.502,261.729,10976
2021-04-19 10:55:00,261.66,262.339,261.61,261.995,13944
2021-04-19 11:00:00,262.024,262.231,261.541,261.709,16409
2021-04-19 11:05:00,261.581,262.054,261.512,262.054,8016
2021-04-19 11:10:00,261.896,262.601,261.876,262.601,15438
2021-04-19 11:15:00,262.601,262.694,262.251,262.32,10569
2021-04-19 11:20:00,262.655,262.877,262.596,262.625,8515
2021-04-19 11:25:00,262.615,262.625,262.034,262.339,6993
2021-04-19 11:30:00,262.251,262.448,262.167,262.28,6091
2021-04-19 11:35:00,262.369,262.635,262.142,262.364,8279
2021-04-19 11:40:00,262.477,262.724,262.32,262.458,5039
2021-04-19 11:45:00,262.389,262.625,262.093,262.167,5809
2021-04-19 11:50:00,262.064,262.911,262.014,262.862,11253
2021-04-19 11:55:00,262.921,263.019,262.724,263.019,12937
2021-04-19 12:00:00,262.99,263.009,262.546,262.763,7945
2021-04-19 12:05:00,262.748,262.901,262.408,262.635,8661
2021-04-19 12:10:00,262.586,263.177,262.551,263.177,16563
2021-04-19 12:15:00,263.187,263.187,262.785,262.785,12734
2021-04-19 12:20:00,262.94,263.128,262.763,262.763,8507
2021-04-19 12:25:00,262.891,263.275,262.881,263.144,9922
2021-04-19 12:30:00,263.216,263.216,262.556,262.586,6330
2021-04-19 12:35:00,262.529,262.773,262.438,262.768,13905
2021-04-19 12:40:00,262.709,262.763,262.182,262.182,7635
2021-04-19 12:45:00,262.216,262.615,262.216,262.615,7179
2021-04-19 12:50:00,262.487,262.803,262.468,262.783,12148
2021-04-19 12:55:00,262.724,262.783,262.468,262.468,4545
2021-04-19 13:00:00,262.487,262.556,262.241,262.389,9753
2021-04-19 13:05:00,262.339,262.399,262.152,262.231,10424
2021-04-19 13:10:00,262.231,262.251,261.561,261.635,6339
2021-04-19 13:15:00,261.64,261.896,261.3,261.788,16897
2021-04-19 13:20:00,261.901,262.325,261.881,262.325,7891
2021-04-19 13:25:00,262.315,262.502,262.192,262.418,9035
2021-04-19 13:30:00,262.408,262.468,262.162,262.339,4350
2021-04-19 13:35:00,262.379,262.379,261.916,261.955,5053
2021-04-19 13:40:00,261.847,262.005,261.739,261.739,8931
2021-04-19 13:45:00,261.719,262.044,261.63,261.63,6737
2021-04-19 13:50:00,261.532,262.073,261.47,261.926,7789
2021-04-19 13:55:00,261.847,261.847,261.512,261.65,7874
2021-04-19 14:00:00,261.645,261.807,261.433,261.438,8487
2021-04-19 14:05:00,261.344,261.404,261.226,261.384,9426
2021-04-19 14:10:00,261.428,261.571,261.31,261.354,7384
2021-04-19 14:15:00,261.502,261.729,261.448,261.62,6447
2021-04-19 14:20:00,261.709,262.005,261.689,261.936,7449
2021-04-19 14:25:00,261.867,261.995,261.709,261.857,8245
2021-04-19 14:30:00,261.874,262.044,261.719,261.748,8167
2021-04-19 14:35:00,261.886,261.965,261.758,261.867,7756
2021-04-19 14:40:00,261.9,261.936,261.541,261.936,8765
2021-04-19 14:45:00,261.965,262.171,261.758,262.014,10413
2021-04-19 14:50:00,261.985,262.369,261.955,262.241,10924
2021-04-19 14:55:00,262.202,262.665,262.182,262.665,8649
2021-04-19 15:00:00,262.684,262.743,262.369,262.399,6609
2021-04-19 15:05:00,262.448,262.507,262.285,262.477,11856
2021-04-19 15:10:00,262.497,262.527,262.202,262.202,8737
2021-04-19 15:15:00,262.149,262.251,261.936,262.073,9761
2021-04-19 15:20:00,262.009,262.32,262.005,262.17,8244
2021-04-19 15:25:00,262.098,262.32,262.093,262.32,9710
2021-04-19 15:30:00,262.399,262.399,261.945,262.073,11821
2021-04-19 15:35:00,262.103,262.182,261.748,262.064,16151
2021-04-19 15:40:00,262.014,262.182,261.936,262.073,16744
2021-04-19 15:45:00,262.034,262.3,261.886,261.906,28666
2021-04-19 15:50:00,261.975,262.069,261.847,261.896,18206
2021-04-19 15:55:00,261.857,262.005,261.561,261.61,38441
2021-04-19 16:00:00,261.61,261.985,261.433,261.985,80249
2021-04-19 16:05:00,261.67,261.67,261.67,261.67,37300
2021-04-19 20:00:00,260.34,260.34,260.34,260.34,200
2021-04-20 09:35:00,262.32,263.502,261.581,262.793,24878
2021-04-20 09:40:00,262.867,263.886,261.226,263.886,35222
2021-04-20 09:45:00,263.689,264.773,263.394,263.906,9407
2021-04-20 09:50:00,263.926,264.891,263.847,264.591,11397
2021-04-20 09:55:00,264.669,264.94,264.236,264.783,10320
2021-04-20 10:00:00,264.96,265.768,264.566,265.527,19732
2021-04-20 10:05:00,265.586,265.699,264.881,264.901,13894
2021-04-20 10:10:00,264.945,265.098,264.546,264.714,18319
2021-04-20 10:15:00,264.714,265.059,264.522,264.709,6268
2021-04-20 10:20:00,264.684,265.167,264.684,265.024,17373
2021-04-20 10:25:00,265.039,265.147,264.689,264.753,3494
2021-04-20 10:30:00,264.64,264.714,263.926,264.093,10024
2021-04-20 10:35:00,264.019,264.418,263.867,264.083,18195
2021-04-20 10:40:00,264.083,264.625,264.083,264.625,6138
2021-04-20 10:45:00,264.507,264.665,264.211,264.571,10461
2021-04-20 10:50:00,264.596,264.596,263.64,263.738,16538
2021-04-20 10:55:00,263.64,263.936,263.502,263.502,8003
2021-04-20 11:00:00,263.521,264.3,263.521,263.965,11293
2021-04-20 11:05:00,263.748,263.748,263.275,263.67,19944
2021-04-20 11:10:00,263.63,263.748,263.197,263.389,13652
2021-04-20 11:15:00,263.354,263.66,263.216,263.216,14959
2021-04-20 11:20:00,263.197,263.561,263.078,263.551,7181
2021-04-20 11:25:00,263.67,263.738,262.945,263.167,12297
2021-04-20 11:30:00,263.197,263.541,263.197,263.463,10891
2021-04-20 11:35:00,263.423,263.551,263.059,263.157,5459
2021-04-20 11:40:00,263.049,263.157,262.379,262.487,10690
2021-04-20 11:45:00,262.379,262.812,262.345,262.537,6765
2021-04-20 11:50:00,262.566,262.763,262.359,262.674,8783
2021-04-20 11:55:00,262.665,262.783,262.418,262.719,6731
2021-04-20 12:00:00,262.719,262.97,262.719,262.783,4753
2021-04-20 12:05:00,262.812,262.891,262.635,262.803,9168
2021-04-20 12:10:00,262.822,262.822,262.546,262.679,6975
2021-04-20 12:15:00,262.694,262.812,262.468,262.812,5681
2021-04-20 12:20:00,262.891,262.955,262.852,262.901,4511
2021-04-20 12:25:00,262.862,263.295,262.862,263.295,4248
2021-04-20 12:30:00,263.251,263.502,263.251,263.386,6410
2021-04-20 12:35:00,263.369,263.413,263.133,263.335,6074
2021-04-20 12:40:00,263.389,263.423,263.216,263.226,8472
2021-04-20 12:45:00,263.29,263.502,263.221,263.502,3530
2021-04-20 12:50:00,263.532,263.532,263.049,263.049,3802
2021-04-20 12:55:00,263.187,263.394,263.157,263.271,3620
2021-04-20 13:00:00,263.285,263.581,263.266,263.581,10046
2021-04-20 13:05:00,263.433,263.482,263.295,263.295,4833
2021-04-20 13:10:00,263.285,263.305,263.029,263.177,5267
2021-04-20 13:15:00,263.187,263.335,262.98,263.335,6702
2021-04-20 13:20:00,263.261,263.571,263.261,263.472,4817
2021-04-20 13:25:00,263.541,263.561,263.374,263.438,4079
2021-04-20 13:30:00,263.496,263.496,263.315,263.359,2430
2021-04-20 13:35:00,263.285,263.364,262.694,262.694,8763
2021-04-20 13:40:00,262.645,262.852,262.645,262.773,4455
2021-04-20 13:45:00,262.684,262.911,262.635,262.807,7100
2021-04-20 13:50:00,262.734,262.842,262.448,262.448,6637
2021-04-20 13:55:00,262.477,262.527,262.28,262.413,10069
2021-04-20 14:00:00,262.497,262.497,262.192,262.339,6335
2021-04-20 14:05:00,262.335,262.576,262.31,262.517,7243
2021-04-20 14:10:00,262.46,262.665,262.394,262.507,7498
2021-04-20 14:15:00,262.527,262.655,262.359,262.546,5853
2021-04-20 14:20:00,262.517,262.605,262.251,262.605,11779
2021-04-20 14:25:00,262.566,262.625,262.211,262.211,7687
2021-04-20 14:30:00,262.211,262.369,261.867,262.024,9273
2021-04-20 14:35:00,261.965,262.009,261.679,261.857,13346
2021-04-20 14:40:00,261.892,262.3,261.892,262.241,14349
2021-04-20 14:45:00,262.182,262.31,261.985,262.157,9191
2021-04-20 14:50:00,262.172,262.349,262.123,262.202,8323
2021-04-20 14:55:00,262.211,262.418,262.172,262.241,7871
2021-04-20 15:00:00,262.172,262.172,261.601,261.837,21795
2021-04-20 15:05:00,261.886,262.028,261.67,261.852,24265
2021-04-20 15:10:00,261.916,262.3,261.886,262.29,15176
2021-04-20 15:15:00,262.3,262.586,262.29,262.556,9683
2021-04-20 15:20:00,262.635,262.881,262.635,262.812,7503
2021-04-20 15:25:00,262.881,263.029,262.788,262.862,8662
2021-04-20 15:30:00,262.921,263.069,262.852,263.059,7885
2021-04-20 15:35:00,263.0,263.088,262.842,262.99,33029
2021-04-20 15:40:00,262.985,263.039,262.605,262.655,14126
2021-04-20 15:45:00,262.655,263.118,262.64,263.069,14877
2021-04-20 15:50:00,263.073,263.157,262.891,263.118,15803
2021-04-20 15:55:00,263.157,263.246,262.931,263.246,44540
2021-04-20 16:00:00,263.315,263.364,262.773,263.344,110433
2021-04-20 16:05:00,263.285,263.285,263.285,263.285,26850
2021-04-21 09:35:00,264.665,266.802,264.665,265.536,74962
2021-04-21 09:40:00,265.591,266.27,265.315,266.103,11200
2021-04-21 09:45:00,266.12,266.349,265.778,266.349,12149
2021-04-21 09:50:00,266.497,267.451,266.448,267.206,22643
2021-04-21 09:55:00,267.118,267.448,266.852,267.039,19908
2021-04-21 10:00:00,266.931,267.384,266.724,267.226,17738
2021-04-21 10:05:00,267.374,267.561,266.729,266.862,11988
2021-04-21 10:10:00,266.793,266.999,266.527,266.61,7974
2021-04-21 10:15:00,266.753,266.753,266.201,266.201,4904
2021-04-21 10:20:00,266.093,266.093,265.384,265.384,22563
2021-04-21 10:25:00,265.379,265.852,265.0,265.852,26955
2021-04-21 10:30:00,265.748,265.748,265.325,265.522,8778
2021-04-21 10:35:00,265.527,265.536,264.99,265.078,14095
2021-04-21 10:40:00,265.068,265.778,265.064,265.359,18449
2021-04-21 10:45:00,265.275,265.738,265.275,265.591,9388
2021-04-21 10:50:00,265.601,265.645,265.423,265.541,5409
2021-04-21 10:55:00,265.463,265.867,265.453,265.61,10434
2021-04-21 11:00:00,265.63,265.95,265.581,265.906,7841
2021-04-21 11:05:00,265.871,266.645,265.871,266.576,11142
2021-04-21 11:10:00,266.605,266.625,266.211,266.261,6926
2021-04-21 11:15:00,266.379,266.663,266.152,266.172,8860
2021-04-21 11:20:00,266.113,266.251,265.778,265.783,9126
2021-04-21 11:25:00,265.709,265.807,265.334,265.334,9906
2021-04-21 11:30:00,265.369,265.591,265.369,265.571,8725
2021-04-21 11:35:00,265.596,265.738,265.108,265.226,10019
2021-04-21 11:40:00,265.049,265.187,264.881,264.98,14208
2021-04-21 11:45:00,265.039,265.049,264.798,264.829,8350
2021-04-21 11:50:00,264.832,265.019,264.783,265.0,10475
2021-04-21 11:55:00,265.0,265.15,264.596,264.773,14831
2021-04-21 12:00:00,264.763,265.384,264.763,265.384,10582
2021-04-21 12:05:00,265.267,265.394,264.991,265.059,5487
2021-04-21 12:10:00,265.088,265.088,264.832,264.901,13198
2021-04-21 12:15:00,264.881,264.931,264.615,264.931,9438
2021-04-21 12:20:00,264.876,265.201,264.876,264.921,7723
2021-04-21 12:25:00,264.724,264.724,264.576,264.576,1359
2021-04-21 12:30:00,264.556,264.763,264.536,264.665,6212
2021-04-21 12:35:00,264.645,264.842,264.596,264.615,8796
2021-04-21 12:40:00,264.576,264.724,264.369,264.374,6723
2021-04-21 12:45:00,264.369,264.724,264.369,264.587,7812
2021-04-21 12:50:00,264.605,264.95,264.605,264.86,9960
2021-04-21 12:55:00,264.793,265.285,264.714,265.149,17173
2021-04-21 13:00:00,265.221,265.418,265.099,265.099,5822
2021-04-21 13:05:00,265.226,265.413,265.147,265.246,5296
2021-04-21 13:10:00,265.177,265.241,264.945,265.098,7451
2021-04-21 13:15:00,265.108,265.65,265.078,265.65,10707
2021-04-21 13:20:00,265.635,265.788,265.624,265.684,6401
2021-04-21 13:25:00,265.65,265.852,265.65,265.798,8225
2021-04-21 13:30:00,265.679,266.034,265.591,265.985,7818
2021-04-21 13:35:00,265.975,266.093,265.886,265.916,7212
2021-04-21 13:40:00,265.975,266.192,265.817,266.192,10555
2021-04-21 13:45:00,266.073,266.221,265.896,265.955,7150
2021-04-21 13:50:00,265.876,266.083,265.853,266.0,10388
2021-04-21 13:55:00,265.916,266.133,265.867,266.068,5057
2021-04-21 14:00:00,266.152,266.152,265.995,266.133,7502
2021-04-21 14:05:00,266.152,266.31,266.133,266.29,7195
2021-04-21 14:10:00,266.27,266.33,266.113,266.201,10046
2021-04-21 14:15:00,266.182,266.251,265.748,265.748,9932
2021-04-21 14:20:00,265.689,266.029,265.64,265.807,15741
2021-04-21 14:25:00,265.734,265.935,265.724,265.864,4900
2021-04-21 14:30:00,265.837,265.965,265.709,265.935,9304
2021-04-21 14:35:00,265.878,266.32,265.867,266.0,13589
2021-04-21 14:40:00,266.009,266.29,266.009,266.162,6574
2021-04-21 14:45:00,266.152,266.251,265.916,265.916,5594
2021-04-21 14:50:00,265.896,265.945,265.443,265.522,13189
2021-04-21 14:55:00,265.492,265.62,265.423,265.532,11849
2021-04-21 15:00:00,265.472,265.729,265.433,265.576,5173
2021-04-21 15:05:00,265.522,265.867,265.453,265.867,9981
2021-04-21 15:10:00,265.935,266.221,265.886,266.059,8589
2021-04-21 15:15:00,266.054,266.359,266.054,266.359,5849
2021-04-21 15:20:00,266.477,266.561,266.28,266.408,10273
2021-04-21 15:25:00,266.418,266.733,266.359,266.684,9010
2021-04-21 15:30:00,266.635,266.714,266.507,266.576,10644
2021-04-21 15:35:00,266.625,267.098,266.546,267.098,20475
2021-04-21 15:40:00,267.049,267.315,266.862,266.906,13841
2021-04-21 15:45:00,266.96,267.059,266.694,266.733,21797
2021-04-21 15:50:00,266.699,266.931,266.699,266.931,16278
2021-04-21 15:55:00,266.98,266.999,266.665,266.871,30147
2021-04-21 16:00:00,266.921,267.039,266.625,266.999,77109
2021-04-21 16:05:00,266.95,266.95,266.95,266.95,34200
2021-04-21 16:10:00,266.95,266.95,266.95,266.95,10643
2021-04-22 09:30:00,266.95,266.95,266.95,266.95,150
2021-04-22 09:35:00,266.901,267.482,265.768,266.29,39858
2021-04-22 09:40:00,266.724,267.236,265.65,265.837,19755
2021-04-22 09:45:00,266.27,267.408,266.27,266.497,17790
2021-04-22 09:50:00,266.27,267.078,266.27,266.783,15292
2021-04-22 09:55:00,266.743,267.807,266.743,267.748,16070
2021-04-22 10:00:00,267.842,268.201,266.999,267.231,21695
2021-04-22 10:05:00,267.039,267.275,265.699,265.699,13298
2021-04-22 10:10:00,265.906,266.463,265.798,266.463,15426
2021-04-22 10:15:00,266.65,266.94,266.399,266.438,9270
2021-04-22 10:20:00,266.497,266.756,266.182,266.182,9261
2021-04-22 10:25:00,266.231,266.29,265.788,265.916,9342
2021-04-22 10:30:00,265.916,266.088,265.689,265.778,11258
2021-04-22 10:35:00,265.812,266.054,265.798,265.95,10284
2021-04-22 10:40:00,265.901,266.28,265.765,266.182,13111
2021-04-22 10:45:00,266.379,266.586,265.975,265.975,8806
2021-04-22 10:50:00,265.945,266.418,265.935,266.399,10263
2021-04-22 10:55:00,266.3,266.753,266.093,266.408,10187
2021-04-22 11:00:00,266.364,266.453,266.182,266.27,7900
2021-04-22 11:05:00,266.32,266.507,266.27,266.467,11004
2021-04-22 11:10:00,266.438,266.467,266.231,266.231,14309
2021-04-22 11:15:00,266.251,266.349,266.133,266.334,4468
2021-04-22 11:20:00,266.334,266.387,265.94,265.975,12421
2021-04-22 11:25:00,265.985,266.083,265.778,265.906,7000
2021-04-22 11:30:00,265.896,266.044,265.817,265.817,7635
2021-04-22 11:35:00,265.798,266.024,265.61,266.024,7902
2021-04-22 11:40:00,265.985,265.985,265.669,265.669,5202
2021-04-22 11:45:00,265.551,265.679,265.325,265.581,9338
2021-04-22 11:50:00,265.571,265.729,265.433,265.729,7985
2021-04-22 11:55:00,265.689,266.034,265.669,266.034,4813
2021-04-22 12:00:00,265.955,265.965,265.837,265.895,4560
2021-04-22 12:05:00,265.778,266.064,265.778,265.931,4634
2021-04-22 12:10:00,265.886,266.123,265.847,266.036,6543
2021-04-22 12:15:00,266.123,266.23,266.059,266.142,6706
2021-04-22 12:20:00,266.27,266.388,266.192,266.192,6947
2021-04-22 12:25:00,266.113,266.152,265.847,265.876,7118
2021-04-22 12:30:00,265.867,266.083,265.867,266.083,5222
2021-04-22 12:35:00,266.211,266.379,266.128,266.339,4131
2021-04-22 12:40:00,266.29,266.339,266.211,266.251,4871
2021-04-22 12:45:00,266.192,266.29,266.004,266.172,6301
2021-04-22 12:50:00,266.172,266.27,266.172,266.221,3306
2021-04-22 12:55:00,266.221,266.458,266.137,266.438,6195
2021-04-22 13:00:00,266.605,266.704,266.546,266.679,6150
2021-04-22 13:05:00,266.635,266.635,266.399,266.448,6546
2021-04-22 13:10:00,266.497,266.497,265.374,265.522,8922
2021-04-22 13:15:00,265.423,265.522,265.137,265.443,10939
2021-04-22 13:20:00,265.334,265.512,265.108,265.197,7525
2021-04-22 13:25:00,265.197,265.62,265.177,265.541,8432
2021-04-22 13:30:00,265.354,265.492,265.216,265.275,5553
2021-04-22 13:35:00,265.177,265.532,265.068,265.532,6939
2021-04-22 13:40:00,265.403,265.602,265.275,265.602,5204
2021-04-22 13:45:00,265.443,265.443,264.596,264.665,9773
2021-04-22 13:50:00,264.842,264.99,264.507,264.507,6884
2021-04-22 13:55:00,264.369,264.536,264.034,264.135,10998
2021-04-22 14:00:00,264.251,264.714,264.064,264.556,22248
2021-04-22 14:05:00,264.546,264.566,264.261,264.369,11181
2021-04-22 14:10:00,264.261,265.187,264.261,265.128,10738
2021-04-22 14:15:00,265.108,265.216,264.911,265.216,8637
2021-04-22 14:20:00,265.216,265.256,264.94,265.256,9574
2021-04-22 14:25:00,265.315,265.325,264.842,265.039,6910
2021-04-22 14:30:00,265.049,265.167,264.938,265.167,7823
2021-04-22 14:35:00,265.152,265.344,265.078,265.295,11936
2021-04-22 14:40:00,265.28,265.719,265.261,265.561,11214
2021-04-22 14:45:00,265.463,265.94,265.416,265.94,9769
2021-04-22 14:50:00,265.916,265.965,265.63,265.965,17030
2021-04-22 14:55:00,266.004,266.083,265.758,266.083,7881
2021-04-22 15:00:00,265.99,266.211,265.827,265.827,7344
2021-04-22 15:05:00,265.748,266.059,265.748,265.965,10161
2021-04-22 15:10:00,265.896,265.955,265.32,265.32,8490
2021-04-22 15:15:00,265.32,265.492,265.251,265.325,10540
2021-04-22 15:20:00,265.334,265.571,265.256,265.571,11756
2021-04-22 15:25:00,265.561,265.601,265.315,265.453,12768
2021-04-22 15:30:00,265.423,265.679,265.275,265.679,15037
2021-04-22 15:35:00,265.601,265.738,265.482,265.601,12778
2021-04-22 15:40:00,265.581,265.768,265.433,265.463,17148
2021-04-22 15:45:00,265.532,265.798,265.477,265.492,17397
2021-04-22 15:50:00,265.413,265.985,265.413,265.463,24825
2021-04-22 15:55:00,265.354,265.837,265.344,265.591,35428
2021-04-22 16:00:00,265.63,265.926,265.433,265.827,80680
2021-04-22 16:05:00,265.738,265.738,265.738,265.738,16936
2021-04-22 16:15:00,265.738,265.738,265.738,265.738,10567
2021-04-22 16:20:00,265.189,265.189,265.189,265.189,965
2021-04-23 09:35:00,267.068,267.068,265.512,266.561,40323
2021-04-23 09:40:00,266.576,267.66,266.014,266.29,10544
2021-04-23 09:45:00,266.536,266.536,265.305,265.669,8771
2021-04-23 09:50:00,265.65,266.172,265.137,265.827,11323
2021-04-23 09:55:00,265.807,266.507,265.807,266.507,7802
2021-04-23 10:00:00,266.665,266.684,266.349,266.635,3553
2021-04-23 10:05:00,266.733,266.99,266.596,266.822,7220
2021-04-23 10:10:00,266.684,266.901,266.231,266.32,6387
2021-04-23 10:15:00,266.261,266.467,265.886,265.886,5850
2021-04-23 10:20:00,265.916,266.334,265.876,266.334,6208
2021-04-23 10:25:00,266.379,266.605,266.044,266.597,7514
2021-04-23 10:30:00,266.635,266.763,266.467,266.733,4244
2021-04-23 10:35:00,266.625,267.068,266.507,266.881,10073
2021-04-23 10:40:00,267.009,267.729,267.009,267.674,18193
2021-04-23 10:45:00,267.758,267.975,267.492,267.74,10368
2021-04-23 10:50:00,267.714,267.994,267.502,267.876,7170
2021-04-23 10:55:00,267.866,268.211,267.778,268.211,17351
2021-04-23 11:00:00,268.265,268.655,268.103,268.582,11409
2021-04-23 11:05:00,268.536,268.536,268.009,268.467,18160
2021-04-23 11:10:00,268.477,268.714,268.389,268.576,13623
2021-04-23 11:15:00,268.694,269.196,268.576,269.044,19113
2021-04-23 11:20:00,268.99,269.196,268.832,269.196,7409
2021-04-23 11:25:00,269.137,269.374,268.852,268.852,12290
2021-04-23 11:30:00,268.93,269.009,268.724,268.852,7088
2021-04-23 11:35:00,268.95,269.206,268.95,269.187,7769
2021-04-23 11:40:00,269.305,269.305,268.783,268.921,8351
2021-04-23 11:45:00,268.862,269.078,268.763,269.078,7522
2021-04-23 11:50:00,268.99,269.384,268.99,269.049,9932
2021-04-23 11:55:00,269.078,269.275,268.916,268.999,11013
2021-04-23 12:00:00,269.128,269.403,269.108,269.354,6559
2021-04-23 12:05:00,269.305,269.394,269.098,269.108,7758
2021-04-23 12:10:00,269.078,269.137,268.871,268.93,6059
2021-04-23 12:15:00,269.098,269.364,269.037,269.364,9243
2021-04-23 12:20:00,269.403,269.63,269.265,269.329,12298
2021-04-23 12:25:00,269.256,269.374,269.177,269.374,8123
2021-04-23 12:30:00,269.374,269.423,269.246,269.275,7833
2021-04-23 12:35:00,269.246,269.423,269.246,269.315,6102
2021-04-23 12:40:00,269.344,269.492,269.344,269.492,4940
2021-04-23 12:45:00,269.502,269.502,269.211,269.344,6021
2021-04-23 12:50:00,269.374,269.788,269.325,269.689,7351
2021-04-23 12:55:00,269.743,269.886,269.551,269.62,6691
2021-04-23 13:00:00,269.669,269.669,269.285,269.374,5600
2021-04-23 13:05:00,269.403,269.63,269.344,269.541,11184
2021-04-23 13:10:00,269.6,269.866,269.571,269.827,6683
2021-04-23 13:15:00,269.768,269.817,269.517,269.62,4409
2021-04-23 13:20:00,269.581,269.61,269.275,269.325,8388
2021-04-23 13:25:00,269.344,269.66,269.305,269.364,11192
2021-04-23 13:30:00,269.325,269.374,269.014,269.295,6092
2021-04-23 13:35:00,269.29,269.604,269.29,269.502,5347
2021-04-23 13:40:00,269.433,269.553,269.339,269.344,6128
2021-04-23 13:45:00,269.403,269.689,269.403,269.551,9472
2021-04-23 13:50:00,269.581,269.581,269.196,269.334,8517
2021-04-23 13:55:00,269.276,269.344,268.95,269.019,5719
2021-04-23 14:00:00,268.95,269.068,268.812,268.975,11056
2021-04-23 14:05:00,269.019,269.216,268.979,269.206,8975
2021-04-23 14:10:00,269.216,269.66,269.187,269.492,10572
2021-04-23 14:15:00,269.453,269.6,269.423,269.591,7235
2021-04-23 14:20:00,269.561,269.6,269.354,269.433,7364
2021-04-23 14:25:00,269.323,269.571,269.323,269.472,7426
2021-04-23 14:30:00,269.531,269.531,269.216,269.423,7069
2021-04-23 14:35:00,269.423,269.591,269.177,269.187,11279
2021-04-23 14:40:00,269.246,269.344,269.167,269.206,20052
2021-04-23 14:45:00,269.295,269.66,269.226,269.512,14594
2021-04-23 14:50:00,269.531,269.66,269.413,269.433,5098
2021-04-23 14:55:00,269.433,269.522,269.246,269.364,15606
2021-04-23 15:00:00,269.374,269.541,269.265,269.394,7101
2021-04-23 15:05:00,269.374,269.451,269.275,269.423,8519
2021-04-23 15:10:00,269.433,269.66,269.413,269.6,8463
2021-04-23 15:15:00,269.62,269.659,269.472,269.615,8058
2021-04-23 15:20:00,269.66,269.857,269.66,269.857,6448
2021-04-23 15:25:00,269.827,270.329,269.827,270.221,21535
2021-04-23 15:30:00,270.201,270.27,270.083,270.157,18703
2021-04-23 15:35:00,270.137,270.369,270.093,270.28,11914
2021-04-23 15:40:00,270.379,270.379,269.817,270.236,24453
2021-04-23 15:45:00,270.138,270.379,270.138,270.162,23408
2021-04-23 15:50:00,270.182,270.241,269.975,270.083,38673
2021-04-23 15:55:00,270.019,270.024,269.699,269.935,42661
2021-04-23 16:00:00,269.886,270.162,269.664,269.995,112741
2021-04-23 16:05:00,269.866,269.866,269.866,269.866,20078
2021-04-23 16:15:00,269.866,269.866,269.866,269.866,1282
2021-04-26 08:40:00,270.911,270.911,270.911,270.911,185
2021-04-26 09:35:00,270.192,270.93,269.157,270.404,56230
2021-04-26 09:40:00,270.635,270.674,269.216,269.236,14634
2021-04-26 09:45:00,269.305,269.985,269.305,269.916,11191
2021-04-26 09:50:00,269.896,269.896,267.862,268.408,28972
2021-04-26 09:55:00,268.556,268.773,268.339,268.497,8108
2021-04-26 10:00:00,268.684,269.236,268.522,269.049,10271
2021-04-26 10:05:00,268.842,268.93,268.28,268.93,9925
2021-04-26 10:10:00,268.911,269.059,268.793,268.999,7851
2021-04-26 10:15:00,268.94,269.187,268.64,268.842,12662
2021-04-26 10:20:00,268.937,268.937,268.152,268.295,9851
2021-04-26 10:25:00,268.177,268.177,267.719,267.901,9607
2021-04-26 10:30:00,267.901,267.901,267.315,267.738,12878
2021-04-26 10:35:00,267.748,267.847,267.206,267.807,10390
2021-04-26 10:40:00,267.738,267.738,267.167,267.364,7778
2021-04-26 10:45:00,267.453,267.714,267.354,267.502,6414
2021-04-26 10:50:00,267.541,267.778,267.453,267.492,7744
2021-04-26 10:55:00,267.6,267.738,267.256,267.344,10595
2021-04-26 11:00:00,267.275,267.403,266.743,266.96,13397
2021-04-26 11:05:00,267.009,267.039,266.655,266.753,11124
2021-04-26 11:10:00,266.724,267.236,266.724,267.193,11040
2021-04-26 11:15:00,267.059,267.206,266.931,266.99,7465
2021-04-26 11:20:00,266.931,267.049,266.605,266.665,9628
2021-04-26 11:25:00,266.596,266.862,266.591,266.862,5509
2021-04-26 11:30:00,266.862,266.899,266.674,266.802,8716
2021-04-26 11:35:00,266.743,266.911,266.477,266.502,14406
2021-04-26 11:40:00,266.448,266.541,265.916,266.039,13520
2021-04-26 11:45:00,266.039,266.259,265.896,265.965,9110
2021-04-26 11:50:00,265.926,266.113,265.837,266.103,10434
2021-04-26 11:55:00,266.034,266.3,265.699,266.3,14898
2021-04-26 12:00:00,266.32,266.513,266.083,266.211,8267
2021-04-26 12:05:00,266.339,266.527,266.339,266.472,8080
2021-04-26 12:10:00,266.452,266.546,266.004,266.103,10393
2021-04-26 12:15:00,266.068,266.137,265.926,265.935,5866
2021-04-26 12:20:00,265.926,266.024,265.591,265.679,9979
2021-04-26 12:25:00,265.62,266.133,265.62,266.004,9564
2021-04-26 12:30:00,265.965,266.071,265.837,265.886,5359
2021-04-26 12:35:00,265.876,265.965,265.783,265.891,6896
2021-04-26 12:40:00,265.906,266.142,265.817,266.137,5471
2021-04-26 12:45:00,266.137,266.201,265.985,266.039,5824
2021-04-26 12:50:00,265.975,266.211,265.926,266.211,9732
2021-04-26 12:55:00,266.133,266.152,266.004,266.014,15185
2021-04-26 13:00:00,266.064,266.192,265.906,265.945,9605
2021-04-26 13:05:00,266.004,266.083,265.926,265.995,9722
2021-04-26 13:10:00,265.985,266.261,265.94,266.078,7670
2021-04-26 13:15:00,266.014,266.201,265.935,266.201,8739
2021-04-26 13:20:00,266.192,266.192,265.788,266.073,9214
2021-04-26 13:25:00,266.049,266.073,265.876,265.995,9475
2021-04-26 13:30:00,266.004,266.714,266.004,266.635,15289
2021-04-26 13:35:00,266.635,266.832,266.635,266.783,7358
2021-04-26 13:40:00,266.724,266.724,266.379,266.497,5894
2021-04-26 13:45:00,266.615,266.615,266.36,266.477,3767
2021-04-26 13:50:00,266.551,266.714,266.551,266.714,3225
2021-04-26 13:55:00,266.733,266.753,266.605,266.605,4451
2021-04-26 14:00:00,266.674,267.354,266.61,267.354,14736
2021-04-26 14:05:00,267.279,267.285,266.931,267.078,10581
2021-04-26 14:10:00,267.029,267.206,266.99,267.206,7493
2021-04-26 14:15:00,267.049,267.078,266.98,266.98,6292
2021-04-26 14:20:00,266.985,267.177,266.96,267.039,10136
2021-04-26 14:25:00,267.029,267.325,266.975,267.236,8772
2021-04-26 14:30:00,267.157,267.265,267.064,267.088,6603
2021-04-26 14:35:00,267.142,267.246,266.99,267.088,18710
2021-04-26 14:40:00,267.137,267.187,267.088,267.137,5138
2021-04-26 14:45:00,267.118,267.295,267.019,267.172,13835
2021-04-26 14:50:00,267.226,267.226,266.98,267.029,9942
2021-04-26 14:55:00,267.019,267.037,266.665,266.684,7602
2021-04-26 15:00:00,266.704,266.714,266.497,266.618,10120
2021-04-26 15:05:00,266.655,266.665,266.32,266.467,6600
2021-04-26 15:10:00,266.438,266.556,266.399,266.428,5599
2021-04-26 15:15:00,266.472,266.477,266.004,266.004,10920
2021-04-26 15:20:00,265.955,266.182,265.955,266.152,10994
2021-04-26 15:25:00,266.162,266.586,266.162,266.448,10659
2021-04-26 15:30:00,266.418,266.428,265.689,265.795,12800
2021-04-26 15:35:00,265.63,266.014,265.551,265.916,15354
2021-04-26 15:40:00,266.014,266.251,265.985,266.14,13314
2021-04-26 15:45:00,266.133,266.172,265.63,265.714,20576
2021-04-26 15:50:00,265.689,265.827,265.256,265.325,36175
2021-04-26 15:55:00,265.256,265.876,265.019,265.736,49287
2021-04-26 16:00:00,265.768,265.983,265.423,265.867,92099
2021-04-26 16:05:00,265.551,265.551,265.551,265.551,66587
2021-04-26 16:20:00,266.399,266.399,266.399,266.399,100
2021-04-26 16:30:00,266.576,266.576,266.576,266.576,200
2021-04-26 17:20:00,266.99,266.99,266.99,266.99,100
2021-04-26 18:40:00,266.596,266.596,266.596,266.596,195
2021-04-26 18:50:00,267.236,267.236,267.236,267.236,519
2021-04-26 18:55:00,267.236,267.236,267.236,267.236,150
2021-04-26 19:15:00,267.216,267.216,267.216,267.216,400
2021-04-26 19:40:00,267.236,267.285,267.236,267.285,694
2021-04-27 07:15:00,269.945,269.945,269.945,269.945,368
2021-04-27 07:55:00,268.467,268.467,267.975,267.975,502
2021-04-27 08:00:00,266.99,266.99,263.985,263.985,2225
2021-04-27 08:05:00,266.99,270.93,264.714,264.714,1134
2021-04-27 08:20:00,264.418,265.108,264.418,265.019,1726
2021-04-27 08:30:00,263.985,264.379,263.985,264.034,600
2021-04-27 08:35:00,264.054,264.054,264.054,264.054,280
2021-04-27 08:55:00,263.364,263.364,263.364,263.364,253
2021-04-27 09:00:00,263.985,264.724,263.985,264.625,830
2021-04-27 09:05:00,264.33,264.344,264.33,264.344,545
2021-04-27 09:10:00,264.527,264.527,264.231,264.231,1329
2021-04-27 09:15:00,264.034,264.458,264.034,264.458,397
2021-04-27 09:20:00,265.049,265.049,265.049,265.049,260
2021-04-27 09:25:00,265.551,265.551,265.551,265.551,200
2021-04-27 09:30:00,262.064,262.064,262.054,262.054,451
2021-04-27 09:35:00,261.551,264.773,258.99,262.743,84152
2021-04-27 09:40:00,262.871,264.729,261.379,262.064,44892
2021-04-27 09:45:00,262.635,263.551,261.807,262.144,38146
2021-04-27 09:50:00,261.936,262.901,261.394,262.783,23318
2021-04-27 09:55:00,263.009,263.009,261.576,261.576,15202
2021-04-27 10:00:00,261.906,262.182,261.157,261.837,19443
2021-04-27 10:05:00,261.739,262.418,261.374,261.394,18393
2021-04-27 10:10:00,261.512,261.684,260.517,261.551,25723
2021-04-27 10:15:00,261.364,261.364,260.31,261.295,16702
2021-04-27 10:20:00,261.463,262.418,261.069,262.418,18340
2021-04-27 10:25:00,262.428,262.605,261.778,262.064,12183
2021-04-27 10:30:00,261.876,262.665,261.867,262.389,17043
2021-04-27 10:35:00,262.487,263.088,262.256,262.657,15758
2021-04-27 10:40:00,262.758,263.453,262.487,263.413,15076
2021-04-27 10:45:00,263.305,263.738,262.862,263.492,19067
2021-04-27 10:50:00,263.472,264.28,263.423,264.034,11013
2021-04-27 10:55:00,264.28,264.28,263.187,263.246,10430
2021-04-27 11:00:00,263.3,264.051,263.206,263.655,20675
2021-04-27 11:05:00,263.61,264.753,263.61,264.152,7725
2021-04-27 11:10:00,264.177,264.418,263.921,264.379,11365
2021-04-27 11:15:00,264.295,264.408,263.936,264.182,13747
2021-04-27 11:20:00,263.965,264.665,263.936,264.433,10842
2021-04-27 11:25:00,264.433,264.714,264.335,264.714,14439
2021-04-27 11:30:00,264.694,264.891,264.507,264.867,8367
2021-04-27 11:35:00,264.867,265.955,264.793,265.0,37041
2021-04-27 11:40:00,265.108,265.743,264.95,265.541,15263
2021-04-27 11:45:00,265.561,266.364,265.413,266.152,19775
2021-04-27 11:50:00,266.004,266.073,265.078,265.118,16684
2021-04-27 11:55:00,264.95,265.325,264.763,264.867,7055
2021-04-27 12:00:00,265.009,265.246,264.862,265.014,9788
2021-04-27 12:05:00,265.014,265.423,264.862,265.068,14194
2021-04-27 12:10:00,264.97,265.019,264.576,264.871,12315
2021-04-27 12:15:00,264.965,265.216,264.152,264.264,28054
2021-04-27 12:20:00,264.349,264.596,264.33,264.586,6679
2021-04-27 12:25:00,264.408,265.167,264.408,264.972,18476
2021-04-27 12:30:00,264.891,264.891,264.428,264.832,6949
2021-04-27 12:35:00,264.852,265.028,264.655,264.842,6107
2021-04-27 12:40:00,264.98,265.019,264.871,264.926,5807
2021-04-27 12:45:00,265.029,265.128,264.753,265.054,19861
2021-04-27 12:50:00,265.064,265.384,264.931,265.029,9301
2021-04-27 12:55:00,265.029,265.167,264.921,264.98,5929
2021-04-27 13:00:00,264.97,265.236,264.921,265.059,10957
2021-04-27 13:05:00,265.054,265.093,264.911,265.068,9197
2021-04-27 13:10:00,265.098,265.354,265.098,265.266,9497
2021-04-27 13:15:00,265.256,265.285,265.098,265.221,7008
2021-04-27 13:20:00,265.147,265.305,265.078,265.182,6785
2021-04-27 13:25:00,265.256,265.423,265.167,265.403,11660
2021-04-27 13:30:00,265.305,265.63,265.256,265.63,19951
2021-04-27 13:35:00,265.688,265.778,265.039,265.103,11132
2021-04-27 13:40:00,265.167,265.325,264.96,265.049,10862
2021-04-27 13:45:00,265.206,265.206,264.97,265.076,6812
2021-04-27 13:50:00,265.019,265.049,264.665,265.049,15715
2021-04-27 13:55:00,265.088,265.088,264.94,265.019,9061
2021-04-27 14:00:00,265.029,265.128,265.014,265.118,11411
2021-04-27 14:05:00,265.078,265.216,264.793,264.965,15825
2021-04-27 14:10:00,264.876,265.236,264.842,265.064,6397
2021-04-27 14:15:00,265.0,265.275,264.931,265.078,6339
2021-04-27 14:20:00,265.167,265.344,265.142,265.344,4582
2021-04-27 14:25:00,265.246,265.492,265.157,265.453,15422
2021-04-27 14:30:00,265.394,265.581,265.197,265.507,9520
2021-04-27 14:35:00,265.507,265.507,265.246,265.246,8605
2021-04-27 14:40:00,265.295,265.62,265.246,265.62,9666
2021-04-27 14:45:00,265.551,265.591,265.389,265.433,11269
2021-04-27 14:50:00,265.482,265.635,265.389,265.403,13931
2021-04-27 14:55:00,265.477,265.541,265.364,265.374,8126
2021-04-27 15:00:00,265.295,265.315,264.881,265.133,11684
2021-04-27 15:05:00,265.157,265.197,265.0,265.009,7211
2021-04-27 15:10:00,265.078,265.167,264.901,265.167,10117
2021-04-27 15:15:00,264.99,265.453,264.99,265.433,6483
2021-04-27 15:20:00,265.438,265.502,265.078,265.187,9448
2021-04-27 15:25:00,265.216,265.669,265.167,265.669,11746
2021-04-27 15:30:00,265.571,265.635,265.403,265.527,11499
2021-04-27 15:35:00,265.61,265.61,265.113,265.236,17710
2021-04-27 15:40:00,265.236,265.758,265.049,265.532,22282
2021-04-27 15:45:00,265.502,265.625,265.019,265.137,22746
2021-04-27 15:50:00,265.206,265.275,264.891,265.004,34503
2021-04-27 15:55:00,265.039,265.423,264.97,265.064,45540
2021-04-27 16:00:00,265.039,265.807,264.536,265.512,119551
2021-04-27 16:05:00,265.502,265.502,265.502,265.502,100868
2021-04-27 16:10:00,266.773,266.773,266.773,266.773,110
2021-04-27 17:05:00,265.502,265.502,265.502,265.502,10992
2021-04-28 09:35:00,266.467,267.049,264.401,264.401,34269
2021-04-28 09:40:00,264.379,265.65,264.133,264.96,11427
2021-04-28 09:45:00,265.758,267.467,265.591,267.059,25165
2021-04-28 09:50:00,266.862,266.862,264.714,265.029,15929
2021-04-28 09:55:00,264.995,266.073,264.802,264.97,18865
2021-04-28 10:00:00,265.226,266.27,265.226,265.601,21199
2021-04-28 10:05:00,265.66,265.945,265.197,265.571,13984
2021-04-28 10:10:00,265.532,265.896,265.256,265.699,13627
2021-04-28 10:15:00,265.66,265.873,265.374,265.517,11604
2021-04-28 10:20:00,265.517,265.837,265.216,265.315,11495
2021-04-28 10:25:00,265.389,265.389,264.635,264.753,17133
2021-04-28 10:30:00,264.95,265.73,264.408,265.73,13806
2021-04-28 10:35:00,265.472,265.762,265.137,265.275,15097
2021-04-28 10:40:00,265.374,266.044,265.275,265.635,10472
2021-04-28 10:45:00,265.61,265.768,265.532,265.748,7623
2021-04-28 10:50:00,265.985,266.346,265.704,265.788,20379
2021-04-28 10:55:00,265.886,265.931,265.305,265.305,8581
2021-04-28 11:00:00,265.197,265.443,265.071,265.31,18537
2021-04-28 11:05:00,265.167,266.004,265.167,265.472,20323
2021-04-28 11:10:00,265.65,265.827,265.403,265.704,8804
2021-04-28 11:15:00,265.709,265.965,265.709,265.748,8468
2021-04-28 11:20:00,265.985,266.369,265.985,266.221,11233
2021-04-28 11:25:00,266.152,266.477,266.078,266.477,3932
2021-04-28 11:30:00,266.684,266.724,266.093,266.103,17641
2021-04-28 11:35:00,266.147,266.251,266.101,266.123,4196
2021-04-28 11:40:00,266.103,266.31,266.093,266.201,13244
2021-04-28 11:45:00,266.241,266.241,266.123,266.216,3387
2021-04-28 11:50:00,266.3,266.586,266.3,266.369,8743
2021-04-28 11:55:00,266.428,266.428,266.123,266.3,11821
2021-04-28 12:00:00,266.123,266.3,265.837,266.073,15523
2021-04-28 12:05:00,265.926,266.152,265.857,266.152,5222
2021-04-28 12:10:00,266.152,266.339,266.152,266.339,3904
2021-04-28 12:15:00,266.192,266.261,266.093,266.142,5069
2021-04-28 12:20:00,266.098,266.152,265.709,265.709,16987
2021-04-28 12:25:00,265.729,266.083,265.729,266.054,11224
2021-04-28 12:30:00,266.025,266.083,265.847,266.064,9379
2021-04-28 12:35:00,266.142,266.142,265.807,265.807,8855
2021-04-28 12:40:00,265.788,265.788,265.581,265.738,3860
2021-04-28 12:45:00,265.788,266.004,265.743,265.985,7665
2021-04-28 12:50:00,265.965,266.31,265.965,266.241,6472
2021-04-28 12:55:00,266.261,266.27,266.142,266.142,5771
2021-04-28 13:00:00,266.14,266.241,265.876,265.886,11771
2021-04-28 13:05:00,265.935,266.103,265.916,266.103,6721
2021-04-28 13:10:00,266.172,266.339,265.945,266.073,13713
2021-04-28 13:15:00,266.113,266.221,266.034,266.172,3616
2021-04-28 13:20:00,266.27,266.467,266.256,266.349,13569
2021-04-28 13:25:00,266.408,266.49,266.408,266.448,1720
2021-04-28 13:30:00,266.408,266.556,266.389,266.536,11984
2021-04-28 13:35:00,266.546,266.546,266.163,266.216,14824
2021-04-28 13:40:00,266.246,266.271,265.384,265.807,15257
2021-04-28 13:45:00,265.906,265.906,265.773,265.886,6890
2021-04-28 13:50:00,265.827,265.827,265.472,265.472,9660
2021-04-28 13:55:00,265.344,265.359,264.793,264.871,15607
2021-04-28 14:00:00,264.901,265.561,264.901,265.364,6004
2021-04-28 14:05:00,265.256,265.512,264.714,264.871,16008
2021-04-28 14:10:00,264.645,264.763,264.325,264.748,12234
2021-04-28 14:15:00,264.832,265.275,264.704,265.275,9002
2021-04-28 14:20:00,265.423,265.423,264.852,265.029,12882
2021-04-28 14:25:00,265.063,265.063,264.704,264.788,11607
2021-04-28 14:30:00,264.694,264.734,264.221,264.349,20028
2021-04-28 14:35:00,264.339,264.871,264.251,264.753,12014
2021-04-28 14:40:00,264.674,265.275,264.674,265.231,9604
2021-04-28 14:45:00,265.147,265.394,265.049,265.341,5532
2021-04-28 14:50:00,265.418,265.62,265.073,265.073,23354
2021-04-28 14:55:00,265.029,265.334,264.921,265.266,8661
2021-04-28 15:00:00,265.334,265.729,265.236,265.729,18258
2021-04-28 15:05:00,265.738,265.867,265.522,265.571,7638
2021-04-28 15:10:00,265.482,265.896,265.482,265.867,12208
2021-04-28 15:15:00,265.788,265.788,265.118,265.349,21534
2021-04-28 15:20:00,265.246,265.394,265.019,265.088,8572
2021-04-28 15:25:00,265.039,265.137,264.891,265.068,18747
2021-04-28 15:30:00,265.039,265.384,265.039,265.266,12333
2021-04-28 15:35:00,265.206,265.206,264.921,264.949,16718
2021-04-28 15:40:00,265.019,265.068,264.674,264.862,27237
2021-04-28 15:45:00,264.862,265.305,264.812,265.206,15246
2021-04-28 15:50:00,265.305,265.305,264.852,265.177,15774
2021-04-28 15:55:00,265.029,265.108,264.645,265.019,25554
2021-04-28 16:00:00,265.009,265.128,264.704,265.128,46510
2021-04-28 16:05:00,264.98,264.98,264.98,264.98,106304
2021-04-28 16:20:00,265.206,265.206,265.206,265.206,398
2021-04-28 16:35:00,268.664,268.664,268.664,268.664,508
2021-04-29 09:35:00,266.793,267.344,266.093,267.009,59551
2021-04-29 09:40:00,267.187,267.246,266.645,266.891,19309
2021-04-29 09:45:00,267.093,267.482,266.793,267.315,12625
2021-04-29 09:50:00,267.413,267.935,267.039,267.581,11854
2021-04-29 09:55:00,267.975,268.398,267.876,268.201,29575
2021-04-29 10:00:00,268.088,268.088,267.536,267.778,11691
2021-04-29 10:05:00,267.6,268.137,267.463,268.054,12014
2021-04-29 10:10:00,268.049,268.498,268.032,268.498,8935
2021-04-29 10:15:00,268.438,268.664,268.339,268.418,9893
2021-04-29 10:20:00,268.379,268.576,268.093,268.576,11202
2021-04-29 10:25:00,268.556,268.729,268.472,268.544,11483
2021-04-29 10:30:00,268.3,268.458,268.123,268.458,24168
2021-04-29 10:35:00,268.423,268.571,268.093,268.556,62037
2021-04-29 10:40:00,268.556,269.226,268.556,269.059,16777
2021-04-29 10:45:00,269.098,269.502,269.049,269.394,20152
2021-04-29 10:50:00,269.394,270.044,269.295,269.876,24032
2021-04-29 10:55:00,269.866,270.024,269.66,269.827,17663
2021-04-29 11:00:00,269.778,269.778,269.039,269.039,16285
2021-04-29 11:05:00,268.793,269.354,268.724,269.315,17399
2021-04-29 11:10:00,269.334,269.354,268.615,268.793,28147
2021-04-29 11:15:00,268.797,268.797,268.172,268.172,8088
2021-04-29 11:20:00,268.073,268.073,267.344,267.488,21693
2021-04-29 11:25:00,267.344,267.541,267.049,267.108,13955
2021-04-29 11:30:00,267.049,267.118,266.586,266.605,15461
2021-04-29 11:35:00,266.596,266.596,266.073,266.266,23344
2021-04-29 11:40:00,266.389,267.246,266.389,267.128,22785
2021-04-29 11:45:00,267.177,267.177,266.487,266.487,6466
2021-04-29 11:50:00,266.497,266.783,266.487,266.596,12822
2021-04-29 11:55:00,266.566,267.275,266.566,266.733,17240
2021-04-29 12:00:00,266.694,267.078,266.586,266.842,14553
2021-04-29 12:05:00,266.842,267.059,266.793,266.802,13818
2021-04-29 12:10:00,266.753,266.783,266.448,266.645,17422
2021-04-29 12:15:00,266.733,267.265,266.733,267.147,20014
2021-04-29 12:20:00,267.256,267.581,267.177,267.423,23735
2021-04-29 12:25:00,267.344,267.423,267.049,267.187,17204
2021-04-29 12:30:00,267.197,267.197,266.694,266.94,14519
2021-04-29 12:35:00,266.98,267.251,266.911,266.99,15014
2021-04-29 12:40:00,267.014,267.305,267.014,267.265,11972
2021-04-29 12:45:00,267.305,267.354,266.96,267.009,11651
2021-04-29 12:50:00,267.064,267.177,266.921,267.078,8161
2021-04-29 12:55:00,267.113,267.315,267.019,267.285,14188
2021-04-29 13:00:00,267.256,267.502,267.108,267.108,19255
2021-04-29 13:05:00,267.137,267.137,266.842,266.842,16136
2021-04-29 13:10:00,266.793,266.852,266.63,266.733,24172
2021-04-29 13:15:00,266.862,266.901,266.743,266.807,13024
2021-04-29 13:20:00,266.807,266.97,266.674,266.96,13343
2021-04-29 13:25:00,266.96,267.315,266.901,267.206,19214
2021-04-29 13:30:00,267.265,267.571,266.931,267.512,17049
2021-04-29 13:35:00,267.517,267.916,267.512,267.761,25062
2021-04-29 13:40:00,267.709,267.896,267.413,267.729,18774
2021-04-29 13:45:00,267.719,268.123,267.66,268.034,15561
2021-04-29 13:50:00,268.073,268.083,267.581,267.768,15591
2021-04-29 13:55:00,267.783,268.004,267.61,267.906,13749
2021-04-29 14:00:00,267.965,268.132,267.531,268.132,17296
2021-04-29 14:05:00,268.093,268.714,268.044,268.615,15526
2021-04-29 14:10:00,268.615,268.704,268.37,268.418,21105
2021-04-29 14:15:00,268.418,268.684,268.33,268.428,31135
2021-04-29 14:20:00,268.428,268.94,268.374,268.94,14312
2021-04-29 14:25:00,268.812,268.96,268.714,268.788,27284
2021-04-29 14:30:00,268.724,268.724,268.339,268.379,12320
2021-04-29 14:35:00,268.507,268.655,268.418,268.477,20546
2021-04-29 14:40:00,268.512,268.625,268.339,268.546,16369
2021-04-29 14:45:00,268.536,268.852,268.517,268.556,18162
2021-04-29 14:50:00,268.743,268.881,268.645,268.753,12847
2021-04-29 14:55:00,268.689,269.039,268.689,268.99,7537
2021-04-29 15:00:00,269.082,269.581,268.93,269.472,25496
2021-04-29 15:05:00,269.403,269.945,269.384,269.689,23841
2021-04-29 15:10:00,269.679,269.679,269.078,269.108,19584
2021-04-29 15:15:00,269.167,269.31,268.891,269.228,22311
2021-04-29 15:20:00,269.334,269.62,269.226,269.394,17344
2021-04-29 15:25:00,269.344,269.534,268.97,269.009,20269
2021-04-29 15:30:00,268.999,269.034,268.664,268.763,12467
2021-04-29 15:35:00,268.738,269.206,268.674,269.206,29912
2021-04-29 15:40:00,269.157,269.354,268.793,269.334,37820
2021-04-29 15:45:00,269.246,269.704,269.177,269.492,38506
2021-04-29 15:50:00,269.477,270.122,269.477,270.093,26884
2021-04-29 15:55:00,270.108,270.108,269.394,269.65,48531
2021-04-29 16:00:00,269.561,269.679,269.325,269.403,83127
2021-04-29 16:05:00,269.394,269.394,269.394,269.394,10496
2021-04-29 16:15:00,270.448,270.448,270.448,270.448,14510
2021-04-30 09:35:00,268.576,270.566,268.576,269.6,30281
2021-04-30 09:40:00,269.61,269.65,267.738,268.192,8753
2021-04-30 09:45:00,268.054,269.413,268.054,269.004,14925
2021-04-30 09:50:00,268.758,269.196,268.3,268.674,8892
2021-04-30 09:55:00,268.773,269.916,268.708,269.305,9822
2021-04-30 10:00:00,269.128,269.128,268.428,268.94,10070
2021-04-30 10:05:00,268.714,268.911,268.27,268.408,9143
2021-04-30 10:10:00,268.211,268.389,267.911,267.926,16043
2021-04-30 10:15:00,267.926,268.28,267.837,268.182,7090
2021-04-30 10:20:00,267.906,268.113,267.492,267.751,12053
2021-04-30 10:25:00,267.847,268.753,267.847,268.635,8778
2021-04-30 10:30:00,268.536,269.108,268.192,268.95,13192
2021-04-30 10:35:00,268.625,268.852,268.566,268.669,9665
2021-04-30 10:40:00,268.714,268.741,268.408,268.62,9989
2021-04-30 10:45:00,268.487,268.724,268.487,268.576,14433
2021-04-30 10:50:00,268.551,268.635,268.093,268.379,12533
2021-04-30 10:55:00,268.389,268.763,268.201,268.496,9098
2021-04-30 11:00:00,268.418,268.615,268.241,268.586,10219
2021-04-30 11:05:00,268.517,268.517,268.103,268.354,7469
2021-04-30 11:10:00,268.428,268.428,267.935,268.073,8477
2021-04-30 11:15:00,267.985,268.231,267.827,268.231,11587
2021-04-30 11:20:00,268.192,268.192,267.709,267.778,9710
2021-04-30 11:25:00,267.827,268.093,267.827,267.96,4785
2021-04-30 11:30:00,267.788,267.965,267.758,267.758,4888
2021-04-30 11:35:00,267.729,267.999,267.729,267.95,6961
2021-04-30 11:40:00,267.999,268.467,267.999,268.256,10675
2021-04-30 11:45:00,268.221,268.689,268.172,268.689,8629
2021-04-30 11:50:00,268.753,269.049,268.566,268.729,9242
2021-04-30 11:55:00,268.556,268.556,268.221,268.221,6886
2021-04-30 12:00:00,268.3,268.586,268.3,268.522,5785
2021-04-30 12:05:00,268.517,268.576,268.29,268.448,8716
2021-04-30 12:10:00,268.339,268.768,268.32,268.655,9396
2021-04-30 12:15:00,268.625,268.724,268.615,268.684,4368
2021-04-30 12:20:00,268.655,268.655,268.596,268.64,4206
2021-04-30 12:25:00,268.586,268.802,268.507,268.556,7780
2021-04-30 12:30:00,268.615,269.008,268.615,268.832,8210
2021-04-30 12:35:00,268.812,269.196,268.763,269.196,6786
2021-04-30 12:40:00,269.137,269.137,268.655,268.699,10040
2021-04-30 12:45:00,268.653,269.009,268.653,268.871,11582
2021-04-30 12:50:00,268.94,269.029,268.635,268.635,9723
2021-04-30 12:55:00,268.704,268.704,268.221,268.3,8888
2021-04-30 13:00:00,268.231,268.566,268.221,268.536,10269
2021-04-30 13:05:00,268.428,268.428,268.044,268.044,7172
2021-04-30 13:10:00,268.024,268.349,268.024,268.32,7317
2021-04-30 13:15:00,268.369,268.576,268.32,268.576,8724
2021-04-30 13:20:00,268.502,268.719,268.448,268.701,9089
2021-04-30 13:25:00,268.689,268.857,268.546,268.857,7472
2021-04-30 13:30:00,268.866,268.901,268.596,268.753,12249
2021-04-30 13:35:00,268.694,268.733,268.379,268.396,8371
2021-04-30 13:40:00,268.33,268.566,268.33,268.453,9286
2021-04-30 13:45:00,268.517,268.576,268.408,268.463,6394
2021-04-30 13:50:00,268.481,268.635,268.389,268.527,7720
2021-04-30 13:55:00,268.576,268.694,268.467,268.467,10561
2021-04-30 14:00:00,268.438,268.591,268.398,268.448,9166
2021-04-30 14:05:00,268.591,268.724,268.433,268.433,9511
2021-04-30 14:10:00,268.438,268.635,268.428,268.635,8435
2021-04-30 14:15:00,268.596,268.596,268.28,268.28,16057
2021-04-30 14:20:00,268.27,268.635,268.27,268.596,7939
2021-04-30 14:25:00,268.556,268.763,268.433,268.694,16144
2021-04-30 14:30:00,268.674,268.773,268.428,268.566,8668
2021-04-30 14:35:00,268.566,268.862,268.551,268.807,22181
2021-04-30 14:40:00,268.753,268.995,268.684,268.975,9555
2021-04-30 14:45:00,268.96,269.433,268.93,269.433,11499
2021-04-30 14:50:00,269.394,269.394,269.039,269.157,11604
2021-04-30 14:55:00,269.088,269.246,269.009,269.187,9461
2021-04-30 15:00:00,269.354,269.354,269.131,269.132,11031
2021-04-30 15:05:00,269.147,269.462,269.147,269.433,12341
2021-04-30 15:10:00,269.344,269.62,269.265,269.62,26888
2021-04-30 15:15:00,269.571,269.945,269.551,269.837,15140
2021-04-30 15:20:00,269.797,269.797,269.561,269.758,13349
2021-04-30 15:25:00,269.847,270.172,269.788,270.054,17895
2021-04-30 15:30:00,270.152,270.374,270.044,270.374,12247
2021-04-30 15:35:00,270.364,270.418,269.945,270.014,20717
2021-04-30 15:40:00,269.985,270.162,269.522,269.522,23066
2021-04-30 15:45:00,269.487,269.788,269.394,269.768,21813
2021-04-30 15:50:00,269.719,270.044,268.999,269.906,30269
2021-04-30 15:55:00,269.866,270.28,269.709,270.192,51977
2021-04-30 16:00:00,270.162,270.3,269.758,269.975,96277
2021-04-30 16:05:00,269.817,269.817,269.817,269.817,17198
2021-05-03 09:05:00,273.098,273.098,273.098,273.098,1120
2021-05-03 09:35:00,270.93,272.251,270.497,271.657,56570
2021-05-03 09:40:00,272.211,272.901,272.073,272.408,17484
2021-05-03 09:45:00,272.384,272.901,272.231,272.802,11149
2021-05-03 09:50:00,272.822,272.999,272.605,272.694,11362
2021-05-03 09:55:00,272.923,273.403,272.408,273.403,11543
2021-05-03 10:00:00,273.324,273.679,272.674,272.852,13611
2021-05-03 10:05:00,272.842,272.99,271.699,271.699,16370
2021-05-03 10:10:00,271.857,271.866,271.325,271.671,13563
2021-05-03 10:15:00,271.531,271.736,271.256,271.403,11804
2021-05-03 10:20:00,271.63,272.044,271.492,271.62,10875
2021-05-03 10:25:00,271.837,272.093,271.669,272.093,7425
2021-05-03 10:30:00,272.063,272.487,272.063,272.078,9385
2021-05-03 10:35:00,272.201,272.3,271.965,271.985,9114
2021-05-03 10:40:00,272.251,273.029,272.221,272.721,18083
2021-05-03 10:45:00,272.945,273.068,272.704,272.842,5071
2021-05-03 10:50:00,272.832,273.461,272.773,272.896,15762
2021-05-03 10:55:00,272.901,273.145,272.684,273.058,9582
2021-05-03 11:00:00,273.118,273.571,272.999,273.571,13059
2021-05-03 11:05:00,273.571,273.61,272.999,272.999,14185
2021-05-03 11:10:00,272.98,273.167,272.822,273.098,6381
2021-05-03 11:15:00,273.136,273.541,273.118,273.541,8190
2021-05-03 11:20:00,273.502,273.63,273.384,273.63,4412
2021-05-03 11:25:00,273.63,273.63,273.118,273.118,8130
2021-05-03 11:30:00,273.167,273.433,273.147,273.389,7241
2021-05-03 11:35:00,273.433,273.462,272.842,272.901,16230
2021-05-03 11:40:00,272.871,272.965,272.625,272.704,7749
2021-05-03 11:45:00,272.664,272.733,272.339,272.674,13719
2021-05-03 11:50:00,272.536,272.704,272.359,272.669,7562
2021-05-03 11:55:00,272.689,272.842,272.586,272.802,5681
2021-05-03 12:00:00,272.891,273.127,272.891,273.068,6026
2021-05-03 12:05:00,273.009,273.009,272.507,272.763,11010
2021-05-03 12:10:00,272.792,272.901,272.792,272.832,4134
2021-05-03 12:15:00,272.802,272.857,272.615,272.694,14897
2021-05-03 12:20:00,272.684,272.822,272.595,272.595,9193
2021-05-03 12:25:00,272.517,272.655,272.467,272.655,6158
2021-05-03 12:30:00,272.674,272.822,272.605,272.773,12595
2021-05-03 12:35:00,272.664,273.275,272.664,273.147,9140
2021-05-03 12:40:00,273.206,273.206,272.925,273.196,8082
2021-05-03 12:45:00,273.201,273.305,273.177,273.196,2864
2021-05-03 12:50:00,273.191,273.492,273.127,273.349,7953
2021-05-03 12:55:00,273.413,273.659,273.413,273.423,5507
2021-05-03 13:00:00,273.443,273.502,273.393,273.472,4993
2021-05-03 13:05:00,273.62,273.64,273.541,273.541,8482
2021-05-03 13:10:00,273.541,273.797,273.541,273.699,7199
2021-05-03 13:15:00,273.62,273.738,273.61,273.684,4564
2021-05-03 13:20:00,273.719,273.748,273.659,273.659,5383
2021-05-03 13:25:00,273.679,273.817,273.64,273.728,7150
2021-05-03 13:30:00,273.679,273.916,273.616,273.62,12979
2021-05-03 13:35:00,273.699,273.778,273.65,273.694,6632
2021-05-03 13:40:00,273.65,273.985,273.635,273.886,11632
2021-05-03 13:45:00,273.812,273.812,273.59,273.778,4275
2021-05-03 13:50:00,273.625,273.719,273.472,273.61,5365
2021-05-03 13:55:00,273.571,273.778,273.571,273.758,6648
2021-05-03 14:00:00,273.689,273.847,273.482,273.847,9616
2021-05-03 14:05:00,273.738,273.925,273.699,273.886,6590
2021-05-03 14:10:00,273.886,274.073,273.689,273.699,9549
2021-05-03 14:15:00,273.697,274.241,273.694,274.103,11763
2021-05-03 14:20:00,274.132,274.29,274.073,274.27,10807
2021-05-03 14:25:00,274.3,274.457,274.221,274.457,9020
2021-05-03 14:30:00,274.477,274.733,274.359,274.635,13393
2021-05-03 14:35:00,274.625,274.871,274.625,274.655,11747
2021-05-03 14:40:00,274.645,274.822,274.595,274.812,12548
2021-05-03 14:45:00,274.861,275.029,274.852,274.94,12400
2021-05-03 14:50:00,274.925,275.118,274.891,275.054,10100
2021-05-03 14:55:00,275.127,275.324,275.049,275.177,13894
2021-05-03 15:00:00,275.176,275.176,274.95,275.049,10952
2021-05-03 15:05:00,275.019,275.088,274.783,274.906,23603
2021-05-03 15:10:00,274.927,275.068,274.842,275.052,12943
2021-05-03 15:15:00,274.999,274.999,274.477,274.477,36907
2021-05-03 15:20:00,274.517,274.517,274.26,274.26,17388
2021-05-03 15:25:00,274.27,274.408,274.211,274.28,12818
2021-05-03 15:30:00,274.31,274.398,274.201,274.201,12570
2021-05-03 15:35:00,274.191,274.251,274.005,274.251,13356
2021-05-03 15:40:00,274.28,274.418,274.251,274.295,15121
2021-05-03 15:45:00,274.25,274.418,274.014,274.024,16454
2021-05-03 15:50:00,274.063,274.122,273.955,274.122,15864
2021-05-03 15:55:00,274.063,274.246,273.728,273.788,30738
2021-05-03 16:00:00,273.876,273.925,273.482,273.925,84106
2021-05-03 16:05:00,273.797,273.797,273.797,273.797,11147
2021-05-03 17:00:00,274.743,274.743,274.743,274.743,11745
2021-05-03 18:30:00,274.674,274.674,274.674,274.674,500
2021-05-04 09:30:00,272.93,272.93,272.93,272.93,400
2021-05-04 09:35:00,272.418,273.837,271.955,273.019,59482
2021-05-04 09:40:00,273.024,274.527,272.783,274.527,28719
2021-05-04 09:45:00,274.595,275.492,274.438,275.255,20015
2021-05-04 09:50:00,275.118,275.985,275.118,275.561,42445
2021-05-04 09:55:00,275.62,276.024,275.177,275.847,20795
2021-05-04 10:00:00,276.093,276.556,275.561,276.364,21570
2021-05-04 10:05:00,276.351,276.504,275.768,275.778,16035
2021-05-04 10:10:00,275.758,276.455,275.561,276.104,13835
2021-05-04 10:15:00,275.935,276.295,275.571,276.191,15118
2021-05-04 10:20:00,276.349,276.457,275.738,276.315,16993
2021-05-04 10:25:00,276.211,276.211,275.413,275.413,14166
2021-05-04 10:30:00,275.492,276.3,275.492,275.916,22562
2021-05-04 10:35:00,275.876,276.684,275.876,276.122,21583
2021-05-04 10:40:00,276.074,276.388,275.856,276.28,13961
2021-05-04 10:45:00,276.448,276.448,276.083,276.29,14751
2021-05-04 10:50:00,276.27,276.989,276.241,276.845,14905
2021-05-04 10:55:00,276.802,276.989,276.457,276.871,15457
2021-05-04 11:00:00,277.137,277.186,276.92,276.94,14064
2021-05-04 11:05:00,276.871,277.172,276.704,276.92,12236
2021-05-04 11:10:00,276.92,277.295,276.704,277.295,20021
2021-05-04 11:15:00,277.496,277.64,276.635,276.822,28238
2021-05-04 11:20:00,276.863,277.364,276.605,277.324,23475
2021-05-04 11:25:00,277.236,278.113,277.231,277.94,52527
2021-05-04 11:30:00,277.901,278.428,277.866,278.403,26183
2021-05-04 11:35:00,278.487,278.792,278.408,278.624,19266
2021-05-04 11:40:00,278.664,278.92,278.448,278.861,26379
2021-05-04 11:45:00,278.842,279.226,278.704,279.157,20268
2021-05-04 11:50:00,279.157,279.157,278.576,278.684,30901
2021-05-04 11:55:00,278.758,278.812,278.093,278.172,21237
2021-05-04 12:00:00,278.241,278.832,278.122,278.832,16988
2021-05-04 12:05:00,278.891,279.108,278.359,278.433,12124
2021-05-04 12:10:00,278.423,278.674,278.28,278.605,11207
2021-05-04 12:15:00,278.635,278.96,278.625,278.911,9731
2021-05-04 12:20:00,278.876,279.068,278.645,279.068,18148
2021-05-04 12:25:00,279.034,279.098,278.753,278.797,14818
2021-05-04 12:30:00,278.834,279.068,278.743,278.861,5094
2021-05-04 12:35:00,278.861,279.029,278.595,278.595,13374
2021-05-04 12:40:00,278.723,279.019,278.723,278.891,5897
2021-05-04 12:45:00,278.901,279.019,278.605,278.723,10697
2021-05-04 12:50:00,278.812,278.881,278.704,278.783,13372
2021-05-04 12:55:00,278.851,278.916,278.507,278.507,11671
2021-05-04 13:00:00,278.507,278.507,278.319,278.319,8522
2021-05-04 13:05:00,278.319,278.664,278.152,278.438,20701
2021-05-04 13:10:00,278.408,278.748,278.226,278.723,9938
2021-05-04 13:15:00,278.684,278.733,278.172,278.487,15039
2021-05-04 13:20:00,278.526,278.526,278.211,278.339,11866
2021-05-04 13:25:00,278.332,278.332,278.044,278.246,9242
2021-05-04 13:30:00,278.25,278.428,277.817,278.319,28174
2021-05-04 13:35:00,278.339,278.664,278.221,278.654,15047
2021-05-04 13:40:00,278.728,278.728,278.536,278.694,8004
2021-05-04 13:45:00,278.704,278.704,278.448,278.539,12630
2021-05-04 13:50:00,278.585,278.674,278.448,278.674,11668
2021-05-04 13:55:00,278.566,278.684,278.29,278.359,8615
2021-05-04 14:00:00,278.295,278.448,278.25,278.364,23902
2021-05-04 14:05:00,278.319,278.319,277.938,278.177,12160
2021-05-04 14:10:00,278.31,278.369,278.182,278.3,9243
2021-05-04 14:15:00,278.3,278.674,278.29,278.467,22468
2021-05-04 14:20:00,278.585,278.585,278.241,278.29,4599
2021-05-04 14:25:00,278.349,278.448,277.984,278.031,8812
2021-05-04 14:30:00,277.984,277.984,277.531,277.725,15299
2021-05-04 14:35:00,277.767,277.767,277.59,277.635,7837
2021-05-04 14:40:00,277.679,277.945,277.679,277.866,10182
2021-05-04 14:45:00,277.847,278.162,277.847,278.063,7545
2021-05-04 14:50:00,278.103,278.467,278.103,278.467,11782
2021-05-04 14:55:00,278.477,278.502,278.162,278.246,7894
2021-05-04 15:00:00,278.226,278.423,278.142,278.374,10612
2021-05-04 15:05:00,278.398,278.487,278.113,278.487,13708
2021-05-04 15:10:00,278.477,278.494,278.231,278.319,9395
2021-05-04 15:15:00,278.467,278.566,278.369,278.507,10676
2021-05-04 15:20:00,278.49,278.664,278.467,278.546,10640
2021-05-04 15:25:00,278.516,278.664,278.448,278.516,12052
2021-05-04 15:30:00,278.526,278.812,278.452,278.802,11985
2021-05-04 15:35:00,278.783,278.802,278.497,278.497,24003
2021-05-04 15:40:00,278.487,278.723,278.487,278.723,14286
2021-05-04 15:45:00,278.654,278.654,278.399,278.556,18508
2021-05-04 15:50:00,278.512,278.842,278.477,278.694,13453
2021-05-04 15:55:00,278.723,279.058,278.585,278.881,25984
2021-05-04 16:00:00,278.861,279.403,278.812,279.255,83711
2021-05-04 16:05:00,279.305,279.305,279.058,279.058,25750
2021-05-04 17:00:00,280.172,280.172,280.172,280.172,105633
2021-05-05 09:35:00,280.625,281.039,279.59,280.373,59996
2021-05-05 09:40:00,279.965,280.566,278.625,278.812,14897
2021-05-05 09:45:00,278.792,279.246,278.182,278.182,11720
2021-05-05 09:50:00,277.945,278.763,277.669,278.369,13542
2021-05-05 09:55:00,278.615,278.62,277.935,277.935,3901
2021-05-05 10:00:00,277.925,278.507,277.669,278.083,13952
2021-05-05 10:05:00,278.196,278.546,277.256,277.461,10145
2021-05-05 10:10:00,277.433,277.916,277.265,277.876,6375
2021-05-05 10:15:00,277.876,277.896,277.482,277.807,6804
2021-05-05 10:20:00,277.472,277.531,276.625,276.625,15349
2021-05-05 10:25:00,276.576,276.763,276.3,276.428,15782
2021-05-05 10:30:00,276.438,277.019,276.438,277.019,4979
2021-05-05 10:35:00,276.916,276.97,276.487,276.709,7865
2021-05-05 10:40:00,276.812,277.157,276.694,277.157,7098
2021-05-05 10:45:00,277.137,277.315,276.852,277.167,7804
2021-05-05 10:50:00,277.088,277.433,277.088,277.379,10029
2021-05-05 10:55:00,277.403,277.472,277.295,277.374,4886
2021-05-05 11:00:00,277.334,277.334,277.029,277.246,4537
2021-05-05 11:05:00,277.246,277.364,277.167,277.167,8171
2021-05-05 11:10:00,277.482,277.837,277.482,277.669,6694
2021-05-05 11:15:00,277.758,277.787,277.561,277.669,4377
2021-05-05 11:20:00,277.6,277.856,277.6,277.856,1785
2021-05-05 11:25:00,277.876,278.034,277.847,277.945,5823
2021-05-05 11:30:00,277.925,278.083,277.787,278.024,5605
2021-05-05 11:35:00,278.27,278.3,278.113,278.142,5189
2021-05-05 11:40:00,278.231,278.398,278.191,278.231,5905
2021-05-05 11:45:00,278.3,278.63,278.231,278.339,14970
2021-05-05 11:50:00,278.339,279.137,278.339,279.001,10174
2021-05-05 11:55:00,279.083,279.083,278.551,278.551,31772
2021-05-05 12:00:00,278.487,278.95,278.418,278.92,36773
2021-05-05 12:05:00,279.098,279.285,278.674,278.851,8551
2021-05-05 12:10:00,278.935,279.098,278.822,279.098,5022
2021-05-05 12:15:00,279.127,279.127,278.92,278.92,5012
2021-05-05 12:20:00,279.068,279.223,279.009,279.157,6032
2021-05-05 12:25:00,279.216,279.433,279.216,279.364,2795
2021-05-05 12:30:00,279.6,279.62,279.236,279.236,7371
2021-05-05 12:35:00,279.246,279.492,279.147,279.492,5532
2021-05-05 12:40:00,279.423,279.915,279.275,279.915,11262
2021-05-05 12:45:00,279.847,279.915,279.576,279.593,5991
2021-05-05 12:50:00,279.531,279.531,279.186,279.186,5206
2021-05-05 12:55:00,279.196,279.226,279.049,279.049,7199
2021-05-05 13:00:00,279.049,279.049,278.502,278.502,6785
2021-05-05 13:05:00,278.502,278.763,278.418,278.714,8519
2021-05-05 13:10:00,278.714,278.714,278.398,278.526,5865
2021-05-05 13:15:00,278.704,278.792,278.497,278.723,16347
2021-05-05 13:20:00,278.664,278.871,278.664,278.758,20839
2021-05-05 13:25:00,278.861,279.147,278.802,278.999,5713
2021-05-05 13:30:00,279.108,279.196,278.743,278.743,5019
2021-05-05 13:35:00,278.723,278.93,278.723,278.817,2284
2021-05-05 13:40:00,278.93,279.078,278.93,279.078,815
2021-05-05 13:45:00,279.029,279.117,278.911,278.911,4802
2021-05-05 13:50:00,278.978,278.98,278.853,278.929,2005
2021-05-05 13:55:00,278.96,279.019,278.901,278.999,3017
2021-05-05 14:00:00,278.93,278.98,278.704,278.812,6986
2021-05-05 14:05:00,278.891,279.531,278.891,279.492,14736
2021-05-05 14:10:00,279.344,279.443,279.216,279.295,4733
2021-05-05 14:15:00,279.236,279.265,279.049,279.147,5947
2021-05-05 14:20:00,279.186,279.324,279.058,279.147,7046
2021-05-05 14:25:00,279.285,279.413,279.137,279.388,6216
2021-05-05 14:30:00,279.393,279.576,279.157,279.576,18420
2021-05-05 14:35:00,279.62,279.778,279.62,279.778,8633
2021-05-05 14:40:00,279.797,279.807,279.63,279.63,7630
2021-05-05 14:45:00,279.679,279.935,279.679,279.807,8752
2021-05-05 14:50:00,279.866,280.113,279.866,280.029,5544
2021-05-05 14:55:00,280.034,280.034,279.709,279.945,8664
2021-05-05 15:00:00,279.92,279.92,279.551,279.689,10444
2021-05-05 15:05:00,279.645,279.866,279.581,279.748,8796
2021-05-05 15:10:00,279.802,280.037,279.748,279.787,6840
2021-05-05 15:15:00,279.827,280.117,279.787,279.993,6381
2021-05-05 15:20:00,279.866,280.191,279.827,280.083,12828
2021-05-05 15:25:00,280.083,280.132,279.876,279.965,12177
2021-05-05 15:30:00,280.009,280.211,279.807,279.975,12435
2021-05-05 15:35:00,279.96,279.96,278.999,278.999,17294
2021-05-05 15:40:00,279.068,279.241,278.842,279.078,22255
2021-05-05 15:45:00,279.162,279.364,278.783,278.989,24423
2021-05-05 15:50:00,278.989,279.177,278.595,278.595,15995
2021-05-05 15:55:00,278.645,278.96,278.369,278.96,39554
2021-05-05 16:00:00,278.881,279.157,278.723,279.127,73333
2021-05-05 16:05:00,279.088,279.088,279.088,279.088,16667
2021-05-05 16:15:00,279.088,279.088,279.088,279.088,5103
2021-05-05 16:35:00,280.339,280.339,280.339,280.339,218
2021-05-06 09:30:00,279.078,279.482,279.078,279.482,302
2021-05-06 09:35:00,279.709,280.388,279.526,280.211,39065
2021-05-06 09:40:00,280.28,280.487,279.383,279.994,21051
2021-05-06 09:45:00,279.896,280.073,279.492,279.94,21392
2021-05-06 09:50:00,279.847,280.664,279.748,280.339,21095
2021-05-06 09:55:00,280.349,281.472,280.349,281.108,17634
2021-05-06 10:00:00,281.048,281.758,281.019,281.157,24266
2021-05-06 10:05:00,281.152,281.49,280.733,280.871,22319
2021-05-06 10:10:00,280.802,280.98,280.497,280.497,8772
2021-05-06 10:15:00,280.428,280.457,280.117,280.216,9776
2021-05-06 10:20:00,280.221,280.398,280.053,280.393,8892
2021-05-06 10:25:00,280.329,280.467,279.849,280.379,15021
2021-05-06 10:30:00,280.388,280.507,280.132,280.132,7195
2021-05-06 10:35:00,280.053,280.285,279.837,280.285,13789
2021-05-06 10:40:00,280.314,280.314,280.063,280.081,7706
2021-05-06 10:45:00,280.063,280.521,280.039,280.231,8996
2021-05-06 10:50:00,280.162,280.226,279.965,280.201,8666
2021-05-06 10:55:00,280.354,280.654,280.132,280.546,9118
2021-05-06 11:00:00,280.546,281.051,280.546,281.051,9388
2021-05-06 11:05:00,280.999,281.157,280.94,281.117,9534
2021-05-06 11:10:00,281.088,281.226,280.906,281.226,9823
2021-05-06 11:15:00,281.25,281.58,281.088,281.472,11437
2021-05-06 11:20:00,281.521,281.521,281.108,281.108,8866
2021-05-06 11:25:00,281.117,281.285,281.078,281.27,7753
2021-05-06 11:30:00,281.275,281.551,281.275,281.314,10203
2021-05-06 11:35:00,281.275,281.846,281.275,281.837,12962
2021-05-06 11:40:00,281.827,281.827,281.551,281.728,5868
2021-05-06 11:45:00,281.679,281.915,281.659,281.778,13599
2021-05-06 11:50:00,281.837,282.112,281.832,281.915,8553
2021-05-06 11:55:00,281.915,281.979,281.659,281.659,12469
2021-05-06 12:00:00,281.62,281.649,281.177,281.177,7514
2021-05-06 12:05:00,281.201,281.344,281.039,281.068,9836
2021-05-06 12:10:00,281.098,281.167,280.92,281.117,10010
2021-05-06 12:15:00,281.157,281.366,281.108,281.366,10638
2021-05-06 12:20:00,281.383,281.403,281.009,281.058,12317
2021-05-06 12:25:00,281.098,281.172,280.881,280.881,14212
2021-05-06 12:30:00,280.871,281.147,280.792,281.078,6069
2021-05-06 12:35:00,281.128,281.334,280.989,281.246,10040
2021-05-06 12:40:00,281.246,281.246,280.654,280.654,7255
2021-05-06 12:45:00,280.595,280.842,280.536,280.768,8338
2021-05-06 12:50:00,280.743,280.901,280.687,280.871,6139
2021-05-06 12:55:00,280.915,280.943,280.615,280.797,13412
2021-05-06 13:00:00,280.709,280.802,280.625,280.654,8935
2021-05-06 13:05:00,280.649,280.792,280.625,280.674,6431
2021-05-06 13:10:00,280.792,280.832,280.443,280.566,7125
2021-05-06 13:15:00,280.635,280.708,280.359,280.379,8049
2021-05-06 13:20:00,280.428,280.438,280.162,280.162,7105
2021-05-06 13:25:00,280.25,280.28,279.886,280.063,7657
2021-05-06 13:30:00,279.994,280.063,279.915,280.014,3724
2021-05-06 13:35:00,279.945,280.191,279.945,280.191,9629
2021-05-06 13:40:00,280.25,280.451,280.152,280.25,7592
2021-05-06 13:45:00,280.29,280.477,280.211,280.29,7195
2021-05-06 13:50:00,280.319,280.526,280.201,280.497,6138
2021-05-06 13:55:00,280.536,280.536,280.225,280.225,8207
2021-05-06 14:00:00,280.241,280.379,280.103,280.103,8493
2021-05-06 14:05:00,280.191,280.349,280.093,280.3,5347
2021-05-06 14:10:00,280.428,280.428,280.137,280.29,6499
2021-05-06 14:15:00,280.418,280.576,280.152,280.398,9518
2021-05-06 14:20:00,280.487,280.487,280.186,280.27,6345
2021-05-06 14:25:00,280.211,280.379,280.034,280.379,7787
2021-05-06 14:30:00,280.388,280.713,280.278,280.713,10630
2021-05-06 14:35:00,280.676,280.743,280.605,280.664,7625
2021-05-06 14:40:00,280.635,280.743,280.502,280.713,7146
2021-05-06 14:45:00,280.763,280.812,280.536,280.674,6436
2021-05-06 14:50:00,280.704,280.822,280.63,280.763,8754
2021-05-06 14:55:00,280.718,280.842,280.635,280.723,6129
2021-05-06 15:00:00,280.763,280.817,280.595,280.674,9438
2021-05-06 15:05:00,280.649,280.861,280.531,280.861,9048
2021-05-06 15:10:00,280.812,280.9,280.723,280.753,11474
2021-05-06 15:15:00,280.713,280.92,280.674,280.81,10601
2021-05-06 15:20:00,280.792,280.812,280.556,280.566,12142
2021-05-06 15:25:00,280.521,280.521,280.27,280.305,13335
2021-05-06 15:30:00,280.25,280.723,280.211,280.723,19163
2021-05-06 15:35:00,280.763,281.058,280.723,280.861,13730
2021-05-06 15:40:00,280.866,280.881,280.615,280.763,25877
2021-05-06 15:45:00,280.763,280.999,280.763,280.817,20230
2021-05-06 15:50:00,280.802,281.088,280.753,281.048,20124
2021-05-06 15:55:00,281.078,281.285,280.832,281.029,28295
2021-05-06 16:00:00,281.029,281.349,280.925,281.157,52745
2021-05-06 16:05:00,281.167,281.167,281.167,281.167,25995
2021-05-07 09:35:00,280.526,280.704,278.822,280.216,42599
2021-05-07 09:40:00,280.28,281.098,279.241,279.733,10651
2021-05-07 09:45:00,279.512,280.635,279.512,280.26,8344
2021-05-07 09:50:00,280.142,280.595,279.654,280.034,13856
2021-05-07 09:55:00,279.924,280.965,279.649,280.965,17031
2021-05-07 10:00:00,281.216,281.502,280.231,280.438,14438
2021-05-07 10:05:00,280.438,280.94,280.438,280.94,7194
2021-05-07 10:10:00,280.999,281.196,280.393,280.817,8067
2021-05-07 10:15:00,280.832,281.492,280.832,281.275,8272
2021-05-07 10:20:00,281.383,281.388,280.782,280.782,9816
2021-05-07 10:25:00,280.635,280.861,280.546,280.684,4331
2021-05-07 10:30:00,280.684,280.842,280.615,280.713,6256
2021-05-07 10:35:00,280.635,280.886,280.29,280.29,9450
2021-05-07 10:40:00,280.305,280.723,280.024,280.546,8645
2021-05-07 10:45:00,280.487,280.487,280.113,280.438,5950
2021-05-07 10:50:00,280.191,280.487,280.172,280.295,4909
2021-05-07 10:55:00,280.298,280.802,280.27,280.664,5812
2021-05-07 11:00:00,280.635,280.98,280.635,280.96,3810
2021-05-07 11:05:00,281.044,281.324,281.044,281.265,5901
2021-05-07 11:10:00,281.305,281.305,281.068,281.216,6043
2021-05-07 11:15:00,281.177,281.551,281.177,281.374,5287
2021-05-07 11:20:00,281.324,281.571,281.324,281.423,6346
2021-05-07 11:25:00,281.502,281.502,280.812,281.019,9505
2021-05-07 11:30:00,281.029,281.196,280.871,280.94,38660
2021-05-07 11:35:00,280.945,281.423,280.822,281.423,9732
2021-05-07 11:40:00,281.452,281.502,281.04,281.183,10520
2021-05-07 11:45:00,281.157,281.216,280.95,281.216,5464
2021-05-07 11:50:00,281.177,281.208,280.733,280.787,4867
2021-05-07 11:55:00,280.763,280.773,280.447,280.447,4162
2021-05-07 12:00:00,280.379,280.684,280.349,280.541,8115
2021-05-07 12:05:00,280.605,280.842,280.605,280.822,3591
2021-05-07 12:10:00,280.861,281.127,280.625,281.127,3595
2021-05-07 12:15:00,281.142,281.186,280.906,280.96,6743
2021-05-07 12:20:00,281.078,281.127,281.019,281.019,4125
2021-05-07 12:25:00,281.068,281.167,280.97,281.004,11929
2021-05-07 12:30:00,280.93,281.117,280.861,281.108,11926
2021-05-07 12:35:00,281.113,281.334,281.048,281.324,4508
2021-05-07 12:40:00,281.334,281.684,281.305,281.659,7331
2021-05-07 12:45:00,281.679,281.768,281.6,281.6,6186
2021-05-07 12:50:00,281.669,281.669,281.44,281.521,10612
2021-05-07 12:55:00,281.6,281.92,281.6,281.871,6090
2021-05-07 13:00:00,281.945,281.945,281.512,281.546,6371
2021-05-07 13:05:00,281.521,281.521,281.467,281.467,1550
2021-05-07 13:10:00,281.482,281.738,281.314,281.738,6059
2021-05-07 13:15:00,281.768,281.925,281.768,281.915,9917
2021-05-07 13:20:00,281.911,281.925,281.521,281.61,5647
2021-05-07 13:25:00,281.659,282.004,281.497,281.95,6056
2021-05-07 13:30:00,281.886,281.935,281.649,281.659,5207
2021-05-07 13:35:00,281.679,282.428,281.679,282.388,13064
2021-05-07 13:40:00,282.247,282.378,282.024,282.241,8525
2021-05-07 13:45:00,282.201,282.3,282.162,282.3,4456
2021-05-07 13:50:00,282.261,282.457,282.211,282.457,5546
2021-05-07 13:55:00,282.438,282.891,282.438,282.753,9286
2021-05-07 14:00:00,282.871,282.94,282.782,282.901,7471
2021-05-07 14:05:00,282.861,283.186,282.763,283.186,13786
2021-05-07 14:10:00,283.032,283.157,282.91,283.078,10080
2021-05-07 14:15:00,282.94,283.285,282.881,283.231,9031
2021-05-07 14:20:00,283.231,283.383,283.221,283.383,6589
2021-05-07 14:25:00,283.36,283.36,283.167,283.206,8181
2021-05-07 14:30:00,283.231,283.511,283.186,283.206,9077
2021-05-07 14:35:00,283.305,283.344,282.984,282.984,7879
2021-05-07 14:40:00,282.92,283.048,282.713,282.901,11434
2021-05-07 14:45:00,282.861,283.088,282.782,283.088,6756
2021-05-07 14:50:00,283.127,283.383,282.965,283.088,14373
2021-05-07 14:55:00,283.039,283.078,282.782,282.891,11550
2021-05-07 15:00:00,282.891,282.93,282.585,282.585,15693
2021-05-07 15:05:00,282.576,282.782,282.516,282.782,6074
2021-05-07 15:10:00,282.773,282.999,282.625,282.955,9621
2021-05-07 15:15:00,282.822,282.92,282.723,282.851,5484
2021-05-07 15:20:00,282.782,282.881,282.635,282.704,12791
2021-05-07 15:25:00,282.704,282.881,282.635,282.699,12704
2021-05-07 15:30:00,282.684,282.713,282.516,282.585,11117
2021-05-07 15:35:00,282.625,282.97,282.531,282.97,15963
2021-05-07 15:40:00,283.029,283.029,282.768,282.979,13449
2021-05-07 15:45:00,282.975,283.078,282.681,282.851,12508
2021-05-07 15:50:00,282.822,283.078,282.733,283.078,13240
2021-05-07 15:55:00,282.999,283.265,282.94,283.181,27651
2021-05-07 16:00:00,283.176,283.344,282.871,282.871,59698
2021-05-07 16:05:00,282.979,282.979,282.979,282.979,11080
2021-05-07 16:10:00,282.507,282.507,282.507,282.507,102
2021-05-07 16:15:00,283.019,283.019,283.019,283.019,100
2021-05-07 19:40:00,283.245,283.245,283.245,283.245,300
2021-05-10 09:30:00,283.738,283.738,283.738,283.738,300
2021-05-10 09:35:00,284.438,285.413,283.797,283.965,38770
2021-05-10 09:40:00,284.394,284.837,283.837,284.822,11154
2021-05-10 09:45:00,284.802,285.479,284.654,285.176,7141
2021-05-10 09:50:00,285.58,286.073,285.511,286.073,14270
2021-05-10 09:55:00,286.181,286.704,286.034,286.349,14724
2021-05-10 10:00:00,286.556,286.556,285.935,286.388,11720
2021-05-10 10:05:00,286.438,287.137,286.378,287.088,18928
2021-05-10 10:10:00,287.029,287.423,286.94,287.078,60607
2021-05-10 10:15:00,287.176,287.57,286.95,287.383,23523
2021-05-10 10:20:00,287.531,287.787,287.019,287.226,20459
2021-05-10 10:25:00,287.196,287.344,286.891,287.206,13597
2021-05-10 10:30:00,287.226,287.62,287.103,287.57,15264
2021-05-10 10:35:00,287.403,287.521,287.083,287.319,16313
2021-05-10 10:40:00,287.319,287.492,287.117,287.492,26050
2021-05-10 10:45:00,287.423,287.541,287.157,287.304,19182
2021-05-10 10:50:00,287.275,287.62,287.078,287.211,21530
2021-05-10 10:55:00,287.171,287.37,287.171,287.206,13792
2021-05-10 11:00:00,287.295,287.591,287.176,287.196,8726
2021-05-10 11:05:00,287.226,287.511,287.196,287.487,9331
2021-05-10 11:10:00,287.57,287.669,287.373,287.669,6339
2021-05-10 11:15:00,287.669,288.25,287.59,288.24,8452
2021-05-10 11:20:00,288.152,288.388,287.689,288.3,13788
2021-05-10 11:25:00,288.245,288.575,288.24,288.575,13500
2021-05-10 11:30:00,288.625,288.708,288.391,288.391,61691
2021-05-10 11:35:00,288.369,288.516,288.162,288.373,17376
2021-05-10 11:40:00,288.29,288.368,287.797,287.797,8785
2021-05-10 11:45:00,287.743,288.093,287.541,287.58,11354
2021-05-10 11:50:00,287.546,287.974,287.546,287.712,25919
2021-05-10 11:55:00,287.758,287.925,287.659,287.876,4397
2021-05-10 12:00:00,287.876,287.876,287.63,287.7,5408
2021-05-10 12:05:00,287.659,287.846,287.59,287.669,7128
2021-05-10 12:10:00,287.59,287.669,287.167,287.196,16521
2021-05-10 12:15:00,287.167,287.472,287.167,287.472,5839
2021-05-10 12:20:00,287.442,287.649,287.442,287.649,4237
2021-05-10 12:25:00,287.699,287.974,287.639,287.639,8686
2021-05-10 12:30:00,287.63,287.748,287.423,287.433,6553
2021-05-10 12:35:00,287.462,287.462,286.91,286.979,8341
2021-05-10 12:40:00,287.127,287.186,286.506,286.506,15180
2021-05-10 12:45:00,286.418,286.546,286.329,286.388,9895
2021-05-10 12:50:00,286.536,286.536,286.103,286.103,6618
2021-05-10 12:55:00,286.078,286.428,286.014,286.339,6043
2021-05-10 13:00:00,286.359,286.359,286.063,286.221,10358
2021-05-10 13:05:00,286.221,286.255,285.866,286.019,9158
2021-05-10 13:10:00,285.886,286.103,285.61,286.053,9654
2021-05-10 13:15:00,285.945,286.083,285.787,285.787,7500
2021-05-10 13:20:00,285.787,285.92,285.64,285.64,11038
2021-05-10 13:25:00,285.718,285.728,285.019,285.019,96890
2021-05-10 13:30:00,284.95,285.127,284.723,284.91,12016
2021-05-10 13:35:00,284.866,285.186,284.723,285.181,9467
2021-05-10 13:40:00,285.167,285.167,284.841,285.127,8461
2021-05-10 13:45:00,285.107,285.64,284.97,285.64,8556
2021-05-10 13:50:00,285.666,285.738,285.511,285.561,7644
2021-05-10 13:55:00,285.679,285.728,285.472,285.472,9532
2021-05-10 14:00:00,285.558,285.558,285.176,285.176,7653
2021-05-10 14:05:00,285.196,285.62,285.068,285.551,10327
2021-05-10 14:10:00,285.551,285.781,285.423,285.763,8279
2021-05-10 14:15:00,285.827,285.935,285.58,285.748,16374
2021-05-10 14:20:00,285.58,285.61,285.078,285.226,6498
2021-05-10 14:25:00,285.107,285.355,284.93,285.275,7392
2021-05-10 14:30:00,285.127,285.403,285.009,285.369,11699
2021-05-10 14:35:00,285.314,285.373,284.94,285.195,12165
2021-05-10 14:40:00,285.127,285.127,284.723,284.812,8632
2021-05-10 14:45:00,284.704,284.881,284.26,284.575,9875
2021-05-10 14:50:00,284.575,285.098,284.418,284.97,8551
2021-05-10 14:55:00,284.95,284.989,284.359,284.585,9044
2021-05-10 15:00:00,284.585,285.137,284.585,285.137,9468
2021-05-10 15:05:00,285.117,285.324,284.994,284.994,9902
2021-05-10 15:10:00,284.96,284.96,284.339,284.511,11485
2021-05-10 15:15:00,284.58,285.334,284.58,285.196,7391
2021-05-10 15:20:00,285.196,285.541,285.039,285.373,16079
2021-05-10 15:25:00,285.339,285.63,285.339,285.521,10562
2021-05-10 15:30:00,285.531,285.541,285.275,285.354,8945
2021-05-10 15:35:00,285.285,285.634,285.285,285.531,12052
2021-05-10 15:40:00,285.521,285.738,285.245,285.575,29132
2021-05-10 15:45:00,285.613,285.837,285.613,285.758,13476
2021-05-10 15:50:00,285.817,285.827,285.147,285.314,14161
2021-05-10 15:55:00,285.334,285.334,284.674,284.733,28234
2021-05-10 16:00:00,284.782,285.157,284.349,284.487,79299
2021-05-10 16:05:00,284.378,284.378,284.378,284.378,18833
2021-05-10 17:00:00,286.29,286.29,286.29,286.29,89880
2021-05-10 18:35:00,284.378,284.378,284.378,284.378,100
2021-05-11 07:35:00,281.787,281.787,281.787,281.787,110
2021-05-11 08:05:00,280.782,280.782,280.782,280.782,105
2021-05-11 08:15:00,280.782,280.782,280.782,280.782,253
2021-05-11 09:35:00,283.108,283.728,280.975,282.057,60689
2021-05-11 09:40:00,281.699,281.827,280.433,281.137,23287
2021-05-11 09:45:00,281.058,281.896,281.009,281.157,23128
2021-05-11 09:50:00,281.196,283.108,280.822,281.314,47722
2021-05-11 09:55:00,281.443,281.443,280.191,280.191,31030
2021-05-11 10:00:00,280.117,281.275,280.053,281.122,24690
2021-05-11 10:05:00,281.265,282.096,281.157,282.019,43029
2021-05-11 10:10:00,281.945,282.162,281.512,281.778,14509
2021-05-11 10:15:00,281.778,281.955,280.369,280.837,7798
2021-05-11 10:20:00,280.674,280.891,280.443,280.467,40445
2021-05-11 10:25:00,280.635,281.285,280.615,280.817,14289
2021-05-11 10:30:00,280.635,280.674,280.191,280.369,27619
2021-05-11 10:35:00,280.369,280.388,279.718,279.965,20954
2021-05-11 10:40:00,279.896,280.142,279.581,279.822,28344
2021-05-11 10:45:00,279.728,279.797,279.398,279.64,11307
2021-05-11 10:50:00,279.723,280.536,279.562,279.984,31750
2021-05-11 10:55:00,280.122,280.319,279.984,280.014,24363
2021-05-11 11:00:00,280.093,280.447,279.955,280.28,6471
2021-05-11 11:05:00,280.191,280.27,279.837,279.886,19396
2021-05-11 11:10:00,279.995,280.31,279.876,280.127,10272
2021-05-11 11:15:00,280.127,280.127,279.364,279.699,15154
2021-05-11 11:20:00,279.718,280.063,278.994,279.935,12699
2021-05-11 11:25:00,280.162,280.172,279.521,279.787,10861
2021-05-11 11:30:00,279.768,280.369,279.659,280.369,12456
2021-05-11 11:35:00,280.28,280.846,280.231,280.846,9496
2021-05-11 11:40:00,280.911,281.374,280.635,281.137,12922
2021-05-11 11:45:00,281.039,281.127,280.436,280.436,15552
2021-05-11 11:50:00,280.359,280.861,280.285,280.822,5963
2021-05-11 11:55:00,280.812,281.009,280.566,280.694,9979
2021-05-11 12:00:00,281.009,281.62,281.009,281.472,9662
2021-05-11 12:05:00,281.383,281.383,280.999,281.039,6540
2021-05-11 12:10:00,280.97,281.048,280.753,280.901,6976
2021-05-11 12:15:00,280.753,280.792,280.359,280.595,5049
2021-05-11 12:20:00,280.605,280.792,280.566,280.753,4832
2021-05-11 12:25:00,280.758,280.758,280.477,280.477,9342
2021-05-11 12:30:00,280.561,280.704,280.349,280.369,5324
2021-05-11 12:35:00,280.438,280.556,280.191,280.408,5651
2021-05-11 12:40:00,280.28,280.585,280.28,280.556,5404
2021-05-11 12:45:00,280.566,280.684,280.083,280.083,8713
2021-05-11 12:50:00,280.073,280.073,279.876,279.984,5774
2021-05-11 12:55:00,279.935,279.935,279.509,279.63,8252
2021-05-11 13:00:00,279.699,279.847,279.561,279.778,17842
2021-05-11 13:05:00,279.778,280.063,279.758,279.975,9154
2021-05-11 13:10:00,279.994,280.004,279.778,279.955,13616
2021-05-11 13:15:00,280.103,280.132,279.984,280.093,7601
2021-05-11 13:20:00,280.004,280.28,279.827,279.984,6753
2021-05-11 13:25:00,280.113,280.191,279.915,280.078,4981
2021-05-11 13:30:00,280.113,280.546,280.113,280.546,6443
2021-05-11 13:35:00,280.567,280.567,280.408,280.408,4344
2021-05-11 13:40:00,280.408,280.595,280.231,280.595,6298
2021-05-11 13:45:00,280.615,280.842,280.615,280.743,3680
2021-05-11 13:50:00,280.94,281.202,280.93,281.202,10045
2021-05-11 13:55:00,281.068,281.178,280.556,280.556,13412
2021-05-11 14:00:00,280.546,281.206,280.507,281.009,7172
2021-05-11 14:05:00,281.108,281.226,280.95,281.132,7354
2021-05-11 14:10:00,281.117,281.117,280.605,280.881,7831
2021-05-11 14:15:00,280.753,280.753,280.516,280.526,4378
2021-05-11 14:20:00,280.492,280.861,280.487,280.694,10501
2021-05-11 14:25:00,280.723,281.413,280.696,281.329,13148
2021-05-11 14:30:00,281.186,281.61,281.157,281.58,6990
2021-05-11 14:35:00,281.541,281.541,281.157,281.472,12444
2021-05-11 14:40:00,281.502,281.502,281.137,281.265,4893
2021-05-11 14:45:00,281.167,281.275,281.058,281.206,7998
2021-05-11 14:50:00,281.393,281.659,281.196,281.521,13065
2021-05-11 14:55:00,281.551,281.728,281.497,281.661,3794
2021-05-11 15:00:00,281.674,281.674,281.452,281.571,4929
2021-05-11 15:05:00,281.683,282.034,281.683,282.014,8077
2021-05-11 15:10:00,281.975,282.181,281.906,281.994,9263
2021-05-11 15:15:00,281.994,282.152,281.787,281.787,6557
2021-05-11 15:20:00,281.861,282.378,281.63,282.378,6553
2021-05-11 15:25:00,282.25,282.536,282.191,282.398,7885
2021-05-11 15:30:00,282.349,282.585,282.25,282.3,10848
2021-05-11 15:35:00,282.201,282.319,281.462,281.551,12686
2021-05-11 15:40:00,281.462,281.635,281.167,281.462,21100
2021-05-11 15:45:00,281.492,281.817,281.285,281.659,31659
2021-05-11 15:50:00,281.768,282.172,281.718,281.807,20999
2021-05-11 15:55:00,281.827,282.152,281.718,281.845,23305
2021-05-11 16:00:00,281.807,281.994,281.472,281.758,60163
2021-05-11 16:05:00,281.61,281.61,281.61,281.61,8938
2021-05-12 09:35:00,280.29,282.595,279.315,280.418,48637
2021-05-12 09:40:00,280.615,281.265,280.447,280.585,15497
2021-05-12 09:45:00,280.694,281.925,280.359,281.659,22787
2021-05-12 09:50:00,281.649,281.649,279.423,280.113,26203
2021-05-12 09:55:00,279.901,280.354,279.807,279.906,11839
2021-05-12 10:00:00,279.906,280.211,279.659,279.999,9473
2021-05-12 10:05:00,280.048,280.408,279.63,279.63,13466
2021-05-12 10:10:00,279.842,280.827,279.778,280.827,7147
2021-05-12 10:15:00,280.74,280.927,280.379,280.718,14950
2021-05-12 10:20:00,280.694,281.62,280.595,281.62,14062
2021-05-12 10:25:00,281.619,282.063,281.492,282.051,6599
2021-05-12 10:30:00,281.856,282.041,280.861,280.901,10575
2021-05-12 10:35:00,280.886,281.053,280.349,280.349,33465
2021-05-12 10:40:00,280.477,280.552,280.181,280.181,9015
2021-05-12 10:45:00,279.994,280.162,279.659,280.113,10410
2021-05-12 10:50:00,280.113,280.457,279.768,279.792,9349
2021-05-12 10:55:00,279.861,280.004,279.699,279.699,12187
2021-05-12 11:00:00,279.64,280.034,279.286,279.975,9930
2021-05-12 11:05:00,279.758,279.776,279.477,279.748,7930
2021-05-12 11:10:00,279.758,279.847,279.255,279.842,11523
2021-05-12 11:15:00,279.778,279.856,279.63,279.856,6447
2021-05-12 11:20:00,279.787,279.787,279.206,279.334,9764
2021-05-12 11:25:00,279.324,279.324,278.94,278.94,6105
2021-05-12 11:30:00,278.822,278.97,278.388,278.97,18653
2021-05-12 11:35:00,278.881,279.167,278.733,278.733,7300
2021-05-12 11:40:00,278.635,278.704,278.191,278.221,27763
2021-05-12 11:45:00,278.418,279.019,278.172,278.97,10995
2021-05-12 11:50:00,279.088,279.088,278.27,278.349,9210
2021-05-12 11:55:00,278.3,278.339,277.955,278.073,9484
2021-05-12 12:00:00,277.925,278.142,277.551,277.738,17489
2021-05-12 12:05:00,277.753,278.024,277.689,277.999,12265
2021-05-12 12:10:00,278.053,278.063,277.566,277.566,14652
2021-05-12 12:15:00,277.566,277.61,277.206,277.206,19530
2021-05-12 12:20:00,277.182,277.334,277.152,277.265,18671
2021-05-12 12:25:00,277.27,278.053,277.246,277.98,50223
2021-05-12 12:30:00,277.925,278.117,277.581,277.63,14976
2021-05-12 12:35:00,277.571,277.64,277.344,277.443,20729
2021-05-12 12:40:00,277.571,277.6,277.226,277.226,7256
2021-05-12 12:45:00,277.201,277.201,276.812,276.92,13937
2021-05-12 12:50:00,276.881,277.137,276.842,276.842,6521
2021-05-12 12:55:00,276.843,277.521,276.843,277.374,20160
2021-05-12 13:00:00,277.305,277.443,277.196,277.408,8319
2021-05-12 13:05:00,277.433,277.738,277.315,277.738,9616
2021-05-12 13:10:00,277.817,278.093,277.728,277.876,9360
2021-05-12 13:15:00,277.743,278.339,277.743,278.339,22283
2021-05-12 13:20:00,278.428,278.428,277.994,278.004,8205
2021-05-12 13:25:00,277.896,278.26,277.748,278.189,18382
2021-05-12 13:30:00,278.093,278.438,278.009,278.354,12250
2021-05-12 13:35:00,278.28,278.319,277.709,277.856,9215
2021-05-12 13:40:00,277.866,277.955,277.492,277.492,8998
2021-05-12 13:45:00,277.58,277.58,277.127,277.229,17203
2021-05-12 13:50:00,277.19,277.63,277.019,277.157,12238
2021-05-12 13:55:00,277.177,277.364,276.93,277.324,7301
2021-05-12 14:00:00,277.423,277.733,277.236,277.625,15183
2021-05-12 14:05:00,277.571,277.679,277.177,277.177,10428
2021-05-12 14:10:00,277.305,277.433,277.216,277.216,6942
2021-05-12 14:15:00,276.96,277.226,276.911,277.029,8848
2021-05-12 14:20:00,277.049,277.049,276.714,276.852,21565
2021-05-12 14:25:00,276.911,277.009,276.586,276.902,9101
2021-05-12 14:30:00,276.911,277.088,276.664,276.664,8277
2021-05-12 14:35:00,276.625,277.462,276.408,277.137,18342
2021-05-12 14:40:00,277.127,277.236,276.92,276.97,10716
2021-05-12 14:45:00,276.97,277.6,276.881,277.561,11393
2021-05-12 14:50:00,277.502,277.787,277.502,277.512,16553
2021-05-12 14:55:00,277.571,277.975,277.384,277.384,18210
2021-05-12 15:00:00,277.531,277.65,277.275,277.354,13643
2021-05-12 15:05:00,277.236,277.339,277.098,277.236,10372
2021-05-12 15:10:00,277.098,277.669,276.95,277.521,19263
2021-05-12 15:15:00,277.551,277.551,276.871,276.97,11393
2021-05-12 15:20:00,276.881,277.167,276.763,276.802,15356
2021-05-12 15:25:00,276.891,276.891,276.132,276.142,21243
2021-05-12 15:30:00,276.152,276.221,275.787,275.837,24678
2021-05-12 15:35:00,275.856,276.152,275.817,275.965,18419
2021-05-12 15:40:00,275.886,276.329,275.807,276.152,34099
2021-05-12 15:45:00,276.063,276.398,275.925,276.319,21781
2021-05-12 15:50:00,276.172,276.28,275.817,275.817,32908
2021-05-12 15:55:00,275.807,275.994,275.61,275.699,75968
2021-05-12 16:00:00,275.72,276.379,275.63,275.837,168246
2021-05-12 16:05:00,275.699,275.699,275.699,275.699,142875
2021-05-12 17:00:00,274.891,274.891,274.891,274.891,100
2021-05-13 09:35:00,276.881,277.482,276.034,277.482,44509
2021-05-13 09:40:00,277.127,278.359,276.95,278.339,11177
2021-05-13 09:45:00,278.122,278.97,278.122,278.743,6222
2021-05-13 09:50:00,278.96,279.945,278.733,279.467,18158
2021-05-13 09:55:00,279.315,280.524,279.315,280.093,18125
2021-05-13 10:00:00,279.847,280.132,279.659,279.945,16572
2021-05-13 10:05:00,280.27,280.595,280.083,280.083,8290
2021-05-13 10:10:00,280.029,280.093,279.64,279.886,10823
2021-05-13 10:15:00,280.329,280.467,279.886,280.034,11839
2021-05-13 10:20:00,279.945,281.078,279.856,281.068,13581
2021-05-13 10:25:00,280.901,281.068,280.556,280.718,10248
2021-05-13 10:30:00,280.546,280.689,280.137,280.398,5459
2021-05-13 10:35:00,280.516,280.763,280.438,280.438,6851
2021-05-13 10:40:00,280.388,280.741,280.063,280.741,6992
2021-05-13 10:45:00,280.699,280.911,280.388,280.773,4778
2021-05-13 10:50:00,280.753,281.216,280.704,280.881,9645
2021-05-13 10:55:00,280.881,281.339,280.654,281.048,13099
2021-05-13 11:00:00,281.058,281.743,281.048,281.743,10724
2021-05-13 11:05:00,281.659,281.817,281.147,281.314,14567
2021-05-13 11:10:00,281.098,281.443,280.994,280.994,25649
2021-05-13 11:15:00,280.98,280.98,280.605,280.822,10457
2021-05-13 11:20:00,280.832,281.186,280.733,281.127,6126
2021-05-13 11:25:00,281.009,281.206,280.408,280.787,14477
2021-05-13 11:30:00,280.763,280.848,280.457,280.585,6259
2021-05-13 11:35:00,280.684,280.763,280.418,280.654,8099
2021-05-13 11:40:00,280.625,281.314,280.615,281.186,7686
2021-05-13 11:45:00,281.068,281.334,280.684,280.95,10870
2021-05-13 11:50:00,280.96,281.117,280.595,281.117,6410
2021-05-13 11:55:00,281.058,281.438,280.851,280.851,10358
2021-05-13 12:00:00,280.989,281.147,280.38,280.664,11402
2021-05-13 12:05:00,280.635,281.265,280.635,281.019,4832
2021-05-13 12:10:00,280.851,281.344,280.851,281.236,5187
2021-05-13 12:15:00,281.196,281.472,281.167,281.472,29017
2021-05-13 12:20:00,281.62,281.709,281.305,281.305,8615
2021-05-13 12:25:00,281.369,281.374,281.009,281.009,7076
2021-05-13 12:30:00,281.177,281.285,281.098,281.117,8028
2021-05-13 12:35:00,281.073,281.598,281.073,281.598,8444
2021-05-13 12:40:00,281.472,282.241,281.472,282.132,27995
2021-05-13 12:45:00,282.137,282.181,281.975,281.975,4863
2021-05-13 12:50:00,281.906,282.034,281.699,281.896,5733
2021-05-13 12:55:00,282.024,282.245,281.866,282.191,9677
2021-05-13 13:00:00,281.994,281.994,281.177,281.383,14331
2021-05-13 13:05:00,281.295,281.295,280.674,280.763,15537
2021-05-13 13:10:00,280.881,281.344,280.792,281.265,5868
2021-05-13 13:15:00,281.157,281.285,280.999,281.088,7206
2021-05-13 13:20:00,281.246,281.246,280.443,280.497,9416
2021-05-13 13:25:00,280.684,280.773,280.497,280.566,7819
2021-05-13 13:30:00,280.871,280.999,280.704,280.773,5585
2021-05-13 13:35:00,280.763,280.901,280.502,280.527,8975
2021-05-13 13:40:00,280.398,280.984,280.374,280.984,9885
2021-05-13 13:45:00,280.812,281.196,280.773,281.177,14441
2021-05-13 13:50:00,281.132,281.196,280.584,280.584,12697
2021-05-13 13:55:00,280.654,280.96,280.615,280.733,8219
2021-05-13 14:00:00,280.723,280.832,280.507,280.507,7970
2021-05-13 14:05:00,280.487,280.773,280.31,280.576,18343
2021-05-13 14:10:00,280.674,280.911,280.526,280.758,20036
2021-05-13 14:15:00,280.782,280.871,280.684,280.763,9370
2021-05-13 14:20:00,280.733,280.901,280.615,280.797,12343
2021-05-13 14:25:00,280.773,280.97,280.664,280.96,16944
2021-05-13 14:30:00,280.98,281.689,280.98,281.679,6868
2021-05-13 14:35:00,281.61,282.112,281.433,282.112,8889
2021-05-13 14:40:00,282.201,282.359,282.014,282.112,11319
2021-05-13 14:45:00,282.132,282.28,282.053,282.181,4754
2021-05-13 14:50:00,282.172,282.221,281.856,282.053,6658
2021-05-13 14:55:00,282.014,282.383,281.915,282.369,5336
2021-05-13 15:00:00,282.455,282.753,282.428,282.546,7258
2021-05-13 15:05:00,282.472,282.773,282.472,282.585,8127
2021-05-13 15:10:00,282.438,282.684,282.26,282.467,7185
2021-05-13 15:15:00,282.51,282.51,282.064,282.172,5675
2021-05-13 15:20:00,282.191,282.201,281.984,281.984,6029
2021-05-13 15:25:00,282.044,282.073,281.768,282.024,6674
2021-05-13 15:30:00,282.103,282.221,281.837,282.034,8343
2021-05-13 15:35:00,282.211,282.477,282.034,282.295,12039
2021-05-13 15:40:00,282.27,282.566,282.132,282.541,11325
2021-05-13 15:45:00,282.487,282.699,282.314,282.585,15231
2021-05-13 15:50:00,282.546,282.694,282.3,282.443,14295
2021-05-13 15:55:00,282.398,282.398,281.965,281.975,28935
2021-05-13 16:00:00,281.96,282.053,281.531,281.541,46257
2021-05-13 16:05:00,281.58,281.58,281.58,281.58,13665
2021-05-13 17:30:00,280.546,280.546,280.546,280.546,100
2021-05-13 19:05:00,282.743,282.743,282.743,282.743,100
2021-05-14 09:35:00,283.098,285.009,282.802,283.295,48033
2021-05-14 09:40:00,283.452,284.172,283.275,284.093,14726
2021-05-14 09:45:00,284.29,284.59,283.61,283.787,16324
2021-05-14 09:50:00,283.827,284.25,283.305,283.768,16103
2021-05-14 09:55:00,284.053,284.053,283.344,283.344,11280
2021-05-14 10:00:00,283.383,283.62,283.196,283.462,15038
2021-05-14 10:05:00,283.432,283.738,282.91,283.738,18369
2021-05-14 10:10:00,283.758,283.768,283.295,283.718,10324
2021-05-14 10:15:00,283.669,283.846,283.571,283.571,6771
2021-05-14 10:20:00,283.709,283.838,283.344,283.61,14838
2021-05-14 10:25:00,283.664,283.777,283.433,283.433,7468
2021-05-14 10:30:00,283.383,283.383,282.339,282.428,29023
2021-05-14 10:35:00,282.526,282.881,282.526,282.723,19274
2021-05-14 10:40:00,282.644,282.792,282.403,282.467,23726
2021-05-14 10:45:00,282.457,282.674,282.28,282.516,12227
2021-05-14 10:50:00,282.635,282.832,282.536,282.536,31993
2021-05-14 10:55:00,282.457,282.457,281.6,281.886,14194
2021-05-14 11:00:00,281.846,282.063,281.61,281.876,6958
2021-05-14 11:05:00,281.778,282.152,281.59,282.053,5838
2021-05-14 11:10:00,281.886,282.3,281.866,282.034,5832
2021-05-14 11:15:00,282.004,282.388,282.004,282.329,6837
2021-05-14 11:20:00,282.329,282.359,282.191,282.191,5956
2021-05-14 11:25:00,282.26,282.378,282.221,282.3,6165
2021-05-14 11:30:00,282.27,282.398,282.142,282.26,4606
2021-05-14 11:35:00,282.181,282.196,281.965,282.024,8581
2021-05-14 11:40:00,281.965,282.132,281.827,282.048,7992
2021-05-14 11:45:00,282.177,282.398,282.177,282.339,3669
2021-05-14 11:50:00,282.201,282.231,281.975,281.984,7220
2021-05-14 11:55:00,281.994,281.994,281.763,281.87,10580
2021-05-14 12:00:00,281.915,282.046,281.817,281.955,5765
2021-05-14 12:05:00,282.044,282.044,281.846,281.955,4700
2021-05-14 12:10:00,281.886,282.029,281.856,281.935,10704
2021-05-14 12:15:00,281.937,282.053,281.856,282.053,7618
2021-05-14 12:20:00,282.014,282.103,281.979,282.103,3433
2021-05-14 12:25:00,282.127,282.319,282.125,282.27,2934
2021-05-14 12:30:00,282.26,282.319,282.122,282.162,3683
2021-05-14 12:35:00,282.162,282.221,282.004,282.039,6018
2021-05-14 12:40:00,282.063,282.077,281.97,281.975,5967
2021-05-14 12:45:00,281.979,282.211,281.979,282.004,9462
2021-05-14 12:50:00,281.935,282.181,281.915,282.162,10971
2021-05-14 12:55:00,282.211,282.349,282.172,282.231,10303
2021-05-14 13:00:00,282.181,282.201,282.014,282.014,7230
2021-05-14 13:05:00,282.152,282.349,282.152,282.245,6263
2021-05-14 13:10:00,282.162,282.162,281.837,282.083,19169
2021-05-14 13:15:00,282.108,282.108,281.851,281.95,9063
2021-05-14 13:20:00,282.014,282.044,281.787,282.034,12731
2021-05-14 13:25:00,282.063,282.063,281.797,281.975,8635
2021-05-14 13:30:00,281.955,282.093,281.915,281.955,5690
2021-05-14 13:35:00,281.915,282.004,281.846,281.984,6362
2021-05-14 13:40:00,281.955,282.014,281.743,281.901,8362
2021-05-14 13:45:00,281.866,281.886,281.728,281.768,7756
2021-05-14 13:50:00,281.817,281.866,281.59,281.773,8411
2021-05-14 13:55:00,281.768,281.886,281.694,281.694,15169
2021-05-14 14:00:00,281.64,281.669,281.388,281.61,15653
2021-05-14 14:05:00,281.699,281.718,281.452,281.636,15991
2021-05-14 14:10:00,281.659,281.689,281.531,281.658,6669
2021-05-14 14:15:00,281.59,281.738,281.521,281.694,18305
2021-05-14 14:20:00,281.746,281.817,281.571,281.768,7373
2021-05-14 14:25:00,281.748,281.748,281.423,281.59,10432
2021-05-14 14:30:00,281.585,281.585,281.364,281.482,7410
2021-05-14 14:35:00,281.536,282.082,281.536,281.935,8913
2021-05-14 14:40:00,281.906,282.024,281.837,282.004,10761
2021-05-14 14:45:00,281.975,281.984,281.837,281.975,8457
2021-05-14 14:50:00,282.083,282.295,281.984,282.162,5540
2021-05-14 14:55:00,282.191,282.477,282.083,282.408,5769
2021-05-14 15:00:00,282.369,282.398,282.162,282.349,7562
2021-05-14 15:05:00,282.29,282.438,282.231,282.349,7442
2021-05-14 15:10:00,282.428,282.467,282.26,282.31,6985
2021-05-14 15:15:00,282.31,282.329,282.221,282.28,7247
2021-05-14 15:20:00,282.31,282.398,282.169,282.169,4188
2021-05-14 15:25:00,282.181,282.201,282.024,282.024,8500
2021-05-14 15:30:00,282.014,282.122,282.004,282.014,9527
2021-05-14 15:35:00,282.063,282.083,281.827,281.935,13412
2021-05-14 15:40:00,282.019,282.063,281.778,281.819,18316
2021-05-14 15:45:00,281.876,282.122,281.876,282.103,13376
2021-05-14 15:50:00,282.053,282.221,281.975,282.053,19723
2021-05-14 15:55:00,282.044,282.349,281.866,282.112,22862
2021-05-14 16:00:00,282.221,282.221,281.728,281.738,53091
2021-05-14 16:05:00,281.856,281.856,281.856,281.856,17133
2021-05-17 08:10:00,281.856,281.856,281.856,281.856,500
2021-05-17 08:55:00,284.832,284.832,284.832,284.832,112
2021-05-17 09:30:00,282.842,282.842,282.842,282.842,100
2021-05-17 09:35:00,282.191,283.324,281.275,281.467,76937
2021-05-17 09:40:00,281.467,282.044,281.354,281.748,14038
2021-05-17 09:45:00,281.423,281.492,280.512,280.716,24547
2021-05-17 09:50:00,280.832,280.832,279.64,279.649,14491
2021-05-17 09:55:00,279.482,280.664,279.324,280.339,9746
2021-05-17 10:00:00,280.3,280.98,279.935,280.98,36808
2021-05-17 10:05:00,281.004,281.275,280.625,280.989,16739
2021-05-17 10:10:00,280.871,281.127,280.556,280.694,11461
2021-05-17 10:15:00,280.679,280.679,280.147,280.516,6574
2021-05-17 10:20:00,280.536,280.753,280.379,280.576,9996
2021-05-17 10:25:00,280.566,280.566,279.944,280.063,16256
2021-05-17 10:30:00,280.044,280.093,279.585,279.585,19050
2021-05-17 10:35:00,279.551,279.797,279.354,279.428,7467
2021-05-17 10:40:00,279.413,279.413,278.684,278.822,65995
2021-05-17 10:45:00,278.871,279.876,278.842,279.729,25309
2021-05-17 10:50:00,279.817,280.413,279.817,279.975,8024
2021-05-17 10:55:00,279.925,280.033,279.64,279.847,6633
2021-05-17 11:00:00,279.851,280.172,279.851,280.044,5226
2021-05-17 11:05:00,280.034,280.113,279.551,280.113,9804
2021-05-17 11:10:00,280.221,280.526,279.994,279.994,8297
2021-05-17 11:15:00,280.124,280.27,279.915,280.191,8123
2021-05-17 11:20:00,280.29,280.3,279.797,279.807,7364
2021-05-17 11:25:00,279.807,279.915,279.659,279.768,6463
2021-05-17 11:30:00,279.728,279.728,279.324,279.551,5936
2021-05-17 11:35:00,279.551,279.945,279.477,279.945,6892
2021-05-17 11:40:00,279.945,280.063,279.827,280.034,3617
2021-05-17 11:45:00,280.034,280.034,279.689,279.797,8842
2021-05-17 11:50:00,279.797,279.945,279.699,279.753,12447
2021-05-17 11:55:00,279.748,279.807,279.517,279.551,12623
2021-05-17 12:00:00,279.512,279.64,279.462,279.502,9685
2021-05-17 12:05:00,279.531,279.541,279.344,279.344,4629
2021-05-17 12:10:00,279.413,279.413,279.093,279.266,9623
2021-05-17 12:15:00,279.344,279.62,279.127,279.6,10290
2021-05-17 12:20:00,279.521,279.797,279.443,279.443,4695
2021-05-17 12:25:00,279.196,279.571,279.196,279.452,4654
2021-05-17 12:30:00,279.443,279.866,279.443,279.709,18991
2021-05-17 12:35:00,279.802,279.827,279.551,279.581,8164
2021-05-17 12:40:00,279.581,279.62,279.462,279.551,15007
2021-05-17 12:45:00,279.556,279.59,279.462,279.492,12672
2021-05-17 12:50:00,279.403,279.595,279.295,279.462,12254
2021-05-17 12:55:00,279.551,279.59,279.374,279.433,6383
2021-05-17 13:00:00,279.581,279.581,279.383,279.423,2974
2021-05-17 13:05:00,279.589,279.6,279.354,279.502,11675
2021-05-17 13:10:00,279.457,279.571,279.403,279.443,7988
2021-05-17 13:15:00,279.492,279.59,279.452,279.551,7542
2021-05-17 13:20:00,279.551,279.581,279.423,279.526,12793
2021-05-17 13:25:00,279.551,279.581,279.408,279.413,8805
2021-05-17 13:30:00,279.482,279.6,279.482,279.492,22782
2021-05-17 13:35:00,279.46,280.29,279.46,279.999,12595
2021-05-17 13:40:00,279.955,280.112,279.837,280.004,7786
2021-05-17 13:45:00,279.935,279.935,279.6,279.866,9357
2021-05-17 13:50:00,279.886,280.014,279.738,279.905,5360
2021-05-17 13:55:00,279.797,280.132,279.797,280.044,7826
2021-05-17 14:00:00,279.984,279.984,279.669,279.797,10595
2021-05-17 14:05:00,279.797,279.933,279.605,279.778,21286
2021-05-17 14:10:00,279.797,280.241,279.768,280.241,29444
2021-05-17 14:15:00,280.27,280.516,279.994,279.994,20855
2021-05-17 14:20:00,280.122,280.536,280.057,280.142,10913
2021-05-17 14:25:00,280.191,280.329,280.113,280.162,6895
2021-05-17 14:30:00,280.181,280.447,280.132,280.191,32142
2021-05-17 14:35:00,280.369,281.019,280.3,280.802,8606
2021-05-17 14:40:00,280.792,280.792,280.516,280.625,6713
2021-05-17 14:45:00,280.556,280.832,280.536,280.832,12051
2021-05-17 14:50:00,280.842,280.842,280.556,280.704,6896
2021-05-17 14:55:00,280.728,280.881,280.713,280.763,5407
2021-05-17 15:00:00,280.827,281.103,280.822,281.098,8217
2021-05-17 15:05:00,281.039,281.295,280.989,281.295,8157
2021-05-17 15:10:00,281.246,281.275,281.127,281.137,14833
2021-05-17 15:15:00,281.117,281.205,281.078,281.117,6512
2021-05-17 15:20:00,281.127,281.186,280.645,280.842,28490
2021-05-17 15:25:00,280.782,280.911,280.709,280.733,16078
2021-05-17 15:30:00,280.585,280.832,280.418,280.487,11672
2021-05-17 15:35:00,280.457,280.457,280.024,280.132,18088
2021-05-17 15:40:00,280.053,280.063,279.797,279.935,22905
2021-05-17 15:45:00,279.984,280.231,279.945,279.96,23245
2021-05-17 15:50:00,279.906,280.221,279.428,279.428,25016
2021-05-17 15:55:00,279.531,280.181,279.531,279.871,43336
2021-05-17 16:00:00,279.797,280.053,279.63,280.014,86189
2021-05-17 16:05:00,280.024,280.024,280.024,280.024,13256
2021-05-18 09:30:00,280.92,280.92,280.92,280.92,250
2021-05-18 09:35:00,280.024,282.231,280.024,281.516,48558
2021-05-18 09:40:00,281.502,281.502,280.447,280.832,11413
2021-05-18 09:45:00,280.536,281.482,280.191,281.482,5720
2021-05-18 09:50:00,281.236,281.886,281.196,281.462,17108
2021-05-18 09:55:00,281.349,281.472,280.713,280.94,11099
2021-05-18 10:00:00,281.029,281.167,279.955,280.393,17635
2021-05-18 10:05:00,280.408,281.157,280.216,281.053,16540
2021-05-18 10:10:00,280.93,281.098,280.482,280.718,14124
2021-05-18 10:15:00,280.633,280.733,280.063,280.28,23352
2021-05-18 10:20:00,280.31,280.743,280.236,280.477,9635
2021-05-18 10:25:00,280.329,280.507,279.999,280.507,5329
2021-05-18 10:30:00,280.428,280.96,280.364,280.96,8746
2021-05-18 10:35:00,281.039,281.044,280.649,280.753,6826
2021-05-18 10:40:00,280.654,280.713,280.132,280.132,12419
2021-05-18 10:45:00,280.181,280.516,280.127,280.25,7857
2021-05-18 10:50:00,280.211,280.753,280.211,280.674,15795
2021-05-18 10:55:00,280.684,281.048,280.566,280.595,18241
2021-05-18 11:00:00,280.778,280.999,280.664,280.95,4910
2021-05-18 11:05:00,281.014,281.206,280.822,281.039,7845
2021-05-18 11:10:00,280.851,280.851,280.585,280.605,3384
2021-05-18 11:15:00,280.654,280.965,280.605,280.605,11804
2021-05-18 11:20:00,280.576,280.625,280.113,280.3,7964
2021-05-18 11:25:00,280.226,280.393,280.211,280.379,5738
2021-05-18 11:30:00,280.369,280.712,280.31,280.712,6880
2021-05-18 11:35:00,280.546,280.782,280.418,280.536,10740
2021-05-18 11:40:00,280.457,280.832,280.428,280.832,7532
2021-05-18 11:45:00,280.753,281.019,280.704,281.019,7240
2021-05-18 11:50:00,281.009,281.334,280.92,281.334,8860
2021-05-18 11:55:00,281.226,281.226,280.94,280.989,9329
2021-05-18 12:00:00,280.999,281.058,280.846,281.004,8150
2021-05-18 12:05:00,281.019,281.068,280.861,280.96,7511
2021-05-18 12:10:00,280.901,281.108,280.891,280.94,11021
2021-05-18 12:15:00,280.93,281.098,280.901,281.048,4456
2021-05-18 12:20:00,281.088,281.255,281.083,281.186,8131
2021-05-18 12:25:00,281.201,281.324,281.127,281.255,10726
2021-05-18 12:30:00,281.226,281.226,280.911,280.911,5725
2021-05-18 12:35:00,280.97,281.029,280.886,280.886,4042
2021-05-18 12:40:00,280.911,280.93,280.674,280.674,5994
2021-05-18 12:45:00,280.635,280.645,280.477,280.507,5418
2021-05-18 12:50:00,280.507,280.507,280.27,280.349,7361
2021-05-18 12:55:00,280.3,280.339,280.236,280.3,5269
2021-05-18 13:00:00,280.379,280.388,280.044,280.3,9592
2021-05-18 13:05:00,280.211,280.507,280.093,280.103,12204
2021-05-18 13:10:00,280.172,280.172,279.472,279.482,8510
2021-05-18 13:15:00,279.492,279.738,279.492,279.659,5924
2021-05-18 13:20:00,279.654,279.723,279.541,279.689,7122
2021-05-18 13:25:00,279.62,279.659,279.433,279.482,10674
2021-05-18 13:30:00,279.541,279.669,279.482,279.649,4134
2021-05-18 13:35:00,279.649,279.649,279.255,279.487,6980
2021-05-18 13:40:00,279.581,279.59,279.472,279.551,5474
2021-05-18 13:45:00,279.574,279.832,279.574,279.832,4579
2021-05-18 13:50:00,279.925,279.965,279.753,279.965,5506
2021-05-18 13:55:00,280.014,280.073,279.975,279.975,4436
2021-05-18 14:00:00,280.044,280.241,280.044,280.083,8980
2021-05-18 14:05:00,280.044,280.044,279.847,280.009,5982
2021-05-18 14:10:00,280.142,280.201,279.896,279.955,6463
2021-05-18 14:15:00,279.955,280.063,279.778,280.044,4171
2021-05-18 14:20:00,280.078,280.221,279.915,280.137,8875
2021-05-18 14:25:00,280.132,280.172,279.778,279.837,7231
2021-05-18 14:30:00,279.847,279.934,279.669,279.861,7641
2021-05-18 14:35:00,279.925,280.044,279.6,279.6,8850
2021-05-18 14:40:00,279.6,279.63,279.182,279.182,11071
2021-05-18 14:45:00,279.226,279.354,278.97,279.039,7780
2021-05-18 14:50:00,279.088,279.137,278.95,279.108,7313
2021-05-18 14:55:00,279.147,279.398,279.147,279.246,6171
2021-05-18 15:00:00,279.265,279.388,279.226,279.246,9484
2021-05-18 15:05:00,279.285,279.546,279.157,279.546,16586
2021-05-18 15:10:00,279.452,279.492,279.265,279.265,8353
2021-05-18 15:15:00,279.364,279.566,279.324,279.324,11636
2021-05-18 15:20:00,279.383,279.477,279.374,279.398,4991
2021-05-18 15:25:00,279.492,279.728,279.492,279.6,9003
2021-05-18 15:30:00,279.6,279.689,279.364,279.448,9393
2021-05-18 15:35:00,279.344,279.423,279.167,279.413,11720
2021-05-18 15:40:00,279.364,279.684,279.275,279.581,9544
2021-05-18 15:45:00,279.581,279.984,279.581,279.861,17171
2021-05-18 15:50:00,279.866,279.866,278.989,279.103,17275
2021-05-18 15:55:00,278.989,279.029,278.654,278.718,33600
2021-05-18 16:00:00,278.861,279.315,278.783,278.98,87245
2021-05-18 16:05:00,278.98,278.98,278.98,278.98,16587
2021-05-18 16:10:00,280.508,280.508,280.508,280.508,136
2021-05-18 16:15:00,278.98,278.98,278.98,278.98,358
2021-05-18 17:25:00,278.98,278.98,278.98,278.98,100
2021-05-19 08:05:00,276.15,276.15,276.15,276.15,134
2021-05-19 09:35:00,276.457,276.842,274.517,275.477,50623
2021-05-19 09:40:00,275.502,275.502,273.108,273.945,38513
2021-05-19 09:45:00,273.886,275.403,273.31,275.403,11994
2021-05-19 09:50:00,275.502,275.502,274.428,274.546,18252
2021-05-19 09:55:00,274.561,275.551,274.561,275.531,7966
2021-05-19 10:00:00,275.748,277.098,275.748,276.871,12698
2021-05-19 10:05:00,276.827,277.216,276.172,276.477,16193
2021-05-19 10:10:00,276.576,276.743,274.921,274.921,11241
2021-05-19 10:15:00,274.822,275.246,274.487,274.989,10209
2021-05-19 10:20:00,274.822,275.192,274.438,274.93,12556
2021-05-19 10:25:00,274.876,275.049,274.132,274.3,10125
2021-05-19 10:30:00,274.241,275.295,274.241,275.088,10826
2021-05-19 10:35:00,274.999,275.384,274.999,275.216,13859
2021-05-19 10:40:00,275.216,275.719,275.029,275.029,16344
2021-05-19 10:45:00,274.911,274.96,274.369,274.744,12422
2021-05-19 10:50:00,275.039,275.118,274.635,275.118,13360
2021-05-19 10:55:00,275.029,275.866,274.822,275.709,15650
2021-05-19 11:00:00,275.945,276.073,275.374,275.374,13154
2021-05-19 11:05:00,275.285,275.423,274.989,275.177,10679
2021-05-19 11:10:00,275.315,275.901,275.28,275.901,10767
2021-05-19 11:15:00,275.847,276.073,275.699,276.014,12491
2021-05-19 11:20:00,276.034,276.053,275.512,275.512,9665
2021-05-19 11:25:00,275.561,275.965,275.561,275.955,3229
2021-05-19 11:30:00,275.945,276.103,275.699,276.014,11411
2021-05-19 11:35:00,275.906,275.994,275.502,275.65,10498
2021-05-19 11:40:00,275.659,275.807,275.531,275.719,8158
2021-05-19 11:45:00,275.64,275.65,275.265,275.472,5023
2021-05-19 11:50:00,275.482,276.014,275.423,276.014,6892
2021-05-19 11:55:00,275.945,276.221,275.906,276.142,9386
2021-05-19 12:00:00,276.142,276.31,276.093,276.31,5140
2021-05-19 12:05:00,276.241,276.487,276.241,276.418,6346
2021-05-19 12:10:00,276.531,276.645,276.477,276.526,7608
2021-05-19 12:15:00,276.595,276.822,276.576,276.586,7459
2021-05-19 12:20:00,276.625,276.901,276.625,276.852,8182
2021-05-19 12:25:00,276.911,277.157,276.911,277.157,8755
2021-05-19 12:30:00,277.186,277.186,276.733,276.733,8303
2021-05-19 12:35:00,276.714,276.832,276.615,276.694,5380
2021-05-19 12:40:00,276.694,276.92,276.674,276.92,8273
2021-05-19 12:45:00,277.049,277.226,276.989,277.029,6739
2021-05-19 12:50:00,276.95,277.196,276.901,277.196,8032
2021-05-19 12:55:00,277.029,277.305,277.019,277.147,4534
2021-05-19 13:00:00,277.147,277.492,277.147,277.472,6929
2021-05-19 13:05:00,277.438,277.689,277.438,277.494,7047
2021-05-19 13:10:00,277.443,277.876,277.403,277.787,9040
2021-05-19 13:15:00,277.866,277.994,277.834,277.886,5782
2021-05-19 13:20:00,277.925,278.004,277.891,277.965,6135
2021-05-19 13:25:00,278.004,278.004,277.541,277.571,8856
2021-05-19 13:30:00,277.561,277.778,277.413,277.571,8554
2021-05-19 13:35:00,277.581,277.581,277.071,277.071,5456
2021-05-19 13:40:00,277.108,277.27,276.832,277.196,8910
2021-05-19 13:45:00,277.157,277.221,276.989,276.989,4105
2021-05-19 13:50:00,276.989,277.561,276.989,277.509,10128
2021-05-19 13:55:00,277.507,277.65,277.344,277.65,8256
2021-05-19 14:00:00,277.62,277.758,277.315,277.384,10135
2021-05-19 14:05:00,277.344,277.65,276.586,276.792,11274
2021-05-19 14:10:00,276.654,276.812,276.172,276.576,9919
2021-05-19 14:15:00,276.507,276.507,276.221,276.221,9440
2021-05-19 14:20:00,276.251,276.251,275.827,275.98,10600
2021-05-19 14:25:00,276.113,277.186,276.113,277.049,13041
2021-05-19 14:30:00,277.118,277.211,276.832,277.029,10991
2021-05-19 14:35:00,277.009,277.216,276.714,276.733,11213
2021-05-19 14:40:00,276.595,276.876,276.398,276.625,8149
2021-05-19 14:45:00,276.477,276.566,276.241,276.349,8262
2021-05-19 14:50:00,276.329,276.379,276.182,276.191,8331
2021-05-19 14:55:00,276.103,276.26,276.053,276.122,8729
2021-05-19 15:00:00,276.142,276.507,276.053,276.083,10358
2021-05-19 15:05:00,275.945,275.999,275.462,275.679,12299
2021-05-19 15:10:00,275.768,275.955,275.728,275.916,14036
2021-05-19 15:15:00,275.916,276.28,275.881,275.925,11020
2021-05-19 15:20:00,275.876,276.044,275.797,275.876,9071
2021-05-19 15:25:00,275.965,276.329,275.832,276.241,12412
2021-05-19 15:30:00,276.221,276.433,275.965,276.329,12334
2021-05-19 15:35:00,276.3,276.3,275.748,276.093,11725
2021-05-19 15:40:00,276.132,276.339,276.014,276.339,16926
2021-05-19 15:45:00,276.29,276.418,276.183,276.315,13136
2021-05-19 15:50:00,276.186,276.275,275.906,276.103,13604
2021-05-19 15:55:00,276.241,276.901,276.152,276.891,29786
2021-05-19 16:00:00,276.881,277.265,276.743,277.118,58739
2021-05-19 16:05:00,277.108,277.108,277.108,277.108,7497
2021-05-19 16:40:00,276.654,276.654,276.654,276.654,200
2021-05-20 09:20:00,277.677,277.677,277.677,277.677,380
2021-05-20 09:35:00,276.768,279.167,276.403,277.785,41738
2021-05-20 09:40:00,278.131,278.733,277.726,278.195,12360
2021-05-20 09:45:00,278.466,278.654,278.229,278.422,6568
2021-05-20 09:50:00,278.693,279.986,278.693,279.986,9939
2021-05-20 09:55:00,280.248,280.534,279.118,280.026,19986
2021-05-20 10:00:00,280.125,280.302,279.671,279.829,11846
2021-05-20 10:05:00,279.641,280.628,279.424,280.628,10354
2021-05-20 10:10:00,280.526,280.549,280.233,280.312,7862
2021-05-20 10:15:00,280.48,280.48,280.006,280.046,6572
2021-05-20 10:20:00,280.065,280.737,279.977,280.342,11181
2021-05-20 10:25:00,280.362,280.52,280.243,280.273,7732
2021-05-20 10:30:00,280.376,280.835,280.371,280.751,7950
2021-05-20 10:35:00,280.658,280.983,280.302,280.302,11729
2021-05-20 10:40:00,280.243,280.677,280.154,280.618,9136
2021-05-20 10:45:00,280.687,280.687,280.263,280.574,9853
2021-05-20 10:50:00,280.559,281.329,280.504,281.051,12061
2021-05-20 10:55:00,281.102,281.23,281.003,281.171,5344
2021-05-20 11:00:00,281.171,281.201,280.751,280.855,7374
2021-05-20 11:05:00,280.974,281.053,280.84,280.84,4958
2021-05-20 11:10:00,280.895,280.964,280.737,280.855,6668
2021-05-20 11:15:00,280.786,281.028,280.628,280.717,7702
2021-05-20 11:20:00,280.727,280.771,280.618,280.677,5130
2021-05-20 11:25:00,280.687,280.897,280.677,280.88,8262
2021-05-20 11:30:00,280.855,281.018,280.677,280.845,12167
2021-05-20 11:35:00,280.845,281.26,280.845,281.23,8065
2021-05-20 11:40:00,281.22,281.289,281.122,281.171,4444
2021-05-20 11:45:00,281.23,281.507,281.23,281.487,11537
2021-05-20 11:50:00,281.546,281.645,281.477,281.645,5950
2021-05-20 11:55:00,281.655,281.783,281.309,281.349,7772
2021-05-20 12:00:00,281.368,281.665,281.102,281.22,11335
2021-05-20 12:05:00,281.053,281.072,280.727,280.835,6103
2021-05-20 12:10:00,280.747,280.895,280.687,280.835,3130
2021-05-20 12:15:00,280.895,280.895,280.569,280.697,5391
2021-05-20 12:20:00,280.737,280.791,280.332,280.332,4739
2021-05-20 12:25:00,280.332,280.477,280.233,280.283,5644
2021-05-20 12:30:00,280.357,280.529,280.065,280.065,7188
2021-05-20 12:35:00,280.13,280.539,280.13,280.534,2266
2021-05-20 12:40:00,280.421,280.421,279.937,280.213,7053
2021-05-20 12:45:00,280.411,280.411,280.001,280.001,5476
2021-05-20 12:50:00,280.233,280.47,280.233,280.47,1958
2021-05-20 12:55:00,280.5,280.589,280.441,280.47,2883
2021-05-20 13:00:00,280.411,280.5,280.322,280.411,6456
2021-05-20 13:05:00,280.46,280.47,280.312,280.312,5532
2021-05-20 13:10:00,280.213,280.381,280.213,280.381,3421
2021-05-20 13:15:00,280.371,280.47,280.302,280.302,4816
2021-05-20 13:20:00,280.283,280.49,280.154,280.273,7631
2021-05-20 13:25:00,280.263,280.342,280.12,280.164,3227
2021-05-20 13:30:00,280.233,280.411,280.144,280.233,7098
2021-05-20 13:35:00,280.263,280.332,280.174,280.238,4165
2021-05-20 13:40:00,280.164,280.253,280.065,280.065,5029
2021-05-20 13:45:00,280.144,280.283,280.144,280.273,6131
2021-05-20 13:50:00,280.283,280.381,280.135,280.135,7359
2021-05-20 13:55:00,280.184,280.194,279.848,279.967,14300
2021-05-20 14:00:00,279.937,280.263,279.848,280.144,8061
2021-05-20 14:05:00,280.223,280.529,280.184,280.273,7569
2021-05-20 14:10:00,280.273,280.547,280.273,280.401,8043
2021-05-20 14:15:00,280.381,280.529,280.332,280.52,6931
2021-05-20 14:20:00,280.414,280.441,280.253,280.292,6697
2021-05-20 14:25:00,280.332,280.381,280.075,280.204,7232
2021-05-20 14:30:00,280.164,280.421,280.154,280.421,5047
2021-05-20 14:35:00,280.48,280.546,280.006,280.006,7621
2021-05-20 14:40:00,280.105,280.342,280.105,280.273,5140
2021-05-20 14:45:00,280.283,280.46,280.174,280.174,6481
2021-05-20 14:50:00,280.243,280.362,280.144,280.213,4731
2021-05-20 14:55:00,280.154,280.194,279.927,280.095,5499
2021-05-20 15:00:00,279.996,280.174,279.631,279.937,11223
2021-05-20 15:05:00,279.898,279.932,279.71,279.71,7058
2021-05-20 15:10:00,279.71,279.759,279.592,279.621,7612
2021-05-20 15:15:00,279.73,279.996,279.73,279.848,5392
2021-05-20 15:20:00,279.809,279.937,279.78,279.937,9660
2021-05-20 15:25:00,279.868,280.253,279.858,280.253,9086
2021-05-20 15:30:00,280.302,280.47,280.273,280.441,9237
2021-05-20 15:35:00,280.426,280.46,279.764,279.764,19050
2021-05-20 15:40:00,279.809,279.838,279.138,279.207,20900
2021-05-20 15:45:00,279.236,279.325,278.999,279.113,23260
2021-05-20 15:50:00,279.068,279.562,279.029,279.068,21814
2021-05-20 15:55:00,279.138,279.394,278.614,279.394,38078
2021-05-20 16:00:00,279.365,279.365,278.743,278.762,61159
2021-05-20 16:05:00,278.95,278.95,278.95,278.95,22470
2021-05-21 09:35:00,280.292,282.119,279.922,281.724,85130
2021-05-21 09:40:00,281.576,283.392,281.576,282.81,22325
2021-05-21 09:45:00,282.869,283.145,282.04,282.889,11639
2021-05-21 09:50:00,282.879,283.037,281.951,282.04,11749
2021-05-21 09:55:00,281.941,282.849,281.566,282.602,16852
2021-05-21 10:00:00,282.592,283.649,282.415,283.649,18218
2021-05-21 10:05:00,283.382,283.382,282.375,282.642,12700
2021-05-21 10:10:00,282.479,282.81,282.336,282.553,9858
2021-05-21 10:15:00,282.622,282.622,281.753,282.128,8573
2021-05-21 10:20:00,282.03,282.38,281.971,282.38,13384
2021-05-21 10:25:00,282.484,282.484,281.852,281.852,10447
2021-05-21 10:30:00,281.773,282.099,281.615,281.615,9515
2021-05-21 10:35:00,281.605,281.892,281.477,281.665,7608
2021-05-21 10:40:00,281.704,282.188,281.576,281.734,7779
2021-05-21 10:45:00,281.734,281.911,281.655,281.744,6345
2021-05-21 10:50:00,281.684,282.05,281.507,282.05,6407
2021-05-21 10:55:00,281.931,282.005,281.687,281.773,10643
2021-05-21 11:00:00,281.773,281.892,281.359,281.398,7778
2021-05-21 11:05:00,281.457,281.66,281.442,281.526,5795
2021-05-21 11:10:00,281.541,281.605,281.428,281.428,4542
2021-05-21 11:15:00,281.438,281.462,281.201,281.299,10100
2021-05-21 11:20:00,281.368,281.576,280.954,280.954,6643
2021-05-21 11:25:00,280.983,281.255,280.983,281.255,8908
2021-05-21 11:30:00,281.319,281.359,281.21,281.21,5997
2021-05-21 11:35:00,281.349,281.457,281.22,281.388,6284
2021-05-21 11:40:00,281.388,281.393,280.919,281.013,10525
2021-05-21 11:45:00,281.048,281.199,280.983,281.003,6084
2021-05-21 11:50:00,281.008,281.033,280.826,280.914,5670
2021-05-21 11:55:00,280.914,280.991,280.5,280.5,5145
2021-05-21 12:00:00,280.608,280.648,280.569,280.569,5010
2021-05-21 12:05:00,280.549,280.712,280.45,280.668,7928
2021-05-21 12:10:00,280.776,280.939,280.312,280.337,19993
2021-05-21 12:15:00,280.253,280.544,280.238,280.465,6613
2021-05-21 12:20:00,280.465,280.756,280.465,280.732,9721
2021-05-21 12:25:00,280.732,280.895,280.722,280.806,8151
2021-05-21 12:30:00,280.806,280.826,280.431,280.45,20082
2021-05-21 12:35:00,280.381,280.45,280.283,280.342,8338
2021-05-21 12:40:00,280.253,280.283,280.105,280.105,2769
2021-05-21 12:45:00,280.189,280.529,280.164,280.529,5154
2021-05-21 12:50:00,280.515,280.515,280.154,280.164,4862
2021-05-21 12:55:00,280.302,280.302,279.937,279.937,5962
2021-05-21 13:00:00,280.001,280.046,279.878,280.036,4681
2021-05-21 13:05:00,280.115,280.223,279.986,280.164,7768
2021-05-21 13:10:00,280.258,280.292,280.016,280.016,3250
2021-05-21 13:15:00,279.937,279.937,279.69,279.69,6013
2021-05-21 13:20:00,279.804,279.912,279.741,279.912,4230
2021-05-21 13:25:00,279.917,280.238,279.779,280.105,7120
2021-05-21 13:30:00,280.135,280.381,280.135,280.381,3377
2021-05-21 13:35:00,280.411,280.717,280.352,280.717,4500
2021-05-21 13:40:00,280.717,280.801,280.589,280.801,7334
2021-05-21 13:45:00,280.756,280.756,280.529,280.569,7022
2021-05-21 13:50:00,280.599,280.677,280.45,280.549,6026
2021-05-21 13:55:00,280.52,280.541,280.352,280.411,6193
2021-05-21 14:00:00,280.48,280.548,280.213,280.342,9820
2021-05-21 14:05:00,280.421,280.569,280.371,280.529,8496
2021-05-21 14:10:00,280.603,280.603,280.381,280.411,7565
2021-05-21 14:15:00,280.342,280.342,280.006,280.006,7253
2021-05-21 14:20:00,280.006,280.194,279.917,280.184,8240
2021-05-21 14:25:00,280.154,280.154,279.888,279.957,8878
2021-05-21 14:30:00,279.982,279.996,279.848,279.888,6312
2021-05-21 14:35:00,279.962,280.016,279.858,279.907,6261
2021-05-21 14:40:00,279.947,279.986,279.71,279.789,6892
2021-05-21 14:45:00,279.759,279.829,279.671,279.769,7926
2021-05-21 14:50:00,279.789,279.986,279.789,279.819,7450
2021-05-21 14:55:00,279.819,279.977,279.819,279.922,6781
2021-05-21 15:00:00,279.942,279.986,279.809,279.809,10335
2021-05-21 15:05:00,279.769,279.898,279.636,279.759,11315
2021-05-21 15:10:00,279.75,279.819,279.641,279.72,12333
2021-05-21 15:15:00,279.641,279.996,279.641,279.996,10489
2021-05-21 15:20:00,279.977,280.396,279.977,280.352,11239
2021-05-21 15:25:00,280.376,280.45,280.238,280.401,9339
2021-05-21 15:30:00,280.45,280.687,280.273,280.687,25138
2021-05-21 15:35:00,280.682,280.682,279.927,280.036,23812
2021-05-21 15:40:00,280.026,280.18,279.858,279.952,14642
2021-05-21 15:45:00,279.878,280.021,279.473,279.56,22830
2021-05-21 15:50:00,279.503,279.809,279.197,279.809,29648
2021-05-21 15:55:00,279.878,280.036,279.641,279.878,35999
2021-05-21 16:00:00,279.937,280.144,279.374,279.493,80678
2021-05-21 16:05:00,279.483,279.483,279.483,279.483,83377
2021-05-21 16:10:00,279.483,279.483,279.483,279.483,586
2021-05-21 16:55:00,279.483,279.483,279.483,279.483,782
2021-05-21 17:15:00,278.861,278.861,278.861,278.861,218
2021-05-24 09:25:00,281.753,281.753,281.329,281.329,600
2021-05-24 09:30:00,280.144,280.144,280.016,280.016,532
2021-05-24 09:35:00,280.184,281.136,279.991,280.021,21514
2021-05-24 09:40:00,280.243,280.806,279.059,279.118,15903
2021-05-24 09:45:00,279.286,279.69,279.068,279.221,11087
2021-05-24 09:50:00,279.365,280.095,279.355,279.779,6748
2021-05-24 09:55:00,279.631,280.406,279.582,280.406,10436
2021-05-24 10:00:00,280.47,280.885,280.401,280.776,3938
2021-05-24 10:05:00,280.756,280.826,280.332,280.564,5907
2021-05-24 10:10:00,280.46,280.924,280.426,280.589,5530
2021-05-24 10:15:00,280.598,280.598,279.907,280.115,8242
2021-05-24 10:20:00,280.47,280.569,280.125,280.302,6076
2021-05-24 10:25:00,280.302,280.401,280.115,280.115,5293
2021-05-24 10:30:00,280.263,280.603,280.105,280.312,5317
2021-05-24 10:35:00,280.307,280.776,280.213,280.761,6918
2021-05-24 10:40:00,280.875,281.057,280.49,280.628,4935
2021-05-24 10:45:00,280.579,281.013,280.529,280.924,6007
2021-05-24 10:50:00,281.003,281.21,280.929,281.21,5234
2021-05-24 10:55:00,281.329,281.467,281.215,281.368,5850
2021-05-24 11:00:00,281.339,281.467,281.181,281.418,9990
2021-05-24 11:05:00,281.438,281.556,281.289,281.418,10394
2021-05-24 11:10:00,281.409,281.655,281.275,281.319,6203
2021-05-24 11:15:00,281.388,281.507,281.319,281.359,6306
2021-05-24 11:20:00,281.388,281.487,281.388,281.487,3444
2021-05-24 11:25:00,281.438,281.536,281.309,281.536,9243
2021-05-24 11:30:00,281.566,282.01,281.526,281.748,23705
2021-05-24 11:35:00,281.734,281.832,281.724,281.724,5624
2021-05-24 11:40:00,281.645,281.645,281.368,281.635,10303
2021-05-24 11:45:00,281.645,281.956,281.645,281.763,3828
2021-05-24 11:50:00,281.566,281.665,281.388,281.388,4262
2021-05-24 11:55:00,281.275,281.447,281.132,281.447,19510
2021-05-24 12:00:00,281.665,281.724,281.371,281.383,6522
2021-05-24 12:05:00,281.378,281.556,281.309,281.418,7274
2021-05-24 12:10:00,281.467,281.724,281.388,281.447,6837
2021-05-24 12:15:00,281.428,281.595,281.359,281.403,7128
2021-05-24 12:20:00,281.403,281.467,281.062,281.062,11400
2021-05-24 12:25:00,281.053,281.28,281.053,281.28,6189
2021-05-24 12:30:00,281.309,281.447,281.151,281.25,6149
2021-05-24 12:35:00,281.299,281.378,281.141,281.23,6248
2021-05-24 12:40:00,281.289,281.645,281.289,281.635,7769
2021-05-24 12:45:00,281.635,281.773,281.566,281.566,14199
2021-05-24 12:50:00,281.516,281.674,281.516,281.576,7211
2021-05-24 12:55:00,281.556,281.699,281.438,281.586,6129
2021-05-24 13:00:00,281.526,281.635,281.398,281.398,6554
2021-05-24 13:05:00,281.452,281.546,281.329,281.526,5253
2021-05-24 13:10:00,281.536,281.576,281.398,281.566,8158
2021-05-24 13:15:00,281.586,281.586,281.349,281.378,8890
2021-05-24 13:20:00,281.383,281.408,281.176,281.344,8453
2021-05-24 13:25:00,281.304,281.516,281.289,281.516,5041
2021-05-24 13:30:00,281.487,281.595,281.368,281.452,6899
2021-05-24 13:35:00,281.546,281.595,281.418,281.467,7071
2021-05-24 13:40:00,281.516,281.516,281.171,281.368,8332
2021-05-24 13:45:00,281.319,281.487,281.27,281.359,8440
2021-05-24 13:50:00,281.289,281.467,281.21,281.408,7096
2021-05-24 13:55:00,281.457,281.487,281.181,281.25,5567
2021-05-24 14:00:00,281.245,281.368,281.181,281.368,8535
2021-05-24 14:05:00,281.428,281.516,281.349,281.388,6982
2021-05-24 14:10:00,281.378,281.665,281.359,281.665,7446
2021-05-24 14:15:00,281.566,281.872,281.526,281.803,8462
2021-05-24 14:20:00,281.842,281.946,281.744,281.744,8606
2021-05-24 14:25:00,281.783,281.783,281.378,281.413,5405
2021-05-24 14:30:00,281.477,281.487,281.27,281.319,11701
2021-05-24 14:35:00,281.309,281.556,281.289,281.299,8356
2021-05-24 14:40:00,281.309,281.388,281.21,281.21,6903
2021-05-24 14:45:00,281.299,281.566,281.299,281.507,6162
2021-05-24 14:50:00,281.507,281.507,281.299,281.447,6819
2021-05-24 14:55:00,281.418,281.467,281.299,281.299,7593
2021-05-24 15:00:00,281.398,281.428,281.285,281.388,5916
2021-05-24 15:05:00,281.408,281.556,281.368,281.457,7937
2021-05-24 15:10:00,281.516,281.595,281.428,281.462,12728
2021-05-24 15:15:00,281.467,281.625,281.462,281.487,8900
2021-05-24 15:20:00,281.487,281.586,281.438,281.556,7601
2021-05-24 15:25:00,281.588,281.714,281.528,281.625,9522
2021-05-24 15:30:00,281.595,281.645,281.413,281.516,10954
2021-05-24 15:35:00,281.497,281.615,281.462,281.556,14287
2021-05-24 15:40:00,281.541,281.541,281.329,281.339,13737
2021-05-24 15:45:00,281.285,281.556,281.285,281.467,18826
2021-05-24 15:50:00,281.482,281.605,281.438,281.595,19742
2021-05-24 15:55:00,281.605,281.729,281.289,281.319,35675
2021-05-24 16:00:00,281.329,281.329,280.954,281.181,77053
2021-05-24 16:05:00,281.299,281.299,281.299,281.299,4641
2021-05-25 09:20:00,281.289,281.289,281.289,281.289,102
2021-05-25 09:35:00,281.823,282.592,281.823,282.109,32653
2021-05-25 09:40:00,282.425,282.721,281.615,281.615,13555
2021-05-25 09:45:00,281.526,281.724,280.904,281.275,21132
2021-05-25 09:50:00,281.477,281.526,281.214,281.477,3502
2021-05-25 09:55:00,281.467,282.158,280.993,282.143,13629
2021-05-25 10:00:00,282.074,282.232,281.714,281.897,25325
2021-05-25 10:05:00,281.897,281.951,281.388,281.734,9793
2021-05-25 10:10:00,281.734,281.901,281.457,281.655,6193
2021-05-25 10:15:00,281.576,281.595,281.289,281.497,6908
2021-05-25 10:20:00,281.526,281.526,281.373,281.507,3378
2021-05-25 10:25:00,281.487,281.63,281.141,281.171,10682
2021-05-25 10:30:00,281.24,281.694,281.24,281.536,8093
2021-05-25 10:35:00,281.536,282.425,281.536,282.119,7129
2021-05-25 10:40:00,282.207,282.523,282.158,282.415,9693
2021-05-25 10:45:00,282.316,282.573,282.168,282.415,5023
2021-05-25 10:50:00,282.494,282.494,282.257,282.286,5464
2021-05-25 10:55:00,282.306,282.38,282.267,282.316,4667
2021-05-25 11:00:00,282.444,282.691,282.059,282.178,6816
2021-05-25 11:05:00,282.168,282.425,282.148,282.36,9951
2021-05-25 11:10:00,282.277,282.444,282.198,282.385,8407
2021-05-25 11:15:00,282.385,282.551,282.217,282.336,7121
2021-05-25 11:20:00,282.385,282.464,282.247,282.365,6528
2021-05-25 11:25:00,282.346,282.346,282.237,282.237,2362
2021-05-25 11:30:00,282.237,282.489,282.237,282.489,13416
2021-05-25 11:35:00,282.523,282.573,282.01,282.178,11565
2021-05-25 11:40:00,282.133,282.133,281.971,282.045,3739
2021-05-25 11:45:00,282.04,282.326,281.921,282.306,9593
2021-05-25 11:50:00,282.356,282.435,282.277,282.277,6007
2021-05-25 11:55:00,282.296,282.296,281.862,282.064,8488
2021-05-25 12:00:00,282.109,282.523,282.109,282.523,38003
2021-05-25 12:05:00,282.474,282.81,282.395,282.682,8016
2021-05-25 12:10:00,282.77,282.879,282.583,282.785,4690
2021-05-25 12:15:00,282.8,282.8,282.632,282.76,6760
2021-05-25 12:20:00,282.671,282.987,282.553,282.928,5506
2021-05-25 12:25:00,282.869,282.918,282.425,282.425,10297
2021-05-25 12:30:00,282.351,282.385,282.178,282.227,8723
2021-05-25 12:35:00,282.138,282.464,282.05,282.217,9875
2021-05-25 12:40:00,282.222,282.336,282.119,282.267,4100
2021-05-25 12:45:00,282.237,282.504,282.237,282.444,3980
2021-05-25 12:50:00,282.523,282.523,282.336,282.385,5262
2021-05-25 12:55:00,282.306,282.415,282.217,282.415,3216
2021-05-25 13:00:00,282.405,282.405,282.198,282.346,5940
2021-05-25 13:05:00,282.316,282.316,281.941,282.091,10124
2021-05-25 13:10:00,282.148,282.267,282.059,282.168,9851
2021-05-25 13:15:00,282.148,282.291,281.971,282.143,6968
2021-05-25 13:20:00,282.089,282.227,282.002,282.079,8206
2021-05-25 13:25:00,282.129,282.306,282.059,282.277,4292
2021-05-25 13:30:00,282.207,282.385,282.059,282.198,7419
2021-05-25 13:35:00,282.129,282.168,281.882,281.901,3707
2021-05-25 13:40:00,281.901,281.921,281.852,281.921,4491
2021-05-25 13:45:00,281.951,281.951,281.546,281.586,5994
2021-05-25 13:50:00,281.674,281.753,281.467,281.595,5598
2021-05-25 13:55:00,281.526,281.803,281.526,281.803,5033
2021-05-25 14:00:00,281.808,281.916,281.645,281.714,6507
2021-05-25 14:05:00,281.665,281.714,281.516,281.635,7444
2021-05-25 14:10:00,281.694,282.079,281.694,281.931,7448
2021-05-25 14:15:00,281.961,282.158,281.882,282.158,5950
2021-05-25 14:20:00,282.158,282.178,282.0,282.005,7157
2021-05-25 14:25:00,281.971,281.98,281.734,281.734,5823
2021-05-25 14:30:00,281.763,281.931,281.734,281.901,6084
2021-05-25 14:35:00,281.872,282.05,281.714,281.714,7348
2021-05-25 14:40:00,281.576,281.803,281.556,281.763,4787
2021-05-25 14:45:00,281.862,281.99,281.753,281.99,6204
2021-05-25 14:50:00,281.963,281.963,281.684,281.744,8202
2021-05-25 14:55:00,281.783,281.872,281.665,281.734,4327
2021-05-25 15:00:00,281.744,281.966,281.744,281.911,10194
2021-05-25 15:05:00,281.901,281.931,281.748,281.931,6873
2021-05-25 15:10:00,281.961,282.109,281.931,281.941,8047
2021-05-25 15:15:00,281.931,282.129,281.921,282.0,9325
2021-05-25 15:20:00,282.0,282.069,281.892,282.069,7248
2021-05-25 15:25:00,282.059,282.316,282.01,282.277,11065
2021-05-25 15:30:00,282.365,282.464,282.119,282.178,9609
2021-05-25 15:35:00,282.138,282.296,281.832,281.971,11837
2021-05-25 15:40:00,282.01,282.417,282.01,282.286,20032
2021-05-25 15:45:00,282.277,282.277,282.089,282.247,12586
2021-05-25 15:50:00,282.144,282.277,281.842,281.842,14147
2021-05-25 15:55:00,281.734,281.941,281.655,281.852,20222
2021-05-25 16:00:00,281.852,282.119,281.813,282.0,53656
2021-05-25 16:05:00,281.911,281.911,281.911,281.911,24487
2021-05-25 17:05:00,281.911,281.911,281.911,281.911,2997
2021-05-26 09:35:00,282.365,283.392,281.744,283.392,32371
2021-05-26 09:40:00,283.303,283.343,282.282,282.602,19023
2021-05-26 09:45:00,282.622,282.948,282.425,282.717,7342
2021-05-26 09:50:00,282.741,282.829,282.632,282.632,14819
2021-05-26 09:55:00,282.592,282.721,282.252,282.415,6452
2021-05-26 10:00:00,282.474,282.711,282.109,282.395,9948
2021-05-26 10:05:00,282.632,282.889,282.494,282.711,5847
2021-05-26 10:10:00,282.632,282.879,282.435,282.592,7478
2021-05-26 10:15:00,282.464,282.592,282.355,282.489,4820
2021-05-26 10:20:00,282.489,283.303,282.489,283.303,18011
2021-05-26 10:25:00,283.224,283.308,283.056,283.279,7469
2021-05-26 10:30:00,283.195,283.274,282.553,282.553,18147
2021-05-26 10:35:00,282.385,282.75,282.316,282.647,11929
2021-05-26 10:40:00,282.662,282.869,282.612,282.785,10979
2021-05-26 10:45:00,282.859,282.884,282.385,282.513,7585
2021-05-26 10:50:00,282.464,282.464,281.911,282.025,9279
2021-05-26 10:55:00,281.941,282.099,281.447,281.447,9635
2021-05-26 11:00:00,281.526,281.714,281.526,281.714,13147
2021-05-26 11:05:00,281.724,282.158,281.704,281.98,5866
2021-05-26 11:10:00,281.976,282.316,281.976,282.208,5507
2021-05-26 11:15:00,282.178,282.188,281.679,281.768,4836
2021-05-26 11:20:00,281.813,281.971,281.612,281.971,10676
2021-05-26 11:25:00,281.921,282.079,281.734,281.813,8342
2021-05-26 11:30:00,281.783,281.892,281.674,281.892,9534
2021-05-26 11:35:00,281.803,282.059,281.704,282.059,7215
2021-05-26 11:40:00,282.03,282.059,281.862,281.951,6361
2021-05-26 11:45:00,281.921,281.98,281.763,281.832,6937
2021-05-26 11:50:00,281.99,282.129,281.99,282.089,2157
2021-05-26 11:55:00,282.059,282.306,282.059,282.237,5628
2021-05-26 12:00:00,282.262,282.444,282.148,282.167,5938
2021-05-26 12:05:00,282.193,282.385,282.138,282.385,1798
2021-05-26 12:10:00,282.415,282.444,282.356,282.43,3840
2021-05-26 12:15:00,282.484,282.504,282.306,282.346,6307
2021-05-26 12:20:00,282.385,282.395,282.178,282.227,6290
2021-05-26 12:25:00,282.207,282.286,282.148,282.148,5515
2021-05-26 12:30:00,282.138,282.173,281.931,282.059,4109
2021-05-26 12:35:00,282.079,282.346,282.069,282.341,3823
2021-05-26 12:40:00,282.296,282.296,282.094,282.109,4964
2021-05-26 12:45:00,282.059,282.198,282.02,282.158,5407
2021-05-26 12:50:00,282.158,282.25,282.109,282.138,8970
2021-05-26 12:55:00,282.109,282.158,282.01,282.158,3619
2021-05-26 13:00:00,282.158,282.178,282.089,282.129,4197
2021-05-26 13:05:00,282.129,282.262,282.109,282.262,5842
2021-05-26 13:10:00,282.237,282.237,281.936,281.941,5949
2021-05-26 13:15:00,281.882,281.99,281.882,281.98,3055
2021-05-26 13:20:00,281.931,281.956,281.734,281.783,5984
2021-05-26 13:25:00,281.901,281.961,281.793,281.793,2898
2021-05-26 13:30:00,281.852,281.971,281.852,281.901,6010
2021-05-26 13:35:00,281.862,282.005,281.862,281.897,4317
2021-05-26 13:40:00,281.936,282.03,281.936,282.03,2166
2021-05-26 13:45:00,281.98,281.98,281.616,281.709,6504
2021-05-26 13:50:00,281.709,281.862,281.645,281.645,4151
2021-05-26 13:55:00,281.734,281.823,281.546,281.734,9812
2021-05-26 14:00:00,281.744,281.803,281.591,281.655,6876
2021-05-26 14:05:00,281.655,281.694,281.497,281.684,7167
2021-05-26 14:10:00,281.734,281.99,281.704,281.943,8492
2021-05-26 14:15:00,281.882,282.089,281.872,282.089,7003
2021-05-26 14:20:00,282.079,282.084,281.892,281.951,4924
2021-05-26 14:25:00,281.99,282.059,281.872,281.99,5373
2021-05-26 14:30:00,282.089,282.089,281.921,282.089,5325
2021-05-26 14:35:00,282.089,282.138,281.931,282.069,8048
2021-05-26 14:40:00,282.059,282.178,281.971,282.02,4369
2021-05-26 14:45:00,282.129,282.129,281.932,281.941,5357
2021-05-26 14:50:00,281.98,282.089,281.951,282.089,4357
2021-05-26 14:55:00,282.02,282.02,281.773,281.813,8860
2021-05-26 15:00:00,281.803,281.921,281.753,281.887,12812
2021-05-26 15:05:00,281.823,281.901,281.773,281.901,8017
2021-05-26 15:10:00,281.872,281.98,281.823,281.951,8179
2021-05-26 15:15:00,281.911,281.939,281.803,281.872,8465
2021-05-26 15:20:00,281.941,282.0,281.862,282.0,7845
2021-05-26 15:25:00,281.98,282.04,281.798,281.872,8693
2021-05-26 15:30:00,281.921,282.099,281.882,282.069,8896
2021-05-26 15:35:00,282.099,282.099,281.892,282.064,9223
2021-05-26 15:40:00,282.059,282.109,281.961,282.069,8575
2021-05-26 15:45:00,282.079,282.237,282.079,282.109,15350
2021-05-26 15:50:00,282.124,282.178,282.079,282.119,10489
2021-05-26 15:55:00,282.109,282.114,281.887,281.941,15351
2021-05-26 16:00:00,281.921,282.129,281.714,282.099,61913
2021-05-26 16:05:00,281.961,281.961,281.961,281.961,46072
2021-05-26 17:30:00,281.329,281.329,281.329,281.329,100
2021-05-27 09:05:00,281.734,281.734,281.734,281.734,200
2021-05-27 09:35:00,282.474,284.656,282.474,284.557,42686
2021-05-27 09:40:00,284.35,284.507,283.54,283.866,12966
2021-05-27 09:45:00,283.891,284.448,283.891,284.364,12003
2021-05-27 09:50:00,284.394,284.488,283.333,283.629,12879
2021-05-27 09:55:00,283.639,284.108,283.639,283.752,7985
2021-05-27 10:00:00,283.619,283.915,283.491,283.54,11884
2021-05-27 10:05:00,283.649,283.742,282.987,283.279,13307
2021-05-27 10:10:00,283.412,283.441,282.997,283.106,9816
2021-05-27 10:15:00,283.106,283.303,282.968,283.274,11788
2021-05-27 10:20:00,283.353,283.535,283.056,283.19,16732
2021-05-27 10:25:00,283.056,283.066,282.543,282.723,13183
2021-05-27 10:30:00,282.76,282.76,282.257,282.504,9334
2021-05-27 10:35:00,282.435,282.559,282.316,282.415,10748
2021-05-27 10:40:00,282.484,282.484,282.198,282.198,10657
2021-05-27 10:45:00,282.346,282.523,282.306,282.351,18332
2021-05-27 10:50:00,282.415,282.77,282.326,282.632,13455
2021-05-27 10:55:00,282.662,283.214,282.346,283.115,12362
2021-05-27 11:00:00,283.101,283.101,282.622,282.908,9232
2021-05-27 11:05:00,282.796,282.852,282.528,282.81,10187
2021-05-27 11:10:00,282.741,282.819,282.395,282.479,6698
2021-05-27 11:15:00,282.484,282.81,282.464,282.622,13969
2021-05-27 11:20:00,282.602,282.8,282.494,282.671,8283
2021-05-27 11:25:00,282.592,282.701,282.474,282.564,3101
2021-05-27 11:30:00,282.562,282.795,282.425,282.425,12135
2021-05-27 11:35:00,282.425,282.701,282.227,282.469,14320
2021-05-27 11:40:00,282.469,282.75,282.469,282.75,5986
2021-05-27 11:45:00,282.958,283.318,282.958,283.318,8175
2021-05-27 11:50:00,283.283,283.56,283.254,283.274,8118
2021-05-27 11:55:00,283.353,283.698,283.303,283.698,5266
2021-05-27 12:00:00,283.708,283.826,283.609,283.678,10680
2021-05-27 12:05:00,283.698,283.767,283.53,283.585,5876
2021-05-27 12:10:00,283.55,283.757,283.501,283.752,9065
2021-05-27 12:15:00,283.836,283.945,283.57,283.57,9284
2021-05-27 12:20:00,283.619,283.757,283.58,283.654,7624
2021-05-27 12:25:00,283.738,283.886,283.728,283.856,4486
2021-05-27 12:30:00,283.895,283.945,283.55,283.599,9211
2021-05-27 12:35:00,283.747,283.895,283.678,283.876,7873
2021-05-27 12:40:00,283.876,283.876,283.668,283.703,7925
2021-05-27 12:45:00,283.718,283.728,283.555,283.589,5636
2021-05-27 12:50:00,283.58,283.619,283.461,283.52,9052
2021-05-27 12:55:00,283.55,283.728,283.55,283.663,6038
2021-05-27 13:00:00,283.609,283.738,283.57,283.693,6160
2021-05-27 13:05:00,283.728,284.073,283.688,283.856,15682
2021-05-27 13:10:00,283.876,283.945,283.797,283.821,7443
2021-05-27 13:15:00,283.826,283.856,283.362,283.412,12497
2021-05-27 13:20:00,283.293,283.54,283.145,283.402,8704
2021-05-27 13:25:00,283.392,283.53,283.333,283.52,5825
2021-05-27 13:30:00,283.392,283.535,283.283,283.427,11654
2021-05-27 13:35:00,283.441,283.51,283.337,283.501,11776
2021-05-27 13:40:00,283.53,283.609,283.283,283.609,12700
2021-05-27 13:45:00,283.585,283.599,283.372,283.57,10808
2021-05-27 13:50:00,283.609,283.629,283.392,283.392,8339
2021-05-27 13:55:00,283.427,283.516,283.293,283.446,7240
2021-05-27 14:00:00,283.491,283.491,283.362,283.481,9374
2021-05-27 14:05:00,283.481,283.777,283.362,283.777,10298
2021-05-27 14:10:00,283.698,283.797,283.53,283.683,12029
2021-05-27 14:15:00,283.678,283.678,283.372,283.535,13385
2021-05-27 14:20:00,283.501,283.609,283.481,283.54,11341
2021-05-27 14:25:00,283.441,283.52,283.323,283.323,13200
2021-05-27 14:30:00,283.293,283.639,283.293,283.599,10383
2021-05-27 14:35:00,283.609,283.649,283.441,283.441,12142
2021-05-27 14:40:00,283.382,283.53,283.313,283.441,7850
2021-05-27 14:45:00,283.51,283.535,283.333,283.422,9697
2021-05-27 14:50:00,283.441,283.441,283.234,283.234,8172
2021-05-27 14:55:00,283.214,283.244,283.027,283.17,12295
2021-05-27 15:00:00,283.195,283.56,283.195,283.54,11554
2021-05-27 15:05:00,283.54,283.708,283.501,283.604,16394
2021-05-27 15:10:00,283.604,283.629,283.412,283.629,8551
2021-05-27 15:15:00,283.62,283.639,283.501,283.58,13931
2021-05-27 15:20:00,283.56,283.807,283.54,283.629,10059
2021-05-27 15:25:00,283.599,283.599,283.407,283.407,12109
2021-05-27 15:30:00,283.427,283.441,283.274,283.303,14009
2021-05-27 15:35:00,283.313,283.481,283.195,283.382,21892
2021-05-27 15:40:00,283.392,283.609,283.274,283.333,21736
2021-05-27 15:45:00,283.313,283.362,283.224,283.244,19432
2021-05-27 15:50:00,283.254,283.372,283.106,283.17,30371
2021-05-27 15:55:00,282.898,283.15,282.484,282.617,71597
2021-05-27 16:00:00,282.563,282.583,281.901,282.148,221372
2021-05-27 16:05:00,282.089,282.089,282.089,282.089,344729
2021-05-28 09:35:00,282.918,283.185,281.862,282.295,39013
2021-05-28 09:40:00,282.05,282.75,282.05,282.237,11058
2021-05-28 09:45:00,281.98,282.168,280.362,280.52,22145
2021-05-28 09:50:00,280.52,281.753,280.292,280.292,26397
2021-05-28 09:55:00,280.653,280.835,279.848,280.495,30193
2021-05-28 10:00:00,280.5,281.013,280.115,280.677,22001
2021-05-28 10:05:00,280.638,281.033,280.253,280.46,23926
2021-05-28 10:10:00,280.441,280.845,280.115,280.579,22304
2021-05-28 10:15:00,280.49,280.747,279.73,280.115,25019
2021-05-28 10:20:00,279.868,281.092,279.868,281.092,6429
2021-05-28 10:25:00,281.21,281.684,281.21,281.22,9224
2021-05-28 10:30:00,281.171,281.744,281.141,281.176,14820
2021-05-28 10:35:00,281.27,281.319,280.954,281.24,6960
2021-05-28 10:40:00,281.161,281.418,281.033,281.25,9944
2021-05-28 10:45:00,281.082,281.329,280.934,280.939,7565
2021-05-28 10:50:00,280.885,281.309,280.766,281.191,11437
2021-05-28 10:55:00,281.186,281.186,280.628,280.628,7190
2021-05-28 11:00:00,280.707,280.835,280.559,280.628,5375
2021-05-28 11:05:00,280.628,280.687,280.095,280.425,9712
2021-05-28 11:10:00,280.648,280.835,280.628,280.648,10655
2021-05-28 11:15:00,280.648,280.835,280.431,280.697,10931
2021-05-28 11:20:00,280.904,280.983,280.826,280.875,3594
2021-05-28 11:25:00,280.835,281.092,280.835,281.062,6124
2021-05-28 11:30:00,281.033,281.191,280.954,281.132,8678
2021-05-28 11:35:00,281.181,281.556,281.181,281.556,23745
2021-05-28 11:40:00,281.546,281.714,281.467,281.556,13834
2021-05-28 11:45:00,281.497,281.586,281.25,281.298,11116
2021-05-28 11:50:00,281.28,281.339,280.806,280.806,10086
2021-05-28 11:55:00,280.737,280.865,280.52,280.737,8870
2021-05-28 12:00:00,280.677,280.855,280.529,280.796,20266
2021-05-28 12:05:00,280.717,281.023,280.692,280.875,7154
2021-05-28 12:10:00,280.934,281.176,280.855,280.865,15273
2021-05-28 12:15:00,280.904,280.934,280.559,280.806,14824
2021-05-28 12:20:00,280.816,280.835,280.569,280.761,55421
2021-05-28 12:25:00,280.786,281.033,280.766,281.003,12132
2021-05-28 12:30:00,280.983,281.043,280.717,280.875,10047
2021-05-28 12:35:00,280.865,280.884,280.618,280.727,11928
2021-05-28 12:40:00,280.717,280.786,280.584,280.707,8281
2021-05-28 12:45:00,280.658,280.658,280.421,280.52,14044
2021-05-28 12:50:00,280.529,280.539,280.233,280.269,14520
2021-05-28 12:55:00,280.362,280.579,280.352,280.549,10973
2021-05-28 13:00:00,280.529,280.564,280.485,280.564,3903
2021-05-28 13:05:00,280.539,280.756,280.51,280.756,2617
2021-05-28 13:10:00,280.835,280.875,280.598,280.717,8022
2021-05-28 13:15:00,280.692,280.801,280.648,280.707,11636
2021-05-28 13:20:00,280.786,280.835,280.475,280.48,8523
2021-05-28 13:25:00,280.51,280.549,280.411,280.529,7006
2021-05-28 13:30:00,280.668,280.811,280.589,280.811,5689
2021-05-28 13:35:00,280.747,280.835,280.677,280.762,7612
2021-05-28 13:40:00,280.697,280.756,280.645,280.697,4355
2021-05-28 13:45:00,280.697,280.756,280.598,280.677,7155
2021-05-28 13:50:00,280.712,280.712,280.5,280.579,9517
2021-05-28 13:55:00,280.579,281.023,280.579,280.974,19337
2021-05-28 14:00:00,280.983,281.062,280.919,280.924,7797
2021-05-28 14:05:00,280.934,280.993,280.747,280.816,20200
2021-05-28 14:10:00,280.914,281.043,280.756,280.845,16999
2021-05-28 14:15:00,280.796,280.796,280.618,280.692,6517
2021-05-28 14:20:00,280.717,280.766,280.618,280.737,19605
2021-05-28 14:25:00,280.697,280.737,280.598,280.737,6968
2021-05-28 14:30:00,280.737,280.776,280.628,280.737,11574
2021-05-28 14:35:00,280.677,280.835,280.579,280.663,15667
2021-05-28 14:40:00,280.618,280.648,280.45,280.508,11964
2021-05-28 14:45:00,280.559,280.598,280.49,280.589,14853
2021-05-28 14:50:00,280.589,280.668,280.52,280.589,19628
2021-05-28 14:55:00,280.559,280.648,280.51,280.589,15632
2021-05-28 15:00:00,280.589,280.648,280.5,280.569,8267
2021-05-28 15:05:00,280.569,280.623,280.539,280.589,17092
2021-05-28 15:10:00,280.579,280.974,280.569,280.806,15604
2021-05-28 15:15:00,280.83,280.904,280.618,280.697,23466
2021-05-28 15:20:00,280.737,280.747,280.5,280.589,19606
2021-05-28 15:25:00,280.628,280.697,280.549,280.574,8288
2021-05-28 15:30:00,280.608,280.702,280.539,280.594,20316
2021-05-28 15:35:00,280.579,280.677,280.52,280.549,18760
2021-05-28 15:40:00,280.598,280.648,280.46,280.46,20763
2021-05-28 15:45:00,280.431,280.49,280.258,280.371,23939
2021-05-28 15:50:00,280.391,280.554,280.362,280.529,19364
2021-05-28 15:55:00,280.505,280.505,279.858,279.986,42008
2021-05-28 16:00:00,280.006,280.194,279.858,279.878,130779
2021-05-28 16:05:00,279.878,279.878,279.878,279.878,31060
2021-06-01 09:30:00,283.589,283.589,283.589,283.589,728
2021-06-01 09:35:00,282.217,284.922,280.342,281.072,75173
2021-06-01 09:40:00,281.122,281.753,280.865,280.865,23674
2021-06-01 09:45:00,280.983,280.983,279.493,279.967,18198
2021-06-01 09:50:00,279.907,280.697,279.562,280.105,21871
2021-06-01 09:55:00,280.243,280.564,280.189,280.204,17278
2021-06-01 10:00:00,280.154,280.401,280.006,280.115,10340
2021-06-01 10:05:00,280.115,280.598,280.056,280.204,14002
2021-06-01 10:10:00,280.194,280.233,279.878,279.977,7522
2021-06-01 10:15:00,279.927,279.977,279.552,279.661,10014
2021-06-01 10:20:00,279.68,279.917,279.601,279.917,9883
2021-06-01 10:25:00,279.907,280.174,279.7,280.056,10951
2021-06-01 10:30:00,280.273,280.376,279.996,280.011,14267
2021-06-01 10:35:00,280.036,280.036,279.562,279.651,13433
2021-06-01 10:40:00,279.601,279.957,279.424,279.898,12780
2021-06-01 10:45:00,279.912,280.243,279.878,280.204,11035
2021-06-01 10:50:00,280.209,280.362,279.977,280.184,13105
2021-06-01 10:55:00,280.194,280.213,279.779,279.809,8627
2021-06-01 11:00:00,279.73,280.411,279.73,280.302,13150
2021-06-01 11:05:00,280.204,280.204,279.769,279.769,8110
2021-06-01 11:10:00,279.661,280.174,279.631,280.115,6749
2021-06-01 11:15:00,280.075,280.386,280.075,280.144,9664
2021-06-01 11:20:00,280.085,280.342,280.085,280.154,5139
2021-06-01 11:25:00,280.194,280.421,280.184,280.302,13365
2021-06-01 11:30:00,280.342,280.574,280.332,280.396,17454
2021-06-01 11:35:00,280.243,280.322,280.065,280.322,5915
2021-06-01 11:40:00,280.273,280.465,280.194,280.334,7760
2021-06-01 11:45:00,280.342,280.342,279.898,279.977,7499
2021-06-01 11:50:00,279.977,280.322,279.977,280.243,7717
2021-06-01 11:55:00,280.342,280.367,280.263,280.347,4685
2021-06-01 12:00:00,280.362,280.362,280.283,280.302,6906
2021-06-01 12:05:00,280.332,280.495,280.273,280.371,9681
2021-06-01 12:10:00,280.381,280.49,280.233,280.233,17660
2021-06-01 12:15:00,280.223,280.223,279.927,280.179,21064
2021-06-01 12:20:00,280.125,280.362,280.125,280.292,8298
2021-06-01 12:25:00,280.421,280.46,280.194,280.317,5957
2021-06-01 12:30:00,280.362,280.362,279.888,279.927,4752
2021-06-01 12:35:00,279.996,280.174,279.937,280.056,6864
2021-06-01 12:40:00,280.056,280.426,280.046,280.352,5337
2021-06-01 12:45:00,280.342,280.45,280.154,280.154,9640
2021-06-01 12:50:00,280.223,280.386,280.065,280.125,5717
2021-06-01 12:55:00,280.12,280.12,279.838,279.838,6440
2021-06-01 13:00:00,279.858,279.937,279.73,279.848,11455
2021-06-01 13:05:00,279.829,280.189,279.829,279.991,12435
2021-06-01 13:10:00,279.986,280.026,279.7,279.799,7131
2021-06-01 13:15:00,279.779,279.809,279.68,279.68,7894
2021-06-01 13:20:00,279.69,279.848,279.552,279.552,10936
2021-06-01 13:25:00,279.606,279.606,279.207,279.295,21592
2021-06-01 13:30:00,279.286,279.523,279.226,279.345,9532
2021-06-01 13:35:00,279.335,279.523,279.226,279.453,7732
2021-06-01 13:40:00,279.453,279.75,279.453,279.592,9858
2021-06-01 13:45:00,279.74,279.74,279.601,279.621,8048
2021-06-01 13:50:00,279.626,279.631,279.414,279.523,8745
2021-06-01 13:55:00,279.552,279.69,279.374,279.508,14316
2021-06-01 14:00:00,279.453,279.562,279.019,279.251,17819
2021-06-01 14:05:00,279.187,279.72,279.167,279.71,11705
2021-06-01 14:10:00,279.69,279.829,279.651,279.651,7081
2021-06-01 14:15:00,279.75,279.809,279.582,279.641,11232
2021-06-01 14:20:00,279.69,279.759,279.325,279.508,13526
2021-06-01 14:25:00,279.453,279.493,279.054,279.246,11952
2021-06-01 14:30:00,279.207,279.384,279.207,279.37,7708
2021-06-01 14:35:00,279.305,279.444,279.295,279.374,9630
2021-06-01 14:40:00,279.256,279.424,279.177,279.197,17701
2021-06-01 14:45:00,279.295,279.601,279.295,279.468,13429
2021-06-01 14:50:00,279.468,279.799,279.37,279.799,17492
2021-06-01 14:55:00,279.769,279.996,279.72,279.898,16485
2021-06-01 15:00:00,279.898,280.125,279.838,280.08,11587
2021-06-01 15:05:00,280.085,280.105,279.907,279.907,8422
2021-06-01 15:10:00,279.947,279.947,279.542,279.572,17059
2021-06-01 15:15:00,279.577,279.74,279.493,279.641,12054
2021-06-01 15:20:00,279.641,279.72,279.601,279.636,8020
2021-06-01 15:25:00,279.671,279.799,279.641,279.74,10033
2021-06-01 15:30:00,279.75,279.799,279.651,279.651,11401
2021-06-01 15:35:00,279.656,279.666,279.453,279.572,15609
2021-06-01 15:40:00,279.621,279.681,279.542,279.552,17341
2021-06-01 15:45:00,279.566,279.621,279.414,279.562,16432
2021-06-01 15:50:00,279.621,279.819,279.473,279.73,24318
2021-06-01 15:55:00,279.641,279.779,279.236,279.414,29055
2021-06-01 16:00:00,279.414,279.503,279.068,279.374,84115
2021-06-01 16:05:00,279.197,279.197,279.197,279.197,15108
2021-06-01 16:10:00,279.197,279.197,279.197,279.197,365
2021-06-01 16:15:00,279.197,279.197,279.197,279.197,543
2021-06-01 16:25:00,279.197,279.197,279.197,279.197,210
2021-06-02 09:25:00,279.197,279.197,279.197,279.197,3958
2021-06-02 09:35:00,281.329,281.892,280.006,280.48,55890
2021-06-02 09:40:00,280.549,280.717,279.365,279.439,21252
2021-06-02 09:45:00,279.315,279.552,278.55,278.595,11663
2021-06-02 09:50:00,278.733,279.463,278.683,279.463,10538
2021-06-02 09:55:00,279.444,280.22,279.118,279.295,16432
2021-06-02 10:00:00,279.32,280.194,279.256,279.967,12152
2021-06-02 10:05:00,280.075,280.441,280.026,280.204,12254
2021-06-02 10:10:00,280.218,280.322,279.819,280.322,9502
2021-06-02 10:15:00,280.312,280.954,280.273,280.87,17302
2021-06-02 10:20:00,280.914,281.24,280.623,280.737,15070
2021-06-02 10:25:00,280.737,280.959,280.534,280.628,10076
2021-06-02 10:30:00,280.722,281.062,280.47,280.47,8472
2021-06-02 10:35:00,280.426,280.668,280.302,280.401,12201
2021-06-02 10:40:00,280.445,280.534,279.829,280.016,9198
2021-06-02 10:45:00,280.039,280.204,279.907,280.07,10314
2021-06-02 10:50:00,280.06,280.381,280.036,280.139,14761
2021-06-02 10:55:00,280.154,280.253,279.72,279.853,15094
2021-06-02 11:00:00,279.866,280.263,279.651,280.085,14278
2021-06-02 11:05:00,280.016,280.204,279.74,279.74,12765
2021-06-02 11:10:00,279.741,279.779,279.513,279.651,10054
2021-06-02 11:15:00,279.888,280.258,279.888,280.239,10409
2021-06-02 11:20:00,280.273,280.322,280.115,280.268,5876
2021-06-02 11:25:00,280.278,280.278,279.829,279.903,9551
2021-06-02 11:30:00,279.819,279.937,279.626,279.814,11355
2021-06-02 11:35:00,279.799,280.204,279.631,279.932,12121
2021-06-02 11:40:00,280.174,280.194,279.848,279.888,8133
2021-06-02 11:45:00,279.838,280.036,279.789,279.996,7188
2021-06-02 11:50:00,280.016,280.184,279.947,280.174,8393
2021-06-02 11:55:00,280.085,280.209,279.829,279.878,5873
2021-06-02 12:00:00,279.878,279.986,279.799,279.838,7666
2021-06-02 12:05:00,279.838,280.075,279.527,279.962,12195
2021-06-02 12:10:00,279.986,280.051,279.73,279.73,8719
2021-06-02 12:15:00,279.651,279.651,279.355,279.355,12617
2021-06-02 12:20:00,279.315,279.345,278.975,279.217,20258
2021-06-02 12:25:00,279.177,279.177,278.753,278.822,9100
2021-06-02 12:30:00,278.792,278.881,278.614,278.881,14349
2021-06-02 12:35:00,278.743,278.782,278.496,278.723,8132
2021-06-02 12:40:00,278.723,278.772,278.427,278.427,8375
2021-06-02 12:45:00,278.387,278.614,278.387,278.437,10935
2021-06-02 12:50:00,278.427,278.555,278.289,278.526,9693
2021-06-02 12:55:00,278.526,278.614,278.358,278.427,8502
2021-06-02 13:00:00,278.442,278.545,278.289,278.545,7175
2021-06-02 13:05:00,278.511,278.545,278.229,278.311,14660
2021-06-02 13:10:00,278.338,278.373,277.864,277.948,8959
2021-06-02 13:15:00,277.894,278.269,277.894,278.269,9377
2021-06-02 13:20:00,278.318,278.683,278.032,278.634,12107
2021-06-02 13:25:00,278.545,278.757,278.496,278.624,6950
2021-06-02 13:30:00,278.654,279.157,278.614,279.088,10242
2021-06-02 13:35:00,279.009,279.138,279.009,279.138,6370
2021-06-02 13:40:00,279.177,279.424,279.147,279.345,7340
2021-06-02 13:45:00,279.394,279.513,279.167,279.246,15105
2021-06-02 13:50:00,279.271,279.453,278.832,279.439,24694
2021-06-02 13:55:00,279.384,279.532,279.187,279.513,10897
2021-06-02 14:00:00,279.518,279.631,279.335,279.567,9482
2021-06-02 14:05:00,279.601,279.868,279.542,279.769,14496
2021-06-02 14:10:00,279.789,280.075,279.779,279.819,19915
2021-06-02 14:15:00,279.809,280.02,279.582,280.02,8706
2021-06-02 14:20:00,280.011,280.194,279.898,280.056,10410
2021-06-02 14:25:00,280.09,280.204,279.917,279.952,11526
2021-06-02 14:30:00,279.977,279.977,279.626,279.7,18767
2021-06-02 14:35:00,279.72,279.75,279.444,279.71,12383
2021-06-02 14:40:00,279.661,279.75,279.532,279.75,10234
2021-06-02 14:45:00,279.7,279.75,279.542,279.542,10219
2021-06-02 14:50:00,279.562,279.621,279.394,279.394,7266
2021-06-02 14:55:00,279.434,279.434,279.167,279.194,9054
2021-06-02 15:00:00,279.226,279.7,279.226,279.592,13410
2021-06-02 15:05:00,279.582,279.582,279.118,279.118,9755
2021-06-02 15:10:00,279.187,279.305,279.098,279.202,10649
2021-06-02 15:15:00,279.167,279.434,278.807,279.236,23065
2021-06-02 15:20:00,279.281,279.384,279.088,279.118,10361
2021-06-02 15:25:00,279.088,279.113,278.93,278.97,8985
2021-06-02 15:30:00,278.989,279.064,278.723,278.817,12869
2021-06-02 15:35:00,278.871,278.891,278.733,278.802,14278
2021-06-02 15:40:00,278.841,278.841,278.575,278.619,24156
2021-06-02 15:45:00,278.703,279.004,278.634,278.753,18590
2021-06-02 15:50:00,278.748,278.92,278.654,278.762,21084
2021-06-02 15:55:00,278.832,278.97,278.753,278.787,37888
2021-06-02 16:00:00,278.812,279.118,278.604,278.851,92587
2021-06-02 16:05:00,278.772,278.772,278.772,278.772,19689
2021-06-02 16:40:00,278.772,278.772,278.772,278.772,1848
2021-06-03 08:50:00,277.153,277.153,277.153,277.153,148
2021-06-03 09:30:00,277.183,277.39,277.065,277.065,1264
2021-06-03 09:35:00,277.153,278.111,274.547,275.643,56044
2021-06-03 09:40:00,276.324,277.405,276.324,276.65,10764
2021-06-03 09:45:00,276.828,277.282,276.571,276.571,7179
2021-06-03 09:50:00,276.561,276.877,276.334,276.68,15258
2021-06-03 09:55:00,276.729,276.739,276.324,276.324,5003
2021-06-03 10:00:00,276.068,276.759,275.628,276.759,13740
2021-06-03 10:05:00,276.719,276.921,276.068,276.443,21806
2021-06-03 10:10:00,276.62,276.961,276.443,276.482,11468
2021-06-03 10:15:00,276.551,277.074,276.551,276.931,7233
2021-06-03 10:20:00,277.015,277.795,277.015,277.282,14122
2021-06-03 10:25:00,277.41,277.588,277.134,277.163,6702
2021-06-03 10:30:00,277.217,277.301,276.66,276.778,10857
2021-06-03 10:35:00,276.64,276.986,276.235,276.364,9993
2021-06-03 10:40:00,276.374,276.818,276.324,276.492,9940
2021-06-03 10:45:00,276.571,276.68,276.255,276.255,7838
2021-06-03 10:50:00,276.265,277.183,276.206,277.035,9298
2021-06-03 10:55:00,277.213,277.479,277.134,277.361,11161
2021-06-03 11:00:00,277.45,277.844,277.45,277.844,9858
2021-06-03 11:05:00,277.874,278.259,277.608,278.16,5704
2021-06-03 11:10:00,278.18,278.476,278.15,278.298,6702
2021-06-03 11:15:00,278.397,278.447,278.081,278.447,6507
2021-06-03 11:20:00,278.461,278.603,278.437,278.575,4770
2021-06-03 11:25:00,278.535,278.97,278.516,278.772,7421
2021-06-03 11:30:00,278.891,279.325,278.891,279.078,10129
2021-06-03 11:35:00,279.078,279.157,278.723,278.723,6886
2021-06-03 11:40:00,278.772,278.896,278.437,278.437,9709
2021-06-03 11:45:00,278.308,278.723,278.308,278.595,7718
2021-06-03 11:50:00,278.693,278.782,278.355,278.432,7159
2021-06-03 11:55:00,278.456,278.595,278.259,278.595,5792
2021-06-03 12:00:00,278.466,278.516,278.091,278.131,5437
2021-06-03 12:05:00,278.131,278.259,277.874,278.2,8685
2021-06-03 12:10:00,278.15,278.427,278.141,278.16,5423
2021-06-03 12:15:00,278.165,278.2,277.874,278.012,6682
2021-06-03 12:20:00,277.983,278.071,277.894,278.003,6706
2021-06-03 12:25:00,277.894,278.254,277.825,278.076,20255
2021-06-03 12:30:00,277.973,277.973,277.785,277.914,16954
2021-06-03 12:35:00,277.933,278.259,277.933,278.21,6386
2021-06-03 12:40:00,278.2,278.526,278.18,278.526,3692
2021-06-03 12:45:00,278.486,278.535,278.466,278.488,2203
2021-06-03 12:50:00,278.476,278.565,278.358,278.368,9437
2021-06-03 12:55:00,278.298,278.298,278.111,278.22,3371
2021-06-03 13:00:00,278.141,278.229,277.973,278.229,9397
2021-06-03 13:05:00,278.19,278.407,278.15,278.318,4710
2021-06-03 13:10:00,278.379,278.516,278.15,278.447,7536
2021-06-03 13:15:00,278.624,278.674,278.535,278.65,5749
2021-06-03 13:20:00,278.644,278.703,278.604,278.659,5299
2021-06-03 13:25:00,278.723,278.822,278.614,278.822,3825
2021-06-03 13:30:00,278.822,278.822,278.674,278.782,2993
2021-06-03 13:35:00,278.659,278.745,278.585,278.624,6049
2021-06-03 13:40:00,278.624,278.753,278.535,278.753,3438
2021-06-03 13:45:00,278.713,278.782,278.604,278.604,5908
2021-06-03 13:50:00,278.644,278.644,278.55,278.644,3461
2021-06-03 13:55:00,278.698,278.777,278.585,278.664,10821
2021-06-03 14:00:00,278.743,278.762,278.516,278.565,3596
2021-06-03 14:05:00,278.516,278.723,278.516,278.683,6279
2021-06-03 14:10:00,278.659,278.664,278.486,278.629,3091
2021-06-03 14:15:00,278.604,278.728,278.575,278.728,6304
2021-06-03 14:20:00,278.713,278.891,278.634,278.861,16809
2021-06-03 14:25:00,278.901,279.098,278.832,279.029,6086
2021-06-03 14:30:00,279.029,279.128,278.95,278.97,5735
2021-06-03 14:35:00,279.059,279.118,279.009,279.098,5568
2021-06-03 14:40:00,279.029,279.128,278.97,279.068,6694
2021-06-03 14:45:00,279.019,279.059,278.901,279.019,4742
2021-06-03 14:50:00,278.98,279.039,278.693,278.782,6110
2021-06-03 14:55:00,278.828,278.999,278.792,278.989,5982
2021-06-03 15:00:00,278.94,278.95,278.772,278.881,6069
2021-06-03 15:05:00,278.822,278.822,278.575,278.575,7800
2021-06-03 15:10:00,278.585,278.604,278.377,278.377,4716
2021-06-03 15:15:00,278.432,278.604,278.318,278.604,5106
2021-06-03 15:20:00,278.585,278.664,278.506,278.516,9515
2021-06-03 15:25:00,278.506,278.638,278.466,278.466,5456
2021-06-03 15:30:00,278.486,278.506,278.417,278.491,6019
2021-06-03 15:35:00,278.496,278.713,278.377,278.654,14643
2021-06-03 15:40:00,278.654,278.94,278.644,278.881,16150
2021-06-03 15:45:00,278.955,279.068,278.683,278.703,12764
2021-06-03 15:50:00,278.822,279.068,278.713,279.068,18035
2021-06-03 15:55:00,279.088,279.286,279.039,279.068,29505
2021-06-03 16:00:00,279.068,279.355,278.871,278.94,97988
2021-06-03 16:05:00,278.93,278.93,278.93,278.93,28937
2021-06-03 16:15:00,278.93,278.93,278.93,278.93,168
2021-06-04 09:35:00,279.986,280.668,278.98,279.68,35199
2021-06-04 09:40:00,279.434,279.868,279.236,279.74,10771
2021-06-04 09:45:00,279.631,279.838,279.394,279.789,7120
2021-06-04 09:50:00,279.671,279.68,278.782,279.187,9492
2021-06-04 09:55:00,279.078,279.217,278.832,278.832,8946
2021-06-04 10:00:00,278.733,279.167,278.733,278.95,10478
2021-06-04 10:05:00,278.955,279.147,278.501,278.713,17866
2021-06-04 10:10:00,278.575,278.614,278.131,278.614,6636
2021-06-04 10:15:00,278.871,278.98,278.782,278.95,6617
2021-06-04 10:20:00,279.017,279.017,278.683,278.891,5261
2021-06-04 10:25:00,278.891,278.891,278.368,278.585,7342
2021-06-04 10:30:00,278.555,278.683,278.141,278.437,18056
2021-06-04 10:35:00,278.476,278.649,278.16,278.422,12218
2021-06-04 10:40:00,278.269,278.683,278.269,278.654,8643
2021-06-04 10:45:00,278.703,278.871,278.496,278.693,5805
2021-06-04 10:50:00,278.644,278.822,278.644,278.812,5504
2021-06-04 10:55:00,278.851,279.128,278.812,279.078,5861
2021-06-04 11:00:00,279.019,279.226,278.999,279.226,7284
2021-06-04 11:05:00,279.315,279.345,279.147,279.345,7359
2021-06-04 11:10:00,279.355,279.414,279.157,279.157,5548
2021-06-04 11:15:00,279.217,279.295,279.029,279.059,4850
2021-06-04 11:20:00,279.138,279.34,279.029,279.029,7319
2021-06-04 11:25:00,279.068,279.217,278.861,278.928,8086
2021-06-04 11:30:00,278.901,278.901,278.377,278.587,12393
2021-06-04 11:35:00,278.555,278.812,278.486,278.713,4050
2021-06-04 11:40:00,278.723,278.723,278.417,278.467,7441
2021-06-04 11:45:00,278.447,278.456,278.205,278.387,10551
2021-06-04 11:50:00,278.432,278.432,278.131,278.17,11465
2021-06-04 11:55:00,278.136,278.136,277.835,277.835,6064
2021-06-04 12:00:00,277.879,278.22,277.874,278.22,6533
2021-06-04 12:05:00,278.19,278.338,278.18,278.21,10062
2021-06-04 12:10:00,278.15,278.15,277.889,277.889,5387
2021-06-04 12:15:00,277.953,278.244,277.953,278.205,7297
2021-06-04 12:20:00,278.215,278.328,278.165,278.19,7606
2021-06-04 12:25:00,278.175,278.486,278.131,278.486,9722
2021-06-04 12:30:00,278.486,278.545,278.318,278.318,5714
2021-06-04 12:35:00,278.368,278.496,278.318,278.318,7680
2021-06-04 12:40:00,278.368,278.427,278.239,278.298,6492
2021-06-04 12:45:00,278.279,278.871,278.269,278.807,11305
2021-06-04 12:50:00,278.792,278.812,278.753,278.753,7278
2021-06-04 12:55:00,278.708,278.743,278.535,278.718,10479
2021-06-04 13:00:00,278.718,278.762,278.654,278.753,4141
2021-06-04 13:05:00,278.812,278.817,278.535,278.575,10551
2021-06-04 13:10:00,278.624,278.703,278.516,278.585,8681
2021-06-04 13:15:00,278.545,278.693,278.456,278.526,11252
2021-06-04 13:20:00,278.491,278.496,278.18,278.18,10703
2021-06-04 13:25:00,278.17,278.348,278.121,278.2,6660
2021-06-04 13:30:00,278.229,278.229,277.914,277.963,16354
2021-06-04 13:35:00,277.963,278.17,277.805,278.17,12789
2021-06-04 13:40:00,278.121,278.387,278.062,278.387,6342
2021-06-04 13:45:00,278.249,278.5,278.249,278.5,4185
2021-06-04 13:50:00,278.466,278.466,278.239,278.368,5752
2021-06-04 13:55:00,278.417,278.417,278.22,278.289,4884
2021-06-04 14:00:00,278.234,278.447,278.22,278.397,5696
2021-06-04 14:05:00,278.358,278.614,278.348,278.614,5583
2021-06-04 14:10:00,278.698,278.812,278.624,278.772,4920
2021-06-04 14:15:00,278.841,278.841,278.585,278.733,4702
2021-06-04 14:20:00,278.753,279.049,278.674,278.95,12765
2021-06-04 14:25:00,278.958,279.374,278.958,279.167,11949
2021-06-04 14:30:00,279.078,279.207,279.029,279.108,10265
2021-06-04 14:35:00,279.098,279.429,279.029,279.335,7076
2021-06-04 14:40:00,279.355,279.592,279.236,279.592,12109
2021-06-04 14:45:00,279.503,279.671,279.503,279.671,3175
2021-06-04 14:50:00,279.671,279.671,279.444,279.601,5656
2021-06-04 14:55:00,279.552,279.71,279.542,279.68,6466
2021-06-04 15:00:00,279.838,279.947,279.68,279.858,8132
2021-06-04 15:05:00,279.843,279.843,279.671,279.789,27353
2021-06-04 15:10:00,279.779,279.937,279.671,279.73,7136
2021-06-04 15:15:00,279.759,279.759,279.592,279.671,9166
2021-06-04 15:20:00,279.651,279.868,279.651,279.69,7620
2021-06-04 15:25:00,279.7,279.7,279.532,279.572,4366
2021-06-04 15:30:00,279.489,279.562,279.355,279.493,8551
2021-06-04 15:35:00,279.597,279.597,279.424,279.473,7015
2021-06-04 15:40:00,279.473,279.502,279.187,279.187,14683
2021-06-04 15:45:00,279.152,279.523,279.108,279.493,12974
2021-06-04 15:50:00,279.503,279.69,279.503,279.582,28502
2021-06-04 15:55:00,279.592,279.641,279.463,279.463,29514
2021-06-04 16:00:00,279.463,279.562,279.147,279.562,89642
2021-06-04 16:05:00,279.552,279.552,279.552,279.552,12839
2021-06-04 16:10:00,279.552,279.552,279.552,279.552,938
2021-06-07 08:05:00,280.194,280.194,280.194,280.194,191
2021-06-07 09:35:00,279.374,280.194,278.17,279.597,30030
2021-06-07 09:40:00,279.631,280.539,279.295,280.085,9212
2021-06-07 09:45:00,280.1,280.12,279.848,280.031,4309
2021-06-07 09:50:00,279.947,279.947,279.291,279.291,3449
2021-06-07 09:55:00,279.286,279.562,279.197,279.374,5625
2021-06-07 10:00:00,279.315,279.592,279.266,279.513,7755
2021-06-07 10:05:00,279.434,279.848,279.434,279.676,9740
2021-06-07 10:10:00,279.473,279.898,279.453,279.463,8542
2021-06-07 10:15:00,279.503,279.73,279.266,279.345,6369
2021-06-07 10:20:00,279.291,279.434,279.246,279.291,3471
2021-06-07 10:25:00,279.374,279.552,279.305,279.355,7539
2021-06-07 10:30:00,279.424,279.424,279.088,279.286,11324
2021-06-07 10:35:00,279.31,279.384,278.989,279.355,5565
2021-06-07 10:40:00,279.32,279.523,279.256,279.389,11929
2021-06-07 10:45:00,279.483,279.582,279.162,279.325,8127
2021-06-07 10:50:00,279.32,279.552,279.246,279.256,7825
2021-06-07 10:55:00,279.256,279.276,278.871,279.068,8568
2021-06-07 11:00:00,279.202,279.295,278.955,278.97,10661
2021-06-07 11:05:00,279.004,279.404,278.985,279.355,17958
2021-06-07 11:10:00,279.197,279.325,278.535,278.6,10089
2021-06-07 11:15:00,278.437,278.891,278.407,278.782,11498
2021-06-07 11:20:00,278.674,278.787,278.57,278.634,18598
2021-06-07 11:25:00,278.629,278.629,278.22,278.224,10777
2021-06-07 11:30:00,278.15,278.239,277.746,277.746,3934
2021-06-07 11:35:00,277.795,277.943,277.558,277.558,5807
2021-06-07 11:40:00,277.529,277.647,277.321,277.612,4976
2021-06-07 11:45:00,277.558,277.765,277.267,277.267,5920
2021-06-07 11:50:00,277.301,277.548,277.227,277.43,5103
2021-06-07 11:55:00,277.292,277.361,277.104,277.213,4496
2021-06-07 12:00:00,277.213,277.617,277.173,277.598,4076
2021-06-07 12:05:00,277.682,277.682,277.41,277.489,7493
2021-06-07 12:10:00,277.548,277.548,277.203,277.262,4881
2021-06-07 12:15:00,277.301,277.38,277.292,277.331,3424
2021-06-07 12:20:00,277.311,277.311,277.065,277.065,7086
2021-06-07 12:25:00,277.094,277.242,277.065,277.084,3192
2021-06-07 12:30:00,277.055,277.272,276.956,277.272,6227
2021-06-07 12:35:00,277.134,277.388,277.134,277.388,5092
2021-06-07 12:40:00,277.272,277.38,277.144,277.193,5910
2021-06-07 12:45:00,277.252,277.568,277.153,277.519,13873
2021-06-07 12:50:00,277.553,277.598,277.44,277.44,8387
2021-06-07 12:55:00,277.42,277.617,277.42,277.578,3751
2021-06-07 13:00:00,277.588,277.726,277.509,277.647,8904
2021-06-07 13:05:00,277.726,277.928,277.588,277.588,7915
2021-06-07 13:10:00,277.578,277.667,277.311,277.42,9623
2021-06-07 13:15:00,277.41,277.775,277.371,277.45,8392
2021-06-07 13:20:00,277.376,277.548,277.144,277.242,14698
2021-06-07 13:25:00,277.292,277.529,277.124,277.163,10692
2021-06-07 13:30:00,277.114,277.397,277.114,277.341,5009
2021-06-07 13:35:00,277.38,277.4,277.124,277.262,5125
2021-06-07 13:40:00,277.232,277.341,276.956,277.341,5351
2021-06-07 13:45:00,277.232,277.242,276.936,277.035,7083
2021-06-07 13:50:00,277.035,277.035,276.828,276.956,8059
2021-06-07 13:55:00,276.976,277.025,276.897,277.025,7365
2021-06-07 14:00:00,277.045,277.114,276.956,277.015,6134
2021-06-07 14:05:00,277.084,277.548,276.936,277.522,8677
2021-06-07 14:10:00,277.39,277.598,277.331,277.538,8740
2021-06-07 14:15:00,277.538,277.588,277.351,277.459,8481
2021-06-07 14:20:00,277.469,277.588,277.361,277.45,7851
2021-06-07 14:25:00,277.459,277.558,277.366,277.366,7853
2021-06-07 14:30:00,277.262,277.558,277.262,277.43,6199
2021-06-07 14:35:00,277.499,277.529,277.272,277.44,6217
2021-06-07 14:40:00,277.499,277.538,277.43,277.459,5201
2021-06-07 14:45:00,277.46,277.568,277.4,277.4,7400
2021-06-07 14:50:00,277.39,277.42,277.242,277.39,7256
2021-06-07 14:55:00,277.42,277.42,277.242,277.38,6136
2021-06-07 15:00:00,277.38,277.538,277.144,277.153,13954
2021-06-07 15:05:00,277.154,277.292,277.154,277.247,7018
2021-06-07 15:10:00,277.247,277.361,277.218,277.361,8450
2021-06-07 15:15:00,277.361,277.37,277.262,277.301,8366
2021-06-07 15:20:00,277.272,277.38,277.272,277.331,7630
2021-06-07 15:25:00,277.302,277.42,277.268,277.272,8294
2021-06-07 15:30:00,277.361,277.489,277.311,277.479,9671
2021-06-07 15:35:00,277.459,277.509,277.331,277.341,8592
2021-06-07 15:40:00,277.351,277.41,277.292,277.351,8183
2021-06-07 15:45:00,277.351,277.558,277.232,277.361,14102
2021-06-07 15:50:00,277.336,277.459,277.104,277.104,14839
2021-06-07 15:55:00,277.193,277.42,277.114,277.341,35927
2021-06-07 16:00:00,277.346,277.637,277.144,277.213,93015
2021-06-07 16:05:00,277.193,277.193,277.193,277.193,3955
2021-06-08 09:35:00,278.308,278.555,277.104,277.815,29636
2021-06-08 09:40:00,277.81,278.18,277.055,277.178,9473
2021-06-08 09:45:00,277.292,277.578,276.936,277.114,9379
2021-06-08 09:50:00,277.03,277.114,276.764,276.838,7144
2021-06-08 09:55:00,276.867,277.341,276.709,276.749,10920
2021-06-08 10:00:00,276.729,276.847,276.472,276.581,9176
2021-06-08 10:05:00,276.699,276.719,276.166,276.334,11410
2021-06-08 10:10:00,276.285,276.314,275.939,275.949,7323
2021-06-08 10:15:00,276.058,276.058,275.391,275.495,13736
2021-06-08 10:20:00,275.508,275.752,275.209,275.298,11854
2021-06-08 10:25:00,275.15,275.485,275.15,275.406,6705
2021-06-08 10:30:00,275.475,275.604,275.298,275.604,8397
2021-06-08 10:35:00,275.574,275.653,275.229,275.317,8377
2021-06-08 10:40:00,275.342,275.959,275.219,275.959,13424
2021-06-08 10:45:00,275.949,276.077,275.623,275.778,10877
2021-06-08 10:50:00,275.732,275.732,275.584,275.658,6608
2021-06-08 10:55:00,275.712,276.156,275.663,275.979,9284
2021-06-08 11:00:00,275.91,276.206,275.9,276.077,6883
2021-06-08 11:05:00,276.176,276.403,276.093,276.166,11935
2021-06-08 11:10:00,276.226,276.226,275.9,276.082,4069
2021-06-08 11:15:00,276.077,276.137,275.688,275.688,9617
2021-06-08 11:20:00,275.732,275.89,275.643,275.89,7845
2021-06-08 11:25:00,275.781,275.781,275.308,275.308,12369
2021-06-08 11:30:00,275.426,275.614,275.426,275.495,7002
2021-06-08 11:35:00,275.614,276.058,275.574,275.831,12127
2021-06-08 11:40:00,275.811,275.92,275.495,275.88,12181
2021-06-08 11:45:00,275.92,276.492,275.86,276.462,22192
2021-06-08 11:50:00,276.541,276.611,276.413,276.611,5312
2021-06-08 11:55:00,276.551,276.798,276.492,276.512,10333
2021-06-08 12:00:00,276.601,276.838,276.581,276.838,4371
2021-06-08 12:05:00,276.818,276.818,276.591,276.749,4657
2021-06-08 12:10:00,276.709,276.778,276.689,276.689,4381
2021-06-08 12:15:00,276.828,276.847,276.749,276.823,3456
2021-06-08 12:20:00,276.823,277.025,276.823,276.907,7095
2021-06-08 12:25:00,276.963,277.178,276.828,277.094,6910
2021-06-08 12:30:00,277.035,277.134,276.798,276.798,9730
2021-06-08 12:35:00,276.818,276.915,276.749,276.84,7393
2021-06-08 12:40:00,276.823,276.887,276.67,276.68,6494
2021-06-08 12:45:00,276.65,276.739,276.561,276.64,8006
2021-06-08 12:50:00,276.68,276.68,276.324,276.374,7541
2021-06-08 12:55:00,276.423,276.532,276.383,276.532,7034
2021-06-08 13:00:00,276.561,276.571,276.423,276.472,5428
2021-06-08 13:05:00,276.524,276.541,276.423,276.541,5945
2021-06-08 13:10:00,276.541,276.611,276.453,276.591,5672
2021-06-08 13:15:00,276.611,276.68,276.561,276.67,4326
2021-06-08 13:20:00,276.67,276.699,276.472,276.472,8570
2021-06-08 13:25:00,276.551,276.65,276.358,276.393,9914
2021-06-08 13:30:00,276.403,276.403,276.102,276.142,6489
2021-06-08 13:35:00,276.166,276.374,276.156,276.314,5213
2021-06-08 13:40:00,276.275,276.598,276.275,276.458,4792
2021-06-08 13:45:00,276.433,276.541,276.403,276.472,4762
2021-06-08 13:50:00,276.482,276.502,276.354,276.413,6045
2021-06-08 13:55:00,276.364,276.364,276.156,276.314,9671
2021-06-08 14:00:00,276.255,276.295,276.156,276.176,2780
2021-06-08 14:05:00,276.204,276.235,276.117,276.186,5561
2021-06-08 14:10:00,276.226,276.541,276.226,276.532,6868
2021-06-08 14:15:00,276.522,276.66,276.492,276.532,6727
2021-06-08 14:20:00,276.492,276.611,276.462,276.462,5648
2021-06-08 14:25:00,276.492,276.946,276.492,276.946,7605
2021-06-08 14:30:00,276.946,276.976,276.778,276.912,8589
2021-06-08 14:35:00,276.936,276.966,276.64,276.665,8555
2021-06-08 14:40:00,276.502,276.694,276.443,276.692,5673
2021-06-08 14:45:00,276.739,276.739,276.561,276.709,6279
2021-06-08 14:50:00,276.67,276.714,276.532,276.66,10416
2021-06-08 14:55:00,276.547,276.68,276.547,276.63,3999
2021-06-08 15:00:00,276.67,276.759,276.63,276.699,18792
2021-06-08 15:05:00,276.66,276.704,276.583,276.704,4501
2021-06-08 15:10:00,276.709,276.709,276.591,276.65,5269
2021-06-08 15:15:00,276.63,276.907,276.625,276.907,6065
2021-06-08 15:20:00,276.867,276.907,276.749,276.897,9195
2021-06-08 15:25:00,276.907,277.04,276.887,277.005,8233
2021-06-08 15:30:00,277.035,277.223,276.936,277.223,8993
2021-06-08 15:35:00,277.173,277.173,277.06,277.074,11106
2021-06-08 15:40:00,277.065,277.232,277.065,277.163,11134
2021-06-08 15:45:00,277.134,277.232,276.986,277.153,13216
2021-06-08 15:50:00,277.124,277.242,277.04,277.124,17470
2021-06-08 15:55:00,277.223,277.627,277.223,277.548,30632
2021-06-08 16:00:00,277.519,277.775,277.321,277.38,79042
2021-06-08 16:05:00,277.38,277.38,277.38,277.38,23869
2021-06-08 16:10:00,275.386,275.386,271.458,271.458,3725
2021-06-08 16:15:00,271.616,273.926,271.428,273.926,9380
2021-06-09 07:05:00,275.9,275.9,275.9,275.9,200
2021-06-09 07:50:00,275.406,275.406,275.406,275.406,241
2021-06-09 08:45:00,276.295,276.295,276.295,276.295,472
2021-06-09 09:05:00,277.38,277.38,277.38,277.38,100
2021-06-09 09:15:00,276.166,276.166,275.9,275.9,1784
2021-06-09 09:20:00,276.147,276.147,276.147,276.147,836
2021-06-09 09:30:00,275.406,275.406,273.659,273.659,1090
2021-06-09 09:35:00,275.91,276.842,274.459,274.983,109119
2021-06-09 09:40:00,275.011,275.604,274.735,275.268,54959
2021-06-09 09:45:00,275.396,275.47,274.093,274.093,26403
2021-06-09 09:50:00,274.261,274.755,273.847,274.594,28592
2021-06-09 09:55:00,274.636,275.189,274.496,274.636,42305
2021-06-09 10:00:00,274.636,275.505,274.419,275.48,42695
2021-06-09 10:05:00,275.485,275.643,274.932,275.076,31970
2021-06-09 10:10:00,275.14,275.406,274.498,274.518,28134
2021-06-09 10:15:00,274.538,274.794,274.34,274.577,26412
2021-06-09 10:20:00,274.498,275.176,274.419,274.824,32557
2021-06-09 10:25:00,274.765,275.525,274.735,275.323,17510
2021-06-09 10:30:00,275.347,275.347,274.602,274.76,11264
2021-06-09 10:35:00,274.824,275.225,274.824,275.041,9747
2021-06-09 10:40:00,274.942,275.061,274.547,274.705,16456
2021-06-09 10:45:00,274.794,275.11,274.784,275.051,14732
2021-06-09 10:50:00,275.15,275.337,275.145,275.337,11018
2021-06-09 10:55:00,275.258,275.258,274.646,274.715,9098
2021-06-09 11:00:00,274.626,274.834,274.577,274.809,11048
2021-06-09 11:05:00,274.819,274.819,274.34,274.488,10312
2021-06-09 11:10:00,274.409,274.597,274.33,274.33,6596
2021-06-09 11:15:00,274.33,274.518,274.291,274.38,14398
2021-06-09 11:20:00,274.36,274.676,274.311,274.547,10888
2021-06-09 11:25:00,274.518,274.614,274.36,274.595,7683
2021-06-09 11:30:00,274.617,274.617,274.301,274.498,7487
2021-06-09 11:35:00,274.503,274.528,274.251,274.36,15497
2021-06-09 11:40:00,274.311,274.607,274.311,274.587,29354
2021-06-09 11:45:00,274.557,274.765,274.36,274.696,39973
2021-06-09 11:50:00,274.646,274.666,274.192,274.32,18637
2021-06-09 11:55:00,274.355,274.419,274.054,274.054,14338
2021-06-09 12:00:00,274.044,274.093,273.797,273.817,23346
2021-06-09 12:05:00,273.787,273.975,273.758,273.847,21097
2021-06-09 12:10:00,273.827,273.975,273.718,273.926,11740
2021-06-09 12:15:00,273.876,273.896,273.481,273.755,21726
2021-06-09 12:20:00,273.689,273.856,273.679,273.728,7097
2021-06-09 12:25:00,273.758,273.827,273.616,273.699,11623
2021-06-09 12:30:00,273.708,273.708,273.501,273.501,7081
2021-06-09 12:35:00,273.57,273.699,273.511,273.669,12715
2021-06-09 12:40:00,273.659,273.797,273.649,273.674,6094
2021-06-09 12:45:00,273.708,273.876,273.61,273.861,10072
2021-06-09 12:50:00,273.861,273.906,273.432,273.6,12780
2021-06-09 12:55:00,273.639,273.649,273.343,273.491,8654
2021-06-09 13:00:00,273.314,273.442,273.195,273.373,7818
2021-06-09 13:05:00,273.422,273.699,273.422,273.679,7933
2021-06-09 13:10:00,273.649,273.679,273.422,273.501,6843
2021-06-09 13:15:00,273.58,273.58,273.343,273.378,10240
2021-06-09 13:20:00,273.373,273.876,273.373,273.807,10855
2021-06-09 13:25:00,273.866,273.975,273.659,273.659,9800
2021-06-09 13:30:00,273.663,273.708,273.373,273.708,6573
2021-06-09 13:35:00,273.629,273.669,273.57,273.632,7222
2021-06-09 13:40:00,273.522,273.57,273.284,273.383,6921
2021-06-09 13:45:00,273.402,273.491,273.314,273.447,10120
2021-06-09 13:50:00,273.412,273.412,273.284,273.412,8031
2021-06-09 13:55:00,273.422,273.422,273.21,273.21,7143
2021-06-09 14:00:00,273.146,273.244,273.027,273.136,14840
2021-06-09 14:05:00,273.156,273.57,273.146,273.501,45135
2021-06-09 14:10:00,273.491,273.59,273.274,273.274,13051
2021-06-09 14:15:00,273.287,273.363,273.165,273.165,3816
2021-06-09 14:20:00,273.215,273.57,273.086,273.501,13188
2021-06-09 14:25:00,273.491,273.501,273.195,273.222,11392
2021-06-09 14:30:00,273.264,273.294,273.136,273.225,9925
2021-06-09 14:35:00,273.225,273.55,273.215,273.511,12955
2021-06-09 14:40:00,273.471,273.471,273.338,273.442,9465
2021-06-09 14:45:00,273.323,273.393,273.175,273.175,13641
2021-06-09 14:50:00,273.254,273.314,273.017,273.096,10550
2021-06-09 14:55:00,273.091,273.126,272.8,272.8,14163
2021-06-09 15:00:00,272.825,272.879,272.553,272.721,16808
2021-06-09 15:05:00,272.736,272.741,272.563,272.672,15796
2021-06-09 15:10:00,272.771,273.61,272.771,273.559,48491
2021-06-09 15:15:00,273.55,273.55,273.304,273.388,14007
2021-06-09 15:20:00,273.353,273.402,273.19,273.312,12870
2021-06-09 15:25:00,273.304,273.58,273.304,273.531,23337
2021-06-09 15:30:00,273.501,273.881,273.412,273.738,26569
2021-06-09 15:35:00,273.699,273.876,273.521,273.827,42653
2021-06-09 15:40:00,273.817,274.123,273.743,273.827,84912
2021-06-09 15:45:00,273.827,273.926,273.669,273.777,44445
2021-06-09 15:50:00,273.856,274.074,273.837,273.921,51277
2021-06-09 15:55:00,273.906,273.97,273.694,273.792,55804
2021-06-09 16:00:00,273.792,273.797,273.294,273.383,131958
2021-06-09 16:05:00,273.393,273.393,273.393,273.393,11289
2021-06-09 17:00:00,273.393,273.393,273.393,273.393,500
2021-06-09 17:20:00,273.392,273.393,273.392,273.393,200
2021-06-09 18:30:00,273.393,273.393,273.393,273.393,386
2021-06-10 06:50:00,277.163,277.163,277.035,277.035,200
2021-06-10 07:30:00,275.061,275.061,275.061,275.061,500
2021-06-10 08:30:00,276.344,276.344,276.344,276.344,300
2021-06-10 08:40:00,276.147,276.147,276.147,276.147,500
2021-06-10 08:45:00,276.147,276.147,276.147,276.147,1200
2021-06-10 08:55:00,276.147,276.147,276.147,276.147,1400
2021-06-10 09:00:00,276.393,276.393,276.393,276.393,574
2021-06-10 09:30:00,277.015,279.039,277.015,279.039,1555
2021-06-10 09:35:00,278.318,278.822,275.9,276.393,115288
2021-06-10 09:40:00,276.216,276.867,274.291,275.386,40205
2021-06-10 09:45:00,275.461,275.535,274.814,275.002,15518
2021-06-10 09:50:00,274.972,275.9,274.878,275.9,27258
2021-06-10 09:55:00,276.008,276.176,275.742,275.959,19676
2021-06-10 10:00:00,275.969,276.117,275.337,275.979,18510
2021-06-10 10:05:00,275.673,276.265,275.673,276.117,14196
2021-06-10 10:10:00,276.068,276.068,274.903,275.071,23165
2021-06-10 10:15:00,274.913,274.913,274.232,274.232,15146
2021-06-10 10:20:00,274.291,274.33,273.807,274.034,15105
2021-06-10 10:25:00,273.861,273.975,273.175,273.55,25210
2021-06-10 10:30:00,273.61,273.61,273.156,273.235,20355
2021-06-10 10:35:00,273.199,273.353,272.948,273.116,17552
2021-06-10 10:40:00,273.077,273.876,273.077,273.467,14976
2021-06-10 10:45:00,273.452,273.955,273.412,273.748,8487
2021-06-10 10:50:00,273.699,274.113,273.669,273.896,9827
2021-06-10 10:55:00,273.896,273.995,273.432,273.432,7844
2021-06-10 11:00:00,273.383,273.511,273.165,273.402,8122
2021-06-10 11:05:00,273.462,273.62,273.412,273.48,7348
2021-06-10 11:10:00,273.476,273.541,273.412,273.541,7262
2021-06-10 11:15:00,273.555,273.6,273.175,273.358,9962
2021-06-10 11:20:00,273.363,273.728,273.363,273.639,11156
2021-06-10 11:25:00,273.669,273.669,273.175,273.353,13036
2021-06-10 11:30:00,273.363,273.501,272.879,272.879,8197
2021-06-10 11:35:00,272.869,273.077,272.859,273.032,6915
2021-06-10 11:40:00,273.062,273.501,273.062,273.432,5819
2021-06-10 11:45:00,273.605,273.965,273.605,273.842,13570
2021-06-10 11:50:00,273.832,274.093,273.832,274.079,5857
2021-06-10 11:55:00,274.014,274.014,273.55,273.55,12401
2021-06-10 12:00:00,273.496,273.649,273.244,273.639,10784
2021-06-10 12:05:00,273.639,273.945,273.639,273.926,8355
2021-06-10 12:10:00,273.896,274.222,273.896,274.143,7512
2021-06-10 12:15:00,274.222,274.222,273.708,273.876,16072
2021-06-10 12:20:00,273.876,273.896,273.585,273.728,10679
2021-06-10 12:25:00,273.768,274.005,273.768,273.847,5291
2021-06-10 12:30:00,273.866,274.044,273.629,273.995,5629
2021-06-10 12:35:00,273.828,274.597,273.808,274.518,40430
2021-06-10 12:40:00,274.538,275.021,274.538,274.858,21236
2021-06-10 12:45:00,275.003,275.11,274.656,274.76,12149
2021-06-10 12:50:00,274.789,274.972,274.666,274.941,7085
2021-06-10 12:55:00,274.992,275.061,274.853,274.903,5337
2021-06-10 13:00:00,274.903,274.927,274.607,274.819,7325
2021-06-10 13:05:00,274.735,274.844,274.577,274.715,9294
2021-06-10 13:10:00,274.755,275.036,274.755,274.765,6512
2021-06-10 13:15:00,274.883,275.011,274.814,274.952,6525
2021-06-10 13:20:00,275.002,275.11,274.765,274.863,8549
2021-06-10 13:25:00,274.853,274.952,274.715,274.715,4362
2021-06-10 13:30:00,274.774,274.873,274.33,274.34,15544
2021-06-10 13:35:00,274.37,274.617,274.32,274.444,8143
2021-06-10 13:40:00,274.498,274.715,274.439,274.715,6465
2021-06-10 13:45:00,274.705,274.705,274.567,274.665,4260
2021-06-10 13:50:00,274.673,274.873,274.596,274.863,7918
2021-06-10 13:55:00,274.774,274.774,274.232,274.429,14418
2021-06-10 14:00:00,274.399,274.488,274.054,274.054,8821
2021-06-10 14:05:00,274.118,274.202,273.935,274.202,9404
2021-06-10 14:10:00,274.19,274.19,273.985,274.044,3822
2021-06-10 14:15:00,273.985,274.093,273.777,273.95,13931
2021-06-10 14:20:00,273.995,274.0,273.886,273.901,5105
2021-06-10 14:25:00,273.945,273.975,273.817,273.935,7338
2021-06-10 14:30:00,273.866,274.014,273.807,273.807,6745
2021-06-10 14:35:00,273.861,273.866,273.669,273.817,7593
2021-06-10 14:40:00,273.787,273.787,273.58,273.679,7034
2021-06-10 14:45:00,273.689,273.827,273.639,273.718,9771
2021-06-10 14:50:00,273.659,273.738,273.501,273.659,10580
2021-06-10 14:55:00,273.659,273.807,273.56,273.728,6437
2021-06-10 15:00:00,273.797,273.975,273.56,273.639,11383
2021-06-10 15:05:00,273.694,273.713,273.481,273.57,6667
2021-06-10 15:10:00,273.55,273.708,273.487,273.674,5745
2021-06-10 15:15:00,273.629,273.807,273.629,273.669,5038
2021-06-10 15:20:00,273.708,273.906,273.708,273.827,6468
2021-06-10 15:25:00,273.847,273.916,273.787,273.827,9673
2021-06-10 15:30:00,273.827,273.975,273.782,273.975,6782
2021-06-10 15:35:00,273.945,274.232,273.935,274.232,11829
2021-06-10 15:40:00,274.192,274.449,274.064,274.37,12993
2021-06-10 15:45:00,274.36,274.409,274.202,274.212,13090
2021-06-10 15:50:00,274.212,274.241,274.024,274.064,13663
2021-06-10 15:55:00,274.133,274.498,274.133,274.261,22528
2021-06-10 16:00:00,274.261,274.449,273.876,274.36,75362
2021-06-10 16:05:00,274.281,274.281,274.281,274.281,12071
2021-06-10 16:15:00,274.281,274.281,274.281,274.281,2857
2021-06-11 09:05:00,273.582,273.582,273.582,273.582,101
2021-06-11 09:35:00,274.281,274.923,273.59,274.567,41781
2021-06-11 09:40:00,274.389,274.853,274.153,274.804,18289
2021-06-11 09:45:00,274.874,274.874,274.222,274.552,11671
2021-06-11 09:50:00,274.459,274.873,274.291,274.468,20826
2021-06-11 09:55:00,274.399,274.587,274.192,274.269,10585
2021-06-11 10:00:00,274.271,274.874,274.143,274.874,11357
2021-06-11 10:05:00,274.735,275.011,274.567,275.011,10484
2021-06-11 10:10:00,275.15,275.204,274.853,274.992,12549
2021-06-11 10:15:00,274.913,274.992,274.587,274.735,4451
2021-06-11 10:20:00,274.646,274.824,274.498,274.661,10729
2021-06-11 10:25:00,274.641,274.641,274.232,274.291,19916
2021-06-11 10:30:00,274.311,274.478,274.054,274.054,10566
2021-06-11 10:35:00,274.192,274.251,273.926,273.926,10813
2021-06-11 10:40:00,273.866,273.935,273.541,273.61,12378
2021-06-11 10:45:00,273.565,273.669,273.077,273.432,11934
2021-06-11 10:50:00,273.55,273.55,273.106,273.161,6693
2021-06-11 10:55:00,273.106,273.151,272.879,272.899,5438
2021-06-11 11:00:00,273.017,273.235,272.973,273.032,11151
2021-06-11 11:05:00,273.032,273.21,272.968,272.998,10796
2021-06-11 11:10:00,273.086,273.284,273.017,273.126,5780
2021-06-11 11:15:00,273.136,273.471,272.968,273.447,9576
2021-06-11 11:20:00,273.467,273.467,273.008,273.008,7860
2021-06-11 11:25:00,272.899,273.116,272.78,273.106,11553
2021-06-11 11:30:00,273.175,273.442,273.175,273.235,11050
2021-06-11 11:35:00,273.235,273.235,272.948,273.163,7805
2021-06-11 11:40:00,273.077,273.077,272.484,272.509,14735
2021-06-11 11:45:00,272.455,272.692,272.188,272.554,14421
2021-06-11 11:50:00,272.632,272.963,272.583,272.746,5376
2021-06-11 11:55:00,272.761,272.761,272.558,272.563,4458
2021-06-11 12:00:00,272.504,272.534,272.198,272.514,6596
2021-06-11 12:05:00,272.529,272.573,272.356,272.425,4711
2021-06-11 12:10:00,272.391,272.425,272.178,272.287,9769
2021-06-11 12:15:00,272.267,272.366,272.168,272.336,5753
2021-06-11 12:20:00,272.346,272.395,272.188,272.346,7352
2021-06-11 12:25:00,272.336,272.474,272.267,272.346,10066
2021-06-11 12:30:00,272.346,272.346,271.991,272.149,8470
2021-06-11 12:35:00,272.173,272.307,272.04,272.307,8325
2021-06-11 12:40:00,272.238,272.257,272.085,272.218,8383
2021-06-11 12:45:00,272.218,272.267,272.119,272.238,7853
2021-06-11 12:50:00,272.297,272.351,272.198,272.218,8296
2021-06-11 12:55:00,272.223,272.257,272.104,272.134,6345
2021-06-11 13:00:00,272.109,272.109,271.714,271.796,15662
2021-06-11 13:05:00,271.803,271.872,271.675,271.774,22726
2021-06-11 13:10:00,271.784,271.784,271.507,271.675,13637
2021-06-11 13:15:00,271.695,271.912,271.645,271.882,14386
2021-06-11 13:20:00,271.887,272.257,271.887,272.198,9485
2021-06-11 13:25:00,272.267,272.317,272.173,272.208,10247
2021-06-11 13:30:00,272.188,272.188,271.922,272.178,11458
2021-06-11 13:35:00,272.164,272.238,272.07,272.188,11090
2021-06-11 13:40:00,272.188,272.198,272.011,272.06,14275
2021-06-11 13:45:00,272.08,272.16,272.001,272.04,11568
2021-06-11 13:50:00,272.07,272.287,272.07,272.257,11590
2021-06-11 13:55:00,272.228,272.326,272.178,272.218,9121
2021-06-11 14:00:00,272.159,272.366,272.09,272.307,12670
2021-06-11 14:05:00,272.326,272.514,272.317,272.46,14424
2021-06-11 14:10:00,272.504,272.563,272.336,272.563,9800
2021-06-11 14:15:00,272.524,272.637,272.524,272.637,13021
2021-06-11 14:20:00,272.662,272.729,272.514,272.613,12533
2021-06-11 14:25:00,272.672,272.909,272.627,272.85,11425
2021-06-11 14:30:00,272.85,273.037,272.85,272.998,7255
2021-06-11 14:35:00,273.003,273.096,272.899,272.938,12002
2021-06-11 14:40:00,272.899,272.948,272.8,272.909,7990
2021-06-11 14:45:00,272.958,272.958,272.79,272.8,6615
2021-06-11 14:50:00,272.889,273.057,272.889,273.012,6465
2021-06-11 14:55:00,272.929,273.116,272.84,273.067,7461
2021-06-11 15:00:00,273.07,273.195,273.037,273.195,6561
2021-06-11 15:05:00,273.126,273.185,273.067,273.146,7443
2021-06-11 15:10:00,273.205,273.225,273.106,273.175,3772
2021-06-11 15:15:00,273.205,273.284,273.126,273.284,14839
2021-06-11 15:20:00,273.254,273.393,273.086,273.235,14711
2021-06-11 15:25:00,273.221,273.221,273.057,273.106,10529
2021-06-11 15:30:00,273.086,273.126,272.859,272.929,10826
2021-06-11 15:35:00,272.909,273.027,272.859,272.948,11951
2021-06-11 15:40:00,272.988,273.116,272.929,273.077,17392
2021-06-11 15:45:00,273.027,273.047,272.425,272.909,42322
2021-06-11 15:50:00,272.929,273.151,272.909,272.948,21555
2021-06-11 15:55:00,273.017,273.116,272.948,272.983,28746
2021-06-11 16:00:00,273.017,273.225,272.79,273.106,103948
2021-06-11 16:05:00,273.175,273.175,273.175,273.175,8753
2021-06-11 16:35:00,273.175,273.175,273.175,273.175,5783
2021-06-14 09:35:00,272.494,273.624,271.329,271.517,46691
2021-06-14 09:40:00,271.665,271.788,271.005,271.005,14494
2021-06-14 09:45:00,271.196,271.62,271.196,271.347,10101
2021-06-14 09:50:00,271.359,271.714,271.231,271.468,16888
2021-06-14 09:55:00,271.221,271.882,271.221,271.734,8443
2021-06-14 10:00:00,271.556,271.556,271.088,271.088,8772
2021-06-14 10:05:00,271.25,271.386,270.964,271.315,8678
2021-06-14 10:10:00,271.288,271.31,271.043,271.127,3046
2021-06-14 10:15:00,271.033,271.043,270.54,270.569,11514
2021-06-14 10:20:00,270.402,270.994,270.4,270.777,10889
2021-06-14 10:25:00,270.727,270.777,270.559,270.643,6316
2021-06-14 10:30:00,270.579,270.806,270.362,270.787,12313
2021-06-14 10:35:00,270.668,270.93,270.569,270.836,6788
2021-06-14 10:40:00,270.806,270.984,270.796,270.905,9125
2021-06-14 10:45:00,270.925,270.925,270.726,270.865,8848
2021-06-14 10:50:00,270.757,270.826,270.619,270.727,6458
2021-06-14 10:55:00,270.737,270.915,270.688,270.856,5528
2021-06-14 11:00:00,270.836,270.836,270.629,270.634,7028
2021-06-14 11:05:00,270.698,271.132,270.698,271.132,9358
2021-06-14 11:10:00,271.083,271.162,270.994,271.162,6662
2021-06-14 11:15:00,271.004,271.083,270.638,270.658,6473
2021-06-14 11:20:00,270.708,270.708,270.54,270.55,5483
2021-06-14 11:25:00,270.579,270.579,270.402,270.49,4907
2021-06-14 11:30:00,270.53,270.53,270.323,270.362,5403
2021-06-14 11:35:00,270.357,270.357,270.017,270.056,5604
2021-06-14 11:40:00,270.066,270.342,269.79,269.79,12416
2021-06-14 11:45:00,269.809,269.977,269.523,269.898,13929
2021-06-14 11:50:00,269.898,270.125,269.898,270.023,6693
2021-06-14 11:55:00,269.977,269.977,269.73,269.888,9588
2021-06-14 12:00:00,269.829,270.046,269.829,270.026,5155
2021-06-14 12:05:00,270.036,270.036,269.75,269.765,6152
2021-06-14 12:10:00,269.792,269.918,269.77,269.854,13733
2021-06-14 12:15:00,269.859,269.859,269.592,269.77,7979
2021-06-14 12:20:00,269.75,269.76,269.523,269.646,9410
2021-06-14 12:25:00,269.602,269.602,269.187,269.187,16791
2021-06-14 12:30:00,269.138,269.503,269.079,269.217,12016
2021-06-14 12:35:00,269.217,269.454,269.178,269.414,9880
2021-06-14 12:40:00,269.444,269.444,269.266,269.306,6730
2021-06-14 12:45:00,269.326,269.335,268.871,269.029,11021
2021-06-14 12:50:00,268.931,269.128,268.911,268.911,9145
2021-06-14 12:55:00,268.862,268.901,268.496,268.496,9387
2021-06-14 13:00:00,268.437,268.723,268.314,268.723,12628
2021-06-14 13:05:00,268.664,268.802,268.556,268.575,11267
2021-06-14 13:10:00,268.575,268.575,268.334,268.487,16172
2021-06-14 13:15:00,268.516,268.852,268.516,268.684,6536
2021-06-14 13:20:00,268.684,268.753,268.546,268.723,7913
2021-06-14 13:25:00,268.723,268.812,268.605,268.773,7387
2021-06-14 13:30:00,268.694,268.723,268.565,268.585,6462
2021-06-14 13:35:00,268.62,268.635,268.309,268.329,10768
2021-06-14 13:40:00,268.353,268.408,268.171,268.269,11953
2021-06-14 13:45:00,268.319,268.625,268.23,268.506,19008
2021-06-14 13:50:00,268.541,268.541,268.003,268.437,18534
2021-06-14 13:55:00,268.457,268.96,268.422,268.871,5619
2021-06-14 14:00:00,268.832,269.01,268.556,268.684,8698
2021-06-14 14:05:00,268.733,268.802,268.659,268.802,7525
2021-06-14 14:10:00,268.783,268.812,268.487,268.531,6864
2021-06-14 14:15:00,268.605,268.664,268.348,268.408,6997
2021-06-14 14:20:00,268.348,268.842,268.25,268.842,17877
2021-06-14 14:25:00,268.743,269.118,268.718,269.108,11493
2021-06-14 14:30:00,269.029,269.345,268.881,269.316,11212
2021-06-14 14:35:00,269.256,269.266,268.96,269.089,7806
2021-06-14 14:40:00,269.089,269.266,268.99,269.089,10230
2021-06-14 14:45:00,269.128,269.335,269.089,269.306,10786
2021-06-14 14:50:00,269.276,269.385,269.099,269.237,13475
2021-06-14 14:55:00,269.296,269.365,269.158,269.296,7422
2021-06-14 15:00:00,269.375,269.444,269.306,269.335,8208
2021-06-14 15:05:00,269.276,269.414,269.02,269.232,23100
2021-06-14 15:10:00,269.276,269.306,269.133,269.227,10538
2021-06-14 15:15:00,269.245,269.572,269.245,269.508,11487
2021-06-14 15:20:00,269.558,269.602,269.405,269.464,11018
2021-06-14 15:25:00,269.395,269.661,269.247,269.572,16056
2021-06-14 15:30:00,269.587,269.73,269.434,269.73,12775
2021-06-14 15:35:00,269.75,269.75,269.345,269.444,26848
2021-06-14 15:40:00,269.424,269.582,269.405,269.469,26593
2021-06-14 15:45:00,269.493,270.061,269.454,269.967,21842
2021-06-14 15:50:00,269.962,270.195,269.962,270.174,17653
2021-06-14 15:55:00,270.184,270.224,269.967,270.036,37416
2021-06-14 16:00:00,270.026,270.263,269.809,270.224,79995
2021-06-14 16:05:00,270.234,270.234,270.234,270.234,23126
2021-06-15 08:20:00,271.399,271.399,271.399,271.399,500
2021-06-15 09:20:00,270.234,270.234,270.234,270.234,1313
2021-06-15 09:30:00,270.471,272.03,270.471,271.399,1476
2021-06-15 09:35:00,271.379,271.379,269.74,270.021,36882
2021-06-15 09:40:00,270.021,270.624,269.237,269.395,20658
2021-06-15 09:45:00,269.197,269.484,268.98,269.202,15018
2021-06-15 09:50:00,269.306,269.617,269.049,269.049,7624
2021-06-15 09:55:00,269.059,269.335,268.891,269.335,7421
2021-06-15 10:00:00,269.171,269.661,269.049,269.656,10666
2021-06-15 10:05:00,269.582,269.582,269.039,269.039,7471
2021-06-15 10:10:00,269.049,269.049,268.773,268.921,9516
2021-06-15 10:15:00,268.994,269.01,268.802,268.842,7781
2021-06-15 10:20:00,269.049,269.394,269.049,269.158,7853
2021-06-15 10:25:00,269.074,269.375,269.069,269.326,8298
2021-06-15 10:30:00,269.484,269.908,269.385,269.908,6990
2021-06-15 10:35:00,269.908,269.908,269.316,269.365,14770
2021-06-15 10:40:00,269.266,269.286,268.97,269.0,11736
2021-06-15 10:45:00,268.99,269.464,268.99,269.464,9240
2021-06-15 10:50:00,269.326,269.345,268.723,268.783,9701
2021-06-15 10:55:00,268.857,269.128,268.793,268.832,9302
2021-06-15 11:00:00,268.941,269.01,268.704,268.763,9082
2021-06-15 11:05:00,268.842,268.842,268.57,268.674,6510
2021-06-15 11:10:00,268.733,268.793,268.595,268.659,5621
2021-06-15 11:15:00,268.654,268.654,268.378,268.605,4921
2021-06-15 11:20:00,268.546,268.98,268.546,268.773,15219
2021-06-15 11:25:00,268.758,268.891,268.704,268.743,7053
2021-06-15 11:30:00,268.684,268.941,268.635,268.871,7139
2021-06-15 11:35:00,268.876,268.876,268.511,268.516,3515
2021-06-15 11:40:00,268.427,268.457,268.2,268.334,7382
2021-06-15 11:45:00,268.368,268.709,268.368,268.709,5297
2021-06-15 11:50:00,268.625,268.812,268.565,268.802,7492
2021-06-15 11:55:00,268.753,268.753,268.605,268.694,4542
2021-06-15 12:00:00,268.699,268.793,268.694,268.738,4242
2021-06-15 12:05:00,268.704,268.704,268.516,268.664,7907
2021-06-15 12:10:00,268.723,268.881,268.723,268.832,3033
2021-06-15 12:15:00,268.901,268.911,268.753,268.842,7947
2021-06-15 12:20:00,269.007,269.089,268.842,268.97,5010
2021-06-15 12:25:00,268.96,269.079,268.871,269.079,5223
2021-06-15 12:30:00,269.059,269.089,268.931,269.089,8445
2021-06-15 12:35:00,269.138,269.138,268.793,268.793,3108
2021-06-15 12:40:00,268.783,268.783,268.526,268.526,5658
2021-06-15 12:45:00,268.565,268.812,268.565,268.752,4664
2021-06-15 12:50:00,268.763,268.802,268.615,268.704,7577
2021-06-15 12:55:00,268.684,268.733,268.625,268.733,6491
2021-06-15 13:00:00,268.644,268.876,268.644,268.876,4284
2021-06-15 13:05:00,268.921,268.921,268.644,268.743,5187
2021-06-15 13:10:00,268.75,268.95,268.733,268.783,4634
2021-06-15 13:15:00,268.753,268.842,268.684,268.783,5488
2021-06-15 13:20:00,268.803,268.812,268.723,268.743,5495
2021-06-15 13:25:00,268.743,268.822,268.733,268.822,7510
2021-06-15 13:30:00,268.753,268.753,268.635,268.694,3272
2021-06-15 13:35:00,268.635,268.99,268.635,268.955,5810
2021-06-15 13:40:00,268.96,269.316,268.852,269.256,6578
2021-06-15 13:45:00,269.261,269.444,269.261,269.345,5317
2021-06-15 13:50:00,269.484,269.523,269.365,269.484,7915
2021-06-15 13:55:00,269.553,269.674,269.405,269.464,21336
2021-06-15 14:00:00,269.474,269.691,269.306,269.572,50514
2021-06-15 14:05:00,269.523,269.641,269.395,269.434,17404
2021-06-15 14:10:00,269.414,269.434,269.187,269.227,14738
2021-06-15 14:15:00,269.178,269.385,269.178,269.256,10621
2021-06-15 14:20:00,269.256,269.365,269.079,269.178,11886
2021-06-15 14:25:00,269.173,269.173,269.01,269.089,14254
2021-06-15 14:30:00,269.029,269.128,268.98,269.059,19543
2021-06-15 14:35:00,269.074,269.345,268.97,269.276,28052
2021-06-15 14:40:00,269.286,269.365,269.217,269.306,17516
2021-06-15 14:45:00,269.355,269.375,269.158,269.202,15702
2021-06-15 14:50:00,269.187,269.464,269.148,269.335,20449
2021-06-15 14:55:00,269.355,269.365,268.96,269.064,24028
2021-06-15 15:00:00,269.054,269.108,268.822,268.822,17757
2021-06-15 15:05:00,268.832,268.862,268.368,268.427,21452
2021-06-15 15:10:00,268.388,268.763,268.388,268.664,9623
2021-06-15 15:15:00,268.743,268.842,268.635,268.842,7998
2021-06-15 15:20:00,268.788,269.01,268.788,268.98,8587
2021-06-15 15:25:00,268.901,268.901,268.378,268.457,37019
2021-06-15 15:30:00,268.496,268.59,268.329,268.482,17854
2021-06-15 15:35:00,268.477,268.477,268.259,268.388,10734
2021-06-15 15:40:00,268.368,268.526,268.338,268.491,28172
2021-06-15 15:45:00,268.496,268.654,268.398,268.412,39601
2021-06-15 15:50:00,268.412,268.654,268.358,268.422,48841
2021-06-15 15:55:00,268.388,268.388,268.018,268.19,52464
2021-06-15 16:00:00,268.092,268.19,267.628,268.131,170201
2021-06-15 16:05:00,268.121,268.121,268.121,268.121,13460
2021-06-15 16:15:00,268.121,268.121,268.121,268.121,242
2021-06-16 07:35:00,268.496,268.496,268.496,268.496,200
2021-06-16 09:35:00,268.743,269.256,266.868,267.49,36711
2021-06-16 09:40:00,267.618,268.338,267.497,267.894,14190
2021-06-16 09:45:00,267.939,268.19,267.154,267.154,10228
2021-06-16 09:50:00,267.154,267.371,266.601,266.828,19540
2021-06-16 09:55:00,266.878,267.302,266.838,267.114,17086
2021-06-16 10:00:00,267.164,267.692,267.085,267.341,17129
2021-06-16 10:05:00,267.44,267.889,267.43,267.885,9644
2021-06-16 10:10:00,267.825,267.825,267.341,267.341,9453
2021-06-16 10:15:00,267.302,267.351,267.164,267.193,6853
2021-06-16 10:20:00,267.134,267.134,266.643,266.7,8251
2021-06-16 10:25:00,266.789,266.789,266.572,266.616,12133
2021-06-16 10:30:00,266.655,266.803,266.423,266.542,18449
2021-06-16 10:35:00,266.562,266.71,266.394,266.581,10061
2021-06-16 10:40:00,266.581,266.769,266.364,266.384,10329
2021-06-16 10:45:00,266.381,266.404,265.989,266.246,11210
2021-06-16 10:50:00,266.305,266.621,266.305,266.399,10500
2021-06-16 10:55:00,266.399,266.665,266.275,266.572,17759
2021-06-16 11:00:00,266.641,266.966,266.576,266.927,6632
2021-06-16 11:05:00,266.966,267.035,266.828,266.884,8656
2021-06-16 11:10:00,266.789,267.124,266.769,267.035,8769
2021-06-16 11:15:00,267.055,267.292,267.045,267.292,4293
2021-06-16 11:20:00,267.361,267.549,267.114,267.213,12292
2021-06-16 11:25:00,267.174,267.297,267.164,267.188,6858
2021-06-16 11:30:00,267.134,267.134,266.858,267.006,5491
2021-06-16 11:35:00,267.009,267.095,266.913,266.966,6501
2021-06-16 11:40:00,266.956,267.065,266.878,266.976,4120
2021-06-16 11:45:00,266.932,266.986,266.848,266.862,7637
2021-06-16 11:50:00,266.858,266.897,266.7,266.739,8916
2021-06-16 11:55:00,266.759,266.907,266.739,266.774,6605
2021-06-16 12:00:00,266.758,266.986,266.758,266.808,6072
2021-06-16 12:05:00,266.833,266.833,266.7,266.71,4303
2021-06-16 12:10:00,266.739,266.966,266.739,266.897,5561
2021-06-16 12:15:00,266.897,267.193,266.897,267.193,6307
2021-06-16 12:20:00,267.116,267.302,267.085,267.144,7624
2021-06-16 12:25:00,267.124,267.144,267.065,267.105,6052
2021-06-16 12:30:00,267.075,267.124,267.045,267.114,8449
2021-06-16 12:35:00,267.134,267.282,267.134,267.174,14828
2021-06-16 12:40:00,267.184,267.203,266.868,266.887,6917
2021-06-16 12:45:00,266.849,267.095,266.828,267.085,8843
2021-06-16 12:50:00,267.075,267.085,266.818,266.818,8932
2021-06-16 12:55:00,266.838,266.917,266.799,266.848,8287
2021-06-16 13:00:00,266.887,267.124,266.887,267.035,3577
2021-06-16 13:05:00,267.035,267.075,266.937,266.947,4847
2021-06-16 13:10:00,266.907,266.976,266.868,266.937,4947
2021-06-16 13:15:00,266.887,267.095,266.818,267.095,5950
2021-06-16 13:20:00,267.1,267.1,266.937,266.986,7619
2021-06-16 13:25:00,266.907,266.907,266.68,266.68,9929
2021-06-16 13:30:00,266.72,266.828,266.572,266.66,8604
2021-06-16 13:35:00,266.631,266.65,266.473,266.473,7581
2021-06-16 13:40:00,266.394,266.512,266.344,266.512,6593
2021-06-16 13:45:00,266.453,266.453,265.905,265.93,9788
2021-06-16 13:50:00,265.989,266.093,265.658,265.713,6548
2021-06-16 13:55:00,265.683,265.959,265.486,265.94,8951
2021-06-16 14:00:00,265.969,266.216,265.924,265.93,7069
2021-06-16 14:05:00,265.673,265.683,264.064,264.508,22139
2021-06-16 14:10:00,264.262,265.347,264.202,265.288,13295
2021-06-16 14:15:00,265.061,265.328,264.637,264.726,13744
2021-06-16 14:20:00,264.775,264.834,264.301,264.38,14923
2021-06-16 14:25:00,264.341,264.647,264.262,264.489,20269
2021-06-16 14:30:00,264.548,264.854,264.454,264.513,15813
2021-06-16 14:35:00,264.439,264.632,264.133,264.581,22126
2021-06-16 14:40:00,264.508,264.972,264.311,264.884,30542
2021-06-16 14:45:00,264.696,265.032,264.429,264.824,18832
2021-06-16 14:50:00,264.726,265.071,264.587,264.696,26152
2021-06-16 14:55:00,264.755,265.584,264.755,265.555,10324
2021-06-16 15:00:00,265.535,265.836,265.387,265.836,27967
2021-06-16 15:05:00,265.713,265.747,265.609,265.747,10513
2021-06-16 15:10:00,265.713,265.742,265.515,265.575,13263
2021-06-16 15:15:00,265.584,265.752,265.476,265.703,18258
2021-06-16 15:20:00,265.713,265.802,265.56,265.678,13642
2021-06-16 15:25:00,265.728,266.078,265.57,266.078,14807
2021-06-16 15:30:00,265.989,265.989,265.535,265.584,21845
2021-06-16 15:35:00,265.579,265.584,265.101,265.145,19706
2021-06-16 15:40:00,265.13,265.417,265.061,265.407,20773
2021-06-16 15:45:00,265.407,265.466,265.041,265.13,19944
2021-06-16 15:50:00,265.091,265.259,265.091,265.199,21210
2021-06-16 15:55:00,265.17,265.308,264.735,264.795,50226
2021-06-16 16:00:00,264.814,265.328,264.814,265.101,103932
2021-06-16 16:05:00,265.022,265.022,265.022,265.022,16418
2021-06-16 16:35:00,265.022,265.022,265.022,265.022,156
2021-06-17 07:05:00,263.561,263.561,263.561,263.561,505
2021-06-17 09:30:00,266.177,266.522,266.029,266.522,1854
2021-06-17 09:35:00,266.167,266.246,265.041,265.476,44367
2021-06-17 09:40:00,265.461,265.688,264.913,265.688,4692
2021-06-17 09:45:00,265.545,265.752,264.375,264.375,9466
2021-06-17 09:50:00,264.385,265.032,264.291,265.032,10089
2021-06-17 09:55:00,264.864,265.032,264.676,265.032,5967
2021-06-17 10:00:00,264.785,264.785,264.114,264.114,8131
2021-06-17 10:05:00,264.104,264.76,264.054,264.76,11256
2021-06-17 10:10:00,264.992,264.992,263.798,264.153,12441
2021-06-17 10:15:00,264.153,264.331,263.808,263.808,10575
2021-06-17 10:20:00,263.985,264.972,263.906,264.972,24373
2021-06-17 10:25:00,264.972,265.056,264.568,264.686,16709
2021-06-17 10:30:00,264.606,264.982,264.558,264.565,8984
2021-06-17 10:35:00,264.587,264.696,264.35,264.597,7749
2021-06-17 10:40:00,264.647,264.834,264.449,264.449,35980
2021-06-17 10:45:00,264.568,264.913,264.538,264.548,27220
2021-06-17 10:50:00,264.528,265.012,264.528,264.854,12295
2021-06-17 10:55:00,264.854,264.903,264.025,264.104,9879
2021-06-17 11:00:00,264.173,264.37,264.035,264.153,8785
2021-06-17 11:05:00,264.044,264.272,263.966,264.044,9526
2021-06-17 11:10:00,264.03,264.03,263.482,263.482,7233
2021-06-17 11:15:00,263.284,263.492,263.265,263.358,6072
2021-06-17 11:20:00,263.362,263.719,263.324,263.719,8538
2021-06-17 11:25:00,263.709,263.808,263.59,263.709,6355
2021-06-17 11:30:00,263.521,263.758,263.521,263.738,6461
2021-06-17 11:35:00,263.679,263.857,263.63,263.788,4136
2021-06-17 11:40:00,263.847,263.857,263.62,263.753,7735
2021-06-17 11:45:00,263.719,263.748,263.354,263.531,14093
2021-06-17 11:50:00,263.521,263.768,263.521,263.62,7180
2021-06-17 11:55:00,263.689,263.689,263.408,263.521,8863
2021-06-17 12:00:00,263.679,263.763,263.447,263.447,8195
2021-06-17 12:05:00,263.314,263.314,262.949,263.245,8810
2021-06-17 12:10:00,263.329,263.329,262.811,262.85,7420
2021-06-17 12:15:00,263.018,263.45,262.969,263.304,6265
2021-06-17 12:20:00,263.324,263.363,262.702,262.75,8756
2021-06-17 12:25:00,262.593,262.663,262.297,262.297,10388
2021-06-17 12:30:00,262.514,262.702,262.357,262.623,9758
2021-06-17 12:35:00,262.554,263.057,262.524,263.018,27716
2021-06-17 12:40:00,263.146,263.349,263.146,263.284,5654
2021-06-17 12:45:00,263.284,263.6,263.284,263.477,7182
2021-06-17 12:50:00,263.541,263.571,263.373,263.492,3654
2021-06-17 12:55:00,263.502,263.635,263.442,263.541,3882
2021-06-17 13:00:00,263.541,263.847,263.452,263.729,11046
2021-06-17 13:05:00,263.729,264.41,263.729,264.114,7459
2021-06-17 13:10:00,264.025,264.193,263.847,264.193,4363
2021-06-17 13:15:00,264.074,264.39,264.074,264.35,5048
2021-06-17 13:20:00,264.193,264.499,264.193,264.346,5059
2021-06-17 13:25:00,264.429,264.573,264.242,264.573,10159
2021-06-17 13:30:00,264.681,264.681,264.153,264.153,12216
2021-06-17 13:35:00,264.173,264.459,264.148,264.329,6669
2021-06-17 13:40:00,264.38,264.686,264.38,264.597,27489
2021-06-17 13:45:00,264.538,264.666,264.36,264.597,11936
2021-06-17 13:50:00,264.578,264.785,264.518,264.716,7456
2021-06-17 13:55:00,264.775,264.874,264.647,264.844,12660
2021-06-17 14:00:00,264.765,265.081,264.686,264.963,10738
2021-06-17 14:05:00,264.923,265.278,264.923,265.14,7533
2021-06-17 14:10:00,265.071,265.209,264.982,264.992,6867
2021-06-17 14:15:00,264.982,265.239,264.982,265.199,7929
2021-06-17 14:20:00,265.229,265.446,265.199,265.402,6809
2021-06-17 14:25:00,265.387,265.417,265.219,265.417,15748
2021-06-17 14:30:00,265.397,265.772,265.288,265.624,10930
2021-06-17 14:35:00,265.644,265.683,265.397,265.505,14081
2021-06-17 14:40:00,265.436,265.436,265.18,265.318,7627
2021-06-17 14:45:00,265.358,265.466,265.128,265.362,7013
2021-06-17 14:50:00,265.417,265.496,265.12,265.12,7878
2021-06-17 14:55:00,265.091,265.219,265.002,265.204,6749
2021-06-17 15:00:00,265.199,265.52,265.199,265.446,7168
2021-06-17 15:05:00,265.476,265.703,265.239,265.673,9012
2021-06-17 15:10:00,265.599,265.663,265.515,265.548,8610
2021-06-17 15:15:00,265.614,266.216,265.614,266.216,11553
2021-06-17 15:20:00,266.196,266.374,266.177,266.275,16260
2021-06-17 15:25:00,266.275,266.414,266.098,266.108,11136
2021-06-17 15:30:00,266.137,266.335,266.117,266.305,10238
2021-06-17 15:35:00,266.364,266.409,266.108,266.108,18740
2021-06-17 15:40:00,266.137,266.453,265.9,266.453,26612
2021-06-17 15:45:00,266.463,266.532,266.34,266.344,20499
2021-06-17 15:50:00,266.344,266.463,266.127,266.127,23932
2021-06-17 15:55:00,266.196,266.364,265.876,266.038,31302
2021-06-17 16:00:00,266.088,266.315,265.673,265.673,95909
2021-06-17 16:05:00,265.762,265.762,265.762,265.762,15536
2021-06-17 16:10:00,265.762,265.762,265.762,265.762,307
2021-06-17 16:40:00,265.762,265.762,265.762,265.762,4270
2021-06-17 19:10:00,264.814,264.814,264.814,264.814,200
2021-06-17 19:45:00,266.216,266.216,266.216,266.216,100
2021-06-18 09:35:00,263.423,265.515,262.682,264.341,447825
2021-06-18 09:40:00,263.877,264.992,263.699,264.972,12937
2021-06-18 09:45:00,264.686,265.259,264.123,265.259,13236
2021-06-18 09:50:00,265.219,265.347,264.765,264.864,9288
2021-06-18 09:55:00,264.716,264.839,264.123,264.242,7732
2021-06-18 10:00:00,264.311,265.199,264.311,265.041,9200
2021-06-18 10:05:00,264.963,264.963,263.511,263.511,7710
2021-06-18 10:10:00,263.581,264.459,263.581,264.38,11466
2021-06-18 10:15:00,264.4,264.923,264.163,264.923,8762
2021-06-18 10:20:00,264.953,264.953,264.548,264.548,4931
2021-06-18 10:25:00,264.42,265.041,264.39,264.706,8579
2021-06-18 10:30:00,264.558,264.755,264.489,264.666,7062
2021-06-18 10:35:00,264.696,264.884,264.4,264.691,7544
2021-06-18 10:40:00,264.721,265.298,264.721,265.19,8086
2021-06-18 10:45:00,265.022,265.604,265.022,265.53,15645
2021-06-18 10:50:00,265.525,265.742,265.209,265.649,15661
2021-06-18 10:55:00,265.732,265.732,265.194,265.194,20535
2021-06-18 11:00:00,265.229,265.328,265.15,265.273,7039
2021-06-18 11:05:00,265.19,265.417,264.765,264.765,7936
2021-06-18 11:10:00,264.77,264.918,264.548,264.666,7790
2021-06-18 11:15:00,264.691,264.864,264.661,264.785,8834
2021-06-18 11:20:00,264.824,265.451,264.775,265.283,11567
2021-06-18 11:25:00,265.236,265.841,265.17,265.639,15690
2021-06-18 11:30:00,265.653,266.029,265.653,266.019,12717
2021-06-18 11:35:00,265.871,266.157,265.802,265.881,10526
2021-06-18 11:40:00,265.881,266.206,265.821,266.093,9351
2021-06-18 11:45:00,266.093,266.093,265.777,265.93,9382
2021-06-18 11:50:00,265.851,266.522,265.851,266.522,10134
2021-06-18 11:55:00,266.542,266.552,266.127,266.206,12959
2021-06-18 12:00:00,266.187,266.433,266.187,266.256,4387
2021-06-18 12:05:00,266.246,266.285,265.89,265.95,2797
2021-06-18 12:10:00,265.95,266.344,265.95,266.335,4082
2021-06-18 12:15:00,266.478,266.478,266.117,266.206,8048
2021-06-18 12:20:00,266.256,266.256,266.038,266.038,3632
2021-06-18 12:25:00,266.073,266.117,265.95,266.019,4222
2021-06-18 12:30:00,266.058,266.187,265.703,266.187,8260
2021-06-18 12:35:00,266.088,266.127,265.782,265.979,6755
2021-06-18 12:40:00,265.93,265.94,265.683,265.713,4284
2021-06-18 12:45:00,265.653,265.673,265.525,265.673,5383
2021-06-18 12:50:00,265.545,265.545,265.298,265.417,5210
2021-06-18 12:55:00,265.377,265.703,265.377,265.599,4971
2021-06-18 13:00:00,265.579,265.579,265.318,265.545,6236
2021-06-18 13:05:00,265.575,265.742,265.486,265.629,2284
2021-06-18 13:10:00,265.594,265.732,265.525,265.673,5435
2021-06-18 13:15:00,265.713,266.137,265.713,266.137,4728
2021-06-18 13:20:00,266.098,266.117,265.95,265.95,5448
2021-06-18 13:25:00,266.019,266.108,265.91,265.95,8944
2021-06-18 13:30:00,265.92,265.92,265.624,265.653,16714
2021-06-18 13:35:00,265.634,266.058,265.634,265.846,12017
2021-06-18 13:40:00,265.9,266.038,265.811,265.841,10424
2021-06-18 13:45:00,265.851,265.979,265.713,265.713,4554
2021-06-18 13:50:00,265.663,265.663,265.436,265.505,6307
2021-06-18 13:55:00,265.407,265.614,265.407,265.575,7507
2021-06-18 14:00:00,265.525,265.703,265.496,265.584,4453
2021-06-18 14:05:00,265.545,265.895,265.426,265.831,8993
2021-06-18 14:10:00,265.851,265.95,265.693,265.752,9235
2021-06-18 14:15:00,265.743,265.92,265.644,265.836,4986
2021-06-18 14:20:00,265.841,265.94,265.841,265.881,5007
2021-06-18 14:25:00,265.969,266.088,265.9,266.078,7738
2021-06-18 14:30:00,265.969,266.048,265.851,266.048,5943
2021-06-18 14:35:00,266.019,266.048,265.9,265.9,6458
2021-06-18 14:40:00,265.94,265.94,265.713,265.713,5235
2021-06-18 14:45:00,265.762,265.821,265.683,265.683,6459
2021-06-18 14:50:00,265.732,265.89,265.698,265.762,10100
2021-06-18 14:55:00,265.752,266.068,265.742,265.89,5638
2021-06-18 15:00:00,265.92,265.92,265.703,265.92,5154
2021-06-18 15:05:00,265.861,265.979,265.742,265.814,8387
2021-06-18 15:10:00,265.782,265.782,265.545,265.644,8492
2021-06-18 15:15:00,265.596,265.871,265.456,265.871,6225
2021-06-18 15:20:00,265.831,265.89,265.752,265.782,10149
2021-06-18 15:25:00,265.811,266.226,265.752,266.216,10683
2021-06-18 15:30:00,266.068,266.108,265.644,265.811,12452
2021-06-18 15:35:00,265.762,265.772,265.239,265.431,28610
2021-06-18 15:40:00,265.456,265.456,265.061,265.456,17754
2021-06-18 15:45:00,265.377,265.657,265.278,265.555,21044
2021-06-18 15:50:00,265.565,265.686,265.17,265.175,32992
2021-06-18 15:55:00,265.111,265.742,265.071,265.422,45548
2021-06-18 16:00:00,265.367,265.505,264.548,264.558,142290
2021-06-18 16:05:00,264.706,264.706,264.706,264.706,107641
2021-06-18 16:10:00,264.706,264.706,264.706,264.706,18458
2021-06-18 16:35:00,264.706,264.706,264.706,264.706,964
2021-06-21 09:30:00,266.976,267.114,266.976,267.114,660
2021-06-21 09:35:00,266.522,268.881,265.693,268.852,60662
2021-06-21 09:40:00,268.871,269.78,268.635,269.207,26987
2021-06-21 09:45:00,269.099,269.335,268.457,268.565,19598
2021-06-21 09:50:00,268.467,268.842,268.378,268.753,9762
2021-06-21 09:55:00,268.635,269.034,268.585,268.983,10678
2021-06-21 10:00:00,268.99,269.187,268.279,268.438,16441
2021-06-21 10:05:00,268.358,268.644,268.338,268.585,12672
2021-06-21 10:10:00,268.437,269.237,268.437,269.237,11184
2021-06-21 10:15:00,269.168,269.345,268.704,268.921,5623
2021-06-21 10:20:00,269.02,269.484,269.02,269.256,10951
2021-06-21 10:25:00,269.414,270.056,269.414,269.768,17724
2021-06-21 10:30:00,269.794,269.839,269.414,269.691,10180
2021-06-21 10:35:00,269.641,269.888,269.533,269.75,9885
2021-06-21 10:40:00,269.681,270.372,269.681,270.026,9363
2021-06-21 10:45:00,269.928,270.145,269.829,269.977,10126
2021-06-21 10:50:00,269.967,270.174,269.829,269.829,6537
2021-06-21 10:55:00,269.918,270.155,269.898,270.155,4900
2021-06-21 11:00:00,270.086,270.145,269.928,270.096,8031
2021-06-21 11:05:00,270.056,270.273,269.78,270.026,22092
2021-06-21 11:10:00,270.017,270.135,269.908,269.957,6430
2021-06-21 11:15:00,270.017,270.471,269.839,270.411,19006
2021-06-21 11:20:00,270.471,270.964,270.471,270.55,8821
2021-06-21 11:25:00,270.545,270.846,270.431,270.431,5335
2021-06-21 11:30:00,270.431,270.796,270.283,270.777,7346
2021-06-21 11:35:00,270.846,270.846,270.471,270.471,8031
2021-06-21 11:40:00,270.564,270.629,270.431,270.569,4070
2021-06-21 11:45:00,270.559,270.668,270.421,270.471,5963
2021-06-21 11:50:00,270.5,270.564,270.273,270.446,6590
2021-06-21 11:55:00,270.421,270.609,270.323,270.411,3369
2021-06-21 12:00:00,270.352,270.352,269.839,270.105,5603
2021-06-21 12:05:00,269.987,270.204,269.987,270.125,9622
2021-06-21 12:10:00,270.194,270.253,269.918,270.026,12968
2021-06-21 12:15:00,269.799,269.997,269.651,269.849,4905
2021-06-21 12:20:00,269.711,269.868,269.523,269.641,4021
2021-06-21 12:25:00,269.602,269.602,269.187,269.187,2988
2021-06-21 12:30:00,269.079,269.128,268.832,268.842,6329
2021-06-21 12:35:00,268.936,269.059,268.881,268.941,3327
2021-06-21 12:40:00,268.891,269.069,268.871,268.871,4577
2021-06-21 12:45:00,268.95,268.97,268.738,268.738,3718
2021-06-21 12:50:00,268.694,268.822,268.625,268.696,5877
2021-06-21 12:55:00,268.714,268.793,268.575,268.635,3594
2021-06-21 13:00:00,268.595,268.644,268.437,268.575,4070
2021-06-21 13:05:00,268.556,268.822,268.556,268.723,4418
2021-06-21 13:10:00,268.704,268.793,268.625,268.674,6688
2021-06-21 13:15:00,268.752,269.227,268.704,269.118,5115
2021-06-21 13:20:00,269.059,269.097,268.793,268.891,5757
2021-06-21 13:25:00,268.97,269.0,268.842,268.901,3344
2021-06-21 13:30:00,268.959,269.015,268.763,268.763,4195
2021-06-21 13:35:00,268.862,268.921,268.753,268.901,4083
2021-06-21 13:40:00,268.871,268.886,268.496,268.585,7620
2021-06-21 13:45:00,268.526,269.01,268.526,268.98,7888
2021-06-21 13:50:00,268.95,269.089,268.901,269.089,4488
2021-06-21 13:55:00,269.01,269.099,268.96,268.96,2503
2021-06-21 14:00:00,269.0,269.089,268.931,268.98,2785
2021-06-21 14:05:00,268.97,269.059,268.822,268.881,7239
2021-06-21 14:10:00,268.99,268.99,268.763,268.941,5008
2021-06-21 14:15:00,268.95,268.95,268.783,268.817,3138
2021-06-21 14:20:00,268.763,268.881,268.674,268.753,4033
2021-06-21 14:25:00,268.733,268.812,268.496,268.595,4792
2021-06-21 14:30:00,268.558,268.743,268.506,268.631,6217
2021-06-21 14:35:00,268.548,268.664,268.467,268.615,6710
2021-06-21 14:40:00,268.605,268.894,268.605,268.793,3539
2021-06-21 14:45:00,268.684,268.793,268.674,268.783,3585
2021-06-21 14:50:00,268.704,268.822,268.678,268.822,3219
2021-06-21 14:55:00,268.684,268.743,268.625,268.654,3951
2021-06-21 15:00:00,268.644,269.0,268.625,269.0,6939
2021-06-21 15:05:00,269.01,269.089,268.881,268.881,8169
2021-06-21 15:10:00,268.916,269.187,268.852,269.178,5508
2021-06-21 15:15:00,269.118,269.247,268.822,268.832,6790
2021-06-21 15:20:00,268.901,269.207,268.901,269.123,6066
2021-06-21 15:25:00,269.089,269.158,268.96,269.074,21966
2021-06-21 15:30:00,269.086,269.385,268.95,269.353,9487
2021-06-21 15:35:00,269.256,269.276,269.108,269.237,8974
2021-06-21 15:40:00,269.187,269.187,268.995,269.049,9098
2021-06-21 15:45:00,269.039,269.187,268.941,269.0,10403
2021-06-21 15:50:00,269.029,269.049,268.852,269.039,14606
2021-06-21 15:55:00,269.059,269.503,269.059,269.464,28186
2021-06-21 16:00:00,269.513,269.711,269.276,269.602,77845
2021-06-21 16:05:00,269.582,269.582,269.582,269.582,29906
2021-06-21 16:40:00,269.582,269.582,269.582,269.582,537
2021-06-22 08:15:00,269.484,269.484,269.484,269.484,100
2021-06-22 08:45:00,269.484,269.484,269.484,269.484,100
2021-06-22 09:35:00,269.908,270.145,269.78,269.78,20855
2021-06-22 09:40:00,269.819,269.819,268.487,268.822,7457
2021-06-22 09:45:00,269.02,270.125,269.02,270.007,4556
2021-06-22 09:50:00,270.046,270.406,269.76,270.174,4453
2021-06-22 09:55:00,270.184,270.505,270.135,270.155,7173
2021-06-22 10:00:00,270.125,270.392,270.125,270.392,2940
2021-06-22 10:05:00,270.599,270.801,270.293,270.402,5764
2021-06-22 10:10:00,270.54,270.638,270.323,270.342,3267
2021-06-22 10:15:00,270.441,270.441,269.898,269.987,9130
2021-06-22 10:20:00,270.096,270.609,270.096,270.52,5053
2021-06-22 10:25:00,270.421,270.717,270.402,270.658,4241
2021-06-22 10:30:00,270.787,270.939,270.747,270.791,5109
2021-06-22 10:35:00,270.816,270.856,270.678,270.831,3941
2021-06-22 10:40:00,270.836,271.063,270.737,271.053,7011
2021-06-22 10:45:00,271.014,271.211,270.895,271.211,4112
2021-06-22 10:50:00,271.27,271.334,271.122,271.221,5475
2021-06-22 10:55:00,271.379,271.626,271.339,271.399,6939
2021-06-22 11:00:00,271.408,271.606,271.408,271.566,7138
2021-06-22 11:05:00,271.547,271.547,271.122,271.369,6779
2021-06-22 11:10:00,271.369,271.369,270.93,271.004,4435
2021-06-22 11:15:00,271.004,271.27,270.994,271.132,5026
2021-06-22 11:20:00,271.201,271.329,271.014,271.181,7149
2021-06-22 11:25:00,271.181,271.28,270.935,271.28,5703
2021-06-22 11:30:00,271.28,271.596,271.28,271.369,5469
2021-06-22 11:35:00,271.389,271.389,271.128,271.162,1716
2021-06-22 11:40:00,270.826,270.969,270.678,270.806,5178
2021-06-22 11:45:00,270.826,271.028,270.668,270.777,5889
2021-06-22 11:50:00,270.791,270.925,270.569,270.637,5542
2021-06-22 11:55:00,270.646,270.646,270.323,270.323,2786
2021-06-22 12:00:00,270.318,270.372,270.214,270.293,3464
2021-06-22 12:05:00,270.414,270.51,270.076,270.165,3273
2021-06-22 12:10:00,270.253,270.313,269.987,270.046,2883
2021-06-22 12:15:00,270.076,270.293,269.947,269.947,4737
2021-06-22 12:20:00,269.918,270.086,269.849,269.947,3648
2021-06-22 12:25:00,269.78,269.829,269.671,269.79,1982
2021-06-22 12:30:00,269.878,269.928,269.73,269.928,2476
2021-06-22 12:35:00,269.918,269.928,269.592,269.592,6922
2021-06-22 12:40:00,269.602,269.681,269.572,269.632,3171
2021-06-22 12:45:00,269.612,269.809,269.612,269.651,3608
2021-06-22 12:50:00,269.602,269.602,269.414,269.592,3761
2021-06-22 12:55:00,269.74,269.74,269.424,269.474,2157
2021-06-22 13:00:00,269.395,269.454,269.355,269.387,3351
2021-06-22 13:05:00,269.402,269.434,269.237,269.316,4032
2021-06-22 13:10:00,269.242,269.562,269.242,269.523,4808
2021-06-22 13:15:00,269.484,269.76,269.454,269.76,3118
2021-06-22 13:20:00,269.671,269.681,269.572,269.572,4225
2021-06-22 13:25:00,269.641,269.849,269.641,269.748,5006
2021-06-22 13:30:00,269.79,269.849,269.75,269.75,4608
2021-06-22 13:35:00,269.701,269.839,269.641,269.79,2866
2021-06-22 13:40:00,269.74,269.76,269.612,269.76,3424
2021-06-22 13:45:00,269.661,269.986,269.661,269.986,2994
2021-06-22 13:50:00,269.957,269.957,269.651,269.819,7531
2021-06-22 13:55:00,269.868,269.868,269.589,269.671,5282
2021-06-22 14:00:00,269.632,269.859,269.622,269.849,3286
2021-06-22 14:05:00,269.75,269.809,269.543,269.602,6657
2021-06-22 14:10:00,269.681,269.711,269.562,269.711,4789
2021-06-22 14:15:00,269.632,269.651,269.286,269.493,5572
2021-06-22 14:20:00,269.582,269.592,269.493,269.534,2862
2021-06-22 14:25:00,269.562,269.75,269.562,269.608,2619
2021-06-22 14:30:00,269.646,269.79,269.582,269.75,7216
2021-06-22 14:35:00,269.671,269.928,269.671,269.928,3526
2021-06-22 14:40:00,269.849,270.066,269.711,269.987,6288
2021-06-22 14:45:00,270.014,270.014,269.523,269.533,9874
2021-06-22 14:50:00,269.543,269.543,269.405,269.498,3794
2021-06-22 14:55:00,269.513,269.572,269.464,269.493,4533
2021-06-22 15:00:00,269.484,269.553,269.414,269.553,4469
2021-06-22 15:05:00,269.493,269.661,269.434,269.503,3158
2021-06-22 15:10:00,269.567,269.868,269.444,269.859,19443
2021-06-22 15:15:00,269.967,270.234,269.967,270.179,6386
2021-06-22 15:20:00,270.174,270.352,270.066,270.194,4240
2021-06-22 15:25:00,270.194,270.51,270.194,270.466,5531
2021-06-22 15:30:00,270.5,270.688,270.461,270.619,6369
2021-06-22 15:35:00,270.629,270.836,270.52,270.619,8533
2021-06-22 15:40:00,270.638,270.683,270.402,270.402,8074
2021-06-22 15:45:00,270.5,270.54,270.313,270.332,10020
2021-06-22 15:50:00,270.332,270.559,270.303,270.303,15266
2021-06-22 15:55:00,270.244,270.411,270.066,270.387,17630
2021-06-22 16:00:00,270.352,270.352,269.809,269.898,48394
2021-06-22 16:05:00,269.938,269.938,269.938,269.938,20639
2021-06-22 16:40:00,269.701,269.701,269.681,269.681,818
2021-06-23 09:35:00,269.977,271.023,269.533,269.868,38325
2021-06-23 09:40:00,269.375,269.671,268.635,268.674,7922
2021-06-23 09:45:00,268.496,269.282,268.496,268.99,4493
2021-06-23 09:50:00,269.133,269.345,269.0,269.138,5902
2021-06-23 09:55:00,269.237,269.493,268.59,268.654,6669
2021-06-23 10:00:00,268.615,269.632,268.615,269.627,5955
2021-06-23 10:05:00,269.711,270.273,269.572,270.273,16451
2021-06-23 10:10:00,270.066,270.194,269.75,269.864,9094
2021-06-23 10:15:00,269.799,270.135,269.641,270.135,2759
2021-06-23 10:20:00,270.091,270.283,269.957,270.086,4981
2021-06-23 10:25:00,270.086,270.54,269.977,270.485,8852
2021-06-23 10:30:00,270.599,270.703,270.066,270.155,5501
2021-06-23 10:35:00,270.135,270.135,269.77,269.897,5848
2021-06-23 10:40:00,270.026,270.194,269.888,270.194,5000
2021-06-23 10:45:00,270.125,270.273,269.947,270.007,6278
2021-06-23 10:50:00,270.026,270.084,269.76,269.77,4524
2021-06-23 10:55:00,269.711,269.76,269.582,269.76,2582
2021-06-23 11:00:00,269.849,270.155,269.849,270.046,3672
2021-06-23 11:05:00,269.997,270.194,269.962,269.997,5875
2021-06-23 11:10:00,270.062,270.066,269.646,269.646,4213
2021-06-23 11:15:00,269.553,269.755,269.553,269.651,3620
2021-06-23 11:20:00,269.632,269.632,269.296,269.296,2600
2021-06-23 11:25:00,269.252,269.479,269.197,269.464,2192
2021-06-23 11:30:00,269.533,269.74,269.533,269.671,4253
2021-06-23 11:35:00,269.701,269.849,269.503,269.711,4629
2021-06-23 11:40:00,269.711,269.72,269.513,269.513,2470
2021-06-23 11:45:00,269.582,269.74,269.582,269.627,3034
2021-06-23 11:50:00,269.582,269.582,269.37,269.37,3114
2021-06-23 11:55:00,269.424,269.464,269.247,269.335,3397
2021-06-23 12:00:00,269.395,269.562,269.395,269.553,2830
2021-06-23 12:05:00,269.582,269.706,269.553,269.706,2984
2021-06-23 12:10:00,269.651,269.711,269.355,269.355,4086
2021-06-23 12:15:00,269.331,269.582,269.291,269.582,2107
2021-06-23 12:20:00,269.484,269.484,269.316,269.375,3402
2021-06-23 12:25:00,269.385,269.424,269.148,269.237,3570
2021-06-23 12:30:00,269.197,269.345,269.148,269.331,3215
2021-06-23 12:35:00,269.316,269.464,269.316,269.464,1424
2021-06-23 12:40:00,269.434,269.533,269.355,269.484,1813
2021-06-23 12:45:00,269.493,269.493,269.345,269.464,2985
2021-06-23 12:50:00,269.444,269.518,269.39,269.484,3347
2021-06-23 12:55:00,269.424,269.493,269.321,269.326,3392
2021-06-23 13:00:00,269.355,269.454,269.316,269.414,2253
2021-06-23 13:05:00,269.641,269.641,269.414,269.414,1404
2021-06-23 13:10:00,269.335,269.484,269.335,269.335,2557
2021-06-23 13:15:00,269.317,269.317,269.207,269.24,2441
2021-06-23 13:20:00,269.549,269.602,269.474,269.562,2876
2021-06-23 13:25:00,269.612,270.1,269.577,269.898,9620
2021-06-23 13:30:00,269.75,269.868,269.553,269.553,6259
2021-06-23 13:35:00,269.617,269.74,269.617,269.74,3677
2021-06-23 13:40:00,269.691,269.77,269.622,269.622,1513
2021-06-23 13:45:00,269.707,269.819,269.707,269.819,2228
2021-06-23 13:50:00,269.77,269.809,269.651,269.681,2318
2021-06-23 13:55:00,269.72,269.888,269.641,269.888,2185
2021-06-23 14:00:00,269.909,269.909,269.661,269.676,2356
2021-06-23 14:05:00,269.681,269.681,269.543,269.602,4086
2021-06-23 14:10:00,269.597,269.681,269.424,269.553,4970
2021-06-23 14:15:00,269.503,269.592,269.434,269.439,2589
2021-06-23 14:20:00,269.484,269.484,269.395,269.434,3704
2021-06-23 14:25:00,269.434,269.464,269.286,269.286,3817
2021-06-23 14:30:00,269.454,269.48,269.276,269.306,4058
2021-06-23 14:35:00,269.286,269.395,269.256,269.276,3375
2021-06-23 14:40:00,269.414,269.414,269.286,269.335,2260
2021-06-23 14:45:00,269.326,269.335,269.148,269.148,3472
2021-06-23 14:50:00,269.237,269.256,269.094,269.118,3147
2021-06-23 14:55:00,269.029,269.118,269.029,269.059,2525
2021-06-23 15:00:00,269.148,269.187,269.059,269.089,3969
2021-06-23 15:05:00,269.158,269.158,269.039,269.078,2945
2021-06-23 15:10:00,269.089,269.089,268.931,268.955,3401
2021-06-23 15:15:00,268.852,268.96,268.852,268.925,3249
2021-06-23 15:20:00,268.931,268.945,268.793,268.822,4268
2021-06-23 15:25:00,268.891,268.923,268.812,268.862,2895
2021-06-23 15:30:00,268.822,269.108,268.758,269.108,3859
2021-06-23 15:35:00,269.024,269.029,268.921,268.96,4887
2021-06-23 15:40:00,268.911,268.911,268.783,268.881,5346
2021-06-23 15:45:00,268.931,268.931,268.763,268.768,12699
2021-06-23 15:50:00,268.773,268.778,268.304,268.417,16469
2021-06-23 15:55:00,268.309,268.314,267.894,267.914,25380
2021-06-23 16:00:00,267.993,267.993,267.726,267.884,52337
2021-06-23 16:05:00,267.875,267.875,267.875,267.875,30464
2021-06-24 09:30:00,269.138,269.138,269.138,269.138,251
2021-06-24 09:35:00,269.671,269.671,268.625,269.029,20774
2021-06-24 09:40:00,268.496,268.615,267.213,267.361,14906
2021-06-24 09:45:00,267.391,267.865,267.253,267.569,10927
2021-06-24 09:50:00,267.687,267.938,267.45,267.623,5491
2021-06-24 09:55:00,267.717,267.776,267.391,267.391,3764
2021-06-24 10:00:00,267.608,267.707,267.351,267.411,5126
2021-06-24 10:05:00,267.44,267.44,266.739,266.996,9880
2021-06-24 10:10:00,267.006,267.282,266.759,266.818,5018
2021-06-24 10:15:00,266.858,266.986,266.799,266.838,4273
2021-06-24 10:20:00,266.917,267.114,266.897,266.917,4257
2021-06-24 10:25:00,266.907,267.509,266.878,267.509,5601
2021-06-24 10:30:00,267.435,267.58,267.338,267.341,4734
2021-06-24 10:35:00,267.055,267.361,267.055,267.193,2912
2021-06-24 10:40:00,267.248,267.248,266.937,267.065,4252
2021-06-24 10:45:00,266.986,267.233,266.986,267.233,5704
2021-06-24 10:50:00,267.134,267.411,266.996,267.411,6362
2021-06-24 10:55:00,267.578,267.884,267.569,267.652,9788
2021-06-24 11:00:00,267.519,267.519,267.105,267.164,3290
2021-06-24 11:05:00,267.169,267.42,265.703,266.601,49641
2021-06-24 11:10:00,266.443,266.641,266.335,266.463,8338
2021-06-24 11:15:00,266.463,266.572,266.038,266.335,7539
2021-06-24 11:20:00,266.295,266.295,265.861,265.964,5019
2021-06-24 11:25:00,265.999,266.157,265.92,266.058,7031
2021-06-24 11:30:00,266.019,266.157,265.999,266.152,4718
2021-06-24 11:35:00,266.216,266.394,266.137,266.394,3513
2021-06-24 11:40:00,266.344,266.433,266.098,266.117,5778
2021-06-24 11:45:00,266.117,266.226,265.93,265.95,4002
2021-06-24 11:50:00,265.95,266.246,265.95,266.187,4597
2021-06-24 11:55:00,266.335,266.562,266.29,266.453,4912
2021-06-24 12:00:00,266.502,266.572,266.256,266.256,2884
2021-06-24 12:05:00,266.226,266.354,266.048,266.093,5045
2021-06-24 12:10:00,266.113,266.157,265.999,266.068,18080
2021-06-24 12:15:00,266.098,266.226,266.068,266.147,4218
2021-06-24 12:20:00,266.147,266.305,266.078,266.305,2801
2021-06-24 12:25:00,266.404,266.779,266.404,266.749,4620
2021-06-24 12:30:00,266.799,266.858,266.71,266.858,8473
2021-06-24 12:35:00,266.808,266.937,266.739,266.907,3606
2021-06-24 12:40:00,266.917,267.282,266.907,267.282,4320
2021-06-24 12:45:00,267.351,267.376,267.193,267.201,6013
2021-06-24 12:50:00,267.203,267.302,267.075,267.302,5437
2021-06-24 12:55:00,267.203,267.569,267.203,267.569,4027
2021-06-24 13:00:00,267.667,267.736,267.598,267.677,4594
2021-06-24 13:05:00,267.687,267.746,267.578,267.598,3834
2021-06-24 13:10:00,267.578,267.766,267.549,267.588,4572
2021-06-24 13:15:00,267.756,268.102,267.756,268.082,2321
2021-06-24 13:20:00,268.092,268.141,267.766,267.845,5464
2021-06-24 13:25:00,267.8,267.8,267.509,267.578,2851
2021-06-24 13:30:00,267.519,267.554,267.45,267.539,2784
2021-06-24 13:35:00,267.49,267.647,267.49,267.598,4455
2021-06-24 13:40:00,267.791,267.791,267.608,267.608,1739
2021-06-24 13:45:00,267.692,268.003,267.692,267.944,3782
2021-06-24 13:50:00,267.919,267.963,267.756,267.844,4176
2021-06-24 13:55:00,267.894,268.018,267.687,267.805,4523
2021-06-24 14:00:00,267.894,267.894,267.796,267.845,3705
2021-06-24 14:05:00,267.884,267.924,267.756,267.8,2897
2021-06-24 14:10:00,267.825,267.91,267.608,267.608,3624
2021-06-24 14:15:00,267.578,267.628,267.44,267.499,7418
2021-06-24 14:20:00,267.608,267.608,267.332,267.332,5014
2021-06-24 14:25:00,267.42,267.569,267.42,267.529,4346
2021-06-24 14:30:00,267.519,267.569,267.46,267.46,3349
2021-06-24 14:35:00,267.519,267.539,267.262,267.42,4191
2021-06-24 14:40:00,267.42,267.455,267.341,267.455,4318
2021-06-24 14:45:00,267.455,267.455,267.332,267.411,5533
2021-06-24 14:50:00,267.48,267.519,267.292,267.292,4355
2021-06-24 14:55:00,267.282,267.282,267.154,267.213,5243
2021-06-24 15:00:00,267.223,267.272,266.976,266.976,6897
2021-06-24 15:05:00,267.035,267.095,266.956,267.026,6058
2021-06-24 15:10:00,267.006,267.105,266.828,266.828,9349
2021-06-24 15:15:00,266.828,266.937,266.739,266.937,7476
2021-06-24 15:20:00,266.947,267.095,266.878,267.055,7056
2021-06-24 15:25:00,267.085,267.114,266.898,267.011,8567
2021-06-24 15:30:00,266.996,267.105,266.986,267.006,7729
2021-06-24 15:35:00,266.966,267.065,266.897,266.956,15348
2021-06-24 15:40:00,267.016,267.065,266.581,266.641,24104
2021-06-24 15:45:00,266.631,266.7,266.522,266.522,21349
2021-06-24 15:50:00,266.463,266.631,266.354,266.453,26902
2021-06-24 15:55:00,266.453,266.552,266.364,266.542,38517
2021-06-24 16:00:00,266.591,266.641,266.364,266.591,112308
2021-06-24 16:05:00,266.601,266.601,266.601,266.601,14315
2021-06-25 09:35:00,266.325,267.44,266.315,266.808,33889
2021-06-25 09:40:00,266.611,267.144,266.315,266.69,8845
2021-06-25 09:45:00,266.927,267.193,266.394,266.423,4749
2021-06-25 09:50:00,266.572,267.016,266.483,267.016,5409
2021-06-25 09:55:00,267.134,267.411,266.897,267.032,11273
2021-06-25 10:00:00,267.055,267.433,266.868,267.05,7106
2021-06-25 10:05:00,266.947,267.874,266.947,267.874,6708
2021-06-25 10:10:00,267.875,268.072,267.707,268.072,3636
2021-06-25 10:15:00,267.978,268.082,267.726,267.914,9868
2021-06-25 10:20:00,267.914,267.993,267.43,267.43,6237
2021-06-25 10:25:00,267.462,267.815,267.42,267.613,6479
2021-06-25 10:30:00,267.618,267.786,267.45,267.509,15076
2021-06-25 10:35:00,267.588,267.682,267.265,267.46,10001
2021-06-25 10:40:00,267.391,267.84,267.391,267.84,9376
2021-06-25 10:45:00,267.825,267.894,267.559,267.687,11413
2021-06-25 10:50:00,267.796,267.914,267.682,267.761,5873
2021-06-25 10:55:00,267.786,267.963,267.687,267.756,12417
2021-06-25 11:00:00,267.697,267.953,267.652,267.953,5934
2021-06-25 11:05:00,267.884,267.963,267.717,267.815,7209
2021-06-25 11:10:00,267.805,267.865,267.687,267.707,7705
2021-06-25 11:15:00,267.667,268.032,267.534,267.968,7811
2021-06-25 11:20:00,267.968,268.005,267.914,267.963,6049
2021-06-25 11:25:00,267.924,268.072,267.924,267.944,9677
2021-06-25 11:30:00,267.968,268.013,267.845,267.865,9806
2021-06-25 11:35:00,267.894,267.929,267.707,267.861,8095
2021-06-25 11:40:00,267.929,267.963,267.796,267.796,8413
2021-06-25 11:45:00,267.805,268.023,267.786,267.973,8240
2021-06-25 11:50:00,267.944,268.023,267.845,267.904,10031
2021-06-25 11:55:00,267.904,267.914,267.628,267.761,8260
2021-06-25 12:00:00,267.815,267.983,267.754,267.983,4813
2021-06-25 12:05:00,267.953,268.684,267.953,268.484,10456
2021-06-25 12:10:00,268.427,268.427,268.23,268.338,3749
2021-06-25 12:15:00,268.358,268.496,268.25,268.496,4504
2021-06-25 12:20:00,268.526,268.615,268.338,268.506,4800
2021-06-25 12:25:00,268.625,268.793,268.506,268.654,7743
2021-06-25 12:30:00,268.674,268.763,268.539,268.539,5213
2021-06-25 12:35:00,268.62,268.802,268.585,268.753,4394
2021-06-25 12:40:00,268.723,268.723,268.457,268.57,4114
2021-06-25 12:45:00,268.536,268.536,268.417,268.477,6496
2021-06-25 12:50:00,268.526,268.585,268.408,268.501,4903
2021-06-25 12:55:00,268.496,268.526,268.437,268.487,3348
2021-06-25 13:00:00,268.457,268.516,268.314,268.516,7122
2021-06-25 13:05:00,268.556,268.556,268.338,268.546,6026
2021-06-25 13:10:00,268.674,268.773,268.437,268.511,6223
2021-06-25 13:15:00,268.444,268.733,268.437,268.733,6908
2021-06-25 13:20:00,268.753,268.802,268.61,268.61,6186
2021-06-25 13:25:00,268.565,268.684,268.565,268.644,5002
2021-06-25 13:30:00,268.496,268.684,268.427,268.684,6052
2021-06-25 13:35:00,268.684,268.743,268.556,268.684,3588
2021-06-25 13:40:00,268.714,268.99,268.615,268.99,6290
2021-06-25 13:45:00,268.99,269.207,268.921,269.079,8582
2021-06-25 13:50:00,269.069,269.385,268.99,269.385,7056
2021-06-25 13:55:00,269.444,269.464,269.256,269.271,4291
2021-06-25 14:00:00,269.237,269.326,269.049,269.049,6681
2021-06-25 14:05:00,269.049,269.168,268.965,269.049,6563
2021-06-25 14:10:00,269.079,269.079,268.911,268.921,4615
2021-06-25 14:15:00,268.921,268.96,268.822,268.847,12904
2021-06-25 14:20:00,268.832,269.029,268.714,268.99,7520
2021-06-25 14:25:00,268.98,269.099,268.871,268.921,9833
2021-06-25 14:30:00,268.896,268.995,268.753,268.995,10810
2021-06-25 14:35:00,268.975,269.385,268.881,269.158,13263
2021-06-25 14:40:00,269.158,269.197,269.029,269.197,10966
2021-06-25 14:45:00,269.168,269.414,269.168,269.335,15686
2021-06-25 14:50:00,269.414,269.454,269.178,269.247,9285
2021-06-25 14:55:00,269.296,269.454,269.247,269.395,8748
2021-06-25 15:00:00,269.439,269.582,269.306,269.533,19521
2021-06-25 15:05:00,269.543,269.587,269.365,269.533,15841
2021-06-25 15:10:00,269.553,269.77,269.444,269.681,20414
2021-06-25 15:15:00,269.632,269.78,269.533,269.612,24687
2021-06-25 15:20:00,269.602,269.79,269.424,269.424,21934
2021-06-25 15:25:00,269.409,269.572,269.345,269.474,19449
2021-06-25 15:30:00,269.479,269.868,269.444,269.632,23656
2021-06-25 15:35:00,269.696,269.868,269.553,269.602,23964
2021-06-25 15:40:00,269.602,269.72,269.503,269.671,31537
2021-06-25 15:45:00,269.582,269.651,269.187,269.187,22516
2021-06-25 15:50:00,269.187,269.217,268.546,268.714,27092
2021-06-25 15:55:00,268.714,269.868,268.63,269.691,90398
2021-06-25 16:00:00,269.711,270.53,269.543,270.461,209223
2021-06-25 16:05:00,270.461,270.461,270.461,270.461,130226
2021-06-25 18:20:00,263.561,263.561,263.561,263.561,100
2021-06-28 09:35:00,270.214,270.214,268.408,268.408,29740
2021-06-28 09:40:00,268.23,268.309,267.193,267.677,16171
2021-06-28 09:45:00,267.569,267.697,267.262,267.539,6925
2021-06-28 09:50:00,267.825,267.914,267.281,267.618,8351
2021-06-28 09:55:00,267.529,268.536,267.401,268.19,7621
2021-06-28 10:00:00,268.143,268.546,268.082,268.338,5795
2021-06-28 10:05:00,268.185,268.506,267.707,268.131,8163
2021-06-28 10:10:00,267.904,267.944,267.717,267.736,5368
2021-06-28 10:15:00,267.697,268.121,267.608,268.121,5681
2021-06-28 10:20:00,267.944,268.032,267.805,267.899,8738
2021-06-28 10:25:00,267.845,268.097,267.746,268.082,5228
2021-06-28 10:30:00,268.166,268.427,268.102,268.329,4551
2021-06-28 10:35:00,268.349,268.605,268.349,268.575,5544
2021-06-28 10:40:00,268.575,268.684,268.343,268.427,8763
2021-06-28 10:45:00,268.467,268.467,268.128,268.259,5404
2021-06-28 10:50:00,268.279,268.279,267.85,267.85,4464
2021-06-28 10:55:00,267.944,268.008,267.825,267.914,3878
2021-06-28 11:00:00,267.875,267.963,267.46,267.569,16448
2021-06-28 11:05:00,267.638,267.815,267.529,267.687,6866
2021-06-28 11:10:00,267.815,267.973,267.746,267.746,6020
2021-06-28 11:15:00,267.766,268.0,267.312,267.519,10370
2021-06-28 11:20:00,267.608,267.608,267.09,267.09,2265
2021-06-28 11:25:00,267.109,267.253,267.109,267.188,4054
2021-06-28 11:30:00,267.065,267.147,266.759,266.887,5817
2021-06-28 11:35:00,266.853,267.085,266.808,266.976,5876
2021-06-28 11:40:00,266.937,267.134,266.937,267.055,5740
2021-06-28 11:45:00,267.035,267.253,267.035,267.238,3691
2021-06-28 11:50:00,267.238,267.875,267.238,267.736,15498
2021-06-28 11:55:00,268.003,268.013,267.944,268.003,2050
2021-06-28 12:00:00,268.092,268.284,268.092,268.175,4597
2021-06-28 12:05:00,268.378,268.417,268.181,268.417,4941
2021-06-28 12:10:00,268.526,268.763,268.487,268.763,4227
2021-06-28 12:15:00,268.793,269.168,268.793,269.148,8229
2021-06-28 12:20:00,269.173,269.296,269.069,269.148,6275
2021-06-28 12:25:00,269.079,269.133,268.783,268.783,6554
2021-06-28 12:30:00,268.822,268.881,268.674,268.674,1467
2021-06-28 12:35:00,268.802,268.802,268.654,268.753,6857
2021-06-28 12:40:00,268.743,268.743,268.556,268.684,3833
2021-06-28 12:45:00,268.615,268.728,268.559,268.728,3956
2021-06-28 12:50:00,268.649,268.763,268.635,268.763,6444
2021-06-28 12:55:00,268.817,268.941,268.783,268.881,5086
2021-06-28 13:00:00,268.881,268.97,268.881,268.896,4221
2021-06-28 13:05:00,268.876,268.941,268.773,268.783,5443
2021-06-28 13:10:00,268.783,268.921,268.704,268.871,13376
2021-06-28 13:15:00,268.832,268.99,268.793,268.99,4639
2021-06-28 13:20:00,269.039,269.158,269.02,269.02,4148
2021-06-28 13:25:00,269.089,269.128,269.039,269.039,5355
2021-06-28 13:30:00,269.029,269.178,269.01,269.079,5546
2021-06-28 13:35:00,269.059,269.069,268.921,268.946,4423
2021-06-28 13:40:00,268.921,268.97,268.773,268.788,6485
2021-06-28 13:45:00,268.788,268.96,268.788,268.941,4880
2021-06-28 13:50:00,268.911,269.02,268.881,269.02,5111
2021-06-28 13:55:00,268.99,269.089,268.946,268.99,6147
2021-06-28 14:00:00,269.059,269.263,269.02,269.237,4215
2021-06-28 14:05:00,269.217,269.62,269.197,269.449,9288
2021-06-28 14:10:00,269.484,269.484,269.34,269.34,3859
2021-06-28 14:15:00,269.365,269.365,269.256,269.365,3371
2021-06-28 14:20:00,269.365,269.444,269.286,269.286,7092
2021-06-28 14:25:00,269.306,269.326,269.148,269.197,5857
2021-06-28 14:30:00,269.227,269.326,269.148,269.266,4991
2021-06-28 14:35:00,269.276,269.385,269.266,269.316,4762
2021-06-28 14:40:00,269.385,269.385,269.227,269.326,5645
2021-06-28 14:45:00,269.247,269.424,269.232,269.237,5585
2021-06-28 14:50:00,269.197,269.365,269.197,269.306,5322
2021-06-28 14:55:00,269.316,269.316,269.158,269.291,4900
2021-06-28 15:00:00,269.266,269.291,268.941,269.0,11238
2021-06-28 15:05:00,269.079,269.237,269.034,269.049,8467
2021-06-28 15:10:00,269.06,269.237,268.95,269.128,8536
2021-06-28 15:15:00,269.089,269.148,268.822,269.108,7344
2021-06-28 15:20:00,269.079,269.168,269.064,269.099,6402
2021-06-28 15:25:00,269.108,269.276,269.108,269.256,5973
2021-06-28 15:30:00,269.306,269.424,269.276,269.326,6320
2021-06-28 15:35:00,269.414,269.484,269.187,269.227,10933
2021-06-28 15:40:00,269.178,269.276,268.95,269.015,19753
2021-06-28 15:45:00,269.005,269.039,268.842,268.842,16271
2021-06-28 15:50:00,268.929,269.089,268.723,269.089,36487
2021-06-28 15:55:00,269.089,269.34,268.748,268.891,40995
2021-06-28 16:00:00,268.842,268.97,268.684,268.862,51211
2021-06-28 16:05:00,268.98,268.98,268.98,268.98,8094
2021-06-28 16:50:00,268.98,268.98,268.98,268.98,297
2021-06-29 09:00:00,268.98,268.98,268.98,268.98,100
2021-06-29 09:35:00,269.73,271.438,269.73,270.51,27234
2021-06-29 09:40:00,270.668,270.668,269.997,270.229,6112
2021-06-29 09:45:00,270.382,270.925,269.76,270.471,16274
2021-06-29 09:50:00,270.481,271.32,270.481,271.102,12512
2021-06-29 09:55:00,271.211,272.03,270.964,272.03,23799
2021-06-29 10:00:00,271.784,271.892,271.211,271.527,4401
2021-06-29 10:05:00,271.507,271.843,270.964,271.477,17485
2021-06-29 10:10:00,271.527,271.774,271.418,271.764,5455
2021-06-29 10:15:00,271.685,271.872,271.626,271.626,7375
2021-06-29 10:20:00,271.784,271.932,271.26,271.26,6867
2021-06-29 10:25:00,271.246,271.3,271.152,271.275,4074
2021-06-29 10:30:00,271.27,271.468,271.127,271.127,7103
2021-06-29 10:35:00,271.191,271.25,271.102,271.112,3485
2021-06-29 10:40:00,271.053,271.112,270.737,270.994,9708
2021-06-29 10:45:00,271.043,271.112,270.787,270.925,6197
2021-06-29 10:50:00,270.846,270.915,270.787,270.915,2269
2021-06-29 10:55:00,270.806,271.004,270.52,270.885,5580
2021-06-29 11:00:00,270.964,271.023,270.762,270.762,3517
2021-06-29 11:05:00,270.816,271.221,270.737,271.142,4987
2021-06-29 11:10:00,271.063,271.093,270.732,271.093,5188
2021-06-29 11:15:00,271.102,271.152,270.944,270.954,4445
2021-06-29 11:20:00,270.737,271.125,270.52,271.125,14031
2021-06-29 11:25:00,271.142,271.3,271.083,271.231,5275
2021-06-29 11:30:00,271.142,271.3,271.122,271.201,5504
2021-06-29 11:35:00,271.241,271.389,271.196,271.389,5177
2021-06-29 11:40:00,271.399,271.482,271.171,271.349,6674
2021-06-29 11:45:00,271.369,271.556,271.31,271.379,3675
2021-06-29 11:50:00,271.379,271.642,271.379,271.642,4634
2021-06-29 11:55:00,271.566,271.576,271.231,271.231,3022
2021-06-29 12:00:00,271.25,271.389,271.142,271.142,4396
2021-06-29 12:05:00,271.201,271.31,271.142,271.3,9478
2021-06-29 12:10:00,271.201,271.27,270.925,270.925,4985
2021-06-29 12:15:00,270.856,270.856,270.502,270.658,3435
2021-06-29 12:20:00,270.589,270.589,270.283,270.283,2073
2021-06-29 12:25:00,270.313,270.569,270.253,270.342,13055
2021-06-29 12:30:00,270.362,270.466,270.214,270.273,7393
2021-06-29 12:35:00,270.342,270.54,270.342,270.54,2627
2021-06-29 12:40:00,270.451,270.559,270.392,270.392,3013
2021-06-29 12:45:00,270.402,270.402,270.125,270.179,2458
2021-06-29 12:50:00,270.145,270.397,270.145,270.244,4024
2021-06-29 12:55:00,270.273,270.323,270.273,270.323,1099
2021-06-29 13:00:00,270.323,270.323,270.15,270.15,6647
2021-06-29 13:05:00,270.204,270.204,270.017,270.026,1952
2021-06-29 13:10:00,270.026,270.056,269.76,269.76,2658
2021-06-29 13:15:00,269.819,269.908,269.809,269.888,2551
2021-06-29 13:20:00,270.077,270.105,269.957,269.957,3518
2021-06-29 13:25:00,269.898,269.919,269.651,269.651,4236
2021-06-29 13:30:00,269.711,269.784,269.641,269.641,1877
2021-06-29 13:35:00,269.782,269.782,269.484,269.484,3657
2021-06-29 13:40:00,269.582,269.671,269.508,269.607,1562
2021-06-29 13:45:00,269.523,269.612,269.444,269.513,3358
2021-06-29 13:50:00,269.562,269.612,269.306,269.306,4541
2021-06-29 13:55:00,269.39,269.553,269.39,269.405,2580
2021-06-29 14:00:00,269.572,269.72,269.572,269.681,5014
2021-06-29 14:05:00,269.637,269.671,269.414,269.632,4372
2021-06-29 14:10:00,269.701,269.77,269.681,269.698,3084
2021-06-29 14:15:00,269.77,269.77,269.444,269.592,3028
2021-06-29 14:20:00,269.607,269.651,269.454,269.503,4635
2021-06-29 14:25:00,269.543,269.632,269.286,269.286,3662
2021-06-29 14:30:00,269.326,269.474,269.326,269.405,3619
2021-06-29 14:35:00,269.365,269.39,269.247,269.291,4921
2021-06-29 14:40:00,269.385,269.385,268.97,268.97,5024
2021-06-29 14:45:00,268.95,269.158,268.881,269.128,3206
2021-06-29 14:50:00,269.128,269.296,269.079,269.296,4408
2021-06-29 14:55:00,269.266,269.266,269.133,269.207,4471
2021-06-29 15:00:00,269.227,269.335,269.178,269.326,3277
2021-06-29 15:05:00,269.316,269.316,269.123,269.123,5239
2021-06-29 15:10:00,269.148,269.291,269.128,269.148,4873
2021-06-29 15:15:00,269.138,269.256,269.118,269.237,3636
2021-06-29 15:20:00,269.148,269.296,269.059,269.187,6302
2021-06-29 15:25:00,269.138,269.158,268.911,269.094,10602
2021-06-29 15:30:00,269.074,269.148,269.039,269.138,5140
2021-06-29 15:35:00,269.108,269.108,268.852,268.921,10123
2021-06-29 15:40:00,268.931,268.97,268.654,268.783,15071
2021-06-29 15:45:00,268.743,268.98,268.743,268.941,7696
2021-06-29 15:50:00,268.95,269.025,268.654,268.654,21369
2021-06-29 15:55:00,268.714,268.911,268.704,268.901,17878
2021-06-29 16:00:00,268.85,269.316,268.842,269.276,51451
2021-06-29 16:05:00,269.266,269.266,269.266,269.266,5789
2021-06-30 09:35:00,269.168,269.651,268.25,268.25,21234
2021-06-30 09:40:00,268.694,269.819,268.289,269.592,8654
2021-06-30 09:45:00,269.612,269.632,268.565,268.98,7030
2021-06-30 09:50:00,268.839,268.839,268.121,268.398,7403
2021-06-30 09:55:00,268.625,269.237,268.625,268.684,3230
2021-06-30 10:00:00,268.62,269.365,268.536,269.247,6321
2021-06-30 10:05:00,269.247,269.38,268.477,268.477,6994
2021-06-30 10:10:00,268.259,268.565,268.259,268.319,7687
2021-06-30 10:15:00,268.506,268.871,268.299,268.368,3724
2021-06-30 10:20:00,268.171,268.432,268.131,268.432,3279
2021-06-30 10:25:00,268.551,268.551,268.338,268.338,2785
2021-06-30 10:30:00,268.171,268.171,267.909,268.111,4498
2021-06-30 10:35:00,268.121,268.21,268.042,268.21,3429
2021-06-30 10:40:00,268.496,268.625,268.417,268.546,3566
2021-06-30 10:45:00,268.496,268.496,268.2,268.2,2801
2021-06-30 10:50:00,268.111,268.437,268.082,268.437,5648
2021-06-30 10:55:00,268.289,268.289,267.825,267.845,4801
2021-06-30 11:00:00,267.825,267.919,267.717,267.815,6742
2021-06-30 11:05:00,268.013,268.141,267.875,268.082,5032
2021-06-30 11:10:00,268.013,268.082,267.638,267.726,8059
2021-06-30 11:15:00,267.854,267.914,267.722,267.879,3992
2021-06-30 11:20:00,268.023,268.289,267.973,268.2,5359
2021-06-30 11:25:00,268.289,268.398,268.19,268.309,4767
2021-06-30 11:30:00,268.338,268.338,268.013,268.141,3835
2021-06-30 11:35:00,268.151,268.299,267.953,268.003,3712
2021-06-30 11:40:00,268.141,268.22,268.062,268.062,4307
2021-06-30 11:45:00,267.944,268.023,267.929,268.023,2383
2021-06-30 11:50:00,268.062,268.269,268.062,268.181,6377
2021-06-30 11:55:00,268.171,268.21,267.978,268.092,4492
2021-06-30 12:00:00,268.023,268.032,267.796,267.796,1643
2021-06-30 12:05:00,267.746,268.097,267.746,268.097,7776
2021-06-30 12:10:00,268.042,268.097,267.684,267.717,4695
2021-06-30 12:15:00,267.776,267.843,267.677,267.756,3844
2021-06-30 12:20:00,267.766,268.19,267.766,268.141,7943
2021-06-30 12:25:00,268.181,268.516,268.082,268.457,5027
2021-06-30 12:30:00,268.427,268.689,268.358,268.674,5461
2021-06-30 12:35:00,268.684,268.723,268.546,268.575,3532
2021-06-30 12:40:00,268.59,268.931,268.565,268.896,5848
2021-06-30 12:45:00,268.916,269.069,268.891,268.891,3427
2021-06-30 12:50:00,268.891,268.916,268.679,268.679,3989
2021-06-30 12:55:00,268.694,268.723,268.561,268.714,2735
2021-06-30 13:00:00,268.743,268.743,268.556,268.615,2808
2021-06-30 13:05:00,268.531,268.556,268.477,268.536,2080
2021-06-30 13:10:00,268.528,268.528,268.388,268.511,3385
2021-06-30 13:15:00,268.415,268.415,268.259,268.335,4746
2021-06-30 13:20:00,268.259,268.259,268.003,268.161,2536
2021-06-30 13:25:00,268.161,268.279,268.092,268.279,4067
2021-06-30 13:30:00,268.131,268.131,268.111,268.111,781
2021-06-30 13:35:00,268.092,268.319,267.944,268.279,6996
2021-06-30 13:40:00,268.279,268.398,268.279,268.368,1456
2021-06-30 13:45:00,268.309,268.329,268.2,268.264,4996
2021-06-30 13:50:00,268.25,268.279,268.072,268.106,3035
2021-06-30 13:55:00,268.141,268.171,268.093,268.171,3586
2021-06-30 14:00:00,268.185,268.185,267.944,268.092,4476
2021-06-30 14:05:00,268.008,268.195,267.983,268.195,3942
2021-06-30 14:10:00,268.2,268.309,268.062,268.181,2985
2021-06-30 14:15:00,268.269,268.294,268.161,268.294,3078
2021-06-30 14:20:00,268.21,268.329,267.963,267.963,4628
2021-06-30 14:25:00,267.983,268.131,267.889,268.131,3945
2021-06-30 14:30:00,268.141,268.329,268.141,268.329,3430
2021-06-30 14:35:00,268.289,268.368,268.067,268.067,5992
2021-06-30 14:40:00,268.141,268.151,268.023,268.072,6788
2021-06-30 14:45:00,268.061,268.061,267.875,267.953,4783
2021-06-30 14:50:00,267.914,267.953,267.845,267.924,11059
2021-06-30 14:55:00,267.909,267.963,267.835,267.884,6912
2021-06-30 15:00:00,267.894,268.21,267.825,268.21,13427
2021-06-30 15:05:00,268.205,268.338,268.171,268.338,5888
2021-06-30 15:10:00,268.338,268.595,268.338,268.496,8863
2021-06-30 15:15:00,268.6,268.694,268.585,268.595,4272
2021-06-30 15:20:00,268.625,268.832,268.605,268.832,6568
2021-06-30 15:25:00,268.871,269.094,268.871,269.039,3964
2021-06-30 15:30:00,269.054,269.054,268.694,268.868,14714
2021-06-30 15:35:00,268.812,269.039,268.615,269.039,9031
2021-06-30 15:40:00,269.059,269.434,269.01,269.414,8877
2021-06-30 15:45:00,269.395,269.464,269.256,269.429,12933
2021-06-30 15:50:00,269.385,269.464,268.506,268.506,25624
2021-06-30 15:55:00,268.704,269.523,268.625,269.464,37026
2021-06-30 16:00:00,269.553,269.77,268.871,268.891,141753
2021-06-30 16:05:00,268.941,268.941,268.941,268.941,26980
2021-06-30 16:10:00,268.941,268.941,268.941,268.941,532
2021-07-01 09:35:00,270.155,270.263,268.98,269.237,27539
2021-07-01 09:40:00,269.01,269.01,267.796,267.949,12025
2021-07-01 09:45:00,267.529,267.973,267.312,267.855,14145
2021-07-01 09:50:00,267.894,268.684,267.791,268.526,17830
2021-07-01 09:55:00,268.427,268.472,267.958,268.19,15736
2021-07-01 10:00:00,268.319,268.733,268.269,268.447,7098
2021-07-01 10:05:00,268.358,268.832,268.289,268.704,8652
2021-07-01 10:10:00,268.783,268.812,268.536,268.689,4461
2021-07-01 10:15:00,268.714,268.714,268.299,268.538,7478
2021-07-01 10:20:00,268.496,269.247,268.487,269.247,7413
2021-07-01 10:25:00,269.197,269.256,268.95,268.95,7757
2021-07-01 10:30:00,268.891,269.197,268.694,268.763,7444
2021-07-01 10:35:00,268.871,269.365,268.822,269.242,7679
2021-07-01 10:40:00,269.243,269.632,269.243,269.632,6831
2021-07-01 10:45:00,269.947,269.997,269.74,269.947,7827
2021-07-01 10:50:00,269.878,270.066,269.799,269.935,8318
2021-07-01 10:55:00,270.002,270.174,269.809,269.873,6504
2021-07-01 11:00:00,269.878,270.115,269.809,270.066,9746
2021-07-01 11:05:00,270.115,270.174,269.888,270.145,11302
2021-07-01 11:10:00,270.283,270.441,270.125,270.254,7392
2021-07-01 11:15:00,270.342,270.5,270.273,270.456,7823
2021-07-01 11:20:00,270.658,270.658,270.451,270.599,5507
2021-07-01 11:25:00,270.629,270.757,270.599,270.693,5578
2021-07-01 11:30:00,270.757,270.816,270.629,270.816,5130
2021-07-01 11:35:00,270.875,270.954,270.772,270.954,5815
2021-07-01 11:40:00,270.944,271.112,270.915,271.112,5635
2021-07-01 11:45:00,271.093,271.132,270.885,270.949,6637
2021-07-01 11:50:00,270.939,270.939,270.609,270.629,4773
2021-07-01 11:55:00,270.619,270.688,270.53,270.55,6134
2021-07-01 12:00:00,270.54,270.668,270.51,270.668,5948
2021-07-01 12:05:00,270.727,270.806,270.727,270.806,2533
2021-07-01 12:10:00,270.791,270.836,270.737,270.836,4558
2021-07-01 12:15:00,270.821,270.885,270.688,270.688,4674
2021-07-01 12:20:00,270.579,270.806,270.579,270.793,8875
2021-07-01 12:25:00,270.846,270.954,270.737,270.816,4521
2021-07-01 12:30:00,270.717,270.816,270.638,270.668,4995
2021-07-01 12:35:00,270.638,270.717,270.481,270.717,4912
2021-07-01 12:40:00,270.905,271.122,270.905,271.122,6853
2021-07-01 12:45:00,271.053,271.191,271.033,271.152,4302
2021-07-01 12:50:00,271.221,271.315,271.162,271.28,5989
2021-07-01 12:55:00,271.359,271.626,271.329,271.596,7820
2021-07-01 13:00:00,271.635,271.803,271.596,271.616,6293
2021-07-01 13:05:00,271.695,271.695,271.576,271.606,3604
2021-07-01 13:10:00,271.571,271.695,271.571,271.692,3658
2021-07-01 13:15:00,271.774,271.902,271.68,271.68,5246
2021-07-01 13:20:00,271.655,271.922,271.621,271.907,5027
2021-07-01 13:25:00,271.872,271.932,271.764,271.784,10700
2021-07-01 13:30:00,271.798,271.892,271.754,271.887,5285
2021-07-01 13:35:00,271.887,271.98,271.566,271.695,9069
2021-07-01 13:40:00,271.675,271.882,271.675,271.784,8894
2021-07-01 13:45:00,271.705,271.813,271.468,271.507,14242
2021-07-01 13:50:00,271.477,271.616,271.418,271.469,5147
2021-07-01 13:55:00,271.527,271.576,271.399,271.441,4060
2021-07-01 14:00:00,271.359,271.497,271.339,271.399,6108
2021-07-01 14:05:00,271.448,271.635,271.448,271.635,8238
2021-07-01 14:10:00,271.566,271.665,271.458,271.515,7800
2021-07-01 14:15:00,271.556,271.556,271.497,271.497,1958
2021-07-01 14:20:00,271.586,271.612,271.534,271.596,5175
2021-07-01 14:25:00,271.527,271.537,271.369,271.458,6147
2021-07-01 14:30:00,271.507,271.556,271.359,271.399,8816
2021-07-01 14:35:00,271.374,271.428,271.3,271.349,5566
2021-07-01 14:40:00,271.329,271.329,271.231,271.31,3599
2021-07-01 14:45:00,271.329,271.399,271.3,271.357,7796
2021-07-01 14:50:00,271.359,271.458,271.29,271.458,6436
2021-07-01 14:55:00,271.389,271.389,271.305,271.31,6549
2021-07-01 15:00:00,271.31,271.474,271.31,271.438,4404
2021-07-01 15:05:00,271.532,271.532,271.399,271.399,5209
2021-07-01 15:10:00,271.369,271.497,271.339,271.497,6108
2021-07-01 15:15:00,271.517,271.626,271.468,271.626,5278
2021-07-01 15:20:00,271.576,271.596,271.507,271.512,4490
2021-07-01 15:25:00,271.497,271.507,271.29,271.29,9200
2021-07-01 15:30:00,271.275,271.497,271.275,271.477,7194
2021-07-01 15:35:00,271.458,271.466,271.3,271.349,8997
2021-07-01 15:40:00,271.374,271.457,271.28,271.389,8771
2021-07-01 15:45:00,271.458,271.566,271.399,271.507,8728
2021-07-01 15:50:00,271.428,271.517,271.369,271.517,19137
2021-07-01 15:55:00,271.517,271.813,271.517,271.655,29581
2021-07-01 16:00:00,271.606,271.862,271.487,271.685,70642
2021-07-01 16:05:00,271.793,271.793,271.793,271.793,6765
2021-07-01 16:45:00,268.98,268.98,268.98,268.98,216
2021-07-01 17:50:00,271.853,271.853,271.853,271.853,100
2021-07-02 09:35:00,272.08,272.405,271.517,271.517,17959
2021-07-02 09:40:00,271.541,271.541,271.004,271.004,2274
2021-07-02 09:45:00,271.162,271.517,271.023,271.132,8818
2021-07-02 09:50:00,271.122,271.547,270.994,271.211,11264
2021-07-02 09:55:00,271.191,271.359,270.93,271.359,5069
2021-07-02 10:00:00,271.369,271.369,270.698,270.727,1922
2021-07-02 10:05:00,270.777,270.865,270.619,270.619,5442
2021-07-02 10:10:00,270.653,270.767,270.431,270.49,2926
2021-07-02 10:15:00,270.525,270.865,270.52,270.609,5090
2021-07-02 10:20:00,270.816,271.023,270.801,270.944,1783
2021-07-02 10:25:00,270.935,270.954,270.935,270.954,711
2021-07-02 10:30:00,270.964,270.964,270.589,270.757,3655
2021-07-02 10:35:00,270.826,271.014,270.816,270.974,4738
2021-07-02 10:40:00,271.023,271.023,270.836,270.974,2261
2021-07-02 10:45:00,270.895,271.023,270.703,270.732,4256
2021-07-02 10:50:00,270.806,271.497,270.767,271.408,8491
2021-07-02 10:55:00,271.408,271.784,271.226,271.784,4451
2021-07-02 11:00:00,271.685,271.769,271.591,271.591,4984
2021-07-02 11:05:00,271.596,271.655,271.418,271.596,9968
2021-07-02 11:10:00,271.655,271.655,271.122,271.211,5154
2021-07-02 11:15:00,271.221,271.359,271.221,271.354,2392
2021-07-02 11:20:00,271.448,271.476,271.379,271.476,1365
2021-07-02 11:25:00,271.389,271.537,271.389,271.537,1527
2021-07-02 11:30:00,271.537,271.576,271.389,271.448,3341
2021-07-02 11:35:00,271.537,271.644,271.329,271.329,4303
2021-07-02 11:40:00,271.231,271.246,270.954,271.023,8139
2021-07-02 11:45:00,270.954,271.028,270.816,270.846,2294
2021-07-02 11:50:00,270.895,271.073,270.861,271.073,6889
2021-07-02 11:55:00,271.004,271.004,270.856,270.856,3264
2021-07-02 12:00:00,270.964,271.053,270.826,270.826,6557
2021-07-02 12:05:00,270.954,271.023,270.885,270.944,3356
2021-07-02 12:10:00,270.895,270.999,270.895,270.954,2309
2021-07-02 12:15:00,270.816,270.816,270.559,270.569,3073
2021-07-02 12:20:00,270.599,270.703,270.599,270.703,1225
2021-07-02 12:25:00,270.806,270.806,270.609,270.777,3891
2021-07-02 12:30:00,270.826,271.014,270.826,270.999,3624
2021-07-02 12:35:00,270.954,271.112,270.954,271.063,1064
2021-07-02 12:40:00,271.093,271.403,271.093,271.403,4101
2021-07-02 12:45:00,271.477,271.635,271.477,271.635,1190
2021-07-02 12:50:00,271.685,271.941,271.685,271.912,2495
2021-07-02 12:55:00,271.917,271.917,271.724,271.912,3229
2021-07-02 13:00:00,271.714,271.714,271.537,271.655,2303
2021-07-02 13:05:00,271.685,271.744,271.537,271.744,2478
2021-07-02 13:10:00,271.675,271.675,271.399,271.399,2408
2021-07-02 13:15:00,271.438,271.438,271.29,271.418,2578
2021-07-02 13:20:00,271.458,271.556,271.428,271.428,3624
2021-07-02 13:25:00,271.477,271.606,271.448,271.507,3485
2021-07-02 13:30:00,271.517,271.517,271.26,271.26,4454
2021-07-02 13:35:00,271.389,271.685,271.359,271.665,3883
2021-07-02 13:40:00,271.685,271.744,271.611,271.668,5654
2021-07-02 13:45:00,271.685,271.774,271.635,271.635,3260
2021-07-02 13:50:00,271.547,271.616,271.477,271.477,3779
2021-07-02 13:55:00,271.507,271.632,271.507,271.596,3201
2021-07-02 14:00:00,271.601,271.606,271.478,271.566,4225
2021-07-02 14:05:00,271.517,271.635,271.487,271.548,2924
2021-07-02 14:10:00,271.606,271.655,270.846,271.023,35468
2021-07-02 14:15:00,271.093,271.28,271.004,271.28,9148
2021-07-02 14:20:00,271.315,271.315,270.994,270.994,2297
2021-07-02 14:25:00,271.122,271.221,271.073,271.157,2782
2021-07-02 14:30:00,271.142,271.147,270.984,271.023,4665
2021-07-02 14:35:00,271.033,271.221,271.023,271.152,3348
2021-07-02 14:40:00,271.191,271.25,270.935,271.053,3518
2021-07-02 14:45:00,271.038,271.152,270.915,270.964,2935
2021-07-02 14:50:00,270.925,270.925,270.737,270.826,3612
2021-07-02 14:55:00,270.915,270.915,270.717,270.717,2439
2021-07-02 15:00:00,270.698,270.737,270.609,270.643,3886
2021-07-02 15:05:00,270.668,270.836,270.589,270.806,3843
2021-07-02 15:10:00,270.767,271.043,270.767,271.043,2035
2021-07-02 15:15:00,271.009,271.112,270.856,270.856,4562
2021-07-02 15:20:00,270.875,270.915,270.757,270.846,2779
2021-07-02 15:25:00,270.856,271.038,270.737,271.038,5735
2021-07-02 15:30:00,270.989,271.137,270.989,271.073,3202
2021-07-02 15:35:00,271.043,271.28,270.925,271.221,6880
2021-07-02 15:40:00,271.211,271.394,271.142,271.369,4830
2021-07-02 15:45:00,271.399,271.487,271.324,271.413,7940
2021-07-02 15:50:00,271.349,271.621,271.32,271.517,6536
2021-07-02 15:55:00,271.635,272.129,271.635,272.04,20267
2021-07-02 16:00:00,272.011,272.011,271.329,271.695,57763
2021-07-02 16:05:00,271.675,271.675,271.675,271.675,11588
2021-07-06 08:40:00,273.185,273.195,273.185,273.195,522
2021-07-06 09:35:00,271.458,271.675,270.53,270.915,22986
2021-07-06 09:40:00,270.915,271.081,270.263,270.471,6350
2021-07-06 09:45:00,270.599,270.895,270.599,270.895,2593
2021-07-06 09:50:00,270.589,270.767,270.402,270.402,2569
2021-07-06 09:55:00,270.303,270.303,270.259,270.259,301
2021-07-06 10:00:00,269.938,269.938,269.545,269.545,1223
2021-07-06 10:05:00,269.484,269.518,268.98,268.98,6346
2021-07-06 10:10:00,269.025,269.034,268.24,268.348,5271
2021-07-06 10:15:00,268.319,268.368,267.588,267.588,9427
2021-07-06 10:20:00,267.677,267.677,266.325,266.69,19134
2021-07-06 10:25:00,266.636,266.7,266.157,266.458,8272
2021-07-06 10:30:00,266.463,266.601,266.359,266.414,9750
2021-07-06 10:35:00,266.382,266.552,266.147,266.349,11158
2021-07-06 10:40:00,266.369,267.105,266.369,267.105,11764
2021-07-06 10:45:00,267.238,267.29,266.67,266.799,7121
2021-07-06 10:50:00,266.739,266.937,266.137,266.843,13227
2021-07-06 10:55:00,266.858,267.435,266.71,267.327,4359
2021-07-06 11:00:00,267.317,267.855,267.317,267.707,6449
2021-07-06 11:05:00,267.707,267.8,267.43,267.43,5070
2021-07-06 11:10:00,267.164,267.835,266.894,267.825,6076
2021-07-06 11:15:00,267.707,267.889,267.628,267.815,6860
2021-07-06 11:20:00,267.726,268.111,267.529,268.003,6350
2021-07-06 11:25:00,267.983,268.072,267.904,267.934,5012
2021-07-06 11:30:00,268.091,268.442,267.914,268.393,4819
2021-07-06 11:35:00,268.753,268.753,268.605,268.605,3055
2021-07-06 11:40:00,268.891,268.941,268.793,268.931,3817
2021-07-06 11:45:00,268.99,269.247,268.881,269.138,4667
2021-07-06 11:50:00,269.143,269.148,268.921,269.039,5912
2021-07-06 11:55:00,268.881,269.138,268.723,269.138,6915
2021-07-06 12:00:00,269.108,269.108,268.857,268.931,2181
2021-07-06 12:05:00,268.812,269.118,268.783,268.941,3814
2021-07-06 12:10:00,269.113,269.37,269.029,269.311,4819
2021-07-06 12:15:00,269.355,269.562,269.355,269.553,3724
2021-07-06 12:20:00,269.691,269.78,269.419,269.73,3497
2021-07-06 12:25:00,269.73,269.938,269.632,269.735,2475
2021-07-06 12:30:00,269.602,269.898,269.582,269.829,1521
2021-07-06 12:35:00,269.839,269.875,269.414,269.602,5959
2021-07-06 12:40:00,269.474,269.474,269.474,269.474,650
2021-07-06 12:45:00,269.55,269.572,269.286,269.286,4453
2021-07-06 12:50:00,269.286,269.326,269.197,269.321,2239
2021-07-06 12:55:00,269.459,269.572,269.459,269.543,3190
2021-07-06 13:00:00,269.562,269.76,269.562,269.76,1998
2021-07-06 13:05:00,269.957,269.957,269.632,269.707,4366
2021-07-06 13:10:00,269.533,269.543,269.405,269.533,4155
2021-07-06 13:15:00,269.612,269.622,269.523,269.592,2318
2021-07-06 13:20:00,269.671,269.73,269.355,269.355,5606
2021-07-06 13:25:00,269.434,269.493,269.217,269.247,5428
2021-07-06 13:30:00,269.286,269.286,269.089,269.197,5240
2021-07-06 13:35:00,269.128,269.197,269.089,269.089,2643
2021-07-06 13:40:00,269.173,269.434,269.099,269.37,2143
2021-07-06 13:45:00,269.247,269.429,269.143,269.429,5489
2021-07-06 13:50:00,269.281,269.286,269.059,269.286,4469
2021-07-06 13:55:00,269.256,269.424,269.207,269.209,5364
2021-07-06 14:00:00,269.247,269.438,269.207,269.276,5678
2021-07-06 14:05:00,269.316,269.385,269.296,269.365,2902
2021-07-06 14:10:00,269.375,269.414,269.331,269.405,2487
2021-07-06 14:15:00,269.345,269.345,269.197,269.217,3058
2021-07-06 14:20:00,269.148,269.178,269.099,269.178,2554
2021-07-06 14:25:00,269.187,269.355,269.187,269.355,2634
2021-07-06 14:30:00,269.385,269.493,269.335,269.493,3922
2021-07-06 14:35:00,269.553,269.642,269.474,269.642,6273
2021-07-06 14:40:00,269.72,269.72,269.503,269.503,3112
2021-07-06 14:45:00,269.464,269.464,269.187,269.35,3590
2021-07-06 14:50:00,269.385,269.385,269.276,269.276,1501
2021-07-06 14:55:00,269.316,269.375,269.02,269.118,4031
2021-07-06 15:00:00,269.089,269.207,269.049,269.079,3613
2021-07-06 15:05:00,269.118,269.148,268.911,269.148,4423
2021-07-06 15:10:00,269.094,269.395,269.059,269.217,4964
2021-07-06 15:15:00,269.355,269.503,269.316,269.335,5586
2021-07-06 15:20:00,269.345,269.365,269.187,269.276,4325
2021-07-06 15:25:00,269.187,269.306,269.138,269.138,4899
2021-07-06 15:30:00,269.217,269.335,269.168,269.335,4895
2021-07-06 15:35:00,269.256,269.409,269.084,269.084,5518
2021-07-06 15:40:00,269.089,269.553,269.089,269.474,7043
2021-07-06 15:45:00,269.523,269.74,269.503,269.74,8850
2021-07-06 15:50:00,269.686,269.908,269.651,269.809,9221
2021-07-06 15:55:00,269.928,269.987,269.513,269.701,24698
2021-07-06 16:00:00,269.651,270.007,269.513,269.997,66035
2021-07-06 16:05:00,269.977,269.977,269.977,269.977,31579
2021-07-07 09:35:00,269.474,270.629,269.138,270.527,28408
2021-07-07 09:40:00,271.29,272.139,271.26,271.522,7165
2021-07-07 09:45:00,271.502,271.941,270.757,271.941,8583
2021-07-07 09:50:00,272.149,272.277,271.083,271.083,12356
2021-07-07 09:55:00,271.32,271.65,271.32,271.477,5416
2021-07-07 10:00:00,271.32,271.635,271.102,271.3,9193
2021-07-07 10:05:00,271.231,271.418,270.974,271.201,5945
2021-07-07 10:10:00,271.073,271.25,270.885,270.905,9895
2021-07-07 10:15:00,271.023,271.389,270.826,270.954,10093
2021-07-07 10:20:00,271.122,271.359,270.717,270.994,5769
2021-07-07 10:25:00,270.944,271.122,270.905,271.083,3856
2021-07-07 10:30:00,271.104,271.448,270.994,271.221,9385
2021-07-07 10:35:00,271.033,271.033,270.51,270.668,15238
2021-07-07 10:40:00,270.747,271.004,270.747,270.88,4232
2021-07-07 10:45:00,270.974,271.31,270.974,271.122,4223
2021-07-07 10:50:00,271.043,271.784,271.043,271.635,4678
2021-07-07 10:55:00,271.537,271.724,271.418,271.709,3041
2021-07-07 11:00:00,271.596,271.813,271.576,271.813,4239
2021-07-07 11:05:00,271.803,272.247,271.803,271.951,8167
2021-07-07 11:10:00,271.951,272.119,271.843,272.057,5509
2021-07-07 11:15:00,272.09,272.682,272.04,272.565,5199
2021-07-07 11:20:00,272.641,272.84,272.573,272.771,7606
2021-07-07 11:25:00,272.879,273.082,272.642,273.082,11007
2021-07-07 11:30:00,273.077,273.432,273.077,273.373,4877
2021-07-07 11:35:00,273.378,273.471,273.254,273.254,3237
2021-07-07 11:40:00,273.343,273.481,273.343,273.412,3600
2021-07-07 11:45:00,273.422,273.52,273.284,273.284,3955
2021-07-07 11:50:00,273.333,273.57,273.205,273.362,6408
2021-07-07 11:55:00,273.397,273.541,273.205,273.314,13190
2021-07-07 12:00:00,273.373,273.689,273.146,273.659,8125
2021-07-07 12:05:00,273.728,274.083,273.679,273.995,9361
2021-07-07 12:10:00,273.926,274.005,273.699,273.718,7190
2021-07-07 12:15:00,273.718,273.926,273.659,273.817,4710
2021-07-07 12:20:00,273.748,273.822,273.59,273.627,4221
2021-07-07 12:25:00,273.758,273.758,273.491,273.491,2144
2021-07-07 12:30:00,273.393,273.55,273.274,273.452,2997
2021-07-07 12:35:00,273.462,273.738,273.462,273.718,4324
2021-07-07 12:40:00,273.718,273.718,273.393,273.402,3701
2021-07-07 12:45:00,273.279,273.363,272.958,272.958,4571
2021-07-07 12:50:00,272.929,273.106,272.869,273.106,4323
2021-07-07 12:55:00,273.175,273.254,273.067,273.195,2599
2021-07-07 13:00:00,273.235,273.235,272.929,273.185,2853
2021-07-07 13:05:00,273.289,273.363,273.284,273.328,1797
2021-07-07 13:10:00,273.333,273.501,273.333,273.452,3315
2021-07-07 13:15:00,273.343,273.343,273.281,273.333,1816
2021-07-07 13:20:00,273.151,273.151,273.069,273.069,641
2021-07-07 13:25:00,273.294,273.343,272.998,273.072,4552
2021-07-07 13:30:00,273.091,273.185,273.009,273.185,1800
2021-07-07 13:35:00,273.244,273.304,272.978,273.106,3732
2021-07-07 13:40:00,273.146,273.146,272.992,273.027,1354
2021-07-07 13:45:00,273.018,273.057,272.983,273.042,2466
2021-07-07 13:50:00,273.086,273.314,273.086,273.314,3644
2021-07-07 13:55:00,273.225,273.274,273.165,273.175,7982
2021-07-07 14:00:00,273.225,273.432,273.067,273.067,11009
2021-07-07 14:05:00,273.096,273.304,272.978,273.304,3976
2021-07-07 14:10:00,273.19,273.225,273.077,273.208,2615
2021-07-07 14:15:00,273.136,273.136,272.83,272.879,2993
2021-07-07 14:20:00,272.85,273.096,272.79,272.889,5590
2021-07-07 14:25:00,273.037,273.037,272.652,272.661,2953
2021-07-07 14:30:00,272.583,272.672,272.563,272.613,1737
2021-07-07 14:35:00,272.553,272.603,272.398,272.593,4535
2021-07-07 14:40:00,272.553,272.702,272.524,272.524,3208
2021-07-07 14:45:00,272.455,272.642,272.455,272.553,3757
2021-07-07 14:50:00,272.613,272.741,272.613,272.697,2948
2021-07-07 14:55:00,272.85,272.85,272.672,272.756,3178
2021-07-07 15:00:00,272.78,272.938,272.78,272.909,3048
2021-07-07 15:05:00,272.938,273.057,272.938,273.047,4516
2021-07-07 15:10:00,273.068,273.264,273.068,273.264,3234
2021-07-07 15:15:00,273.294,273.639,273.205,273.56,16155
2021-07-07 15:20:00,273.541,273.634,273.481,273.58,4118
2021-07-07 15:25:00,273.481,273.718,273.462,273.471,4231
2021-07-07 15:30:00,273.61,273.768,273.61,273.768,2196
2021-07-07 15:35:00,273.748,273.797,273.58,273.797,6190
2021-07-07 15:40:00,273.699,273.699,273.541,273.624,5223
2021-07-07 15:45:00,273.768,273.777,273.57,273.703,7549
2021-07-07 15:50:00,273.689,273.876,273.689,273.748,6851
2021-07-07 15:55:00,273.634,273.827,273.531,273.777,11835
2021-07-07 16:00:00,273.768,274.005,273.59,273.975,45601
2021-07-07 16:05:00,273.837,273.837,273.837,273.837,12759
2021-07-07 16:40:00,271.626,271.853,271.626,271.853,250
2021-07-07 19:55:00,273.432,273.432,273.432,273.432,300
2021-07-08 09:15:00,266.532,266.532,266.532,266.532,2383
2021-07-08 09:20:00,269.039,269.039,269.039,269.039,500
2021-07-08 09:30:00,271.093,271.221,271.093,271.093,900
2021-07-08 09:35:00,271.162,271.458,270.599,271.458,36708
2021-07-08 09:40:00,271.122,271.132,270.668,270.964,4349
2021-07-08 09:45:00,271.597,271.597,270.579,270.579,8756
2021-07-08 09:50:00,270.51,270.629,269.651,270.629,19228
2021-07-08 09:55:00,270.392,271.162,270.308,270.787,31167
2021-07-08 10:00:00,270.678,270.994,270.49,270.55,10303
2021-07-08 10:05:00,270.515,270.515,269.898,270.036,7498
2021-07-08 10:10:00,269.923,269.928,269.029,269.928,18783
2021-07-08 10:15:00,269.997,270.283,269.227,269.602,12044
2021-07-08 10:20:00,269.661,269.701,269.252,269.252,6758
2021-07-08 10:25:00,269.197,269.345,268.99,269.345,6899
2021-07-08 10:30:00,269.355,269.424,268.852,269.424,6942
2021-07-08 10:35:00,269.434,269.602,268.862,269.168,24099
2021-07-08 10:40:00,269.168,269.651,269.168,269.409,7112
2021-07-08 10:45:00,269.582,269.75,269.108,269.681,8251
2021-07-08 10:50:00,269.488,269.488,268.955,269.099,13076
2021-07-08 10:55:00,269.074,269.75,268.852,269.622,6645
2021-07-08 11:00:00,269.474,269.76,269.326,269.424,4797
2021-07-08 11:05:00,269.414,269.79,268.817,268.817,23758
2021-07-08 11:10:00,269.059,269.799,268.832,269.335,26230
2021-07-08 11:15:00,269.469,269.701,269.237,269.286,15421
2021-07-08 11:20:00,269.424,269.424,269.064,269.385,7848
2021-07-08 11:25:00,269.252,269.967,269.0,269.503,32412
2021-07-08 11:30:00,269.484,269.74,269.424,269.74,3201
2021-07-08 11:35:00,269.883,269.883,269.474,269.809,13974
2021-07-08 11:40:00,269.859,269.865,269.523,269.656,5949
2021-07-08 11:45:00,269.651,269.676,269.513,269.572,2928
2021-07-08 11:50:00,269.582,269.878,269.582,269.809,5376
2021-07-08 11:55:00,269.701,269.918,269.612,269.77,10700
2021-07-08 12:00:00,269.76,269.967,269.484,269.967,14990
2021-07-08 12:05:00,269.938,270.103,269.73,269.987,14558
2021-07-08 12:10:00,269.947,269.947,269.632,269.711,11159
2021-07-08 12:15:00,269.72,269.775,269.513,269.514,3857
2021-07-08 12:20:00,269.7,269.928,269.7,269.888,3068
2021-07-08 12:25:00,269.918,269.987,269.632,269.632,4640
2021-07-08 12:30:00,269.75,269.908,269.73,269.908,2072
2021-07-08 12:35:00,270.069,270.201,269.819,270.031,11345
2021-07-08 12:40:00,269.977,270.179,269.962,270.165,5048
2021-07-08 12:45:00,270.224,270.55,270.026,270.145,20831
2021-07-08 12:50:00,270.392,270.451,270.135,270.135,10866
2021-07-08 12:55:00,270.224,270.5,270.224,270.372,5581
2021-07-08 13:00:00,270.461,270.555,270.342,270.416,3494
2021-07-08 13:05:00,270.352,270.411,270.263,270.283,3485
2021-07-08 13:10:00,270.165,270.165,269.859,269.864,2540
2021-07-08 13:15:00,269.934,269.934,269.562,269.72,4980
2021-07-08 13:20:00,269.711,269.868,269.632,269.849,4935
2021-07-08 13:25:00,269.79,269.79,268.985,269.02,17108
2021-07-08 13:30:00,269.128,269.493,269.0,269.484,4351
2021-07-08 13:35:00,269.582,269.582,268.916,268.96,9440
2021-07-08 13:40:00,268.96,269.187,268.877,269.01,5326
2021-07-08 13:45:00,269.099,269.138,268.403,268.802,20477
2021-07-08 13:50:00,268.881,268.941,268.575,268.625,7022
2021-07-08 13:55:00,268.753,268.802,268.437,268.487,8846
2021-07-08 14:00:00,268.674,268.674,268.259,268.482,14607
2021-07-08 14:05:00,268.506,268.605,268.226,268.417,12624
2021-07-08 14:10:00,268.398,268.723,268.378,268.664,7393
2021-07-08 14:15:00,268.714,268.862,268.536,268.822,15006
2021-07-08 14:20:00,268.763,268.881,268.556,268.595,6174
2021-07-08 14:25:00,268.595,268.802,268.575,268.773,3147
2021-07-08 14:30:00,268.585,268.585,267.662,267.662,17681
2021-07-08 14:35:00,267.766,268.057,267.677,268.042,12765
2021-07-08 14:40:00,268.082,268.368,268.003,268.368,6835
2021-07-08 14:45:00,268.171,268.546,268.171,268.536,10401
2021-07-08 14:50:00,268.526,268.694,268.417,268.595,7877
2021-07-08 14:55:00,268.536,268.625,268.477,268.492,8736
2021-07-08 15:00:00,268.595,268.852,268.546,268.657,10709
2021-07-08 15:05:00,268.793,268.95,268.635,268.901,6995
2021-07-08 15:10:00,268.941,269.0,268.644,268.689,14615
2021-07-08 15:15:00,268.605,268.654,268.052,268.556,10230
2021-07-08 15:20:00,268.487,268.763,268.348,268.763,15971
2021-07-08 15:25:00,268.827,269.089,268.299,269.089,29504
2021-07-08 15:30:00,268.881,269.118,268.536,268.921,17661
2021-07-08 15:35:00,268.785,269.217,268.723,269.197,29946
2021-07-08 15:40:00,269.118,269.375,268.871,269.227,24593
2021-07-08 15:45:00,269.128,269.128,268.733,268.95,23739
2021-07-08 15:50:00,269.036,269.059,268.072,268.649,31344
2021-07-08 15:55:00,268.565,269.059,268.398,268.891,45936
2021-07-08 16:00:00,268.783,269.711,268.783,269.701,74767
2021-07-08 16:05:00,269.572,269.572,269.572,269.572,9924
2021-07-09 09:35:00,272.178,273.156,271.112,271.779,22907
2021-07-09 09:40:00,271.616,272.203,271.537,272.203,4853
2021-07-09 09:45:00,272.386,272.396,271.31,271.705,7697
2021-07-09 09:50:00,271.655,271.655,271.122,271.206,11392
2021-07-09 09:55:00,271.497,271.769,271.359,271.7,7319
2021-07-09 10:00:00,271.705,271.803,271.295,271.295,13037
2021-07-09 10:05:00,271.423,271.961,271.423,271.744,16029
2021-07-09 10:10:00,271.867,271.867,271.552,271.552,2312
2021-07-09 10:15:00,271.497,271.752,271.403,271.556,5526
2021-07-09 10:20:00,271.645,272.015,271.512,271.788,5146
2021-07-09 10:25:00,271.951,272.011,271.833,271.912,4267
2021-07-09 10:30:00,271.744,271.951,271.58,271.951,3982
2021-07-09 10:35:00,271.922,272.03,271.497,271.497,4334
2021-07-09 10:40:00,271.453,271.453,271.27,271.28,5190
2021-07-09 10:45:00,271.191,271.226,270.821,270.821,4077
2021-07-09 10:50:00,270.974,270.974,270.658,270.885,5097
2021-07-09 10:55:00,270.915,271.004,270.505,270.589,7659
2021-07-09 11:00:00,270.589,270.609,269.977,269.977,4415
2021-07-09 11:05:00,270.046,270.402,270.046,270.402,5018
2021-07-09 11:10:00,270.421,270.55,270.263,270.456,3120
2021-07-09 11:15:00,270.49,270.49,270.234,270.357,5381
2021-07-09 11:20:00,270.283,270.451,270.283,270.451,2301
2021-07-09 11:25:00,270.678,270.846,270.579,270.767,8186
2021-07-09 11:30:00,270.915,271.171,270.915,271.093,6156
2021-07-09 11:35:00,271.152,271.152,270.999,271.102,14168
2021-07-09 11:40:00,271.132,271.754,271.132,271.537,5988
2021-07-09 11:45:00,271.655,271.932,271.655,271.774,2400
2021-07-09 11:50:00,271.862,271.951,271.537,271.537,4622
2021-07-09 11:55:00,271.556,271.705,271.554,271.705,2624
2021-07-09 12:00:00,271.774,271.774,271.142,271.142,3912
2021-07-09 12:05:00,271.216,271.25,271.004,271.014,7212
2021-07-09 12:10:00,271.122,271.127,270.668,270.668,2929
2021-07-09 12:15:00,270.668,270.856,270.668,270.737,2219
2021-07-09 12:20:00,270.836,270.836,270.599,270.599,1070
2021-07-09 12:25:00,270.55,270.55,270.313,270.332,7450
2021-07-09 12:30:00,270.278,270.313,269.928,270.105,4297
2021-07-09 12:35:00,270.16,270.253,269.989,270.175,3445
2021-07-09 12:40:00,270.194,270.481,270.194,270.481,2524
2021-07-09 12:45:00,270.53,270.579,270.342,270.54,3476
2021-07-09 12:50:00,270.55,270.964,270.55,270.604,13556
2021-07-09 12:55:00,270.5,270.599,270.451,270.485,1700
2021-07-09 13:00:00,270.53,270.55,270.382,270.55,1995
2021-07-09 13:05:00,270.55,270.574,270.431,270.569,2658
2021-07-09 13:10:00,270.589,270.629,270.5,270.53,3697
2021-07-09 13:15:00,270.53,270.688,270.481,270.688,3989
2021-07-09 13:20:00,270.787,271.043,270.777,270.994,4796
2021-07-09 13:25:00,271.009,271.236,270.944,271.078,5268
2021-07-09 13:30:00,271.063,271.211,271.063,271.176,2327
2021-07-09 13:35:00,271.147,271.408,271.147,271.324,3196
2021-07-09 13:40:00,271.32,271.389,271.162,271.236,4012
2021-07-09 13:45:00,271.211,271.364,271.211,271.364,3869
2021-07-09 13:50:00,271.369,271.372,271.307,271.354,4335
2021-07-09 13:55:00,271.418,271.705,271.418,271.66,3510
2021-07-09 14:00:00,271.67,271.932,271.576,271.813,6996
2021-07-09 14:05:00,271.872,272.168,271.853,272.168,11602
2021-07-09 14:10:00,272.06,272.06,271.507,271.507,10390
2021-07-09 14:15:00,271.655,271.793,271.626,271.764,6463
2021-07-09 14:20:00,271.744,272.119,271.744,272.119,7348
2021-07-09 14:25:00,272.07,272.168,272.07,272.144,4288
2021-07-09 14:30:00,272.178,272.267,272.119,272.119,8332
2021-07-09 14:35:00,272.119,272.346,272.109,272.346,8880
2021-07-09 14:40:00,272.312,272.514,272.312,272.47,5179
2021-07-09 14:45:00,272.405,272.514,272.312,272.499,7152
2021-07-09 14:50:00,272.455,272.499,272.287,272.321,6810
2021-07-09 14:55:00,272.445,272.613,272.445,272.465,4848
2021-07-09 15:00:00,272.529,272.721,272.504,272.632,6108
2021-07-09 15:05:00,272.623,272.682,272.494,272.553,5706
2021-07-09 15:10:00,272.504,272.504,272.297,272.297,2848
2021-07-09 15:15:00,272.247,272.4,272.247,272.302,4126
2021-07-09 15:20:00,272.474,272.588,272.425,272.588,3729
2021-07-09 15:25:00,272.563,272.563,272.307,272.351,7292
2021-07-09 15:30:00,272.405,272.603,272.346,272.553,6311
2021-07-09 15:35:00,272.603,272.613,272.494,272.544,8479
2021-07-09 15:40:00,272.504,272.563,272.366,272.563,9623
2021-07-09 15:45:00,272.603,272.652,272.425,272.435,12623
2021-07-09 15:50:00,272.455,272.741,272.396,272.682,13907
2021-07-09 15:55:00,272.78,272.899,272.524,272.524,22263
2021-07-09 16:00:00,272.504,272.711,272.445,272.711,50069
2021-07-09 16:05:00,272.662,272.662,272.662,272.662,13312
2021-07-09 17:00:00,271.784,271.793,271.784,271.793,300
2021-07-12 09:30:00,273.699,273.699,273.699,273.699,756
2021-07-12 09:35:00,273.037,273.037,271.586,272.455,44811
2021-07-12 09:40:00,272.366,273.471,272.297,273.471,14144
2021-07-12 09:45:00,273.624,273.624,272.806,273.62,8050
2021-07-12 09:50:00,273.284,273.659,273.264,273.437,10119
2021-07-12 09:55:00,273.333,273.945,273.333,273.926,10370
2021-07-12 10:00:00,274.044,274.044,273.6,273.782,6431
2021-07-12 10:05:00,273.926,274.123,273.758,274.039,12994
2021-07-12 10:10:00,274.074,274.143,273.827,274.143,10016
2021-07-12 10:15:00,274.38,274.617,274.251,274.301,5814
2021-07-12 10:20:00,274.409,275.071,274.409,275.071,7293
2021-07-12 10:25:00,275.051,275.13,274.853,274.863,6013
2021-07-12 10:30:00,275.179,275.194,274.755,274.942,6461
2021-07-12 10:35:00,275.056,275.426,275.021,275.426,7127
2021-07-12 10:40:00,275.525,275.554,275.159,275.238,13380
2021-07-12 10:45:00,275.12,275.248,274.982,275.248,5499
2021-07-12 10:50:00,275.233,275.233,274.547,274.765,6021
2021-07-12 10:55:00,274.626,274.804,274.459,274.538,6145
2021-07-12 11:00:00,274.439,274.873,274.311,274.547,4894
2021-07-12 11:05:00,274.712,274.712,274.074,274.222,5061
2021-07-12 11:10:00,274.291,274.449,274.172,274.222,3247
2021-07-12 11:15:00,274.202,274.389,274.182,274.192,5073
2021-07-12 11:20:00,274.241,274.281,274.014,274.133,5507
2021-07-12 11:25:00,274.014,274.123,273.847,273.916,7999
2021-07-12 11:30:00,273.896,274.014,273.61,274.014,4699
2021-07-12 11:35:00,273.995,274.153,273.817,273.861,10589
2021-07-12 11:40:00,273.916,274.192,273.906,274.153,9982
2021-07-12 11:45:00,274.143,274.172,273.856,274.083,9352
2021-07-12 11:50:00,274.241,274.765,274.241,274.399,17323
2021-07-12 11:55:00,274.508,275.031,274.429,275.021,17051
2021-07-12 12:00:00,275.011,275.021,274.777,274.942,10132
2021-07-12 12:05:00,274.908,275.258,274.89,275.11,5322
2021-07-12 12:10:00,275.11,275.199,275.002,275.031,4271
2021-07-12 12:15:00,274.972,275.031,274.518,274.547,9047
2021-07-12 12:20:00,274.582,274.582,274.36,274.36,4824
2021-07-12 12:25:00,274.291,274.389,273.965,273.99,4917
2021-07-12 12:30:00,274.034,274.074,274.024,274.074,982
2021-07-12 12:35:00,274.074,274.617,274.044,274.617,18503
2021-07-12 12:40:00,274.518,274.518,274.251,274.478,15880
2021-07-12 12:45:00,274.533,274.824,274.375,274.626,10250
2021-07-12 12:50:00,274.686,274.71,274.429,274.429,3202
2021-07-12 12:55:00,274.37,274.449,274.251,274.449,11892
2021-07-12 13:00:00,274.385,274.498,274.281,274.399,9515
2021-07-12 13:05:00,274.419,274.518,274.399,274.424,4734
2021-07-12 13:10:00,274.424,274.488,274.33,274.33,7073
2021-07-12 13:15:00,274.429,274.528,274.429,274.528,3318
2021-07-12 13:20:00,274.454,274.597,274.454,274.597,3409
2021-07-12 13:25:00,274.557,274.676,274.498,274.557,4562
2021-07-12 13:30:00,274.518,274.597,274.463,274.597,1627
2021-07-12 13:35:00,274.528,274.745,274.528,274.635,3492
2021-07-12 13:40:00,274.533,274.676,274.533,274.676,1328
2021-07-12 13:45:00,274.686,274.696,274.439,274.478,4073
2021-07-12 13:50:00,274.597,274.597,274.419,274.449,3649
2021-07-12 13:55:00,274.449,274.582,274.429,274.582,4408
2021-07-12 14:00:00,274.508,274.636,274.468,274.636,2478
2021-07-12 14:05:00,274.617,274.853,274.597,274.794,4484
2021-07-12 14:10:00,274.745,274.839,274.528,274.528,6001
2021-07-12 14:15:00,274.513,274.681,274.444,274.557,3947
2021-07-12 14:20:00,274.584,274.765,274.584,274.636,2422
2021-07-12 14:25:00,274.735,274.784,274.676,274.765,2619
2021-07-12 14:30:00,274.873,274.873,274.715,274.745,5011
2021-07-12 14:35:00,274.794,274.903,274.705,274.705,4114
2021-07-12 14:40:00,274.626,274.882,274.626,274.873,2149
2021-07-12 14:45:00,274.844,274.962,274.728,274.814,6743
2021-07-12 14:50:00,274.814,274.876,274.459,274.459,11787
2021-07-12 14:55:00,274.607,274.607,274.311,274.311,4877
2021-07-12 15:00:00,274.449,274.607,274.34,274.419,8898
2021-07-12 15:05:00,274.38,274.577,274.38,274.456,9764
2021-07-12 15:10:00,274.483,274.631,274.483,274.631,1461
2021-07-12 15:15:00,274.577,274.636,274.518,274.518,3782
2021-07-12 15:20:00,274.51,274.617,274.51,274.583,3414
2021-07-12 15:25:00,274.641,274.641,274.434,274.508,6708
2021-07-12 15:30:00,274.498,274.587,274.498,274.587,5559
2021-07-12 15:35:00,274.607,274.696,274.488,274.636,8364
2021-07-12 15:40:00,274.696,274.755,274.488,274.498,9404
2021-07-12 15:45:00,274.518,274.626,274.488,274.626,8531
2021-07-12 15:50:00,274.636,274.704,274.557,274.656,7299
2021-07-12 15:55:00,274.567,274.597,274.291,274.468,19139
2021-07-12 16:00:00,274.429,274.439,274.093,274.419,46719
2021-07-12 16:05:00,274.389,274.389,274.389,274.389,20519
2021-07-13 09:00:00,273.876,273.876,273.876,273.876,225
2021-07-13 09:15:00,273.876,273.876,273.876,273.876,100
2021-07-13 09:35:00,273.185,273.827,273.067,273.62,43213
2021-07-13 09:40:00,273.654,275.011,273.654,274.172,41654
2021-07-13 09:45:00,274.207,274.538,273.871,274.064,5810
2021-07-13 09:50:00,274.029,274.172,272.919,273.432,20397
2021-07-13 09:55:00,273.432,273.669,273.314,273.541,9526
2021-07-13 10:00:00,273.501,273.827,273.402,273.447,3737
2021-07-13 10:05:00,273.442,273.748,272.919,273.274,31247
2021-07-13 10:10:00,273.471,273.629,273.323,273.595,8926
2021-07-13 10:15:00,273.56,273.56,273.057,273.156,9537
2021-07-13 10:20:00,273.19,273.323,273.082,273.082,3178
2021-07-13 10:25:00,272.988,273.375,272.958,273.146,4339
2021-07-13 10:30:00,273.185,273.708,273.047,273.55,34745
2021-07-13 10:35:00,273.541,273.817,273.452,273.58,15601
2021-07-13 10:40:00,273.669,273.694,273.383,273.595,6464
2021-07-13 10:45:00,273.454,273.639,273.412,273.565,5763
2021-07-13 10:50:00,273.55,273.605,273.506,273.55,3379
2021-07-13 10:55:00,273.639,273.871,273.531,273.679,6194
2021-07-13 11:00:00,273.718,273.738,273.452,273.634,6539
2021-07-13 11:05:00,273.649,273.679,273.284,273.432,19787
2021-07-13 11:10:00,273.432,273.654,273.385,273.385,15030
2021-07-13 11:15:00,273.383,273.723,273.383,273.718,5773
2021-07-13 11:20:00,273.705,273.965,273.61,273.945,6886
2021-07-13 11:25:00,273.945,273.945,273.57,273.782,4222
2021-07-13 11:30:00,273.876,273.96,273.777,273.807,4049
2021-07-13 11:35:00,273.669,273.768,273.61,273.768,4674
2021-07-13 11:40:00,273.758,273.886,273.689,273.805,10300
2021-07-13 11:45:00,273.797,273.852,273.59,273.728,10470
2021-07-13 11:50:00,273.629,273.807,273.541,273.792,17216
2021-07-13 11:55:00,273.847,273.891,273.738,273.769,5091
2021-07-13 12:00:00,273.847,274.108,273.748,274.108,5344
2021-07-13 12:05:00,274.192,274.35,274.074,274.083,10218
2021-07-13 12:10:00,274.034,274.153,274.034,274.153,3142
2021-07-13 12:15:00,274.143,274.271,273.985,273.986,15514
2021-07-13 12:20:00,273.975,274.222,273.901,274.177,4865
2021-07-13 12:25:00,274.113,274.172,273.852,273.852,6726
2021-07-13 12:30:00,273.871,274.054,273.575,273.807,15712
2021-07-13 12:35:00,273.787,273.965,273.728,273.822,20528
2021-07-13 12:40:00,273.787,273.955,273.787,273.837,3656
2021-07-13 12:45:00,273.758,273.796,273.58,273.639,2609
2021-07-13 12:50:00,273.624,273.768,273.56,273.689,4277
2021-07-13 12:55:00,273.55,273.768,273.531,273.629,11671
2021-07-13 13:00:00,273.679,273.856,273.669,273.758,7227
2021-07-13 13:05:00,273.772,273.926,273.679,273.689,8549
2021-07-13 13:10:00,273.787,273.926,273.777,273.891,6043
2021-07-13 13:15:00,273.935,273.965,273.699,273.703,16525
2021-07-13 13:20:00,273.708,273.787,273.397,273.471,6646
2021-07-13 13:25:00,273.437,273.773,273.437,273.733,7431
2021-07-13 13:30:00,273.718,273.827,273.59,273.684,16980
2021-07-13 13:35:00,273.733,273.985,273.649,273.792,19618
2021-07-13 13:40:00,273.787,273.827,273.383,273.511,19600
2021-07-13 13:45:00,273.56,273.748,273.56,273.708,6549
2021-07-13 13:50:00,273.748,273.975,273.748,273.768,6942
2021-07-13 13:55:00,273.758,273.82,273.442,273.521,4271
2021-07-13 14:00:00,273.457,273.679,273.457,273.669,13581
2021-07-13 14:05:00,273.708,273.708,273.314,273.314,24776
2021-07-13 14:10:00,273.462,273.699,273.421,273.491,22659
2021-07-13 14:15:00,273.59,273.649,273.511,273.6,5625
2021-07-13 14:20:00,273.57,273.708,273.521,273.624,8829
2021-07-13 14:25:00,273.6,273.613,273.452,273.565,11291
2021-07-13 14:30:00,273.61,273.634,273.491,273.61,4377
2021-07-13 14:35:00,273.55,273.61,273.333,273.432,30313
2021-07-13 14:40:00,273.481,273.6,273.462,273.531,17324
2021-07-13 14:45:00,273.55,273.627,273.462,273.501,8187
2021-07-13 14:50:00,273.541,273.703,273.491,273.694,8166
2021-07-13 14:55:00,273.669,273.886,273.669,273.856,16898
2021-07-13 15:00:00,273.856,273.975,273.728,273.797,15480
2021-07-13 15:05:00,273.797,273.916,273.768,273.768,11831
2021-07-13 15:10:00,273.876,273.945,273.797,273.807,10909
2021-07-13 15:15:00,273.777,273.812,273.531,273.689,7558
2021-07-13 15:20:00,273.649,273.916,273.6,273.807,23677
2021-07-13 15:25:00,273.723,273.926,273.708,273.881,33251
2021-07-13 15:30:00,273.926,274.261,273.856,274.138,25236
2021-07-13 15:35:00,274.172,274.261,273.827,274.212,22255
2021-07-13 15:40:00,274.172,274.35,274.123,274.241,22432
2021-07-13 15:45:00,274.241,274.429,274.172,274.399,18854
2021-07-13 15:50:00,274.419,274.419,273.817,273.837,23097
2021-07-13 15:55:00,273.807,274.103,273.758,274.103,30774
2021-07-13 16:00:00,274.113,274.636,274.093,274.528,106131
2021-07-13 16:05:00,274.468,274.468,274.468,274.468,17462
2021-07-14 08:30:00,275.209,275.209,275.209,275.209,150
2021-07-14 09:35:00,275.199,275.614,274.202,275.273,38323
2021-07-14 09:40:00,275.031,275.317,274.834,275.13,6414
2021-07-14 09:45:00,275.317,275.949,275.317,275.475,6394
2021-07-14 09:50:00,275.416,276.013,275.327,275.776,7222
2021-07-14 09:55:00,275.594,275.821,275.09,275.09,9567
2021-07-14 10:00:00,274.962,275.011,274.449,274.547,5421
2021-07-14 10:05:00,274.765,274.765,274.103,274.153,3039
2021-07-14 10:10:00,274.108,274.108,273.649,273.649,952
2021-07-14 10:15:00,273.442,273.6,273.185,273.185,2982
2021-07-14 10:20:00,273.258,273.797,273.258,273.797,4502
2021-07-14 10:25:00,273.708,273.787,273.205,273.323,5783
2021-07-14 10:30:00,273.254,273.254,272.534,272.534,3821
2021-07-14 10:35:00,272.534,273.017,272.287,272.998,11402
2021-07-14 10:40:00,272.978,273.067,272.317,272.317,5553
2021-07-14 10:45:00,272.445,272.483,272.139,272.139,4449
2021-07-14 10:50:00,272.218,272.297,272.06,272.297,6193
2021-07-14 10:55:00,272.267,272.484,272.154,272.445,7099
2021-07-14 11:00:00,272.438,272.642,271.912,272.03,8337
2021-07-14 11:05:00,271.932,271.932,271.606,271.764,7746
2021-07-14 11:10:00,271.813,271.922,271.719,271.744,5067
2021-07-14 11:15:00,271.793,272.247,271.784,272.247,5763
2021-07-14 11:20:00,272.183,272.277,272.09,272.203,4311
2021-07-14 11:25:00,272.203,272.702,272.203,272.573,5104
2021-07-14 11:30:00,272.489,272.662,271.981,272.218,9814
2021-07-14 11:35:00,272.159,272.731,272.159,272.603,7272
2021-07-14 11:40:00,272.603,273.067,272.603,272.948,3412
2021-07-14 11:45:00,272.879,272.909,272.623,272.79,8054
2021-07-14 11:50:00,272.78,272.904,272.721,272.815,2871
2021-07-14 11:55:00,272.702,273.052,272.696,272.929,5223
2021-07-14 12:00:00,272.998,273.037,272.858,273.037,1875
2021-07-14 12:05:00,272.998,273.363,272.998,273.363,3167
2021-07-14 12:10:00,273.402,273.487,273.338,273.422,2956
2021-07-14 12:15:00,273.449,273.462,273.284,273.32,2992
2021-07-14 12:20:00,273.274,273.59,273.096,273.442,6091
2021-07-14 12:25:00,273.402,273.694,273.402,273.694,2069
2021-07-14 12:30:00,273.758,273.758,273.55,273.708,2564
2021-07-14 12:35:00,273.679,273.856,273.471,273.777,15955
2021-07-14 12:40:00,273.797,273.945,273.62,273.945,8655
2021-07-14 12:45:00,273.935,274.034,273.916,274.034,4984
2021-07-14 12:50:00,274.064,274.162,273.876,274.024,10329
2021-07-14 12:55:00,273.911,273.911,273.55,273.55,7939
2021-07-14 13:00:00,273.738,273.738,273.284,273.314,8814
2021-07-14 13:05:00,273.23,273.372,273.047,273.225,3935
2021-07-14 13:10:00,273.185,273.541,273.126,273.541,8433
2021-07-14 13:15:00,273.501,273.777,273.452,273.777,4091
2021-07-14 13:20:00,273.669,274.093,273.629,273.965,4972
2021-07-14 13:25:00,274.0,274.138,273.916,274.034,6218
2021-07-14 13:30:00,273.995,274.044,273.827,273.919,3096
2021-07-14 13:35:00,273.886,274.143,273.886,274.133,4895
2021-07-14 13:40:00,274.251,274.533,274.222,274.533,3924
2021-07-14 13:45:00,274.725,274.745,274.498,274.567,3151
2021-07-14 13:50:00,274.542,274.542,274.222,274.34,3333
2021-07-14 13:55:00,274.291,274.419,274.232,274.399,3899
2021-07-14 14:00:00,274.459,274.538,274.37,274.537,3066
2021-07-14 14:05:00,274.498,274.528,274.449,274.508,3336
2021-07-14 14:10:00,274.459,274.607,274.389,274.607,5120
2021-07-14 14:15:00,274.518,274.518,274.419,274.419,3538
2021-07-14 14:20:00,274.389,274.577,274.389,274.508,3697
2021-07-14 14:25:00,274.518,274.626,274.409,274.409,5292
2021-07-14 14:30:00,274.478,274.528,274.409,274.528,5141
2021-07-14 14:35:00,274.528,274.656,274.143,274.143,6235
2021-07-14 14:40:00,274.133,274.254,274.083,274.083,3474
2021-07-14 14:45:00,274.064,274.064,273.758,273.916,2975
2021-07-14 14:50:00,273.926,273.945,273.699,273.718,2908
2021-07-14 14:55:00,273.708,273.797,273.669,273.703,3256
2021-07-14 15:00:00,273.748,273.916,273.728,273.778,6113
2021-07-14 15:05:00,273.748,273.901,273.748,273.861,6000
2021-07-14 15:10:00,273.807,273.926,273.738,273.842,6645
2021-07-14 15:15:00,273.847,273.896,273.6,273.694,7937
2021-07-14 15:20:00,273.58,273.708,273.471,273.6,5929
2021-07-14 15:25:00,273.511,273.58,273.343,273.343,4753
2021-07-14 15:30:00,273.358,273.481,273.304,273.353,4896
2021-07-14 15:35:00,273.353,273.501,273.047,273.501,8222
2021-07-14 15:40:00,273.575,273.669,273.491,273.541,5386
2021-07-14 15:45:00,273.521,273.689,273.432,273.432,10279
2021-07-14 15:50:00,273.501,273.703,273.047,273.047,13026
2021-07-14 15:55:00,273.343,273.501,273.116,273.402,18591
2021-07-14 16:00:00,273.338,273.699,273.264,273.639,53493
2021-07-14 16:05:00,273.363,273.363,273.363,273.363,35511
2021-07-14 16:10:00,273.363,273.363,273.363,273.363,272
2021-07-15 09:35:00,272.899,274.513,272.899,274.271,38840
2021-07-15 09:40:00,274.774,275.742,274.38,275.495,10489
2021-07-15 09:45:00,274.903,275.406,274.834,274.834,8433
2021-07-15 09:50:00,275.278,275.673,274.982,275.317,5864
2021-07-15 09:55:00,275.322,275.337,274.37,274.577,4639
2021-07-15 10:00:00,274.765,274.765,273.995,274.617,2936
2021-07-15 10:05:00,274.291,274.962,274.291,274.893,2003
2021-07-15 10:10:00,275.031,275.154,274.774,274.774,7724
2021-07-15 10:15:00,274.982,275.515,274.863,275.515,6965
2021-07-15 10:20:00,275.327,275.692,275.327,275.564,3314
2021-07-15 10:25:00,275.628,275.801,275.505,275.801,11889
2021-07-15 10:30:00,275.712,276.156,275.638,275.895,23370
2021-07-15 10:35:00,275.9,276.275,275.9,276.068,7381
2021-07-15 10:40:00,276.334,276.334,275.92,276.028,8788
2021-07-15 10:45:00,276.206,276.374,276.068,276.189,7474
2021-07-15 10:50:00,276.068,276.068,275.821,275.974,11641
2021-07-15 10:55:00,275.979,276.068,275.801,275.89,14522
2021-07-15 11:00:00,275.989,276.097,275.811,275.86,14230
2021-07-15 11:05:00,275.801,275.801,275.268,275.268,33584
2021-07-15 11:10:00,275.214,275.214,274.893,275.071,13348
2021-07-15 11:15:00,274.992,274.992,274.389,274.774,9034
2021-07-15 11:20:00,274.646,274.686,274.459,274.498,7966
2021-07-15 11:25:00,274.488,274.509,273.975,274.083,7223
2021-07-15 11:30:00,274.093,274.182,273.98,274.182,3481
2021-07-15 11:35:00,274.212,274.301,274.044,274.153,7610
2021-07-15 11:40:00,274.074,274.212,274.034,274.162,6578
2021-07-15 11:45:00,274.251,274.37,274.222,274.222,4368
2021-07-15 11:50:00,274.192,274.32,274.123,274.32,9993
2021-07-15 11:55:00,274.301,274.468,274.301,274.468,2013
2021-07-15 12:00:00,274.488,274.508,273.955,274.014,5706
2021-07-15 12:05:00,274.024,274.143,274.024,274.024,3118
2021-07-15 12:10:00,274.074,274.074,273.57,273.689,5633
2021-07-15 12:15:00,273.659,273.866,273.659,273.807,3402
2021-07-15 12:20:00,273.763,273.797,273.659,273.792,3878
2021-07-15 12:25:00,273.837,273.995,273.837,273.901,5083
2021-07-15 12:30:00,273.965,273.975,273.827,273.975,3611
2021-07-15 12:35:00,274.014,274.074,273.926,273.965,3618
2021-07-15 12:40:00,273.906,274.251,273.886,274.251,2304
2021-07-15 12:45:00,274.355,274.439,274.153,274.439,20751
2021-07-15 12:50:00,274.498,274.764,274.498,274.764,3530
2021-07-15 12:55:00,274.715,274.814,274.626,274.705,4916
2021-07-15 13:00:00,274.676,274.745,274.547,274.547,2801
2021-07-15 13:05:00,274.516,274.547,274.459,274.547,1437
2021-07-15 13:10:00,274.844,274.952,274.804,274.952,3755
2021-07-15 13:15:00,275.016,275.016,274.636,274.651,6795
2021-07-15 13:20:00,274.429,274.488,274.33,274.449,2636
2021-07-15 13:25:00,274.488,274.542,274.311,274.399,4708
2021-07-15 13:30:00,274.34,274.468,274.32,274.424,4688
2021-07-15 13:35:00,274.439,274.725,274.38,274.597,9269
2021-07-15 13:40:00,274.597,274.932,274.468,274.893,8705
2021-07-15 13:45:00,274.893,274.972,274.595,274.595,7639
2021-07-15 13:50:00,274.429,274.893,274.429,274.893,5766
2021-07-15 13:55:00,274.849,275.135,274.849,275.036,6331
2021-07-15 14:00:00,274.972,274.972,274.518,274.587,16957
2021-07-15 14:05:00,274.666,274.755,274.518,274.686,8200
2021-07-15 14:10:00,274.666,274.893,274.615,274.858,2981
2021-07-15 14:15:00,274.804,275.061,274.696,275.051,6686
2021-07-15 14:20:00,275.011,275.209,274.982,275.209,5589
2021-07-15 14:25:00,275.155,275.337,275.155,275.189,5406
2021-07-15 14:30:00,275.253,275.253,275.08,275.233,4179
2021-07-15 14:35:00,275.169,275.209,275.046,275.046,5760
2021-07-15 14:40:00,275.12,275.12,275.031,275.041,6997
2021-07-15 14:45:00,275.08,275.238,275.011,275.199,6737
2021-07-15 14:50:00,275.229,275.229,274.977,275.199,9423
2021-07-15 14:55:00,275.189,275.189,275.031,275.061,5531
2021-07-15 15:00:00,275.15,275.308,275.09,275.219,6766
2021-07-15 15:05:00,275.268,275.357,275.179,275.229,8417
2021-07-15 15:10:00,275.288,275.495,275.233,275.495,4709
2021-07-15 15:15:00,275.446,275.485,275.396,275.43,6877
2021-07-15 15:20:00,275.456,275.604,275.456,275.579,6904
2021-07-15 15:25:00,275.579,275.579,275.209,275.436,10997
2021-07-15 15:30:00,275.475,275.554,275.396,275.535,13114
2021-07-15 15:35:00,275.52,275.522,275.268,275.426,13705
2021-07-15 15:40:00,275.347,275.451,275.347,275.396,12238
2021-07-15 15:45:00,275.431,275.85,275.386,275.841,15009
2021-07-15 15:50:00,275.86,276.166,275.742,275.742,26741
2021-07-15 15:55:00,275.712,276.067,275.692,275.949,26596
2021-07-15 16:00:00,275.949,276.058,275.495,275.535,67420
2021-07-15 16:05:00,275.525,275.525,275.525,275.525,7814
2021-07-16 09:35:00,276.591,277.242,276.344,276.852,72986
2021-07-16 09:40:00,276.724,277.025,276.699,276.907,6306
2021-07-16 09:45:00,276.857,277.223,276.65,277.173,12059
2021-07-16 09:50:00,277.252,277.706,277.183,277.538,10441
2021-07-16 09:55:00,277.696,277.765,277.311,277.696,16727
2021-07-16 10:00:00,277.746,278.654,277.746,278.338,12710
2021-07-16 10:05:00,278.387,278.565,277.879,278.071,9603
2021-07-16 10:10:00,278.149,278.491,278.081,278.289,8974
2021-07-16 10:15:00,278.348,278.407,277.282,277.553,12936
2021-07-16 10:20:00,277.765,278.027,277.578,278.027,6704
2021-07-16 10:25:00,277.943,277.973,277.509,277.686,10569
2021-07-16 10:30:00,277.617,277.894,277.489,277.524,14093
2021-07-16 10:35:00,277.469,277.914,277.41,277.914,15117
2021-07-16 10:40:00,277.884,278.368,277.726,278.269,15228
2021-07-16 10:45:00,278.328,278.407,277.884,278.407,8715
2021-07-16 10:50:00,278.308,278.723,278.15,278.713,7586
2021-07-16 10:55:00,278.748,279.157,278.748,279.098,19140
2021-07-16 11:00:00,279.073,279.108,278.871,278.92,14507
2021-07-16 11:05:00,278.911,279.31,278.911,278.93,11250
2021-07-16 11:10:00,278.945,279.147,278.812,278.97,8017
2021-07-16 11:15:00,278.97,279.068,278.911,278.94,6369
2021-07-16 11:20:00,278.95,279.108,278.827,279.068,7926
2021-07-16 11:25:00,279.108,279.374,279.029,279.157,8252
2021-07-16 11:30:00,279.128,279.138,278.604,278.644,8389
2021-07-16 11:35:00,278.733,278.994,278.555,278.994,6099
2021-07-16 11:40:00,278.999,279.562,278.96,279.532,10148
2021-07-16 11:45:00,279.483,279.927,279.473,279.532,11488
2021-07-16 11:50:00,279.518,279.549,279.325,279.374,7023
2021-07-16 11:55:00,279.355,279.804,279.355,279.769,6617
2021-07-16 12:00:00,279.71,279.858,279.661,279.84,7763
2021-07-16 12:05:00,279.799,279.962,279.68,279.962,6753
2021-07-16 12:10:00,280.06,280.095,279.927,279.957,6993
2021-07-16 12:15:00,279.967,280.13,279.927,279.957,7990
2021-07-16 12:20:00,280.095,280.213,280.026,280.174,6132
2021-07-16 12:25:00,280.135,280.174,279.809,279.809,10606
2021-07-16 12:30:00,279.69,279.72,279.389,279.651,8778
2021-07-16 12:35:00,279.641,279.7,279.453,279.671,5384
2021-07-16 12:40:00,279.651,279.838,279.552,279.552,6292
2021-07-16 12:45:00,279.552,279.69,279.513,279.597,8356
2021-07-16 12:50:00,279.592,279.71,279.577,279.611,7945
2021-07-16 12:55:00,279.669,279.7,279.434,279.434,7036
2021-07-16 13:00:00,279.281,279.404,279.197,279.197,6009
2021-07-16 13:05:00,279.128,279.128,278.95,279.093,7079
2021-07-16 13:10:00,279.103,279.103,278.861,278.901,6741
2021-07-16 13:15:00,278.955,278.955,278.822,278.881,5898
2021-07-16 13:20:00,278.891,279.039,278.802,279.039,10917
2021-07-16 13:25:00,278.98,279.157,278.772,279.157,11908
2021-07-16 13:30:00,279.217,279.542,279.217,279.37,7440
2021-07-16 13:35:00,279.231,279.325,279.071,279.078,5056
2021-07-16 13:40:00,279.078,279.335,279.049,279.335,6420
2021-07-16 13:45:00,279.261,279.355,279.083,279.236,6872
2021-07-16 13:50:00,279.236,279.353,279.138,279.138,6352
2021-07-16 13:55:00,279.093,279.157,279.078,279.108,4390
2021-07-16 14:00:00,279.108,279.177,279.059,279.088,5814
2021-07-16 14:05:00,279.059,279.064,278.792,278.95,7684
2021-07-16 14:10:00,279.019,279.167,278.796,279.167,6998
2021-07-16 14:15:00,279.147,279.147,278.891,278.999,5040
2021-07-16 14:20:00,279.118,279.276,279.009,279.187,8144
2021-07-16 14:25:00,279.197,279.197,278.901,278.96,5177
2021-07-16 14:30:00,278.871,278.96,278.703,278.703,8944
2021-07-16 14:35:00,278.634,278.762,278.397,278.624,7035
2021-07-16 14:40:00,278.526,278.713,278.427,278.476,9740
2021-07-16 14:45:00,278.466,278.762,278.466,278.604,6834
2021-07-16 14:50:00,278.6,278.92,278.6,278.92,6109
2021-07-16 14:55:00,278.92,279.147,278.92,279.059,6593
2021-07-16 15:00:00,279.083,279.138,278.822,278.827,13652
2021-07-16 15:05:00,278.822,278.822,278.491,278.604,8380
2021-07-16 15:10:00,278.654,278.817,278.604,278.708,8689
2021-07-16 15:15:00,278.742,278.97,278.664,278.881,9489
2021-07-16 15:20:00,278.97,279.226,278.797,279.059,11094
2021-07-16 15:25:00,279.098,279.187,278.97,279.138,7768
2021-07-16 15:30:00,279.152,279.246,279.019,279.241,12007
2021-07-16 15:35:00,279.197,279.759,279.197,279.631,20170
2021-07-16 15:40:00,279.611,279.631,279.404,279.404,17148
2021-07-16 15:45:00,279.513,279.572,279.118,279.177,19939
2021-07-16 15:50:00,279.172,279.335,278.901,278.92,30301
2021-07-16 15:55:00,278.891,278.97,278.703,278.881,41075
2021-07-16 16:00:00,278.95,279.177,278.762,278.762,96937
2021-07-16 16:05:00,278.772,278.772,278.762,278.772,25014
2021-07-16 16:50:00,278.772,278.772,278.772,278.772,197
2021-07-16 17:00:00,278.269,278.318,278.269,278.269,400
2021-07-16 17:50:00,278.762,278.762,278.762,278.762,100
2021-07-16 19:00:00,279.345,279.345,279.345,279.345,200
2021-07-19 09:35:00,277.321,277.38,274.774,277.341,66624
2021-07-19 09:40:00,276.226,278.062,276.137,278.062,15249
2021-07-19 09:45:00,277.791,278.368,277.578,278.289,24252
2021-07-19 09:50:00,278.318,278.466,277.578,278.002,22599
2021-07-19 09:55:00,277.884,278.138,277.38,278.111,17569
2021-07-19 10:00:00,277.953,278.229,277.553,278.195,22395
2021-07-19 10:05:00,277.992,277.992,277.519,277.519,27883
2021-07-19 10:10:00,277.729,277.729,276.995,277.489,14780
2021-07-19 10:15:00,277.4,277.805,277.183,277.805,11929
2021-07-19 10:20:00,277.691,277.864,276.986,277.163,27312
2021-07-19 10:25:00,277.163,278.545,276.778,278.545,36805
2021-07-19 10:30:00,278.526,278.703,277.074,277.864,22673
2021-07-19 10:35:00,277.667,278.535,277.499,278.308,30160
2021-07-19 10:40:00,278.447,278.447,277.573,277.795,16626
2021-07-19 10:45:00,277.677,277.677,276.808,277.252,14078
2021-07-19 10:50:00,277.371,277.657,277.371,277.459,9003
2021-07-19 10:55:00,277.538,278.604,277.459,278.545,42867
2021-07-19 11:00:00,278.693,278.792,278.427,278.535,12803
2021-07-19 11:05:00,278.555,278.861,278.2,278.708,17231
2021-07-19 11:10:00,278.728,279.72,278.728,279.621,20373
2021-07-19 11:15:00,279.621,280.371,279.217,280.213,76876
2021-07-19 11:20:00,280.233,280.52,280.204,280.421,41849
2021-07-19 11:25:00,280.431,280.431,279.187,279.503,30036
2021-07-19 11:30:00,279.399,279.621,279.226,279.251,24489
2021-07-19 11:35:00,279.261,279.503,279.098,279.256,23141
2021-07-19 11:40:00,279.305,279.305,278.308,278.683,44724
2021-07-19 11:45:00,278.614,279.142,278.501,278.871,13190
2021-07-19 11:50:00,278.881,279.611,278.772,278.901,27955
2021-07-19 11:55:00,279.029,279.266,278.822,279.009,10135
2021-07-19 12:00:00,279.029,279.463,278.999,279.039,10974
2021-07-19 12:05:00,279.039,279.068,278.703,278.861,23955
2021-07-19 12:10:00,278.797,278.901,278.743,278.861,10574
2021-07-19 12:15:00,278.802,278.861,278.15,278.348,12228
2021-07-19 12:20:00,278.18,278.693,278.18,278.604,27849
2021-07-19 12:25:00,278.511,278.743,278.249,278.743,15325
2021-07-19 12:30:00,278.802,278.861,278.506,278.723,18123
2021-07-19 12:35:00,278.614,278.999,278.516,278.595,11274
2021-07-19 12:40:00,278.476,278.792,278.466,278.792,18932
2021-07-19 12:45:00,278.708,278.743,278.279,278.743,17157
2021-07-19 12:50:00,278.634,278.762,278.486,278.516,10474
2021-07-19 12:55:00,278.476,279.157,278.427,279.049,15522
2021-07-19 13:00:00,279.039,279.431,278.881,279.394,19336
2021-07-19 13:05:00,279.483,279.552,279.039,279.284,10931
2021-07-19 13:10:00,279.157,279.532,278.985,279.379,12484
2021-07-19 13:15:00,279.295,279.369,278.92,279.059,12037
2021-07-19 13:20:00,279.068,279.7,279.068,279.473,17512
2021-07-19 13:25:00,279.473,279.483,279.054,279.054,17939
2021-07-19 13:30:00,278.97,278.97,278.526,278.565,13517
2021-07-19 13:35:00,278.614,278.723,278.447,278.634,14007
2021-07-19 13:40:00,278.614,278.733,278.358,278.456,36609
2021-07-19 13:45:00,278.476,279.138,278.417,278.999,43411
2021-07-19 13:50:00,278.999,279.009,277.839,277.839,13540
2021-07-19 13:55:00,277.914,278.851,277.765,278.693,37177
2021-07-19 14:00:00,278.609,278.782,278.012,278.101,24580
2021-07-19 14:05:00,278.017,278.585,277.854,278.17,18382
2021-07-19 14:10:00,278.16,278.19,277.341,277.39,11286
2021-07-19 14:15:00,277.341,277.795,277.331,277.562,11949
2021-07-19 14:20:00,277.637,277.904,277.538,277.904,7907
2021-07-19 14:25:00,277.889,278.081,277.736,277.736,23827
2021-07-19 14:30:00,277.647,277.647,277.252,277.301,15510
2021-07-19 14:35:00,277.4,277.45,277.035,277.094,13449
2021-07-19 14:40:00,277.223,277.321,276.65,276.995,24959
2021-07-19 14:45:00,276.847,277.39,276.847,277.211,17432
2021-07-19 14:50:00,277.178,277.232,276.995,277.163,11875
2021-07-19 14:55:00,277.134,277.311,276.936,277.28,12615
2021-07-19 15:00:00,277.074,277.667,277.065,277.104,13152
2021-07-19 15:05:00,276.936,277.371,276.907,277.371,8806
2021-07-19 15:10:00,277.479,277.765,277.341,277.716,11398
2021-07-19 15:15:00,277.706,278.131,277.706,277.864,15236
2021-07-19 15:20:00,277.835,278.338,277.805,278.101,26697
2021-07-19 15:25:00,278.17,278.318,277.983,278.022,13910
2021-07-19 15:30:00,278.139,278.19,277.76,277.795,23496
2021-07-19 15:35:00,277.746,278.096,277.746,277.943,26749
2021-07-19 15:40:00,277.953,278.279,277.844,278.121,34314
2021-07-19 15:45:00,278.17,278.377,278.141,278.141,21396
2021-07-19 15:50:00,278.2,278.871,278.022,278.437,40650
2021-07-19 15:55:00,278.348,278.994,278.244,278.723,64114
2021-07-19 16:00:00,278.772,279.305,278.575,279.286,136447
2021-07-19 16:05:00,279.286,279.286,279.286,279.286,16436
2021-07-19 16:20:00,277.38,277.38,274.429,275.406,968
2021-07-19 18:55:00,276.838,276.838,276.838,276.838,200
2021-07-20 07:15:00,277.39,277.39,277.38,277.38,350
2021-07-20 09:20:00,275.574,275.574,275.574,275.574,110
2021-07-20 09:30:00,274.399,274.399,273.748,273.748,1908
2021-07-20 09:35:00,272.919,275.159,272.326,274.552,111245
2021-07-20 09:40:00,274.478,274.478,273.205,273.748,48610
2021-07-20 09:45:00,273.728,274.774,273.383,274.582,53716
2021-07-20 09:50:00,274.389,275.169,274.113,274.712,25120
2021-07-20 09:55:00,275.002,275.475,274.646,275.475,31296
2021-07-20 10:00:00,275.584,276.67,275.515,275.949,17433
2021-07-20 10:05:00,276.127,277.242,275.663,277.242,18603
2021-07-20 10:10:00,277.331,277.356,276.245,276.245,16602
2021-07-20 10:15:00,276.226,276.265,275.762,276.053,19807
2021-07-20 10:20:00,276.235,276.66,276.038,276.482,9260
2021-07-20 10:25:00,276.482,276.838,276.117,276.561,8220
2021-07-20 10:30:00,276.591,276.611,276.097,276.176,5076
2021-07-20 10:35:00,276.245,277.114,276.097,277.025,19083
2021-07-20 10:40:00,276.976,277.114,276.571,276.689,10001
2021-07-20 10:45:00,276.699,276.911,276.324,276.482,17189
2021-07-20 10:50:00,276.581,277.479,276.581,277.41,13650
2021-07-20 10:55:00,277.292,277.292,276.541,276.709,12629
2021-07-20 11:00:00,276.759,276.872,276.379,276.551,20648
2021-07-20 11:05:00,276.561,276.907,276.393,276.907,17035
2021-07-20 11:10:00,276.986,278.17,276.936,278.002,41758
2021-07-20 11:15:00,277.992,278.002,277.494,277.494,6122
2021-07-20 11:20:00,277.272,277.367,276.976,277.153,8238
2021-07-20 11:25:00,277.247,277.677,277.247,277.499,5444
2021-07-20 11:30:00,277.538,277.598,277.183,277.272,10754
2021-07-20 11:35:00,277.025,277.588,277.025,277.588,9967
2021-07-20 11:40:00,277.652,277.652,277.025,277.242,9099
2021-07-20 11:45:00,277.242,277.726,277.232,277.548,6630
2021-07-20 11:50:00,277.548,277.943,277.548,277.943,11086
2021-07-20 11:55:00,277.943,277.943,277.815,277.933,3659
2021-07-20 12:00:00,277.844,278.239,277.844,278.16,4627
2021-07-20 12:05:00,278.259,278.427,278.19,278.249,5819
2021-07-20 12:10:00,278.111,278.239,277.983,278.229,8901
2021-07-20 12:15:00,278.239,278.585,278.2,278.585,8426
2021-07-20 12:20:00,278.575,279.108,278.565,279.063,7485
2021-07-20 12:25:00,279.029,279.128,278.881,279.108,19369
2021-07-20 12:30:00,279.118,279.121,278.733,278.851,3667
2021-07-20 12:35:00,279.009,279.128,278.92,278.92,4360
2021-07-20 12:40:00,279.029,279.029,278.644,278.644,5688
2021-07-20 12:45:00,278.654,278.915,278.654,278.733,5715
2021-07-20 12:50:00,278.743,279.197,278.743,278.881,18042
2021-07-20 12:55:00,278.891,279.049,278.802,278.891,8017
2021-07-20 13:00:00,278.97,279.039,278.693,278.693,12535
2021-07-20 13:05:00,278.614,278.841,278.2,278.298,9386
2021-07-20 13:10:00,278.234,278.476,278.19,278.308,4820
2021-07-20 13:15:00,278.318,278.368,277.825,277.953,10500
2021-07-20 13:20:00,277.914,278.012,277.884,277.884,4502
2021-07-20 13:25:00,277.879,278.012,277.489,277.489,10769
2021-07-20 13:30:00,277.489,277.558,277.223,277.499,6794
2021-07-20 13:35:00,277.519,277.765,277.514,277.578,12652
2021-07-20 13:40:00,277.578,277.578,277.242,277.267,5588
2021-07-20 13:45:00,277.371,277.45,276.986,277.203,6854
2021-07-20 13:50:00,277.252,277.252,276.956,276.956,4744
2021-07-20 13:55:00,277.025,277.025,276.808,276.882,12742
2021-07-20 14:00:00,276.818,276.838,276.591,276.601,11901
2021-07-20 14:05:00,276.63,277.163,276.611,277.163,12639
2021-07-20 14:10:00,277.094,277.173,276.611,276.611,13478
2021-07-20 14:15:00,276.67,276.828,276.472,276.739,15556
2021-07-20 14:20:00,276.736,276.838,276.689,276.788,15630
2021-07-20 14:25:00,276.749,276.759,276.532,276.694,18992
2021-07-20 14:30:00,276.66,277.005,276.66,276.931,26287
2021-07-20 14:35:00,276.956,277.578,276.951,277.548,10194
2021-07-20 14:40:00,277.657,277.825,277.578,277.588,9473
2021-07-20 14:45:00,277.578,277.914,277.351,277.445,20760
2021-07-20 14:50:00,277.543,277.578,277.035,277.035,7937
2021-07-20 14:55:00,277.084,277.479,277.065,277.144,12828
2021-07-20 15:00:00,277.084,277.262,276.936,277.074,21064
2021-07-20 15:05:00,277.094,277.38,277.065,277.38,12949
2021-07-20 15:10:00,277.385,277.652,277.385,277.41,14329
2021-07-20 15:15:00,277.45,278.19,277.45,278.101,9811
2021-07-20 15:20:00,278.18,278.545,278.141,278.456,13348
2021-07-20 15:25:00,278.397,278.397,277.874,277.943,14405
2021-07-20 15:30:00,277.904,278.101,277.82,277.825,25759
2021-07-20 15:35:00,277.815,278.21,277.775,278.21,39610
2021-07-20 15:40:00,278.279,278.308,277.805,277.815,22704
2021-07-20 15:45:00,277.805,277.805,277.134,277.262,26881
2021-07-20 15:50:00,277.187,277.637,277.173,277.622,44912
2021-07-20 15:55:00,277.617,278.121,277.42,278.027,41162
2021-07-20 16:00:00,277.933,277.992,277.617,277.627,101345
2021-07-20 16:05:00,277.617,277.617,277.617,277.617,21993
2021-07-20 16:25:00,277.38,277.38,277.38,277.38,100
2021-07-20 19:15:00,277.38,277.617,277.38,277.617,659
2021-07-20 19:50:00,278.368,278.368,278.368,278.368,100
2021-07-21 09:35:00,278.595,278.595,277.479,277.667,29999
2021-07-21 09:40:00,277.519,277.746,276.699,277.746,19957
2021-07-21 09:45:00,277.914,277.914,277.203,277.321,11813
2021-07-21 09:50:00,277.282,277.854,276.917,277.854,14211
2021-07-21 09:55:00,277.657,277.904,276.877,277.183,19423
2021-07-21 10:00:00,277.311,277.923,277.074,277.795,14182
2021-07-21 10:05:00,277.953,278.022,277.33,277.479,8076
2021-07-21 10:10:00,277.301,277.489,276.68,277.015,11450
2021-07-21 10:15:00,276.956,277.242,276.522,276.768,9597
2021-07-21 10:20:00,276.759,276.882,276.216,276.305,15591
2021-07-21 10:25:00,276.393,276.596,276.127,276.265,44840
2021-07-21 10:30:00,276.26,276.26,275.406,275.692,34076
2021-07-21 10:35:00,275.697,276.166,275.584,276.077,33746
2021-07-21 10:40:00,276.038,276.166,275.831,276.038,8668
2021-07-21 10:45:00,276.117,276.694,276.028,276.551,10825
2021-07-21 10:50:00,276.571,277.686,276.566,277.637,12252
2021-07-21 10:55:00,277.529,277.529,277.163,277.252,9061
2021-07-21 11:00:00,277.38,277.756,277.361,277.756,5722
2021-07-21 11:05:00,277.647,278.012,277.084,277.38,27380
2021-07-21 11:10:00,277.336,277.45,276.767,276.818,6765
2021-07-21 11:15:00,276.847,276.917,276.759,276.814,7175
2021-07-21 11:20:00,276.719,277.262,276.625,277.262,12496
2021-07-21 11:25:00,277.148,277.341,277.084,277.084,8498
2021-07-21 11:30:00,277.194,277.194,276.956,276.956,8149
2021-07-21 11:35:00,276.995,277.361,276.877,277.065,7699
2021-07-21 11:40:00,277.223,277.223,276.847,276.847,4390
2021-07-21 11:45:00,276.907,277.045,276.768,277.045,5160
2021-07-21 11:50:00,276.986,277.143,276.778,276.833,13963
2021-07-21 11:55:00,276.857,277.361,276.857,277.005,9030
2021-07-21 12:00:00,277.104,277.785,277.104,277.4,17169
2021-07-21 12:05:00,277.4,277.415,276.956,277.094,6213
2021-07-21 12:10:00,277.232,277.469,277.163,277.361,3421
2021-07-21 12:15:00,277.273,277.273,277.045,277.045,3751
2021-07-21 12:20:00,277.025,277.232,276.828,277.015,14160
2021-07-21 12:25:00,277.104,277.104,276.818,276.897,7075
2021-07-21 12:30:00,276.813,277.144,276.749,277.144,7685
2021-07-21 12:35:00,277.272,277.41,277.163,277.223,6010
2021-07-21 12:40:00,277.227,277.415,277.134,277.331,11106
2021-07-21 12:45:00,277.321,277.578,277.173,277.499,9497
2021-07-21 12:50:00,277.543,277.543,277.39,277.459,10482
2021-07-21 12:55:00,277.39,277.617,277.38,277.617,8961
2021-07-21 13:00:00,277.598,277.598,277.38,277.38,6035
2021-07-21 13:05:00,277.42,277.598,277.351,277.489,20179
2021-07-21 13:10:00,277.538,277.598,277.459,277.588,4308
2021-07-21 13:15:00,277.617,277.943,277.41,277.43,9470
2021-07-21 13:20:00,277.44,277.469,277.282,277.282,6401
2021-07-21 13:25:00,277.311,277.617,277.311,277.371,9659
2021-07-21 13:30:00,277.361,277.509,277.361,277.403,5643
2021-07-21 13:35:00,277.459,277.509,277.361,277.361,7133
2021-07-21 13:40:00,277.193,277.341,277.124,277.173,5402
2021-07-21 13:45:00,277.311,277.677,277.301,277.45,9394
2021-07-21 13:50:00,277.43,277.588,277.43,277.44,5699
2021-07-21 13:55:00,277.509,277.598,277.489,277.568,3826
2021-07-21 14:00:00,277.568,277.598,277.42,277.548,8294
2021-07-21 14:05:00,277.637,277.746,277.608,277.701,8819
2021-07-21 14:10:00,277.677,277.953,277.677,277.953,15241
2021-07-21 14:15:00,278.042,278.15,277.795,277.795,15238
2021-07-21 14:20:00,277.943,278.071,277.894,277.968,10271
2021-07-21 14:25:00,278.032,278.328,278.032,278.279,7985
2021-07-21 14:30:00,278.279,278.377,278.22,278.377,5681
2021-07-21 14:35:00,278.407,278.57,278.407,278.461,7320
2021-07-21 14:40:00,278.516,278.703,278.516,278.674,8635
2021-07-21 14:45:00,278.743,278.851,278.713,278.713,4961
2021-07-21 14:50:00,278.782,279.039,278.723,279.039,10329
2021-07-21 14:55:00,279.068,279.118,278.98,278.98,7073
2021-07-21 15:00:00,278.989,279.113,278.989,279.108,9539
2021-07-21 15:05:00,279.147,279.172,278.841,278.841,6226
2021-07-21 15:10:00,278.836,278.901,278.427,278.427,9909
2021-07-21 15:15:00,278.466,278.506,278.343,278.348,12195
2021-07-21 15:20:00,278.377,278.387,278.19,278.249,8510
2021-07-21 15:25:00,278.289,278.545,278.249,278.516,9152
2021-07-21 15:30:00,278.447,278.456,277.953,278.057,17138
2021-07-21 15:35:00,278.164,278.516,278.164,278.466,15660
2021-07-21 15:40:00,278.506,278.585,278.032,278.032,19811
2021-07-21 15:45:00,278.052,278.16,277.963,277.963,15240
2021-07-21 15:50:00,278.009,278.022,277.874,278.022,21078
2021-07-21 15:55:00,277.973,278.289,277.874,278.18,38373
2021-07-21 16:00:00,278.16,278.432,277.992,278.2,83052
2021-07-21 16:05:00,278.2,278.2,278.2,278.2,71617
2021-07-21 17:35:00,278.2,278.2,278.2,278.2,190
2021-07-22 09:35:00,278.2,278.92,277.933,277.973,22777
2021-07-22 09:40:00,277.894,277.904,277.509,277.844,5601
2021-07-22 09:45:00,278.526,278.664,278.437,278.437,2981
2021-07-22 09:50:00,278.762,279.202,278.654,278.911,5199
2021-07-22 09:55:00,278.999,279.059,278.555,279.059,5146
2021-07-22 10:00:00,278.772,279.295,278.713,279.128,6234
2021-07-22 10:05:00,279.147,279.157,278.377,278.377,6872
2021-07-22 10:10:00,278.358,278.585,278.279,278.58,4289
2021-07-22 10:15:00,278.55,278.644,277.884,278.141,8637
2021-07-22 10:20:00,278.141,278.456,278.101,278.18,4967
2021-07-22 10:25:00,278.19,278.476,277.997,278.18,6052
2021-07-22 10:30:00,278.062,278.239,277.874,277.953,3051
2021-07-22 10:35:00,277.963,278.338,277.963,278.269,5857
2021-07-22 10:40:00,278.2,278.318,278.042,278.318,6722
2021-07-22 10:45:00,278.289,278.289,277.923,278.062,3863
2021-07-22 10:50:00,278.101,278.486,278.032,278.486,4668
2021-07-22 10:55:00,278.456,278.683,278.417,278.585,4709
2021-07-22 11:00:00,278.624,278.753,278.447,278.671,5986
2021-07-22 11:05:00,278.644,278.644,278.052,278.052,4422
2021-07-22 11:10:00,278.071,278.753,278.052,278.713,6152
2021-07-22 11:15:00,278.619,278.644,278.447,278.447,3148
2021-07-22 11:20:00,278.486,278.861,278.476,278.743,5407
2021-07-22 11:25:00,278.743,278.832,278.447,278.555,3665
2021-07-22 11:30:00,278.545,278.624,278.377,278.624,5348
2021-07-22 11:35:00,278.451,278.708,278.348,278.348,4085
2021-07-22 11:40:00,278.249,278.377,278.16,278.264,7896
2021-07-22 11:45:00,278.259,278.496,278.19,278.387,11121
2021-07-22 11:50:00,278.348,278.95,278.348,278.861,12615
2021-07-22 11:55:00,278.881,279.138,278.832,278.985,11615
2021-07-22 12:00:00,279.138,279.582,279.138,279.493,15155
2021-07-22 12:05:00,279.532,279.71,279.384,279.582,4522
2021-07-22 12:10:00,279.532,279.75,279.532,279.547,3137
2021-07-22 12:15:00,279.523,279.641,279.404,279.641,6664
2021-07-22 12:20:00,279.582,280.085,279.513,280.075,23564
2021-07-22 12:25:00,280.075,280.194,279.631,279.631,10388
2021-07-22 12:30:00,279.71,279.75,279.463,279.542,5184
2021-07-22 12:35:00,279.444,279.444,278.802,278.851,8420
2021-07-22 12:40:00,278.94,279.335,278.832,279.335,11235
2021-07-22 12:45:00,279.236,279.424,279.039,279.039,4264
2021-07-22 12:50:00,278.989,279.157,278.989,279.098,15210
2021-07-22 12:55:00,279.108,279.217,279.088,279.128,5269
2021-07-22 13:00:00,279.113,279.305,279.113,279.177,6065
2021-07-22 13:05:00,279.187,279.305,279.167,279.286,7701
2021-07-22 13:10:00,279.276,279.276,279.118,279.118,4474
2021-07-22 13:15:00,279.118,279.384,279.118,279.295,7044
2021-07-22 13:20:00,279.207,279.256,279.068,279.157,4466
2021-07-22 13:25:00,279.128,279.128,279.019,279.128,4677
2021-07-22 13:30:00,279.177,279.177,278.822,278.822,6321
2021-07-22 13:35:00,278.713,279.014,278.713,278.97,8204
2021-07-22 13:40:00,278.92,278.97,278.738,278.851,11794
2021-07-22 13:45:00,278.807,278.812,278.585,278.595,2993
2021-07-22 13:50:00,278.526,278.555,278.141,278.249,9100
2021-07-22 13:55:00,278.269,278.279,278.141,278.19,8227
2021-07-22 14:00:00,278.19,278.289,278.111,278.229,6209
2021-07-22 14:05:00,278.229,278.535,278.21,278.506,6204
2021-07-22 14:10:00,278.427,278.644,278.308,278.308,6746
2021-07-22 14:15:00,278.298,278.57,278.298,278.516,5131
2021-07-22 14:20:00,278.476,278.585,278.234,278.234,3605
2021-07-22 14:25:00,278.2,278.229,278.091,278.091,4913
2021-07-22 14:30:00,278.111,278.239,278.111,278.2,6147
2021-07-22 14:35:00,278.259,278.358,278.21,278.358,3805
2021-07-22 14:40:00,278.417,278.447,278.328,278.387,6421
2021-07-22 14:45:00,278.328,278.368,278.269,278.308,5677
2021-07-22 14:50:00,278.348,278.387,278.269,278.269,5856
2021-07-22 14:55:00,278.2,278.318,278.2,278.313,5434
2021-07-22 15:00:00,278.249,278.328,278.15,278.17,9400
2021-07-22 15:05:00,278.18,278.18,278.052,278.052,4089
2021-07-22 15:10:00,278.052,278.101,278.002,278.002,5339
2021-07-22 15:15:00,277.963,277.963,277.805,277.943,8419
2021-07-22 15:20:00,277.973,278.071,277.923,278.071,4237
2021-07-22 15:25:00,278.042,278.042,277.923,278.002,7099
2021-07-22 15:30:00,278.022,278.043,277.953,277.992,5998
2021-07-22 15:35:00,277.963,278.091,277.923,278.062,14282
2021-07-22 15:40:00,278.047,278.111,277.958,278.111,9412
2021-07-22 15:45:00,278.083,278.377,278.012,278.298,21738
2021-07-22 15:50:00,278.318,278.363,278.062,278.062,20846
2021-07-22 15:55:00,278.081,278.15,278.012,278.15,20531
2021-07-22 16:00:00,278.081,278.16,277.726,277.844,49499
2021-07-22 16:05:00,277.923,277.923,277.923,277.923,9857
2021-07-23 09:35:00,278.723,278.935,278.387,278.6,21372
2021-07-23 09:40:00,278.762,279.138,278.634,278.782,6641
2021-07-23 09:45:00,278.841,280.083,278.841,279.75,8018
2021-07-23 09:50:00,279.898,280.016,279.671,279.71,3961
2021-07-23 09:55:00,279.72,279.819,278.723,279.819,90757
2021-07-23 10:00:00,279.917,279.937,279.621,279.779,6227
2021-07-23 10:05:00,279.898,280.52,279.898,280.342,14671
2021-07-23 10:10:00,280.367,280.806,280.283,280.707,8488
2021-07-23 10:15:00,280.618,280.648,280.352,280.49,5943
2021-07-23 10:20:00,280.48,280.48,279.71,279.71,5062
2021-07-23 10:25:00,279.71,279.769,279.226,279.34,3921
2021-07-23 10:30:00,279.3,279.858,279.3,279.799,8277
2021-07-23 10:35:00,279.789,280.056,279.661,279.661,7801
2021-07-23 10:40:00,279.661,280.016,279.661,279.858,3360
2021-07-23 10:45:00,279.829,280.194,279.829,280.189,2036
2021-07-23 10:50:00,280.135,280.551,280.056,280.551,7601
2021-07-23 10:55:00,280.468,280.658,280.253,280.381,15222
2021-07-23 11:00:00,280.371,280.441,280.223,280.322,4998
2021-07-23 11:05:00,280.332,280.628,280.312,280.628,4585
2021-07-23 11:10:00,280.648,280.648,280.401,280.401,4997
2021-07-23 11:15:00,280.46,280.47,280.332,280.406,4722
2021-07-23 11:20:00,280.406,280.608,280.273,280.549,6122
2021-07-23 11:25:00,280.549,280.983,280.549,280.914,9158
2021-07-23 11:30:00,280.983,281.122,280.875,281.122,7851
2021-07-23 11:35:00,281.191,281.201,280.826,280.826,10753
2021-07-23 11:40:00,280.879,281.082,280.879,281.062,3925
2021-07-23 11:45:00,281.062,281.141,280.934,280.979,4594
2021-07-23 11:50:00,281.003,281.507,280.983,281.477,12019
2021-07-23 11:55:00,281.447,281.497,281.181,281.26,9711
2021-07-23 12:00:00,281.28,281.428,281.221,281.428,11519
2021-07-23 12:05:00,281.487,281.852,281.487,281.724,12049
2021-07-23 12:10:00,281.714,282.025,281.665,281.911,9816
2021-07-23 12:15:00,281.882,282.439,281.882,282.356,15987
2021-07-23 12:20:00,282.405,282.425,282.227,282.286,14728
2021-07-23 12:25:00,282.356,282.533,282.356,282.425,6106
2021-07-23 12:30:00,282.46,282.75,282.405,282.573,18921
2021-07-23 12:35:00,282.602,282.745,282.454,282.523,8956
2021-07-23 12:40:00,282.523,282.741,282.523,282.632,9332
2021-07-23 12:45:00,282.607,282.607,282.346,282.39,7157
2021-07-23 12:50:00,282.356,282.425,282.178,282.247,10953
2021-07-23 12:55:00,282.257,282.513,282.257,282.43,5236
2021-07-23 13:00:00,282.435,282.553,282.207,282.296,16290
2021-07-23 13:05:00,282.336,282.474,282.336,282.346,15404
2021-07-23 13:10:00,282.346,282.375,282.217,282.286,29088
2021-07-23 13:15:00,282.326,282.385,282.227,282.336,18986
2021-07-23 13:20:00,282.286,282.346,282.198,282.198,14555
2021-07-23 13:25:00,282.198,282.217,281.877,282.099,9928
2021-07-23 13:30:00,281.99,282.262,281.921,282.158,8996
2021-07-23 13:35:00,282.153,282.247,282.04,282.168,6919
2021-07-23 13:40:00,282.207,282.306,282.109,282.286,10818
2021-07-23 13:45:00,282.267,282.291,282.168,282.217,29201
2021-07-23 13:50:00,282.217,282.563,282.207,282.41,17871
2021-07-23 13:55:00,282.415,282.484,282.183,282.375,12316
2021-07-23 14:00:00,282.36,282.415,282.194,282.194,6750
2021-07-23 14:05:00,282.148,282.148,281.763,281.852,5464
2021-07-23 14:10:00,281.892,282.109,281.892,282.109,8325
2021-07-23 14:15:00,282.089,282.109,281.709,281.709,8752
2021-07-23 14:20:00,281.699,281.901,281.699,281.783,8384
2021-07-23 14:25:00,281.786,281.941,281.645,281.911,8216
2021-07-23 14:30:00,281.882,282.178,281.882,282.054,13280
2021-07-23 14:35:00,282.109,282.119,281.941,281.941,7219
2021-07-23 14:40:00,281.966,282.02,281.921,282.02,7157
2021-07-23 14:45:00,282.069,282.069,281.832,281.847,8349
2021-07-23 14:50:00,281.803,281.837,281.363,281.363,5152
2021-07-23 14:55:00,281.363,281.477,281.339,281.349,7315
2021-07-23 15:00:00,281.398,281.61,281.368,281.576,8960
2021-07-23 15:05:00,281.507,281.507,281.363,281.467,13770
2021-07-23 15:10:00,281.428,281.477,281.378,281.447,11210
2021-07-23 15:15:00,281.477,281.497,281.388,281.438,11197
2021-07-23 15:20:00,281.507,281.605,281.418,281.605,11632
2021-07-23 15:25:00,281.605,281.62,281.408,281.507,12381
2021-07-23 15:30:00,281.447,281.773,281.418,281.714,12742
2021-07-23 15:35:00,281.724,282.04,281.724,282.03,14797
2021-07-23 15:40:00,282.02,282.415,282.02,282.306,14189
2021-07-23 15:45:00,282.257,282.277,281.946,282.099,17905
2021-07-23 15:50:00,282.063,282.397,282.063,282.36,21047
2021-07-23 15:55:00,282.385,282.444,282.129,282.217,45958
2021-07-23 16:00:00,282.188,282.435,282.074,282.247,76479
2021-07-23 16:05:00,282.286,282.286,282.286,282.286,12412
2021-07-23 16:50:00,282.286,282.286,282.286,282.286,1102
2021-07-26 07:25:00,281.329,281.329,281.329,281.329,107
2021-07-26 09:35:00,282.079,282.316,280.855,280.855,31248
2021-07-26 09:40:00,280.52,280.633,279.72,279.779,7066
2021-07-26 09:45:00,280.001,280.421,279.848,280.342,6826
2021-07-26 09:50:00,280.371,281.329,280.322,281.092,19044
2021-07-26 09:55:00,281.062,281.438,280.712,281.102,15473
2021-07-26 10:00:00,281.072,281.398,280.668,281.398,14120
2021-07-26 10:05:00,281.245,281.716,280.964,281.201,21808
2021-07-26 10:10:00,281.053,281.213,280.697,280.855,14117
2021-07-26 10:15:00,280.816,281.176,280.51,281.122,13459
2021-07-26 10:20:00,281.057,281.329,280.944,281.146,9923
2021-07-26 10:25:00,281.139,281.27,280.934,281.132,10939
2021-07-26 10:30:00,281.117,281.571,281.102,281.571,8689
2021-07-26 10:35:00,281.536,281.551,281.161,281.299,11054
2021-07-26 10:40:00,281.151,281.359,281.023,281.171,10295
2021-07-26 10:45:00,281.181,281.289,281.102,281.28,5726
2021-07-26 10:50:00,281.349,282.064,281.339,282.064,11236
2021-07-26 10:55:00,281.832,281.931,281.477,281.724,14162
2021-07-26 11:00:00,281.714,281.768,281.25,281.595,33066
2021-07-26 11:05:00,281.605,282.079,281.576,282.064,11506
2021-07-26 11:10:00,282.035,282.069,281.951,282.015,6894
2021-07-26 11:15:00,282.01,282.237,281.951,282.207,10224
2021-07-26 11:20:00,282.158,282.592,282.119,282.331,15977
2021-07-26 11:25:00,282.267,282.321,282.119,282.321,14771
2021-07-26 11:30:00,282.316,282.583,282.257,282.578,6454
2021-07-26 11:35:00,282.524,282.78,282.513,282.78,7528
2021-07-26 11:40:00,282.731,283.017,282.681,282.765,14513
2021-07-26 11:45:00,282.731,282.77,282.489,282.618,7361
2021-07-26 11:50:00,282.568,282.721,282.525,282.525,11357
2021-07-26 11:55:00,282.592,282.81,282.592,282.77,18390
2021-07-26 12:00:00,282.731,283.047,282.731,282.81,21019
2021-07-26 12:05:00,282.854,282.908,282.711,282.839,13701
2021-07-26 12:10:00,282.81,282.81,282.425,282.518,6347
2021-07-26 12:15:00,282.518,282.518,282.114,282.158,6637
2021-07-26 12:20:00,282.158,282.217,282.01,282.168,4619
2021-07-26 12:25:00,282.079,282.215,282.059,282.124,7008
2021-07-26 12:30:00,282.109,282.109,281.976,282.005,5582
2021-07-26 12:35:00,282.094,282.227,282.069,282.203,2955
2021-07-26 12:40:00,282.198,282.439,282.198,282.435,16779
2021-07-26 12:45:00,282.346,282.464,282.173,282.173,17117
2021-07-26 12:50:00,282.196,282.247,281.576,281.576,9701
2021-07-26 12:55:00,281.6,281.674,281.408,281.595,8728
2021-07-26 13:00:00,281.605,281.724,281.497,281.507,4498
2021-07-26 13:05:00,281.516,281.586,281.329,281.329,9449
2021-07-26 13:10:00,281.428,281.605,281.398,281.566,12186
2021-07-26 13:15:00,281.561,281.872,281.516,281.832,5517
2021-07-26 13:20:00,281.951,281.971,281.823,281.882,7498
2021-07-26 13:25:00,281.99,282.025,281.842,281.842,12972
2021-07-26 13:30:00,281.803,281.803,281.477,281.536,9862
2021-07-26 13:35:00,281.615,281.803,281.516,281.803,12676
2021-07-26 13:40:00,281.842,282.0,281.783,281.961,5260
2021-07-26 13:45:00,282.0,282.158,282.0,282.03,7326
2021-07-26 13:50:00,282.0,282.0,281.803,281.803,9656
2021-07-26 13:55:00,281.823,281.99,281.793,281.901,16570
2021-07-26 14:00:00,281.901,281.901,281.605,281.719,12571
2021-07-26 14:05:00,281.665,282.346,281.665,282.296,9723
2021-07-26 14:10:00,282.257,282.405,282.207,282.207,11234
2021-07-26 14:15:00,282.272,282.286,282.168,282.217,7517
2021-07-26 14:20:00,282.178,282.494,282.168,282.43,7919
2021-07-26 14:25:00,282.425,282.425,282.286,282.287,12381
2021-07-26 14:30:00,282.326,282.405,282.099,282.405,12324
2021-07-26 14:35:00,282.385,282.662,282.38,282.637,13501
2021-07-26 14:40:00,282.662,282.78,282.375,282.42,23061
2021-07-26 14:45:00,282.375,282.385,281.842,281.931,11706
2021-07-26 14:50:00,281.985,282.059,281.872,281.931,9561
2021-07-26 14:55:00,281.921,281.951,281.862,281.916,7445
2021-07-26 15:00:00,281.882,281.897,281.793,281.813,10684
2021-07-26 15:05:00,281.827,281.911,281.684,281.744,19388
2021-07-26 15:10:00,281.753,282.217,281.724,282.163,15777
2021-07-26 15:15:00,282.188,282.286,282.0,282.02,26963
2021-07-26 15:20:00,282.03,282.365,282.03,282.257,17117
2021-07-26 15:25:00,282.257,282.257,282.05,282.059,10231
2021-07-26 15:30:00,282.074,282.074,281.655,281.892,31724
2021-07-26 15:35:00,281.931,282.385,281.857,282.217,24625
2021-07-26 15:40:00,282.217,282.316,282.05,282.109,22361
2021-07-26 15:45:00,282.099,282.632,281.793,282.129,48157
2021-07-26 15:50:00,282.174,282.174,281.931,281.98,29518
2021-07-26 15:55:00,281.98,282.435,281.98,282.365,35817
2021-07-26 16:00:00,282.395,282.504,281.823,282.02,89095
2021-07-26 16:05:00,281.803,281.803,281.803,281.803,45687
2021-07-26 16:15:00,284.29,284.29,284.29,284.29,452
2021-07-26 16:20:00,284.29,284.29,284.29,284.29,600
2021-07-26 18:15:00,283.283,283.283,283.283,283.283,300
2021-07-26 18:40:00,283.293,283.293,283.293,283.293,300
2021-07-27 07:05:00,282.316,282.316,282.316,282.316,996
2021-07-27 07:10:00,282.326,282.513,282.326,282.513,1248
2021-07-27 07:30:00,281.003,281.003,280.835,280.835,688
2021-07-27 07:35:00,280.342,280.342,280.342,280.342,205
2021-07-27 07:40:00,279.355,280.411,279.355,280.411,678
2021-07-27 08:05:00,285.277,285.277,278.417,279.365,2373
2021-07-27 08:25:00,276.393,276.393,276.393,276.393,500
2021-07-27 08:35:00,277.38,277.38,277.38,277.38,238
2021-07-27 08:40:00,274.419,274.419,274.419,274.419,275
2021-07-27 09:20:00,274.419,274.419,274.419,274.419,490
2021-07-27 09:25:00,273.827,275.416,270.471,275.406,3016
2021-07-27 09:30:00,274.36,278.368,274.36,278.368,5048
2021-07-27 09:35:00,279.345,281.082,275.831,276.393,185407
2021-07-27 09:40:00,276.544,279.68,275.841,279.118,78700
2021-07-27 09:45:00,278.901,279.325,276.934,279.004,72439
2021-07-27 09:50:00,278.767,280.895,278.767,280.322,42474
2021-07-27 09:55:00,280.283,280.391,279.69,280.342,22660
2021-07-27 10:00:00,280.475,282.849,280.233,282.553,43742
2021-07-27 10:05:00,282.513,282.829,281.161,281.334,40335
2021-07-27 10:10:00,281.497,282.849,281.289,282.849,24074
2021-07-27 10:15:00,282.474,283.565,282.296,283.323,37096
2021-07-27 10:20:00,283.155,283.58,282.474,283.58,18335
2021-07-27 10:25:00,283.283,283.506,282.666,283.491,34396
2021-07-27 10:30:00,283.491,284.952,283.362,284.458,40120
2021-07-27 10:35:00,284.35,284.942,283.441,283.975,25321
2021-07-27 10:40:00,283.974,284.241,283.303,283.501,12129
2021-07-27 10:45:00,283.343,284.034,283.343,283.649,9913
2021-07-27 10:50:00,283.836,284.354,283.56,283.965,13636
2021-07-27 10:55:00,283.698,284.201,283.56,284.079,11147
2021-07-27 11:00:00,284.093,284.32,283.965,283.984,11036
2021-07-27 11:05:00,283.974,284.221,283.387,283.575,14585
2021-07-27 11:10:00,283.585,283.585,283.145,283.145,12138
2021-07-27 11:15:00,283.056,283.723,282.928,283.723,10457
2021-07-27 11:20:00,283.718,283.925,283.283,283.293,12799
2021-07-27 11:25:00,283.39,283.629,283.244,283.372,6299
2021-07-27 11:30:00,283.274,283.303,282.652,282.662,10744
2021-07-27 11:35:00,282.662,282.662,281.931,282.104,15805
2021-07-27 11:40:00,281.951,282.237,281.674,281.877,14938
2021-07-27 11:45:00,281.773,282.81,281.773,282.676,7329
2021-07-27 11:50:00,282.676,282.731,282.351,282.711,9024
2021-07-27 11:55:00,282.504,283.086,282.479,283.066,8854
2021-07-27 12:00:00,282.819,283.185,282.415,282.474,9875
2021-07-27 12:05:00,282.435,283.076,282.365,282.972,7111
2021-07-27 12:10:00,282.829,283.175,282.513,283.081,6369
2021-07-27 12:15:00,282.997,282.997,282.217,282.222,5639
2021-07-27 12:20:00,282.306,282.336,281.946,282.247,12261
2021-07-27 12:25:00,282.247,282.444,281.803,281.877,9845
2021-07-27 12:30:00,281.951,282.898,281.951,282.898,6577
2021-07-27 12:35:00,282.958,282.987,282.415,282.987,10309
2021-07-27 12:40:00,283.037,283.096,282.731,282.849,9743
2021-07-27 12:45:00,282.977,283.377,282.889,283.066,8738
2021-07-27 12:50:00,283.121,283.412,282.977,282.992,5534
2021-07-27 12:55:00,282.997,283.145,282.76,283.076,7222
2021-07-27 13:00:00,282.992,283.451,282.849,283.372,7908
2021-07-27 13:05:00,283.351,284.044,283.264,283.816,8283
2021-07-27 13:10:00,283.826,283.949,283.412,283.412,9862
2021-07-27 13:15:00,283.422,283.974,283.412,283.974,6453
2021-07-27 13:20:00,283.974,284.735,283.836,284.735,16870
2021-07-27 13:25:00,284.725,284.725,284.34,284.359,20718
2021-07-27 13:30:00,284.428,284.586,284.201,284.369,17384
2021-07-27 13:35:00,284.374,284.468,284.221,284.297,16881
2021-07-27 13:40:00,284.271,284.379,284.142,284.261,11517
2021-07-27 13:45:00,284.201,284.206,283.441,283.441,15829
2021-07-27 13:50:00,283.382,283.846,283.303,283.772,14521
2021-07-27 13:55:00,283.688,283.688,283.224,283.283,10810
2021-07-27 14:00:00,283.279,283.313,282.889,283.283,19387
2021-07-27 14:05:00,283.353,283.747,283.303,283.382,14694
2021-07-27 14:10:00,283.441,283.974,283.392,283.846,12702
2021-07-27 14:15:00,283.856,284.103,283.718,283.984,25620
2021-07-27 14:20:00,283.96,284.409,283.95,284.132,11183
2021-07-27 14:25:00,284.083,284.231,283.935,284.004,10030
2021-07-27 14:30:00,284.004,284.004,283.747,283.851,12429
2021-07-27 14:35:00,283.797,283.856,283.599,283.617,14942
2021-07-27 14:40:00,283.57,283.589,283.135,283.456,14459
2021-07-27 14:45:00,283.412,283.412,283.125,283.214,11146
2021-07-27 14:50:00,283.224,283.599,283.2,283.461,11785
2021-07-27 14:55:00,283.461,283.53,283.165,283.224,8590
2021-07-27 15:00:00,283.165,283.254,282.898,283.18,17624
2021-07-27 15:05:00,283.155,283.372,283.106,283.185,10239
2021-07-27 15:10:00,283.16,283.412,283.16,283.412,6856
2021-07-27 15:15:00,283.407,283.461,283.313,283.412,10775
2021-07-27 15:20:00,283.451,283.718,283.451,283.718,9041
2021-07-27 15:25:00,283.659,283.659,283.175,283.219,15980
2021-07-27 15:30:00,283.244,283.303,282.948,283.056,10404
2021-07-27 15:35:00,283.165,283.175,282.928,283.096,17564
2021-07-27 15:40:00,283.037,283.264,282.987,283.125,17182
2021-07-27 15:45:00,283.155,283.283,283.056,283.209,24011
2021-07-27 15:50:00,283.209,283.402,283.195,283.259,27587
2021-07-27 15:55:00,283.303,284.182,283.303,284.098,50112
2021-07-27 16:00:00,284.132,284.172,283.728,283.747,96035
2021-07-27 16:05:00,284.014,284.014,284.014,284.014,15434
2021-07-28 09:35:00,284.063,285.613,283.441,284.221,44146
2021-07-28 09:40:00,284.29,285.07,284.103,284.922,9077
2021-07-28 09:45:00,284.759,284.962,284.527,284.774,8512
2021-07-28 09:50:00,284.715,284.715,283.53,283.53,15678
2021-07-28 09:55:00,283.402,283.535,282.662,283.096,14681
2021-07-28 10:00:00,283.007,283.333,282.859,282.859,13362
2021-07-28 10:05:00,283.056,283.955,283.056,283.515,12430
2021-07-28 10:10:00,283.412,283.451,282.464,282.474,10568
2021-07-28 10:15:00,282.494,283.007,282.494,282.8,9428
2021-07-28 10:20:00,282.859,283.027,282.721,282.898,12638
2021-07-28 10:25:00,282.879,283.57,282.879,283.451,21990
2021-07-28 10:30:00,283.55,284.014,283.412,283.54,16110
2021-07-28 10:35:00,283.451,283.451,282.849,283.283,11929
2021-07-28 10:40:00,283.204,283.204,282.444,282.879,35777
2021-07-28 10:45:00,282.78,282.819,282.518,282.711,8661
2021-07-28 10:50:00,282.839,283.076,282.583,283.061,11145
2021-07-28 10:55:00,283.111,283.422,282.997,283.338,12048
2021-07-28 11:00:00,283.392,283.935,283.392,283.708,12288
2021-07-28 11:05:00,283.56,283.56,283.323,283.491,7156
2021-07-28 11:10:00,283.382,283.402,282.913,283.18,9257
2021-07-28 11:15:00,283.142,283.856,283.017,283.55,21723
2021-07-28 11:20:00,283.461,283.698,283.414,283.515,15188
2021-07-28 11:25:00,283.432,283.777,283.165,283.777,10134
2021-07-28 11:30:00,283.777,283.777,283.53,283.738,8192
2021-07-28 11:35:00,283.668,283.757,283.535,283.589,7190
2021-07-28 11:40:00,283.589,284.379,283.589,284.221,9225
2021-07-28 11:45:00,284.241,284.29,284.103,284.271,7414
2021-07-28 11:50:00,284.32,284.685,284.271,284.428,11407
2021-07-28 11:55:00,284.35,284.507,284.142,284.31,7793
2021-07-28 12:00:00,284.354,284.764,284.354,284.764,7901
2021-07-28 12:05:00,284.715,285.159,284.7,284.902,26046
2021-07-28 12:10:00,284.922,284.922,284.083,284.152,5893
2021-07-28 12:15:00,284.093,284.093,283.362,283.362,4494
2021-07-28 12:20:00,283.293,283.461,283.204,283.323,7026
2021-07-28 12:25:00,283.288,283.55,283.204,283.55,20445
2021-07-28 12:30:00,283.56,283.609,283.432,283.481,8928
2021-07-28 12:35:00,283.481,283.812,283.382,283.486,14100
2021-07-28 12:40:00,283.471,283.777,283.432,283.688,3858
2021-07-28 12:45:00,283.659,283.659,283.333,283.387,12339
2021-07-28 12:50:00,283.323,283.55,283.274,283.55,7449
2021-07-28 12:55:00,283.56,283.807,283.51,283.52,14426
2021-07-28 13:00:00,283.534,283.718,283.461,283.718,4720
2021-07-28 13:05:00,283.678,283.678,283.52,283.52,4838
2021-07-28 13:10:00,283.57,283.698,283.501,283.668,5024
2021-07-28 13:15:00,283.718,283.984,283.649,283.767,5686
2021-07-28 13:20:00,283.767,283.767,283.535,283.678,4291
2021-07-28 13:25:00,283.777,283.969,283.738,283.945,3602
2021-07-28 13:30:00,283.846,283.881,283.787,283.792,6162
2021-07-28 13:35:00,283.876,283.994,283.708,283.718,6721
2021-07-28 13:40:00,283.728,283.728,283.501,283.609,7471
2021-07-28 13:45:00,283.649,283.738,283.491,283.649,10533
2021-07-28 13:50:00,283.698,283.841,283.639,283.668,6098
2021-07-28 13:55:00,283.629,283.915,283.594,283.747,5819
2021-07-28 14:00:00,283.747,283.866,283.713,283.826,4925
2021-07-28 14:05:00,283.688,283.73,282.997,283.343,19776
2021-07-28 14:10:00,283.323,283.609,283.155,283.594,8703
2021-07-28 14:15:00,283.738,284.241,283.738,284.241,4964
2021-07-28 14:20:00,284.241,284.863,284.172,284.833,7784
2021-07-28 14:25:00,284.715,285.09,284.685,285.09,6462
2021-07-28 14:30:00,284.971,285.001,284.438,284.547,13437
2021-07-28 14:35:00,284.478,284.636,284.478,284.586,9914
2021-07-28 14:40:00,284.498,284.675,284.31,284.517,10371
2021-07-28 14:45:00,284.537,284.888,284.537,284.834,6584
2021-07-28 14:50:00,284.883,285.1,284.804,284.971,10577
2021-07-28 14:55:00,285.041,285.169,284.754,285.169,9745
2021-07-28 15:00:00,285.119,285.356,285.115,285.129,15853
2021-07-28 15:05:00,285.184,285.238,284.843,284.991,28409
2021-07-28 15:10:00,285.001,285.169,284.942,285.041,17614
2021-07-28 15:15:00,285.05,285.119,284.927,285.09,10613
2021-07-28 15:20:00,285.09,285.179,284.902,285.011,12928
2021-07-28 15:25:00,284.922,284.922,284.448,284.616,11439
2021-07-28 15:30:00,284.527,284.606,284.379,284.552,13122
2021-07-28 15:35:00,284.557,284.735,284.537,284.596,11030
2021-07-28 15:40:00,284.577,284.577,284.113,284.113,18938
2021-07-28 15:45:00,284.201,284.498,284.201,284.498,17598
2021-07-28 15:50:00,284.468,284.473,283.876,283.984,30573
2021-07-28 15:55:00,284.024,284.172,283.866,284.053,41189
2021-07-28 16:00:00,284.093,284.103,283.836,283.846,68861
2021-07-28 16:05:00,283.836,283.836,283.836,283.836,9680
2021-07-29 09:35:00,285.386,286.018,284.932,285.796,26567
2021-07-29 09:40:00,285.583,286.008,285.05,285.205,28143
2021-07-29 09:45:00,285.277,285.366,283.422,284.073,10994
2021-07-29 09:50:00,284.246,285.228,284.211,285.184,18985
2021-07-29 09:55:00,285.312,285.494,284.695,284.902,12291
2021-07-29 10:00:00,285.1,285.361,284.996,284.996,6446
2021-07-29 10:05:00,284.902,284.922,284.458,284.804,7102
2021-07-29 10:10:00,284.754,284.754,284.132,284.285,7367
2021-07-29 10:15:00,284.192,284.354,283.762,283.856,6359
2021-07-29 10:20:00,283.846,284.715,283.747,284.646,12359
2021-07-29 10:25:00,284.646,285.406,284.586,285.406,31644
2021-07-29 10:30:00,285.425,285.425,284.834,285.031,35311
2021-07-29 10:35:00,285.051,285.051,284.833,284.843,7767
2021-07-29 10:40:00,284.843,284.942,284.498,284.735,14247
2021-07-29 10:45:00,284.804,284.932,284.675,284.784,21720
2021-07-29 10:50:00,284.779,285.208,284.779,284.873,6565
2021-07-29 10:55:00,284.932,285.119,284.73,284.804,3906
2021-07-29 11:00:00,284.863,285.208,284.764,285.07,11216
2021-07-29 11:05:00,285.001,285.228,284.981,285.179,6959
2021-07-29 11:10:00,285.228,285.228,284.833,284.991,8678
2021-07-29 11:15:00,284.922,285.031,284.813,285.031,9793
2021-07-29 11:20:00,284.991,285.036,284.764,284.976,11779
2021-07-29 11:25:00,285.05,285.05,284.813,284.991,5364
2021-07-29 11:30:00,284.873,285.179,284.715,285.016,8715
2021-07-29 11:35:00,284.971,285.277,284.966,285.189,7145
2021-07-29 11:40:00,285.169,285.307,285.1,285.307,3321
2021-07-29 11:45:00,285.307,285.356,285.149,285.268,5566
2021-07-29 11:50:00,285.233,285.268,284.932,284.932,6030
2021-07-29 11:55:00,284.942,285.376,284.942,285.159,8372
2021-07-29 12:00:00,285.169,285.268,285.11,285.208,2978
2021-07-29 12:05:00,285.277,285.347,285.05,285.317,10310
2021-07-29 12:10:00,285.213,285.317,285.159,285.258,5115
2021-07-29 12:15:00,285.198,285.406,285.159,285.361,4347
2021-07-29 12:20:00,285.317,285.347,285.031,285.347,13587
2021-07-29 12:25:00,285.258,285.396,285.208,285.366,7853
2021-07-29 12:30:00,285.347,285.574,285.347,285.396,5667
2021-07-29 12:35:00,285.337,285.534,285.337,285.465,5603
2021-07-29 12:40:00,285.504,285.514,285.376,285.485,3439
2021-07-29 12:45:00,285.366,285.49,285.268,285.327,8925
2021-07-29 12:50:00,285.376,285.406,285.218,285.287,3472
2021-07-29 12:55:00,285.297,285.386,285.268,285.317,2263
2021-07-29 13:00:00,285.317,285.376,285.198,285.376,5095
2021-07-29 13:05:00,285.307,285.347,285.07,285.169,12002
2021-07-29 13:10:00,285.189,285.337,285.179,285.223,4229
2021-07-29 13:15:00,285.228,285.376,285.228,285.327,8977
2021-07-29 13:20:00,285.376,285.376,285.189,285.317,6034
2021-07-29 13:25:00,285.347,285.495,285.218,285.495,11705
2021-07-29 13:30:00,285.406,285.485,285.337,285.376,7783
2021-07-29 13:35:00,285.356,285.598,285.347,285.44,9653
2021-07-29 13:40:00,285.43,285.514,285.425,285.485,4314
2021-07-29 13:45:00,285.504,285.524,285.396,285.416,6331
2021-07-29 13:50:00,285.435,285.504,285.337,285.337,7804
2021-07-29 13:55:00,285.337,285.396,285.09,285.169,14785
2021-07-29 14:00:00,285.277,285.317,285.139,285.208,3332
2021-07-29 14:05:00,285.228,285.277,285.08,285.189,9338
2021-07-29 14:10:00,285.207,285.224,284.952,285.011,8078
2021-07-29 14:15:00,285.09,285.317,285.031,285.129,10189
2021-07-29 14:20:00,285.169,285.277,285.011,285.228,8263
2021-07-29 14:25:00,285.198,285.198,285.021,285.11,7505
2021-07-29 14:30:00,285.169,285.169,284.922,284.937,4792
2021-07-29 14:35:00,284.922,284.971,284.774,284.863,7512
2021-07-29 14:40:00,284.838,285.258,284.838,285.149,13237
2021-07-29 14:45:00,285.223,285.235,285.055,285.06,5086
2021-07-29 14:50:00,285.021,285.11,284.971,284.981,7177
2021-07-29 14:55:00,285.07,285.119,284.962,285.011,6201
2021-07-29 15:00:00,285.001,285.282,285.001,285.208,8197
2021-07-29 15:05:00,285.179,285.218,285.1,285.213,7360
2021-07-29 15:10:00,285.218,285.347,285.189,285.347,8821
2021-07-29 15:15:00,285.258,285.376,285.248,285.258,8347
2021-07-29 15:20:00,285.238,285.534,285.174,285.463,12870
2021-07-29 15:25:00,285.445,285.613,285.416,285.554,7067
2021-07-29 15:30:00,285.583,285.593,285.423,285.554,9017
2021-07-29 15:35:00,285.504,285.554,285.425,285.485,12955
2021-07-29 15:40:00,285.495,285.603,285.475,285.539,13641
2021-07-29 15:45:00,285.524,285.598,285.425,285.564,17808
2021-07-29 15:50:00,285.618,285.81,285.564,285.806,26797
2021-07-29 15:55:00,285.771,285.899,285.435,285.84,37813
2021-07-29 16:00:00,285.81,285.81,285.544,285.653,55450
2021-07-29 16:05:00,285.662,285.662,285.662,285.662,15870
2021-07-30 09:30:00,285.643,285.653,285.643,285.653,485
2021-07-30 09:35:00,285.801,287.518,285.139,287.025,41220
2021-07-30 09:40:00,287.34,287.923,287.113,287.36,9737
2021-07-30 09:45:00,287.37,287.551,287.044,287.262,7105
2021-07-30 09:50:00,287.266,287.637,287.064,287.301,7509
2021-07-30 09:55:00,287.34,287.35,286.719,286.97,7673
2021-07-30 10:00:00,287.4,287.587,287.044,287.044,6749
2021-07-30 10:05:00,287.153,287.202,286.817,287.202,6792
2021-07-30 10:10:00,287.202,287.755,287.202,287.577,27614
2021-07-30 10:15:00,287.518,287.518,287.212,287.252,9854
2021-07-30 10:20:00,287.291,287.311,286.867,286.867,4545
2021-07-30 10:25:00,286.877,287.459,286.778,287.36,45674
2021-07-30 10:30:00,287.252,287.307,286.758,286.758,31504
2021-07-30 10:35:00,286.758,287.34,286.585,287.271,19019
2021-07-30 10:40:00,287.281,287.39,287.123,287.21,10961
2021-07-30 10:45:00,287.034,287.192,286.867,286.985,8758
2021-07-30 10:50:00,286.975,287.069,286.857,286.896,5984
2021-07-30 10:55:00,286.926,287.212,286.926,287.183,4937
2021-07-30 11:00:00,287.212,287.232,286.936,287.163,14222
2021-07-30 11:05:00,287.054,287.069,286.768,287.005,24450
2021-07-30 11:10:00,286.906,287.365,286.807,287.291,8679
2021-07-30 11:15:00,287.291,287.439,287.183,287.212,15899
2021-07-30 11:20:00,287.202,287.296,287.104,287.123,6065
2021-07-30 11:25:00,287.143,287.163,286.901,287.113,5509
2021-07-30 11:30:00,287.192,287.242,286.906,287.163,5016
2021-07-30 11:35:00,287.163,287.385,287.163,287.276,15188
2021-07-30 11:40:00,287.513,287.538,287.311,287.508,5665
2021-07-30 11:45:00,287.557,287.696,287.484,287.484,5724
2021-07-30 11:50:00,287.439,287.568,287.34,287.4,6571
2021-07-30 11:55:00,287.548,287.558,287.202,287.301,6880
2021-07-30 12:00:00,287.336,287.37,287.173,287.355,6504
2021-07-30 12:05:00,287.301,287.301,287.064,287.133,5118
2021-07-30 12:10:00,287.084,287.084,286.956,287.03,6048
2021-07-30 12:15:00,287.015,287.104,286.946,287.044,7727
2021-07-30 12:20:00,287.044,287.133,286.946,287.123,5575
2021-07-30 12:25:00,287.113,287.113,286.965,287.074,7668
2021-07-30 12:30:00,287.074,287.106,286.965,286.995,7664
2021-07-30 12:35:00,286.995,287.113,286.975,287.104,7762
2021-07-30 12:40:00,287.173,287.271,287.173,287.232,4487
2021-07-30 12:45:00,287.212,287.326,287.163,287.202,7913
2021-07-30 12:50:00,287.202,287.286,287.133,287.187,6744
2021-07-30 12:55:00,287.222,287.222,287.113,287.153,2139
2021-07-30 13:00:00,287.104,287.301,287.084,287.252,7030
2021-07-30 13:05:00,287.281,287.35,287.123,287.242,6933
2021-07-30 13:10:00,287.252,287.291,287.163,287.183,4445
2021-07-30 13:15:00,287.254,287.254,287.015,287.015,7587
2021-07-30 13:20:00,286.995,287.133,286.995,287.133,2966
2021-07-30 13:25:00,287.089,287.113,286.896,287.049,7442
2021-07-30 13:30:00,287.005,287.232,287.005,287.232,6035
2021-07-30 13:35:00,287.222,287.262,287.104,287.173,6381
2021-07-30 13:40:00,287.242,287.281,287.192,287.232,1839
2021-07-30 13:45:00,287.173,287.232,287.069,287.222,5184
2021-07-30 13:50:00,287.163,287.173,287.034,287.105,5936
2021-07-30 13:55:00,287.034,287.212,286.985,287.212,5926
2021-07-30 14:00:00,287.222,287.309,287.133,287.133,9351
2021-07-30 14:05:00,287.133,287.262,287.094,287.163,9033
2021-07-30 14:10:00,287.192,287.192,286.985,287.104,6568
2021-07-30 14:15:00,287.064,287.183,287.039,287.084,6291
2021-07-30 14:20:00,287.044,287.143,286.956,287.089,10854
2021-07-30 14:25:00,287.054,287.242,286.985,287.005,9985
2021-07-30 14:30:00,287.005,287.094,286.975,287.069,7768
2021-07-30 14:35:00,287.034,287.118,286.788,287.025,9471
2021-07-30 14:40:00,287.054,287.212,286.956,286.985,12266
2021-07-30 14:45:00,286.995,287.192,286.98,286.985,8593
2021-07-30 14:50:00,287.008,287.232,287.008,287.133,10183
2021-07-30 14:55:00,287.153,287.281,287.123,287.271,10657
2021-07-30 15:00:00,287.262,287.321,287.113,287.308,11118
2021-07-30 15:05:00,287.291,287.331,287.192,287.281,10816
2021-07-30 15:10:00,287.301,287.301,287.173,287.252,10033
2021-07-30 15:15:00,287.252,287.291,287.202,287.242,9645
2021-07-30 15:20:00,287.262,287.291,287.054,287.054,15094
2021-07-30 15:25:00,287.089,287.143,286.936,286.96,37607
2021-07-30 15:30:00,286.985,287.429,286.936,287.4,10894
2021-07-30 15:35:00,287.37,287.613,287.37,287.489,18067
2021-07-30 15:40:00,287.511,287.528,287.064,287.202,18703
2021-07-30 15:45:00,287.192,287.208,286.946,286.946,15050
2021-07-30 15:50:00,286.985,287.439,286.975,287.153,40687
2021-07-30 15:55:00,287.163,287.419,286.995,287.281,39276
2021-07-30 16:00:00,287.271,287.469,287.202,287.311,95046
2021-07-30 16:05:00,287.281,287.281,287.281,287.281,21174
2021-07-30 17:05:00,287.174,287.174,287.174,287.174,6408
2021-08-02 08:05:00,287.893,287.893,287.893,287.893,103
2021-08-02 08:50:00,289.226,289.226,289.226,289.226,100
2021-08-02 09:35:00,288.624,288.821,287.943,288.436,26768
2021-08-02 09:40:00,288.502,288.89,287.883,288.89,11626
2021-08-02 09:45:00,288.999,289.177,288.239,288.239,7095
2021-08-02 09:50:00,288.254,288.663,287.75,288.653,11268
2021-08-02 09:55:00,288.634,288.634,287.41,287.587,19519
2021-08-02 10:00:00,287.479,287.548,286.916,287.074,10089
2021-08-02 10:05:00,287.074,287.686,286.877,287.533,11710
2021-08-02 10:10:00,287.429,288.012,287.35,287.893,5926
2021-08-02 10:15:00,288.017,288.022,287.489,287.795,8873
2021-08-02 10:20:00,287.745,288.328,287.706,288.204,3798
2021-08-02 10:25:00,288.17,288.885,288.16,288.643,12585
2021-08-02 10:30:00,288.651,288.994,288.387,288.614,9759
2021-08-02 10:35:00,288.476,288.653,288.13,288.239,6497
2021-08-02 10:40:00,288.268,288.318,288.002,288.17,5555
2021-08-02 10:45:00,288.15,288.446,288.031,288.229,8231
2021-08-02 10:50:00,288.17,288.545,288.041,288.505,4769
2021-08-02 10:55:00,288.584,289.081,288.584,289.033,10090
2021-08-02 11:00:00,289.068,289.413,288.9,288.9,20621
2021-08-02 11:05:00,288.9,288.9,288.278,288.476,6810
2021-08-02 11:10:00,288.486,288.762,288.407,288.476,6398
2021-08-02 11:15:00,288.486,288.655,288.239,288.239,6852
2021-08-02 11:20:00,288.199,288.416,288.11,288.347,3957
2021-08-02 11:25:00,288.328,288.377,288.13,288.377,5888
2021-08-02 11:30:00,288.249,288.604,288.209,288.377,7625
2021-08-02 11:35:00,288.392,288.525,288.184,288.268,2779
2021-08-02 11:40:00,288.288,288.347,287.992,288.12,4938
2021-08-02 11:45:00,288.16,288.278,288.076,288.081,7920
2021-08-02 11:50:00,288.229,288.229,287.943,287.943,3776
2021-08-02 11:55:00,287.893,287.893,287.548,287.587,4183
2021-08-02 12:00:00,287.671,287.725,287.36,287.36,7066
2021-08-02 12:05:00,287.479,287.489,287.222,287.281,8687
2021-08-02 12:10:00,287.281,287.39,287.202,287.301,6624
2021-08-02 12:15:00,287.39,287.39,287.192,287.252,7916
2021-08-02 12:20:00,287.252,287.503,287.242,287.459,8299
2021-08-02 12:25:00,287.459,287.577,287.41,287.508,6837
2021-08-02 12:30:00,287.498,287.647,287.4,287.528,8548
2021-08-02 12:35:00,287.508,287.8,287.391,287.8,4825
2021-08-02 12:40:00,287.883,287.943,287.785,287.785,3936
2021-08-02 12:45:00,287.804,288.031,287.696,288.022,11848
2021-08-02 12:50:00,287.982,287.994,287.804,287.864,9583
2021-08-02 12:55:00,287.933,287.962,287.775,287.804,8614
2021-08-02 13:00:00,287.755,287.992,287.745,287.972,5384
2021-08-02 13:05:00,287.992,288.012,287.759,287.883,13183
2021-08-02 13:10:00,287.874,288.14,287.864,288.13,4155
2021-08-02 13:15:00,288.071,288.071,287.77,287.834,8770
2021-08-02 13:20:00,287.849,287.913,287.775,287.795,7077
2021-08-02 13:25:00,287.804,287.844,287.745,287.8,6424
2021-08-02 13:30:00,287.813,287.813,287.538,287.538,12555
2021-08-02 13:35:00,287.637,287.637,287.439,287.548,9717
2021-08-02 13:40:00,287.607,287.656,287.508,287.568,6946
2021-08-02 13:45:00,287.518,287.676,287.508,287.568,7702
2021-08-02 13:50:00,287.508,287.671,287.508,287.666,8914
2021-08-02 13:55:00,287.706,287.706,287.508,287.671,5728
2021-08-02 14:00:00,287.765,287.819,287.538,287.538,6711
2021-08-02 14:05:00,287.538,287.607,287.469,287.518,8035
2021-08-02 14:10:00,287.607,287.64,287.538,287.558,5656
2021-08-02 14:15:00,287.563,287.775,287.563,287.775,4871
2021-08-02 14:20:00,287.735,287.765,287.706,287.755,6055
2021-08-02 14:25:00,287.74,287.74,287.538,287.607,5663
2021-08-02 14:30:00,287.538,287.735,287.508,287.735,6026
2021-08-02 14:35:00,287.686,287.686,287.474,287.518,6016
2021-08-02 14:40:00,287.548,287.676,287.548,287.607,3937
2021-08-02 14:45:00,287.666,287.765,287.587,287.765,4334
2021-08-02 14:50:00,287.725,287.795,287.656,287.795,4601
2021-08-02 14:55:00,287.824,288.041,287.824,287.943,5620
2021-08-02 15:00:00,287.913,287.913,287.765,287.859,7379
2021-08-02 15:05:00,287.795,287.795,287.666,287.745,5323
2021-08-02 15:10:00,287.755,287.844,287.706,287.706,4219
2021-08-02 15:15:00,287.745,287.814,287.706,287.775,4848
2021-08-02 15:20:00,287.735,287.844,287.716,287.834,9462
2021-08-02 15:25:00,287.785,287.874,287.696,287.76,9260
2021-08-02 15:30:00,287.725,287.814,287.617,287.775,8616
2021-08-02 15:35:00,287.73,287.992,287.681,287.992,18199
2021-08-02 15:40:00,287.943,288.525,287.923,288.407,35756
2021-08-02 15:45:00,288.446,288.639,288.288,288.288,24147
2021-08-02 15:50:00,288.278,288.402,288.219,288.268,18430
2021-08-02 15:55:00,288.229,288.51,288.14,288.446,26239
2021-08-02 16:00:00,288.426,288.456,287.725,287.755,105680
2021-08-02 16:05:00,287.814,287.814,287.814,287.814,8323
2021-08-03 09:35:00,287.676,289.098,287.262,288.15,10459
2021-08-03 09:40:00,288.199,288.416,287.637,288.397,4795
2021-08-03 09:45:00,287.735,288.421,287.735,288.421,4296
2021-08-03 09:50:00,288.397,288.535,288.061,288.18,3939
2021-08-03 09:55:00,288.12,289.206,288.12,288.94,3740
2021-08-03 10:00:00,288.851,288.851,288.436,288.436,47425
2021-08-03 10:05:00,288.604,289.019,288.347,288.831,6291
2021-08-03 10:10:00,288.792,289.281,288.792,289.128,9017
2021-08-03 10:15:00,289.122,289.877,289.098,289.557,12529
2021-08-03 10:20:00,289.739,290.114,289.562,289.562,12996
2021-08-03 10:25:00,289.552,290.124,289.542,289.966,11838
2021-08-03 10:30:00,289.946,290.341,289.743,289.803,11467
2021-08-03 10:35:00,289.749,290.312,289.749,290.016,16430
2021-08-03 10:40:00,290.021,290.312,290.021,290.233,7208
2021-08-03 10:45:00,290.322,291.042,290.322,290.953,11497
2021-08-03 10:50:00,291.032,291.477,291.032,291.398,16616
2021-08-03 10:55:00,291.358,291.605,291.269,291.477,7012
2021-08-03 11:00:00,291.271,291.615,290.958,290.958,6765
2021-08-03 11:05:00,290.874,291.032,290.312,290.312,6152
2021-08-03 11:10:00,290.277,290.549,290.045,290.489,8374
2021-08-03 11:15:00,290.297,290.429,290.124,290.429,3162
2021-08-03 11:20:00,290.45,290.707,290.45,290.628,11990
2021-08-03 11:25:00,290.598,290.904,290.598,290.825,5758
2021-08-03 11:30:00,290.815,290.951,290.746,290.923,4711
2021-08-03 11:35:00,290.983,291.052,290.746,290.914,3194
2021-08-03 11:40:00,290.845,290.845,290.529,290.61,5517
2021-08-03 11:45:00,290.519,291.106,290.44,290.993,10780
2021-08-03 11:50:00,290.993,291.092,290.608,290.805,5203
2021-08-03 11:55:00,290.81,290.874,290.637,290.647,2738
2021-08-03 12:00:00,290.697,290.712,290.539,290.563,4082
2021-08-03 12:05:00,290.677,290.698,290.58,290.608,2616
2021-08-03 12:10:00,290.588,290.637,290.282,290.282,6153
2021-08-03 12:15:00,290.178,290.245,289.976,290.114,3698
2021-08-03 12:20:00,290.025,290.134,289.917,289.946,8028
2021-08-03 12:25:00,289.937,290.114,289.927,290.114,2416
2021-08-03 12:30:00,290.114,290.262,290.114,290.262,1558
2021-08-03 12:35:00,290.272,290.44,290.134,290.37,12013
2021-08-03 12:40:00,290.381,290.551,290.243,290.47,5980
2021-08-03 12:45:00,290.489,290.539,290.401,290.48,6079
2021-08-03 12:50:00,290.391,290.48,290.351,290.396,3215
2021-08-03 12:55:00,290.44,290.559,290.292,290.42,5027
2021-08-03 13:00:00,290.43,290.43,290.252,290.272,3602
2021-08-03 13:05:00,290.307,290.776,290.307,290.776,7411
2021-08-03 13:10:00,290.786,290.845,290.657,290.845,4715
2021-08-03 13:15:00,290.845,290.914,290.662,290.889,6842
2021-08-03 13:20:00,290.934,291.141,290.934,291.141,2857
2021-08-03 13:25:00,291.072,291.141,291.042,291.042,4819
2021-08-03 13:30:00,291.092,291.136,291.003,291.037,3705
2021-08-03 13:35:00,291.037,291.24,291.037,291.171,6518
2021-08-03 13:40:00,291.21,291.21,290.973,291.052,4726
2021-08-03 13:45:00,291.131,291.131,290.924,290.998,12667
2021-08-03 13:50:00,290.988,291.082,290.874,290.934,8494
2021-08-03 13:55:00,290.934,290.934,290.489,290.529,8080
2021-08-03 14:00:00,290.524,290.568,290.47,290.514,1809
2021-08-03 14:05:00,290.559,290.771,290.509,290.756,8086
2021-08-03 14:10:00,290.712,290.914,290.712,290.865,5929
2021-08-03 14:15:00,290.924,291.249,290.924,290.943,6047
2021-08-03 14:20:00,290.934,291.052,290.911,291.008,2836
2021-08-03 14:25:00,291.022,291.111,290.874,290.874,4723
2021-08-03 14:30:00,290.855,290.894,290.726,290.815,8234
2021-08-03 14:35:00,290.781,290.934,290.746,290.746,5576
2021-08-03 14:40:00,290.781,291.171,290.776,291.121,6989
2021-08-03 14:45:00,291.106,291.179,290.993,291.032,5149
2021-08-03 14:50:00,291.072,291.111,290.973,290.973,5487
2021-08-03 14:55:00,290.924,291.19,290.914,291.032,6555
2021-08-03 15:00:00,291.092,291.427,291.092,291.319,11303
2021-08-03 15:05:00,291.437,291.684,291.319,291.654,11327
2021-08-03 15:10:00,291.595,291.763,291.585,291.694,9603
2021-08-03 15:15:00,291.644,291.644,291.319,291.398,10171
2021-08-03 15:20:00,291.417,291.634,291.407,291.617,8134
2021-08-03 15:25:00,291.664,291.733,291.56,291.56,9874
2021-08-03 15:30:00,291.595,291.713,291.526,291.625,9637
2021-08-03 15:35:00,291.585,291.906,291.555,291.829,33626
2021-08-03 15:40:00,291.881,291.98,291.812,291.812,14160
2021-08-03 15:45:00,291.862,291.881,291.723,291.763,14697
2021-08-03 15:50:00,291.723,291.99,291.713,291.911,16812
2021-08-03 15:55:00,291.94,292.232,291.881,292.118,36358
2021-08-03 16:00:00,292.093,292.276,292.059,292.148,70508
2021-08-03 16:05:00,292.168,292.168,292.168,292.168,11560
2021-08-04 09:35:00,291.477,293.332,290.766,292.849,34932
2021-08-04 09:40:00,292.918,293.569,292.168,293.51,12232
2021-08-04 09:45:00,293.49,293.875,292.543,292.582,19924
2021-08-04 09:50:00,292.38,292.701,292.237,292.666,5808
2021-08-04 09:55:00,292.395,292.395,291.911,292.355,6088
2021-08-04 10:00:00,292.395,292.513,292.246,292.286,7655
2021-08-04 10:05:00,292.503,293.441,292.39,293.401,17090
2021-08-04 10:10:00,293.441,293.717,292.878,293.016,20727
2021-08-04 10:15:00,292.888,293.174,292.636,292.636,11300
2021-08-04 10:20:00,292.385,292.404,292.148,292.227,9674
2021-08-04 10:25:00,292.237,292.987,292.089,292.888,12688
2021-08-04 10:30:00,292.809,292.809,292.154,292.187,5413
2021-08-04 10:35:00,292.197,292.316,291.97,292.039,8885
2021-08-04 10:40:00,291.98,292.261,291.795,292.237,11709
2021-08-04 10:45:00,292.286,292.345,292.118,292.281,4503
2021-08-04 10:50:00,292.316,292.385,292.207,292.276,8029
2021-08-04 10:55:00,292.197,292.306,292.089,292.306,4749
2021-08-04 11:00:00,292.301,292.424,292.118,292.176,6297
2021-08-04 11:05:00,292.118,292.177,291.531,291.654,8759
2021-08-04 11:10:00,291.582,291.832,291.373,291.733,13211
2021-08-04 11:15:00,291.733,291.783,291.56,291.783,9433
2021-08-04 11:20:00,291.733,291.832,291.699,291.723,6882
2021-08-04 11:25:00,291.773,291.773,291.072,291.111,13389
2021-08-04 11:30:00,291.013,291.131,290.943,291.042,5800
2021-08-04 11:35:00,291.032,291.506,290.943,291.299,7538
2021-08-04 11:40:00,291.294,291.506,291.22,291.24,7980
2021-08-04 11:45:00,291.279,291.625,291.279,291.625,6765
2021-08-04 11:50:00,291.773,291.921,291.773,291.773,3424
2021-08-04 11:55:00,291.546,291.713,291.477,291.605,14298
2021-08-04 12:00:00,291.605,292.054,291.605,291.99,3944
2021-08-04 12:05:00,292.015,292.158,291.95,292.158,2522
2021-08-04 12:10:00,292.207,292.493,292.158,292.414,5575
2021-08-04 12:15:00,292.483,292.493,292.306,292.406,5473
2021-08-04 12:20:00,292.543,292.543,292.434,292.434,2772
2021-08-04 12:25:00,292.404,292.404,292.222,292.286,5191
2021-08-04 12:30:00,292.306,292.36,292.143,292.143,8771
2021-08-04 12:35:00,292.123,292.207,291.842,291.911,5089
2021-08-04 12:40:00,291.98,292.197,291.96,292.197,4361
2021-08-04 12:45:00,292.197,292.197,292.069,292.158,3386
2021-08-04 12:50:00,292.207,292.474,292.207,292.474,3144
2021-08-04 12:55:00,292.498,292.498,292.197,292.355,3010
2021-08-04 13:00:00,292.385,292.513,292.365,292.434,2746
2021-08-04 13:05:00,292.454,292.523,292.454,292.513,1828
2021-08-04 13:10:00,292.552,292.77,292.552,292.77,2572
2021-08-04 13:15:00,292.72,292.947,292.71,292.898,4207
2021-08-04 13:20:00,292.858,292.937,292.799,292.937,5592
2021-08-04 13:25:00,292.918,293.145,292.908,293.115,5390
2021-08-04 13:30:00,293.125,293.342,293.105,293.283,9538
2021-08-04 13:35:00,293.352,293.441,293.155,293.155,6284
2021-08-04 13:40:00,293.224,293.451,293.224,293.417,4056
2021-08-04 13:45:00,293.441,293.54,293.332,293.332,7549
2021-08-04 13:50:00,293.293,293.293,293.145,293.253,5546
2021-08-04 13:55:00,293.313,293.634,293.313,293.451,10529
2021-08-04 14:00:00,293.431,293.431,293.14,293.194,5758
2021-08-04 14:05:00,293.145,293.298,293.115,293.224,8547
2021-08-04 14:10:00,293.204,293.243,293.145,293.174,5176
2021-08-04 14:15:00,293.155,293.28,293.155,293.174,6884
2021-08-04 14:20:00,293.194,293.313,293.194,293.263,6015
2021-08-04 14:25:00,293.204,293.204,293.145,293.194,9130
2021-08-04 14:30:00,293.184,293.303,293.174,293.214,4973
2021-08-04 14:35:00,293.214,293.263,293.174,293.263,5075
2021-08-04 14:40:00,293.293,293.332,293.234,293.332,7054
2021-08-04 14:45:00,293.303,293.362,293.155,293.214,8791
2021-08-04 14:50:00,293.219,293.224,292.977,293.036,12025
2021-08-04 14:55:00,293.011,293.076,292.878,293.076,10649
2021-08-04 15:00:00,293.135,293.204,293.046,293.184,8857
2021-08-04 15:05:00,293.189,293.234,293.135,293.174,35374
2021-08-04 15:10:00,293.234,293.392,293.135,293.352,13478
2021-08-04 15:15:00,293.392,293.401,293.155,293.253,10229
2021-08-04 15:20:00,293.243,293.495,293.204,293.475,8919
2021-08-04 15:25:00,293.54,293.614,293.199,293.234,11545
2021-08-04 15:30:00,293.135,293.184,292.918,292.947,5970
2021-08-04 15:35:00,292.888,292.898,292.631,292.631,11466
2021-08-04 15:40:00,292.607,292.691,292.513,292.523,13144
2021-08-04 15:45:00,292.513,292.849,292.434,292.849,16035
2021-08-04 15:50:00,292.849,292.888,292.523,292.523,23065
2021-08-04 15:55:00,292.562,292.898,292.483,292.483,36535
2021-08-04 16:00:00,292.513,292.602,292.335,292.414,69020
2021-08-04 16:05:00,292.414,292.414,292.414,292.414,6823
2021-08-05 09:35:00,293.461,295.08,292.836,294.087,13908
2021-08-05 09:40:00,293.698,295.139,293.698,294.527,3925
2021-08-05 09:45:00,294.152,294.152,292.868,293.184,9676
2021-08-05 09:50:00,293.165,293.411,292.987,293.224,7403
2021-08-05 09:55:00,293.145,293.609,293.007,293.609,7913
2021-08-05 10:00:00,293.693,293.979,293.599,293.599,2548
2021-08-05 10:05:00,293.651,293.651,292.928,292.928,5310
2021-08-05 10:10:00,293.115,293.224,292.327,292.71,4637
2021-08-05 10:15:00,292.661,292.928,292.454,292.809,7669
2021-08-05 10:20:00,292.809,292.809,292.029,292.383,11235
2021-08-05 10:25:00,292.385,292.493,292.197,292.296,2864
2021-08-05 10:30:00,292.395,292.404,291.328,291.368,21593
2021-08-05 10:35:00,291.447,291.447,290.943,290.943,8059
2021-08-05 10:40:00,290.904,290.988,290.766,290.855,7880
2021-08-05 10:45:00,290.874,291.743,290.786,291.585,19636
2021-08-05 10:50:00,291.674,292.049,291.565,291.862,7549
2021-08-05 10:55:00,291.871,292.059,291.792,291.852,8262
2021-08-05 11:00:00,291.891,291.97,291.827,291.931,6397
2021-08-05 11:05:00,291.881,291.94,291.427,291.442,15628
2021-08-05 11:10:00,291.506,291.506,290.795,290.993,24405
2021-08-05 11:15:00,291.096,291.506,291.096,291.358,8058
2021-08-05 11:20:00,291.506,291.654,291.417,291.595,12555
2021-08-05 11:25:00,291.585,291.792,291.546,291.674,9277
2021-08-05 11:30:00,291.753,292.019,291.753,291.787,8661
2021-08-05 11:35:00,291.701,291.701,291.416,291.536,10389
2021-08-05 11:40:00,291.664,291.822,291.496,291.812,7770
2021-08-05 11:45:00,291.792,291.807,291.605,291.792,4085
2021-08-05 11:50:00,291.787,291.822,291.625,291.753,8686
2021-08-05 11:55:00,291.792,291.96,291.792,291.832,7065
2021-08-05 12:00:00,291.881,291.94,291.802,291.822,3017
2021-08-05 12:05:00,291.911,291.931,291.679,291.833,6568
2021-08-05 12:10:00,291.802,292.246,291.783,292.207,7140
2021-08-05 12:15:00,292.128,292.128,291.802,291.881,3449
2021-08-05 12:20:00,291.852,291.931,291.704,291.862,4376
2021-08-05 12:25:00,291.758,291.901,291.723,291.862,3234
2021-08-05 12:30:00,291.783,291.812,291.644,291.792,5723
2021-08-05 12:35:00,291.832,291.852,291.654,291.664,3063
2021-08-05 12:40:00,291.674,291.674,291.496,291.605,5562
2021-08-05 12:45:00,291.605,291.607,291.417,291.585,5994
2021-08-05 12:50:00,291.585,291.605,291.506,291.506,3450
2021-08-05 12:55:00,291.595,291.742,291.437,291.437,17328
2021-08-05 13:00:00,291.437,291.457,291.299,291.398,6602
2021-08-05 13:05:00,291.319,291.398,291.279,291.343,2588
2021-08-05 13:10:00,291.402,291.468,291.289,291.309,3813
2021-08-05 13:15:00,291.309,291.462,291.269,291.368,6000
2021-08-05 13:20:00,291.417,291.694,291.388,291.674,3921
2021-08-05 13:25:00,291.664,291.812,291.547,291.674,10128
2021-08-05 13:30:00,291.684,291.723,291.457,291.457,7309
2021-08-05 13:35:00,291.486,291.664,291.477,291.615,9059
2021-08-05 13:40:00,291.58,291.792,291.546,291.708,4082
2021-08-05 13:45:00,291.713,291.725,291.526,291.57,4804
2021-08-05 13:50:00,291.634,291.694,291.526,291.526,4318
2021-08-05 13:55:00,291.6,291.664,291.457,291.6,14417
2021-08-05 14:00:00,291.595,291.694,291.481,291.625,12150
2021-08-05 14:05:00,291.713,291.921,291.684,291.911,11414
2021-08-05 14:10:00,291.911,292.089,291.852,291.965,15256
2021-08-05 14:15:00,291.97,292.039,291.812,291.832,14807
2021-08-05 14:20:00,291.827,291.94,291.763,291.817,8553
2021-08-05 14:25:00,291.812,291.871,291.615,291.802,13441
2021-08-05 14:30:00,291.802,291.92,291.694,291.694,11351
2021-08-05 14:35:00,291.694,291.862,291.644,291.704,7789
2021-08-05 14:40:00,291.694,291.95,291.694,291.95,6710
2021-08-05 14:45:00,291.911,291.97,291.743,291.743,13454
2021-08-05 14:50:00,291.713,291.842,291.634,291.792,26487
2021-08-05 14:55:00,291.802,291.931,291.802,291.838,4003
2021-08-05 15:00:00,291.822,291.97,291.792,291.97,7685
2021-08-05 15:05:00,292.022,292.069,291.975,292.029,4819
2021-08-05 15:10:00,292.049,292.187,292.019,292.019,6683
2021-08-05 15:15:00,292.049,292.148,292.049,292.064,5684
2021-08-05 15:20:00,292.118,292.217,292.039,292.207,5888
2021-08-05 15:25:00,292.227,292.251,291.938,291.94,8025
2021-08-05 15:30:00,291.891,292.079,291.881,292.029,3733
2021-08-05 15:35:00,292.069,292.325,292.019,292.237,10131
2021-08-05 15:40:00,292.212,292.306,292.158,292.207,11758
2021-08-05 15:45:00,292.192,292.256,292.118,292.148,8926
2021-08-05 15:50:00,292.143,292.197,291.99,292.138,11734
2021-08-05 15:55:00,292.069,292.138,291.674,291.684,34443
2021-08-05 16:00:00,291.773,291.98,291.694,291.871,109740
2021-08-05 16:05:00,291.852,291.852,291.852,291.852,14071
2021-08-06 09:35:00,291.743,293.915,291.743,293.915,12980
2021-08-06 09:40:00,293.105,293.842,292.71,293.638,7221
2021-08-06 09:45:00,293.885,294.428,293.214,293.258,14187
2021-08-06 09:50:00,293.125,293.258,292.508,292.908,16813
2021-08-06 09:55:00,293.066,293.411,293.051,293.298,8347
2021-08-06 10:00:00,293.194,293.248,292.71,292.73,7114
2021-08-06 10:05:00,292.71,293.105,292.414,293.105,16720
2021-08-06 10:10:00,293.263,293.905,293.263,293.865,7832
2021-08-06 10:15:00,293.717,293.717,293.095,293.095,5350
2021-08-06 10:20:00,293.082,293.105,292.755,292.839,5125
2021-08-06 10:25:00,293.105,293.311,292.928,293.155,5891
2021-08-06 10:30:00,293.16,293.624,293.105,293.318,6069
2021-08-06 10:35:00,293.411,293.5,293.273,293.475,3667
2021-08-06 10:40:00,293.367,293.717,293.263,293.569,5772
2021-08-06 10:45:00,293.52,293.534,292.937,292.937,6209
2021-08-06 10:50:00,292.74,293.011,292.74,292.789,5924
2021-08-06 10:55:00,292.666,293.002,292.641,292.908,5979
2021-08-06 11:00:00,292.878,293.165,292.878,293.086,4371
2021-08-06 11:05:00,293.198,293.313,293.016,293.263,4020
2021-08-06 11:10:00,293.273,293.411,293.273,293.293,2503
2021-08-06 11:15:00,293.372,293.372,292.928,293.214,3583
2021-08-06 11:20:00,293.076,293.076,292.681,292.691,5519
2021-08-06 11:25:00,292.839,292.937,292.661,292.799,16463
2021-08-06 11:30:00,292.76,292.854,292.74,292.74,7384
2021-08-06 11:35:00,292.809,292.839,292.72,292.74,6124
2021-08-06 11:40:00,292.691,292.72,292.454,292.454,12406
2021-08-06 11:45:00,292.325,292.592,292.118,292.557,29728
2021-08-06 11:50:00,292.582,292.745,292.564,292.631,6275
2021-08-06 11:55:00,292.691,292.858,292.523,292.641,6663
2021-08-06 12:00:00,292.646,293.051,292.646,292.765,30323
2021-08-06 12:05:00,292.799,292.799,292.217,292.316,5684
2021-08-06 12:10:00,292.301,292.365,292.128,292.365,4522
2021-08-06 12:15:00,292.434,292.602,292.434,292.602,3283
2021-08-06 12:20:00,292.572,292.829,292.513,292.666,29445
2021-08-06 12:25:00,292.691,292.913,292.641,292.898,7682
2021-08-06 12:30:00,292.913,292.928,292.71,292.715,6163
2021-08-06 12:35:00,292.651,292.72,292.612,292.661,5383
2021-08-06 12:40:00,292.691,293.224,292.691,293.061,17961
2021-08-06 12:45:00,293.056,293.09,292.715,292.789,3582
2021-08-06 12:50:00,292.651,292.967,292.552,292.904,3464
2021-08-06 12:55:00,293.105,293.165,292.858,292.858,2291
2021-08-06 13:00:00,292.73,293.066,292.676,293.021,4972
2021-08-06 13:05:00,292.987,293.243,292.987,293.234,6467
2021-08-06 13:10:00,293.115,293.115,292.78,292.819,3858
2021-08-06 13:15:00,292.799,292.876,292.74,292.876,4076
2021-08-06 13:20:00,292.858,292.967,292.77,292.967,2726
2021-08-06 13:25:00,293.022,293.026,292.868,292.977,1578
2021-08-06 13:30:00,292.987,293.174,292.918,293.174,2579
2021-08-06 13:35:00,293.135,293.145,292.799,292.878,4163
2021-08-06 13:40:00,292.755,292.849,292.755,292.77,1983
2021-08-06 13:45:00,292.71,292.809,292.582,292.789,5544
2021-08-06 13:50:00,292.75,293.105,292.75,293.056,4151
2021-08-06 13:55:00,292.987,293.016,292.73,292.849,3189
2021-08-06 14:00:00,292.75,292.75,292.582,292.641,2667
2021-08-06 14:05:00,292.681,292.76,292.631,292.696,5822
2021-08-06 14:10:00,292.691,292.75,292.631,292.71,15410
2021-08-06 14:15:00,292.72,292.75,292.631,292.661,6012
2021-08-06 14:20:00,292.696,292.824,292.676,292.824,4929
2021-08-06 14:25:00,292.878,292.878,292.76,292.799,3713
2021-08-06 14:30:00,292.804,292.804,292.681,292.696,2647
2021-08-06 14:35:00,292.681,292.78,292.642,292.766,5779
2021-08-06 14:40:00,292.715,292.78,292.651,292.77,7976
2021-08-06 14:45:00,292.745,292.829,292.651,292.829,7780
2021-08-06 14:50:00,292.839,293.056,292.839,293.026,4453
2021-08-06 14:55:00,292.997,293.184,292.937,293.184,4410
2021-08-06 15:00:00,293.105,293.184,293.036,293.036,2922
2021-08-06 15:05:00,293.086,293.194,293.066,293.194,4494
2021-08-06 15:10:00,293.165,293.327,293.165,293.253,4181
2021-08-06 15:15:00,293.278,293.342,293.253,293.253,3442
2021-08-06 15:20:00,293.263,293.431,293.194,293.352,8316
2021-08-06 15:25:00,293.352,293.48,293.243,293.48,7778
2021-08-06 15:30:00,293.505,293.505,293.382,293.401,4962
2021-08-06 15:35:00,293.406,293.471,293.318,293.431,9434
2021-08-06 15:40:00,293.431,293.49,293.214,293.278,9821
2021-08-06 15:45:00,293.273,293.303,293.007,293.105,10331
2021-08-06 15:50:00,293.135,293.145,292.997,293.115,11069
2021-08-06 15:55:00,293.086,293.165,292.898,293.155,17578
2021-08-06 16:00:00,293.194,293.313,293.086,293.125,42215
2021-08-06 16:05:00,293.125,293.125,293.125,293.125,5728
2021-08-06 16:40:00,292.306,292.306,292.306,292.306,100
2021-08-06 17:55:00,292.977,292.977,292.977,292.977,100
2021-08-09 09:35:00,293.313,293.768,292.474,292.474,16053
2021-08-09 09:40:00,292.286,292.888,291.891,292.868,12058
2021-08-09 09:45:00,292.839,293.392,292.316,293.352,16036
2021-08-09 09:50:00,293.303,293.342,293.184,293.322,2868
2021-08-09 09:55:00,293.401,294.013,293.165,293.569,31194
2021-08-09 10:00:00,293.628,293.875,293.135,293.268,7754
2021-08-09 10:05:00,293.066,293.145,292.789,293.086,5437
2021-08-09 10:10:00,292.957,293.747,292.957,293.53,37670
2021-08-09 10:15:00,293.52,293.52,292.977,293.095,4667
2021-08-09 10:20:00,293.076,293.293,293.066,293.16,13279
2021-08-09 10:25:00,293.214,293.283,292.997,293.218,12819
2021-08-09 10:30:00,293.231,293.362,293.056,293.125,18733
2021-08-09 10:35:00,293.007,293.076,292.789,292.849,8395
2021-08-09 10:40:00,292.799,293.411,292.75,293.125,20108
2021-08-09 10:45:00,293.184,293.298,293.105,293.167,12307
2021-08-09 10:50:00,293.204,293.382,293.007,293.263,15024
2021-08-09 10:55:00,293.313,293.959,293.031,293.401,9151
2021-08-09 11:00:00,293.174,293.283,293.026,293.086,3831
2021-08-09 11:05:00,293.016,293.016,292.34,292.434,7481
2021-08-09 11:10:00,292.493,292.602,292.375,292.444,6007
2021-08-09 11:15:00,292.404,292.533,292.325,292.454,6007
2021-08-09 11:20:00,292.454,292.543,292.335,292.533,8817
2021-08-09 11:25:00,292.474,292.622,292.375,292.513,9851
2021-08-09 11:30:00,292.454,292.681,292.454,292.572,6783
2021-08-09 11:35:00,292.577,293.071,292.543,293.016,7945
2021-08-09 11:40:00,293.086,293.093,293.002,293.046,15247
2021-08-09 11:45:00,293.105,293.115,292.928,293.115,3795
2021-08-09 11:50:00,292.967,293.273,292.957,293.273,2936
2021-08-09 11:55:00,293.234,293.392,293.204,293.392,3529
2021-08-09 12:00:00,293.49,293.628,293.48,293.628,3534
2021-08-09 12:05:00,293.599,293.619,293.332,293.342,3383
2021-08-09 12:10:00,293.392,293.392,293.342,293.342,1261
2021-08-09 12:15:00,293.352,293.392,293.263,293.263,2442
2021-08-09 12:20:00,293.332,293.549,293.332,293.49,4045
2021-08-09 12:25:00,293.461,293.461,293.105,293.155,4005
2021-08-09 12:30:00,293.204,293.234,293.076,293.234,3100
2021-08-09 12:35:00,293.243,293.352,293.046,293.145,6284
2021-08-09 12:40:00,293.12,293.234,293.066,293.174,6031
2021-08-09 12:45:00,293.253,293.461,293.194,293.461,4607
2021-08-09 12:50:00,293.362,293.392,293.234,293.234,1983
2021-08-09 12:55:00,293.303,293.372,293.184,293.372,4656
2021-08-09 13:00:00,293.322,293.431,293.263,293.303,3505
2021-08-09 13:05:00,293.342,293.431,293.194,293.194,3193
2021-08-09 13:10:00,293.095,293.174,292.997,292.997,4263
2021-08-09 13:15:00,293.095,293.194,293.019,293.194,3827
2021-08-09 13:20:00,293.214,293.214,292.839,292.868,4605
2021-08-09 13:25:00,292.878,292.928,292.819,292.866,4541
2021-08-09 13:30:00,292.878,292.957,292.77,292.77,4474
2021-08-09 13:35:00,292.809,292.898,292.809,292.849,8391
2021-08-09 13:40:00,292.888,293.155,292.888,292.967,12982
2021-08-09 13:45:00,292.997,292.997,292.868,292.868,3601
2021-08-09 13:50:00,292.908,293.194,292.908,293.194,5972
2021-08-09 13:55:00,293.204,293.204,293.021,293.165,7442
2021-08-09 14:00:00,293.155,293.234,292.997,293.026,6031
2021-08-09 14:05:00,293.016,293.451,293.002,293.421,6298
2021-08-09 14:10:00,293.401,293.441,293.263,293.263,8546
2021-08-09 14:15:00,293.253,293.401,293.253,293.303,3171
2021-08-09 14:20:00,293.243,293.342,293.214,293.303,5577
2021-08-09 14:25:00,293.362,293.392,293.322,293.392,2818
2021-08-09 14:30:00,293.411,293.542,293.392,293.542,6830
2021-08-09 14:35:00,293.569,293.707,293.451,293.656,5732
2021-08-09 14:40:00,293.648,293.717,293.461,293.461,5740
2021-08-09 14:45:00,293.411,293.48,293.322,293.441,4541
2021-08-09 14:50:00,293.49,293.52,293.283,293.283,7684
2021-08-09 14:55:00,293.313,293.362,293.273,293.342,3082
2021-08-09 15:00:00,293.283,293.322,293.204,293.204,3439
2021-08-09 15:05:00,293.303,293.313,293.105,293.214,5977
2021-08-09 15:10:00,293.204,293.214,293.076,293.155,5848
2021-08-09 15:15:00,293.174,293.273,293.174,293.224,6411
2021-08-09 15:20:00,293.224,293.273,293.135,293.209,12148
2021-08-09 15:25:00,293.214,293.214,293.076,293.115,5515
2021-08-09 15:30:00,293.155,293.253,293.145,293.194,6748
2021-08-09 15:35:00,293.224,293.332,293.11,293.243,16839
2021-08-09 15:40:00,293.273,293.471,293.243,293.401,15589
2021-08-09 15:45:00,293.362,293.362,292.863,293.056,17648
2021-08-09 15:50:00,293.016,293.076,292.913,293.046,15668
2021-08-09 15:55:00,292.997,293.174,292.928,293.026,31462
2021-08-09 16:00:00,293.056,293.619,293.056,293.599,73154
2021-08-09 16:05:00,293.579,293.579,293.579,293.579,9741
2021-08-09 17:25:00,293.52,293.52,293.52,293.52,100
2021-08-10 09:35:00,293.875,294.255,293.411,293.411,26341
2021-08-10 09:40:00,293.846,293.964,292.987,293.352,5347
2021-08-10 09:45:00,293.48,293.875,293.209,293.678,4990
2021-08-10 09:50:00,293.344,293.352,292.868,293.322,7850
2021-08-10 09:55:00,293.105,293.145,292.75,293.095,5413
2021-08-10 10:00:00,293.066,293.243,292.612,292.612,5316
2021-08-10 10:05:00,292.514,293.036,292.493,292.987,6272
2021-08-10 10:10:00,293.049,293.421,292.947,293.174,4654
2021-08-10 10:15:00,293.282,293.293,292.866,293.105,6008
2021-08-10 10:20:00,293.401,293.599,293.364,293.525,3909
2021-08-10 10:25:00,293.441,293.628,293.359,293.589,3476
2021-08-10 10:30:00,293.727,293.796,293.559,293.737,3480
2021-08-10 10:35:00,293.796,293.875,293.461,293.461,7840
2021-08-10 10:40:00,293.392,293.609,293.224,293.609,7080
2021-08-10 10:45:00,293.678,293.964,293.678,293.757,3493
2021-08-10 10:50:00,293.786,294.053,293.767,293.767,8862
2021-08-10 10:55:00,293.678,293.747,293.471,293.619,4623
2021-08-10 11:00:00,293.53,293.549,293.342,293.342,4613
2021-08-10 11:05:00,293.268,293.401,293.165,293.174,11552
2021-08-10 11:10:00,293.293,293.549,293.184,293.51,4982
2021-08-10 11:15:00,293.599,293.767,293.53,293.688,5188
2021-08-10 11:20:00,293.707,293.717,293.54,293.673,5890
2021-08-10 11:25:00,293.569,293.915,293.569,293.806,8535
2021-08-10 11:30:00,293.855,293.934,293.717,293.875,3499
2021-08-10 11:35:00,293.925,293.964,293.698,293.826,5684
2021-08-10 11:40:00,293.757,293.954,293.475,293.475,5787
2021-08-10 11:45:00,293.441,293.806,293.441,293.806,3332
2021-08-10 11:50:00,293.875,293.885,293.638,293.688,2983
2021-08-10 11:55:00,293.767,293.865,293.678,293.865,3868
2021-08-10 12:00:00,293.826,293.925,293.715,293.925,3696
2021-08-10 12:05:00,293.984,293.994,293.204,293.204,4426
2021-08-10 12:10:00,293.303,293.372,293.219,293.224,2864
2021-08-10 12:15:00,293.071,293.145,292.77,292.794,6635
2021-08-10 12:20:00,292.839,292.967,292.76,292.76,6412
2021-08-10 12:25:00,292.71,292.78,292.622,292.686,10853
2021-08-10 12:30:00,292.651,292.829,292.651,292.77,5447
2021-08-10 12:35:00,292.849,292.888,292.523,292.582,7475
2021-08-10 12:40:00,292.641,292.73,292.434,292.434,8969
2021-08-10 12:45:00,292.375,292.533,292.375,292.449,3744
2021-08-10 12:50:00,292.483,292.483,292.079,292.454,7433
2021-08-10 12:55:00,292.335,292.602,292.335,292.572,3297
2021-08-10 13:00:00,292.546,292.552,292.454,292.503,5239
2021-08-10 13:05:00,292.459,292.661,292.459,292.661,5132
2021-08-10 13:10:00,292.622,292.681,292.592,292.641,2781
2021-08-10 13:15:00,292.691,292.691,292.355,292.355,6284
2021-08-10 13:20:00,292.36,292.454,292.286,292.422,6795
2021-08-10 13:25:00,292.414,292.414,292.306,292.345,2197
2021-08-10 13:30:00,292.227,292.227,292.108,292.158,6133
2021-08-10 13:35:00,292.098,292.217,291.98,292.177,6493
2021-08-10 13:40:00,292.18,292.237,292.108,292.108,2867
2021-08-10 13:45:00,292.128,292.286,292.034,292.286,6065
2021-08-10 13:50:00,292.266,292.404,292.049,292.376,12695
2021-08-10 13:55:00,292.345,292.957,292.345,292.819,6079
2021-08-10 14:00:00,292.799,293.283,292.799,293.283,6339
2021-08-10 14:05:00,293.293,293.293,293.086,293.184,6876
2021-08-10 14:10:00,293.263,293.362,293.145,293.145,4975
2021-08-10 14:15:00,293.15,293.184,292.868,292.908,4601
2021-08-10 14:20:00,292.78,292.78,292.552,292.75,5606
2021-08-10 14:25:00,292.799,292.918,292.78,292.918,2711
2021-08-10 14:30:00,292.903,293.007,292.858,292.858,6976
2021-08-10 14:35:00,292.77,292.819,292.701,292.819,4059
2021-08-10 14:40:00,292.691,292.691,292.543,292.543,3728
2021-08-10 14:45:00,292.566,292.868,292.543,292.587,7760
2021-08-10 14:50:00,292.609,292.609,292.493,292.579,2923
2021-08-10 14:55:00,292.515,292.839,292.515,292.789,3394
2021-08-10 15:00:00,292.77,292.868,292.701,292.858,5095
2021-08-10 15:05:00,292.849,292.858,292.602,292.612,5475
2021-08-10 15:10:00,292.582,292.671,292.553,292.671,7643
2021-08-10 15:15:00,292.612,292.612,292.291,292.414,5385
2021-08-10 15:20:00,292.404,292.454,292.325,292.414,2525
2021-08-10 15:25:00,292.444,292.587,292.395,292.582,6279
2021-08-10 15:30:00,292.562,292.562,292.276,292.276,6902
2021-08-10 15:35:00,292.256,292.404,292.202,292.375,6416
2021-08-10 15:40:00,292.355,292.483,292.316,292.355,12538
2021-08-10 15:45:00,292.316,292.444,292.296,292.316,9541
2021-08-10 15:50:00,292.345,292.395,292.256,292.335,13758
2021-08-10 15:55:00,292.237,292.335,292.153,292.217,22549
2021-08-10 16:00:00,292.207,292.395,292.049,292.286,55580
2021-08-10 16:05:00,292.256,292.256,292.256,292.256,15375
2021-08-10 17:35:00,292.138,292.138,292.138,292.138,280
2021-08-11 08:35:00,292.246,292.246,292.246,292.246,100
2021-08-11 08:40:00,292.246,292.246,292.246,292.246,397
2021-08-11 09:35:00,293.5,294.754,293.253,294.161,19206
2021-08-11 09:40:00,294.398,295.03,293.894,294.211,11625
2021-08-11 09:45:00,293.678,294.418,293.429,294.359,17169
2021-08-11 09:50:00,293.875,295.218,293.875,295.084,24719
2021-08-11 09:55:00,295.055,295.632,294.685,295.129,13427
2021-08-11 10:00:00,295.075,295.78,295.075,295.553,8170
2021-08-11 10:05:00,295.637,295.869,295.455,295.543,13477
2021-08-11 10:10:00,295.543,296.689,295.276,296.545,37570
2021-08-11 10:15:00,296.545,296.866,296.461,296.58,12029
2021-08-11 10:20:00,296.649,297.323,296.57,297.217,15269
2021-08-11 10:25:00,297.217,297.843,297.133,297.621,25074
2021-08-11 10:30:00,297.681,297.967,297.379,297.863,24580
2021-08-11 10:35:00,297.853,297.893,297.607,297.74,14353
2021-08-11 10:40:00,297.786,298.145,297.577,298.001,28628
2021-08-11 10:45:00,298.031,298.223,297.843,298.036,25654
2021-08-11 10:50:00,298.036,298.248,297.212,297.212,10452
2021-08-11 10:55:00,297.123,297.379,296.856,296.856,7326
2021-08-11 11:00:00,296.856,297.034,296.664,296.827,11853
2021-08-11 11:05:00,296.753,297.039,296.669,296.935,11433
2021-08-11 11:10:00,296.906,297.024,296.751,296.751,5901
2021-08-11 11:15:00,296.886,297.202,296.787,297.202,4461
2021-08-11 11:20:00,297.192,297.389,296.965,297.291,7953
2021-08-11 11:25:00,297.32,297.458,297.004,297.004,10474
2021-08-11 11:30:00,297.009,297.419,296.985,296.995,7023
2021-08-11 11:35:00,296.827,296.974,296.639,296.644,5181
2021-08-11 11:40:00,296.58,296.698,296.494,296.494,3110
2021-08-11 11:45:00,296.461,296.461,295.968,296.175,7065
2021-08-11 11:50:00,295.988,296.147,295.98,296.101,6338
2021-08-11 11:55:00,296.101,296.274,295.62,295.672,5623
2021-08-11 12:00:00,295.692,295.948,295.647,295.923,4204
2021-08-11 12:05:00,295.914,295.998,295.573,295.637,7287
2021-08-11 12:10:00,295.682,295.682,295.395,295.445,6717
2021-08-11 12:15:00,295.445,295.743,295.386,295.652,4495
2021-08-11 12:20:00,295.613,295.632,295.537,295.558,4001
2021-08-11 12:25:00,295.504,296.086,295.481,295.889,8982
2021-08-11 12:30:00,295.973,296.232,295.973,296.106,8403
2021-08-11 12:35:00,296.096,296.175,296.017,296.096,3880
2021-08-11 12:40:00,296.096,296.422,296.096,296.284,7092
2021-08-11 12:45:00,296.239,296.254,296.077,296.086,7620
2021-08-11 12:50:00,296.086,296.126,295.879,295.968,8262
2021-08-11 12:55:00,296.017,296.294,296.017,296.234,5441
2021-08-11 13:00:00,296.205,296.392,296.175,296.294,3474
2021-08-11 13:05:00,296.185,296.284,296.116,296.269,9036
2021-08-11 13:10:00,296.318,296.572,296.313,296.511,5889
2021-08-11 13:15:00,296.501,296.501,296.274,296.442,4460
2021-08-11 13:20:00,296.427,296.521,296.373,296.437,6387
2021-08-11 13:25:00,296.373,296.786,296.338,296.748,9358
2021-08-11 13:30:00,296.708,296.733,296.481,296.521,8585
2021-08-11 13:35:00,296.54,296.674,296.392,296.674,6497
2021-08-11 13:40:00,296.687,296.846,296.639,296.837,8276
2021-08-11 13:45:00,296.758,297.123,296.738,297.108,8002
2021-08-11 13:50:00,297.108,297.222,296.975,297.212,21015
2021-08-11 13:55:00,297.276,297.31,296.807,296.832,14814
2021-08-11 14:00:00,296.797,296.837,296.215,296.59,32233
2021-08-11 14:05:00,296.602,296.649,296.452,296.58,7281
2021-08-11 14:10:00,296.629,297.666,296.54,297.31,32127
2021-08-11 14:15:00,297.281,297.291,296.935,297.019,4614
2021-08-11 14:20:00,296.975,297.241,296.925,297.093,7523
2021-08-11 14:25:00,297.231,297.419,297.123,297.345,7609
2021-08-11 14:30:00,297.34,297.437,297.297,297.365,3812
2021-08-11 14:35:00,297.375,297.419,297.217,297.271,6870
2021-08-11 14:40:00,297.37,297.389,297.271,297.286,6351
2021-08-11 14:45:00,297.281,297.419,297.172,297.192,8226
2021-08-11 14:50:00,297.33,297.399,297.281,297.394,5926
2021-08-11 14:55:00,297.37,297.37,297.177,297.246,10193
2021-08-11 15:00:00,297.246,297.409,297.192,297.409,8514
2021-08-11 15:05:00,297.409,297.498,297.301,297.498,13264
2021-08-11 15:10:00,297.508,297.567,297.449,297.567,11131
2021-08-11 15:15:00,297.597,297.666,297.547,297.577,9565
2021-08-11 15:20:00,297.636,297.917,297.518,297.893,13164
2021-08-11 15:25:00,297.883,297.952,297.824,297.843,10073
2021-08-11 15:30:00,297.843,298.09,297.843,298.08,10274
2021-08-11 15:35:00,298.09,298.169,297.972,298.09,13314
2021-08-11 15:40:00,298.09,298.248,297.883,297.883,16696
2021-08-11 15:45:00,297.927,298.041,297.774,297.873,17947
2021-08-11 15:50:00,297.843,298.273,297.834,297.927,22647
2021-08-11 15:55:00,298.09,298.554,297.809,298.554,30576
2021-08-11 16:00:00,298.505,299.127,298.426,298.436,139065
2021-08-11 16:05:00,298.436,298.436,298.436,298.436,13409
2021-08-12 08:55:00,299.097,299.097,299.097,299.097,101
2021-08-12 09:35:00,297.676,298.821,295.692,295.894,21972
2021-08-12 09:40:00,295.909,298.702,295.909,297.942,25460
2021-08-12 09:45:00,298.233,298.544,297.537,298.337,31672
2021-08-12 09:50:00,298.515,298.959,298.11,298.189,13826
2021-08-12 09:55:00,298.312,298.594,298.011,298.515,13097
2021-08-12 10:00:00,298.475,298.589,298.105,298.322,9512
2021-08-12 10:05:00,298.465,298.523,298.11,298.268,5514
2021-08-12 10:10:00,298.406,298.86,298.347,298.594,7974
2021-08-12 10:15:00,298.416,298.84,298.416,298.495,5778
2021-08-12 10:20:00,298.604,298.752,298.436,298.584,7452
2021-08-12 10:25:00,298.573,298.91,298.573,298.91,8336
2021-08-12 10:30:00,299.028,299.591,299.028,299.576,20370
2021-08-12 10:35:00,299.576,299.576,298.955,299.398,12765
2021-08-12 10:40:00,299.398,299.699,299.295,299.64,8787
2021-08-12 10:45:00,299.64,299.64,299.028,299.048,7853
2021-08-12 10:50:00,299.097,299.65,299.048,299.502,10491
2021-08-12 10:55:00,299.413,300.42,299.314,299.956,15806
2021-08-12 11:00:00,299.897,300.138,299.512,299.729,12130
2021-08-12 11:05:00,299.868,300.045,299.65,299.65,9449
2021-08-12 11:10:00,299.581,299.665,299.245,299.665,9088
2021-08-12 11:15:00,299.675,299.768,299.522,299.719,8176
2021-08-12 11:20:00,299.719,299.729,299.413,299.462,14097
2021-08-12 11:25:00,299.452,299.61,299.383,299.512,9602
2021-08-12 11:30:00,299.457,299.541,299.324,299.462,8836
2021-08-12 11:35:00,299.393,299.413,299.216,299.27,12375
2021-08-12 11:40:00,299.27,299.275,298.895,299.146,10933
2021-08-12 11:45:00,299.107,299.137,298.559,298.737,16988
2021-08-12 11:50:00,298.742,299.122,298.638,299.097,12342
2021-08-12 11:55:00,299.097,299.097,298.939,298.939,6896
2021-08-12 12:00:00,298.91,298.939,298.426,298.485,6312
2021-08-12 12:05:00,298.406,298.88,298.406,298.84,11655
2021-08-12 12:10:00,298.811,298.993,298.811,298.979,5171
2021-08-12 12:15:00,298.949,299.038,298.85,298.969,8897
2021-08-12 12:20:00,298.919,299.028,298.796,298.974,8035
2021-08-12 12:25:00,298.86,298.86,298.574,298.771,6285
2021-08-12 12:30:00,298.722,299.112,298.668,299.112,4884
2021-08-12 12:35:00,299.112,299.482,299.028,299.482,5349
2021-08-12 12:40:00,299.433,299.758,299.423,299.724,5926
2021-08-12 12:45:00,299.729,299.946,299.689,299.689,5602
2021-08-12 12:50:00,299.709,299.709,299.462,299.522,10940
2021-08-12 12:55:00,299.522,299.734,299.522,299.734,3678
2021-08-12 13:00:00,299.778,299.813,299.561,299.719,5182
2021-08-12 13:05:00,299.65,299.65,299.359,299.359,2939
2021-08-12 13:10:00,299.295,299.61,299.26,299.531,6009
2021-08-12 13:15:00,299.581,299.67,299.497,299.645,6076
2021-08-12 13:20:00,299.61,299.61,299.018,299.087,7695
2021-08-12 13:25:00,299.008,299.526,298.984,299.492,7148
2021-08-12 13:30:00,299.492,299.591,299.275,299.275,4998
2021-08-12 13:35:00,299.324,299.562,299.285,299.546,7137
2021-08-12 13:40:00,299.591,299.719,299.551,299.596,7663
2021-08-12 13:45:00,299.605,299.985,299.571,299.571,10123
2021-08-12 13:50:00,299.512,299.628,299.474,299.531,3245
2021-08-12 13:55:00,299.526,299.995,299.526,299.926,6266
2021-08-12 14:00:00,299.798,299.857,299.235,299.66,11483
2021-08-12 14:05:00,299.482,299.63,299.482,299.63,5156
2021-08-12 14:10:00,299.768,300.074,299.739,299.946,13846
2021-08-12 14:15:00,299.907,299.907,299.689,299.689,2801
2021-08-12 14:20:00,299.729,299.758,299.63,299.739,5747
2021-08-12 14:25:00,299.744,299.877,299.665,299.665,7240
2021-08-12 14:30:00,299.683,299.778,299.66,299.778,4102
2021-08-12 14:35:00,299.714,299.714,299.438,299.601,8121
2021-08-12 14:40:00,299.571,299.729,299.571,299.63,3660
2021-08-12 14:45:00,299.65,299.699,299.452,299.502,4994
2021-08-12 14:50:00,299.472,299.614,299.443,299.522,7782
2021-08-12 14:55:00,299.512,299.512,299.403,299.433,6820
2021-08-12 15:00:00,299.502,299.65,299.383,299.65,7913
2021-08-12 15:05:00,299.65,299.916,299.62,299.916,12172
2021-08-12 15:10:00,299.946,300.282,299.916,300.134,14453
2021-08-12 15:15:00,300.213,300.331,300.173,300.331,5546
2021-08-12 15:20:00,300.306,300.41,300.252,300.4,11171
2021-08-12 15:25:00,300.38,300.39,300.213,300.213,7898
2021-08-12 15:30:00,300.193,300.203,300.005,300.04,8215
2021-08-12 15:35:00,300.046,300.163,299.985,300.134,10571
2021-08-12 15:40:00,300.124,300.193,300.055,300.104,14541
2021-08-12 15:45:00,300.114,300.143,300.055,300.055,17605
2021-08-12 15:50:00,300.055,300.055,299.729,299.818,14718
2021-08-12 15:55:00,299.749,299.976,299.541,299.936,18463
2021-08-12 16:00:00,299.907,300.203,299.699,299.758,110153
2021-08-12 16:05:00,299.798,299.798,299.798,299.798,194330
2021-08-13 09:35:00,299.798,300.272,299.798,299.808,6105
2021-08-13 09:40:00,300.084,300.834,299.981,300.8,6145
2021-08-13 09:45:00,301.071,302.029,301.037,301.924,16278
2021-08-13 09:50:00,301.723,301.812,301.535,301.738,6600
2021-08-13 09:55:00,301.792,302.305,301.703,302.118,14072
2021-08-13 10:00:00,302.135,302.355,299.798,301.704,118611
2021-08-13 10:05:00,301.901,302.295,301.762,301.846,15333
2021-08-13 10:10:00,301.762,301.91,301.328,301.91,15112
2021-08-13 10:15:00,301.876,302.483,301.629,302.256,21583
2021-08-13 10:20:00,302.394,302.7,302.231,302.285,19187
2021-08-13 10:25:00,302.285,302.942,302.285,302.71,14345
2021-08-13 10:30:00,302.72,303.164,302.621,303.164,16490
2021-08-13 10:35:00,303.184,303.371,302.858,302.894,15231
2021-08-13 10:40:00,302.843,302.843,302.236,302.236,11232
2021-08-13 10:45:00,302.231,302.68,302.147,302.552,12171
2021-08-13 10:50:00,302.463,302.888,301.831,301.866,13939
2021-08-13 10:55:00,301.866,301.93,301.436,301.436,2036
2021-08-13 11:00:00,301.442,301.496,301.15,301.234,11748
2021-08-13 11:05:00,301.308,301.348,300.568,300.568,13030
2021-08-13 11:10:00,300.568,300.884,300.479,300.676,9878
2021-08-13 11:15:00,300.662,300.676,300.499,300.578,5254
2021-08-13 11:20:00,300.657,300.913,300.558,300.913,12934
2021-08-13 11:25:00,300.978,301.101,300.676,300.676,8790
2021-08-13 11:30:00,300.213,300.242,299.99,300.104,5319
2021-08-13 11:35:00,300.341,300.341,300.069,300.104,2235
2021-08-13 11:40:00,300.045,300.173,299.793,299.966,5016
2021-08-13 11:45:00,299.976,300.341,299.897,300.291,5858
2021-08-13 11:50:00,300.4,300.44,300.277,300.331,4309
2021-08-13 11:55:00,300.341,300.341,300.237,300.282,1528
2021-08-13 12:00:00,300.351,300.598,300.213,300.598,8994
2021-08-13 12:05:00,300.607,300.854,300.607,300.647,3655
2021-08-13 12:10:00,300.642,300.686,300.514,300.681,4794
2021-08-13 12:15:00,300.578,300.953,300.578,300.751,4141
2021-08-13 12:20:00,300.834,300.953,300.647,300.686,4562
2021-08-13 12:25:00,300.815,301.061,300.805,300.869,3129
2021-08-13 12:30:00,300.933,300.982,300.844,300.923,4129
2021-08-13 12:35:00,300.953,301.032,300.864,300.953,2803
2021-08-13 12:40:00,300.953,301.185,300.854,301.007,7834
2021-08-13 12:45:00,300.953,301.506,300.953,301.284,10331
2021-08-13 12:50:00,301.367,301.476,300.982,300.982,3307
2021-08-13 12:55:00,301.17,301.451,301.091,301.451,7373
2021-08-13 13:00:00,301.358,301.427,301.16,301.407,7907
2021-08-13 13:05:00,301.249,301.417,301.091,301.288,8765
2021-08-13 13:10:00,301.195,301.214,300.982,301.126,4516
2021-08-13 13:15:00,301.047,301.121,300.963,301.032,5406
2021-08-13 13:20:00,301.047,301.348,301.047,301.229,7160
2021-08-13 13:25:00,301.205,301.249,301.081,301.111,7516
2021-08-13 13:30:00,301.101,301.101,300.894,300.953,4350
2021-08-13 13:35:00,300.913,301.081,300.894,301.081,9103
2021-08-13 13:40:00,301.037,301.21,300.933,301.18,11015
2021-08-13 13:45:00,301.17,301.377,301.081,301.214,5279
2021-08-13 13:50:00,301.16,301.288,301.121,301.18,5273
2021-08-13 13:55:00,301.239,301.308,301.18,301.308,4848
2021-08-13 14:00:00,301.21,301.377,301.19,301.239,5515
2021-08-13 14:05:00,301.219,301.288,301.2,301.205,6854
2021-08-13 14:10:00,301.219,301.382,301.17,301.382,9678
2021-08-13 14:15:00,301.387,301.565,301.367,301.565,10489
2021-08-13 14:20:00,301.535,301.535,301.288,301.338,3778
2021-08-13 14:25:00,301.367,301.367,301.121,301.358,6979
2021-08-13 14:30:00,301.308,301.594,301.308,301.496,5149
2021-08-13 14:35:00,301.451,301.762,301.387,301.525,4695
2021-08-13 14:40:00,301.466,301.575,301.343,301.466,5718
2021-08-13 14:45:00,301.466,301.604,301.298,301.594,6144
2021-08-13 14:50:00,301.565,301.604,301.412,301.451,5307
2021-08-13 14:55:00,301.451,301.535,301.367,301.466,6714
2021-08-13 15:00:00,301.466,301.545,301.407,301.407,6425
2021-08-13 15:05:00,301.392,301.525,301.392,301.525,5250
2021-08-13 15:10:00,301.535,301.654,301.525,301.565,6117
2021-08-13 15:15:00,301.565,301.614,301.508,301.545,7356
2021-08-13 15:20:00,301.525,301.525,301.441,301.465,7788
2021-08-13 15:25:00,301.461,301.555,301.446,301.506,9235
2021-08-13 15:30:00,301.486,301.506,301.446,301.456,9147
2021-08-13 15:35:00,301.446,301.525,301.397,301.511,13504
2021-08-13 15:40:00,301.535,301.664,301.52,301.604,10277
2021-08-13 15:45:00,301.585,301.614,301.407,301.486,14887
2021-08-13 15:50:00,301.479,301.644,301.479,301.535,18474
2021-08-13 15:55:00,301.654,301.654,301.427,301.466,28392
2021-08-13 16:00:00,301.456,302.039,301.427,301.703,62699
2021-08-13 16:05:00,301.723,301.723,301.723,301.723,9848
2021-08-16 09:35:00,301.407,302.058,300.588,300.588,16355
2021-08-16 09:40:00,300.598,301.18,300.094,301.18,6705
2021-08-16 09:45:00,301.111,301.328,300.222,301.328,8924
2021-08-16 09:50:00,300.923,301.006,299.699,300.217,20539
2021-08-16 09:55:00,300.227,300.617,300.188,300.272,9713
2021-08-16 10:00:00,300.623,301.274,300.252,301.17,8358
2021-08-16 10:05:00,300.963,300.963,300.479,300.479,8624
2021-08-16 10:10:00,300.617,301.15,300.449,300.982,7523
2021-08-16 10:15:00,301.071,301.693,300.805,301.693,14222
2021-08-16 10:20:00,301.565,301.891,301.229,301.229,9175
2021-08-16 10:25:00,301.288,301.891,301.288,301.891,8366
2021-08-16 10:30:00,301.743,302.848,301.703,302.513,14045
2021-08-16 10:35:00,302.552,303.026,302.182,302.325,11724
2021-08-16 10:40:00,302.33,302.749,302.33,302.473,11296
2021-08-16 10:45:00,302.601,303.016,302.601,303.016,3825
2021-08-16 10:50:00,302.922,303.184,302.848,303.095,12083
2021-08-16 10:55:00,303.085,303.095,302.384,302.404,7160
2021-08-16 11:00:00,302.453,302.552,301.989,302.542,7283
2021-08-16 11:05:00,302.69,302.69,302.285,302.424,7678
2021-08-16 11:10:00,302.305,302.424,301.851,301.851,8594
2021-08-16 11:15:00,301.999,302.661,301.91,302.661,11005
2021-08-16 11:20:00,302.591,302.663,302.384,302.503,7693
2021-08-16 11:25:00,302.601,302.661,302.463,302.631,4371
2021-08-16 11:30:00,302.651,303.026,302.631,302.893,6323
2021-08-16 11:35:00,302.967,303.263,302.947,303.263,4332
2021-08-16 11:40:00,303.253,303.401,303.035,303.035,8720
2021-08-16 11:45:00,303.041,303.065,302.74,302.907,4572
2021-08-16 11:50:00,303.046,303.055,302.812,302.819,4091
2021-08-16 11:55:00,302.769,302.976,302.769,302.769,7037
2021-08-16 12:00:00,302.72,302.917,302.72,302.828,2303
2021-08-16 12:05:00,302.868,303.046,302.868,303.006,3419
2021-08-16 12:10:00,303.06,303.421,303.016,303.194,10126
2021-08-16 12:15:00,303.243,303.263,302.976,303.233,4724
2021-08-16 12:20:00,303.332,303.332,303.1,303.199,5316
2021-08-16 12:25:00,303.253,303.608,303.253,303.608,3338
2021-08-16 12:30:00,303.608,303.697,303.438,303.519,5630
2021-08-16 12:35:00,303.5,303.648,303.421,303.5,5391
2021-08-16 12:40:00,303.549,303.894,303.549,303.835,6417
2021-08-16 12:45:00,303.865,304.368,303.865,304.368,9373
2021-08-16 12:50:00,304.378,304.658,304.309,304.658,12439
2021-08-16 12:55:00,304.536,304.842,304.477,304.842,19121
2021-08-16 13:00:00,304.773,304.803,304.645,304.753,9388
2021-08-16 13:05:00,304.664,304.664,304.309,304.309,6029
2021-08-16 13:10:00,304.299,304.299,303.983,304.033,7492
2021-08-16 13:15:00,304.013,304.161,304.013,304.092,4180
2021-08-16 13:20:00,303.998,304.22,303.998,304.21,4993
2021-08-16 13:25:00,304.2,304.457,304.102,304.102,15120
2021-08-16 13:30:00,304.092,304.191,303.978,304.112,7906
2021-08-16 13:35:00,304.112,304.191,304.003,304.191,4435
2021-08-16 13:40:00,304.122,304.191,303.776,303.894,13203
2021-08-16 13:45:00,303.796,303.796,303.569,303.594,6493
2021-08-16 13:50:00,303.618,303.658,303.085,303.105,5984
2021-08-16 13:55:00,303.194,303.282,303.075,303.223,8524
2021-08-16 14:00:00,303.228,303.278,303.105,303.233,7046
2021-08-16 14:05:00,303.228,303.302,303.006,303.233,11363
2021-08-16 14:10:00,303.253,303.292,303.036,303.134,5573
2021-08-16 14:15:00,303.169,303.327,303.046,303.174,8886
2021-08-16 14:20:00,303.174,303.426,303.144,303.426,4055
2021-08-16 14:25:00,303.317,303.401,303.134,303.139,6851
2021-08-16 14:30:00,303.174,303.332,303.095,303.278,8697
2021-08-16 14:35:00,303.282,303.539,303.213,303.44,12069
2021-08-16 14:40:00,303.391,303.411,303.115,303.115,8525
2021-08-16 14:45:00,303.07,303.292,303.046,303.258,8132
2021-08-16 14:50:00,303.292,303.342,303.194,303.243,11169
2021-08-16 14:55:00,303.263,303.588,303.253,303.5,10715
2021-08-16 15:00:00,303.552,303.579,303.411,303.411,10143
2021-08-16 15:05:00,303.376,303.51,303.223,303.46,6684
2021-08-16 15:10:00,303.46,303.46,303.194,303.307,6136
2021-08-16 15:15:00,303.307,303.47,303.302,303.47,7278
2021-08-16 15:20:00,303.401,303.549,303.342,303.549,8023
2021-08-16 15:25:00,303.618,303.737,303.539,303.737,8947
2021-08-16 15:30:00,303.717,303.726,303.48,303.544,5528
2021-08-16 15:35:00,303.519,303.539,303.233,303.342,13841
2021-08-16 15:40:00,303.352,303.569,303.302,303.398,12343
2021-08-16 15:45:00,303.347,303.421,303.144,303.282,16165
2021-08-16 15:50:00,303.085,303.253,303.006,303.046,26386
2021-08-16 15:55:00,303.095,303.677,303.065,303.49,29181
2021-08-16 16:00:00,303.49,303.944,303.45,303.855,50964
2021-08-16 16:05:00,303.796,303.796,303.796,303.796,7174
2021-08-16 16:10:00,303.796,303.796,303.796,303.796,2098
2021-08-17 07:30:00,301.071,301.071,301.071,301.071,100
2021-08-17 09:35:00,302.088,302.473,301.071,301.491,20870
2021-08-17 09:40:00,301.496,302.513,300.815,301.812,9691
2021-08-17 09:45:00,301.673,302.192,301.427,301.994,4608
2021-08-17 09:50:00,301.999,302.004,301.15,301.353,10593
2021-08-17 09:55:00,301.451,301.604,300.973,301.165,8500
2021-08-17 10:00:00,300.973,301.466,300.479,301.21,10469
2021-08-17 10:05:00,301.18,301.18,299.966,300.262,13654
2021-08-17 10:10:00,300.262,300.686,300.104,300.686,13860
2021-08-17 10:15:00,300.686,300.686,300.331,300.38,7812
2021-08-17 10:20:00,300.39,300.538,299.768,300.114,10171
2021-08-17 10:25:00,300.336,300.627,300.227,300.331,7924
2021-08-17 10:30:00,300.055,300.755,299.936,300.755,5654
2021-08-17 10:35:00,300.731,300.731,299.788,299.798,16922
2021-08-17 10:40:00,299.608,299.65,299.196,299.265,6604
2021-08-17 10:45:00,299.334,300.163,299.057,300.045,11027
2021-08-17 10:50:00,299.847,300.528,299.778,300.504,7490
2021-08-17 10:55:00,300.578,300.923,300.449,300.736,9089
2021-08-17 11:00:00,300.676,300.676,300.262,300.262,6056
2021-08-17 11:05:00,300.183,300.291,299.995,300.124,15890
2021-08-17 11:10:00,300.084,300.084,299.64,299.788,6797
2021-08-17 11:15:00,299.872,300.084,299.709,300.01,9464
2021-08-17 11:20:00,300.01,300.543,299.985,300.543,8060
2021-08-17 11:25:00,300.449,300.667,300.37,300.37,7970
2021-08-17 11:30:00,300.262,300.617,299.887,300.514,10248
2021-08-17 11:35:00,300.449,300.459,300.222,300.287,11465
2021-08-17 11:40:00,300.272,300.706,300.193,300.706,12299
2021-08-17 11:45:00,300.622,300.637,300.074,300.366,9750
2021-08-17 11:50:00,300.405,300.405,300.064,300.242,4940
2021-08-17 11:55:00,300.134,300.617,300.134,300.479,2866
2021-08-17 12:00:00,300.39,300.39,299.897,299.966,9753
2021-08-17 12:05:00,299.944,300.034,299.758,299.966,7262
2021-08-17 12:10:00,299.966,300.045,299.788,299.788,6679
2021-08-17 12:15:00,299.689,299.907,299.689,299.887,2467
2021-08-17 12:20:00,299.719,299.918,299.413,299.61,9664
2021-08-17 12:25:00,299.65,300.055,299.65,300.005,11532
2021-08-17 12:30:00,299.966,300.287,299.956,300.242,8547
2021-08-17 12:35:00,300.222,300.222,299.788,300.035,7436
2021-08-17 12:40:00,300.035,300.035,299.373,299.591,10013
2021-08-17 12:45:00,299.449,299.492,299.196,299.443,4453
2021-08-17 12:50:00,299.443,299.443,298.989,299.087,10304
2021-08-17 12:55:00,299.087,299.245,298.989,299.245,8206
2021-08-17 13:00:00,299.235,299.275,299.038,299.206,6695
2021-08-17 13:05:00,299.235,299.423,299.166,299.166,3625
2021-08-17 13:10:00,299.097,299.304,299.038,299.166,9117
2021-08-17 13:15:00,299.206,299.551,299.186,299.551,5696
2021-08-17 13:20:00,299.393,299.393,299.107,299.166,6378
2021-08-17 13:25:00,299.082,299.206,298.604,298.752,10008
2021-08-17 13:30:00,298.697,299.265,298.697,299.235,9924
2021-08-17 13:35:00,299.225,299.433,299.176,299.354,4814
2021-08-17 13:40:00,299.304,299.443,299.275,299.275,5875
2021-08-17 13:45:00,299.235,299.275,299.018,299.028,7257
2021-08-17 13:50:00,299.097,299.344,298.989,299.344,8214
2021-08-17 13:55:00,299.433,299.473,299.206,299.339,9177
2021-08-17 14:00:00,299.334,299.65,299.334,299.472,4399
2021-08-17 14:05:00,299.502,299.798,299.502,299.754,7279
2021-08-17 14:10:00,299.946,300.134,299.857,299.985,4357
2021-08-17 14:15:00,299.966,300.094,299.966,300.084,2873
2021-08-17 14:20:00,300.124,300.301,300.124,300.153,5328
2021-08-17 14:25:00,300.104,300.183,299.907,300.163,8585
2021-08-17 14:30:00,300.124,300.154,299.758,299.926,5767
2021-08-17 14:35:00,299.916,299.916,299.679,299.828,5058
2021-08-17 14:40:00,299.709,299.749,299.531,299.551,4217
2021-08-17 14:45:00,299.62,299.699,299.482,299.61,4196
2021-08-17 14:50:00,299.531,299.739,299.502,299.679,4813
2021-08-17 14:55:00,299.936,299.985,299.67,299.67,2075
2021-08-17 15:00:00,299.749,300.099,299.729,299.897,7696
2021-08-17 15:05:00,299.961,300.03,299.897,299.976,5047
2021-08-17 15:10:00,299.936,300.351,299.916,300.203,7159
2021-08-17 15:15:00,300.232,300.232,299.916,299.985,6320
2021-08-17 15:20:00,300.055,300.291,299.897,300.183,12340
2021-08-17 15:25:00,300.115,300.341,299.966,299.966,6369
2021-08-17 15:30:00,299.995,300.262,299.951,300.213,5045
2021-08-17 15:35:00,300.262,300.435,300.232,300.435,5485
2021-08-17 15:40:00,300.43,300.558,300.168,300.203,10305
2021-08-17 15:45:00,300.134,300.203,299.847,300.055,13977
2021-08-17 15:50:00,300.025,300.104,299.907,300.025,20310
2021-08-17 15:55:00,300.114,300.667,300.114,300.538,26152
2021-08-17 16:00:00,300.548,301.002,300.548,301.002,63898
2021-08-17 16:05:00,300.992,300.992,300.992,300.992,57274
2021-08-18 09:05:00,300.884,300.884,300.884,300.884,179
2021-08-18 09:35:00,300.992,300.992,298.628,300.232,32289
2021-08-18 09:40:00,300.217,300.874,299.798,300.124,11288
2021-08-18 09:45:00,300.045,301.18,299.995,300.928,6899
2021-08-18 09:50:00,300.992,301.673,300.637,301.042,29993
2021-08-18 09:55:00,301.16,301.525,300.143,300.232,6672
2021-08-18 10:00:00,300.183,301.052,300.143,300.953,6126
2021-08-18 10:05:00,300.978,301.071,300.301,300.825,10047
2021-08-18 10:10:00,300.874,300.874,300.124,300.617,6965
2021-08-18 10:15:00,300.617,301.367,300.617,300.864,13969
2021-08-18 10:20:00,300.686,301.318,300.578,301.061,11462
2021-08-18 10:25:00,301.21,301.219,300.765,300.958,6724
2021-08-18 10:30:00,300.973,301.091,300.017,300.017,7769
2021-08-18 10:35:00,300.114,300.755,299.966,300.193,12007
2021-08-18 10:40:00,300.074,300.43,299.601,299.709,14542
2021-08-18 10:45:00,299.61,299.818,299.344,299.47,9735
2021-08-18 10:50:00,299.467,299.699,299.181,299.373,13369
2021-08-18 10:55:00,299.423,299.828,299.127,299.142,6979
2021-08-18 11:00:00,299.273,299.28,298.737,299.038,11876
2021-08-18 11:05:00,298.811,298.811,298.248,298.386,18821
2021-08-18 11:10:00,298.505,298.831,298.485,298.759,8092
2021-08-18 11:15:00,298.574,298.598,298.179,298.352,13629
2021-08-18 11:20:00,298.268,298.465,298.159,298.436,7888
2021-08-18 11:25:00,298.446,298.465,298.189,298.347,4286
2021-08-18 11:30:00,298.446,298.959,298.446,298.658,5388
2021-08-18 11:35:00,298.781,298.819,298.564,298.819,3879
2021-08-18 11:40:00,298.643,298.702,298.406,298.618,6038
2021-08-18 11:45:00,298.623,299.048,298.401,298.455,4834
2021-08-18 11:50:00,298.633,298.836,298.376,298.505,5072
2021-08-18 11:55:00,298.436,298.594,298.426,298.426,3743
2021-08-18 12:00:00,298.416,298.732,298.416,298.569,6526
2021-08-18 12:05:00,298.633,298.791,298.599,298.663,4141
2021-08-18 12:10:00,298.663,298.801,298.544,298.574,4670
2021-08-18 12:15:00,298.554,299.107,298.554,298.86,8107
2021-08-18 12:20:00,298.86,299.08,298.821,298.964,6254
2021-08-18 12:25:00,298.85,299.117,298.52,298.604,5994
2021-08-18 12:30:00,298.48,298.569,298.278,298.278,3398
2021-08-18 12:35:00,298.367,298.386,298.12,298.302,5015
2021-08-18 12:40:00,298.347,298.529,298.347,298.432,5904
2021-08-18 12:45:00,298.465,298.613,298.465,298.613,3032
2021-08-18 12:50:00,298.584,298.687,298.5,298.663,4958
2021-08-18 12:55:00,298.702,298.821,298.648,298.771,2709
2021-08-18 13:00:00,298.732,299.166,298.692,299.166,3261
2021-08-18 13:05:00,299.087,299.097,298.791,298.919,5571
2021-08-18 13:10:00,298.959,299.067,298.89,299.033,5784
2021-08-18 13:15:00,299.156,299.156,299.033,299.107,2084
2021-08-18 13:20:00,299.028,299.058,298.771,298.974,9172
2021-08-18 13:25:00,299.028,299.127,298.539,298.712,4214
2021-08-18 13:30:00,298.742,298.761,298.554,298.569,4274
2021-08-18 13:35:00,298.722,299.137,298.687,299.077,4918
2021-08-18 13:40:00,299.077,299.324,299.053,299.156,4293
2021-08-18 13:45:00,299.058,299.166,298.939,298.939,7862
2021-08-18 13:50:00,299.077,299.082,298.791,298.9,3178
2021-08-18 13:55:00,298.801,299.018,298.771,298.9,3951
2021-08-18 14:00:00,298.949,298.979,298.722,298.722,6427
2021-08-18 14:05:00,298.85,299.265,298.732,299.201,5306
2021-08-18 14:10:00,299.359,299.393,298.914,298.914,8574
2021-08-18 14:15:00,299.087,299.127,298.396,298.396,8318
2021-08-18 14:20:00,298.416,298.505,297.784,298.115,11383
2021-08-18 14:25:00,298.406,298.406,298.198,298.288,8071
2021-08-18 14:30:00,298.288,298.722,298.204,298.594,4867
2021-08-18 14:35:00,298.638,298.712,298.243,298.495,7645
2021-08-18 14:40:00,298.539,298.539,298.317,298.317,5495
2021-08-18 14:45:00,298.288,298.288,298.011,298.14,6921
2021-08-18 14:50:00,298.061,298.1,297.843,297.972,5755
2021-08-18 14:55:00,298.07,298.179,297.917,298.08,7328
2021-08-18 15:00:00,298.157,298.367,298.095,298.278,8349
2021-08-18 15:05:00,298.337,298.416,298.1,298.184,6876
2021-08-18 15:10:00,298.258,298.51,298.238,298.426,4878
2021-08-18 15:15:00,298.376,298.653,298.258,298.534,4620
2021-08-18 15:20:00,298.534,298.663,298.529,298.623,8589
2021-08-18 15:25:00,298.638,298.781,298.564,298.752,14029
2021-08-18 15:30:00,298.653,298.831,298.209,298.209,11522
2021-08-18 15:35:00,298.14,298.288,297.794,297.883,9407
2021-08-18 15:40:00,297.873,297.913,297.557,297.695,10099
2021-08-18 15:45:00,297.745,298.441,297.73,298.337,20788
2021-08-18 15:50:00,298.484,298.484,297.764,297.932,26927
2021-08-18 15:55:00,297.843,298.189,297.468,298.169,32364
2021-08-18 16:00:00,298.174,298.174,297.004,297.231,75921
2021-08-18 16:05:00,297.231,297.231,297.231,297.231,16979
2021-08-18 16:40:00,296.945,296.945,296.945,296.945,200
2021-08-18 17:40:00,298.1,298.1,298.1,298.1,500
2021-08-18 18:55:00,297.231,297.231,297.231,297.231,101
2021-08-19 09:15:00,294.696,294.696,294.301,294.301,2924
2021-08-19 09:35:00,295.408,296.11,294.633,296.11,39109
2021-08-19 09:40:00,296.12,298.236,296.12,297.821,15329
2021-08-19 09:45:00,297.821,298.335,297.603,298.31,10277
2021-08-19 09:50:00,298.167,298.652,297.752,297.781,9785
2021-08-19 09:55:00,297.87,298.449,297.87,298.137,5131
2021-08-19 10:00:00,298.039,299.146,298.029,298.286,10754
2021-08-19 10:05:00,298.276,299.176,298.266,298.859,11786
2021-08-19 10:10:00,298.731,298.77,297.851,297.851,5904
2021-08-19 10:15:00,297.94,298.009,297.702,297.959,5227
2021-08-19 10:20:00,297.95,298.137,297.663,297.91,8726
2021-08-19 10:25:00,297.93,298.286,297.91,297.91,7841
2021-08-19 10:30:00,297.95,298.345,297.94,298.029,6224
2021-08-19 10:35:00,297.93,298.236,297.841,297.841,4234
2021-08-19 10:40:00,297.851,297.851,297.297,297.317,5961
2021-08-19 10:45:00,297.384,297.416,296.931,297.01,4977
2021-08-19 10:50:00,297.109,297.445,297.0,297.445,5167
2021-08-19 10:55:00,297.435,298.385,297.435,298.286,5695
2021-08-19 11:00:00,298.266,298.859,298.266,298.642,10942
2021-08-19 11:05:00,298.553,298.553,297.95,298.389,6609
2021-08-19 11:10:00,298.405,298.563,298.355,298.563,4867
2021-08-19 11:15:00,298.563,298.741,298.39,298.592,5143
2021-08-19 11:20:00,298.681,299.008,298.503,299.008,5634
2021-08-19 11:25:00,298.859,299.186,298.859,299.142,5957
2021-08-19 11:30:00,299.186,299.502,298.958,298.968,5298
2021-08-19 11:35:00,298.612,299.344,298.612,299.225,5416
2021-08-19 11:40:00,299.097,299.156,298.859,298.859,6667
2021-08-19 11:45:00,298.751,298.948,298.583,298.948,2919
2021-08-19 11:50:00,299.102,299.274,299.032,299.087,6172
2021-08-19 11:55:00,299.047,299.285,299.018,299.112,3561
2021-08-19 12:00:00,299.245,299.71,299.245,299.68,6040
2021-08-19 12:05:00,299.69,299.759,299.581,299.601,3256
2021-08-19 12:10:00,299.539,299.539,299.146,299.146,4177
2021-08-19 12:15:00,298.881,299.324,298.881,299.255,6648
2021-08-19 12:20:00,299.304,299.354,299.136,299.354,4339
2021-08-19 12:25:00,299.136,299.374,299.136,299.374,1844
2021-08-19 12:30:00,299.215,299.255,299.047,299.176,4368
2021-08-19 12:35:00,299.136,299.275,299.082,299.186,4235
2021-08-19 12:40:00,299.225,299.295,299.117,299.196,4143
2021-08-19 12:45:00,299.285,299.473,299.255,299.354,5206
2021-08-19 12:50:00,299.304,299.423,299.181,299.391,38295
2021-08-19 12:55:00,299.403,299.73,299.354,299.602,3793
2021-08-19 13:00:00,299.675,299.809,299.552,299.759,18551
2021-08-19 13:05:00,299.68,299.69,299.077,299.171,9094
2021-08-19 13:10:00,299.196,299.196,298.592,298.632,5351
2021-08-19 13:15:00,298.711,299.077,298.711,299.057,3673
2021-08-19 13:20:00,298.943,298.988,298.662,298.81,4128
2021-08-19 13:25:00,299.018,299.018,298.701,298.761,1782
2021-08-19 13:30:00,298.701,298.83,298.266,298.286,5802
2021-08-19 13:35:00,298.503,298.503,298.094,298.227,5652
2021-08-19 13:40:00,298.098,298.197,298.029,298.078,4289
2021-08-19 13:45:00,298.236,298.533,298.236,298.281,3966
2021-08-19 13:50:00,298.197,298.612,298.197,298.612,2383
2021-08-19 13:55:00,298.721,298.79,298.424,298.424,2827
2021-08-19 14:00:00,298.306,298.434,298.048,298.068,5646
2021-08-19 14:05:00,298.048,298.118,297.851,298.009,1954
2021-08-19 14:10:00,298.068,298.36,298.068,298.098,3223
2021-08-19 14:15:00,297.95,298.592,297.95,298.206,3834
2021-08-19 14:20:00,298.325,298.533,298.304,298.533,2510
2021-08-19 14:25:00,298.543,298.632,298.231,298.632,7985
2021-08-19 14:30:00,298.632,298.79,298.256,298.256,4163
2021-08-19 14:35:00,298.291,298.291,297.861,298.172,5130
2021-08-19 14:40:00,298.256,298.523,298.177,298.523,3963
2021-08-19 14:45:00,298.306,298.494,298.217,298.385,3826
2021-08-19 14:50:00,298.434,298.662,298.395,298.632,2888
2021-08-19 14:55:00,298.543,299.047,298.484,298.934,5817
2021-08-19 15:00:00,299.057,299.29,299.057,299.176,5931
2021-08-19 15:05:00,299.423,299.73,299.423,299.73,6099
2021-08-19 15:10:00,299.631,299.651,299.497,299.651,4674
2021-08-19 15:15:00,299.621,299.72,299.324,299.403,5553
2021-08-19 15:20:00,299.443,299.819,299.443,299.819,4656
2021-08-19 15:25:00,299.838,300.155,299.779,300.081,6233
2021-08-19 15:30:00,300.135,300.204,300.007,300.145,4151
2021-08-19 15:35:00,300.076,300.135,299.73,300.096,8224
2021-08-19 15:40:00,300.076,300.199,299.947,299.947,7861
2021-08-19 15:45:00,299.957,299.957,299.468,299.621,9749
2021-08-19 15:50:00,299.561,299.591,299.196,299.384,7015
2021-08-19 15:55:00,299.463,299.66,299.225,299.334,18381
2021-08-19 16:00:00,299.255,299.364,298.81,299.304,45050
2021-08-19 16:05:00,299.285,299.285,299.285,299.285,13097
2021-08-20 09:35:00,300.194,301.055,299.819,301.0,23705
2021-08-20 09:40:00,301.203,301.772,300.768,301.302,7866
2021-08-20 09:45:00,301.228,301.582,300.694,301.183,3660
2021-08-20 09:50:00,301.569,301.885,300.995,301.559,7468
2021-08-20 09:55:00,301.559,301.638,301.292,301.5,7569
2021-08-20 10:00:00,301.658,302.044,301.45,302.039,5475
2021-08-20 10:05:00,302.044,302.607,301.777,302.34,8783
2021-08-20 10:10:00,302.321,302.558,302.123,302.192,6205
2021-08-20 10:15:00,302.365,302.516,301.836,301.935,7412
2021-08-20 10:20:00,301.994,302.093,301.796,301.955,17107
2021-08-20 10:25:00,301.939,302.439,301.747,302.256,13831
2021-08-20 10:30:00,302.162,302.162,301.589,301.628,11669
2021-08-20 10:35:00,301.614,302.35,301.52,302.113,15092
2021-08-20 10:40:00,301.965,302.261,301.776,301.889,10060
2021-08-20 10:45:00,301.757,302.38,301.628,302.044,12071
2021-08-20 10:50:00,302.113,302.825,302.108,302.726,20511
2021-08-20 10:55:00,302.815,303.052,302.617,303.043,7782
2021-08-20 11:00:00,303.067,303.132,302.179,302.627,8808
2021-08-20 11:05:00,302.637,302.909,302.637,302.726,10079
2021-08-20 11:10:00,302.726,303.132,302.726,303.132,1962
2021-08-20 11:15:00,303.141,303.29,302.855,302.873,4603
2021-08-20 11:20:00,302.726,302.874,302.607,302.761,6419
2021-08-20 11:25:00,302.845,302.845,302.597,302.647,10049
2021-08-20 11:30:00,302.548,302.578,302.41,302.41,6376
2021-08-20 11:35:00,302.499,302.805,302.469,302.627,10504
2021-08-20 11:40:00,302.578,302.686,302.281,302.677,11569
2021-08-20 11:45:00,302.647,303.132,302.617,302.919,4300
2021-08-20 11:50:00,302.954,303.201,302.951,303.043,3487
2021-08-20 11:55:00,303.191,303.28,303.013,303.26,5517
2021-08-20 12:00:00,303.297,303.789,303.25,303.789,5635
2021-08-20 12:05:00,303.888,304.091,303.577,303.913,11411
2021-08-20 12:10:00,303.913,303.913,303.557,303.616,9295
2021-08-20 12:15:00,303.596,303.596,303.547,303.596,1187
2021-08-20 12:20:00,303.646,303.893,303.517,303.893,4960
2021-08-20 12:25:00,303.883,304.081,303.824,304.081,3848
2021-08-20 12:30:00,303.982,304.422,303.923,304.328,10569
2021-08-20 12:35:00,304.476,304.476,304.15,304.204,3888
2021-08-20 12:40:00,304.269,304.382,304.145,304.209,10863
2021-08-20 12:45:00,304.214,304.417,304.214,304.417,3489
2021-08-20 12:50:00,304.358,304.654,304.348,304.595,7667
2021-08-20 12:55:00,304.635,304.635,304.358,304.578,9615
2021-08-20 13:00:00,304.565,304.818,304.565,304.753,5318
2021-08-20 13:05:00,304.724,305.139,304.724,305.01,22436
2021-08-20 13:10:00,304.981,305.08,304.852,305.05,5679
2021-08-20 13:15:00,305.139,305.139,304.73,304.753,9576
2021-08-20 13:20:00,304.694,304.743,304.516,304.743,7095
2021-08-20 13:25:00,304.921,305.04,304.852,305.04,5084
2021-08-20 13:30:00,305.05,305.09,304.664,304.714,9853
2021-08-20 13:35:00,304.684,304.843,304.536,304.763,6083
2021-08-20 13:40:00,304.734,304.734,304.506,304.541,6316
2021-08-20 13:45:00,304.526,304.654,304.462,304.56,9565
2021-08-20 13:50:00,304.58,304.585,304.397,304.452,4376
2021-08-20 13:55:00,304.397,304.457,304.14,304.17,6659
2021-08-20 14:00:00,304.13,304.249,304.014,304.056,3170
2021-08-20 14:05:00,304.046,304.13,303.893,303.972,4613
2021-08-20 14:10:00,303.922,304.013,303.814,303.814,3186
2021-08-20 14:15:00,303.834,303.863,303.221,303.379,6753
2021-08-20 14:20:00,303.389,303.913,303.389,303.824,10381
2021-08-20 14:25:00,303.715,303.715,303.211,303.211,10053
2021-08-20 14:30:00,303.28,303.28,303.052,303.211,5439
2021-08-20 14:35:00,303.186,303.577,303.141,303.577,5196
2021-08-20 14:40:00,303.552,303.586,303.399,303.507,3709
2021-08-20 14:45:00,303.458,303.626,303.438,303.453,3586
2021-08-20 14:50:00,303.453,303.453,303.052,303.092,6292
2021-08-20 14:55:00,303.161,303.181,303.033,303.033,2186
2021-08-20 15:00:00,303.072,303.23,303.013,303.23,2518
2021-08-20 15:05:00,303.191,303.211,302.894,302.894,4965
2021-08-20 15:10:00,302.919,302.954,302.766,302.934,4645
2021-08-20 15:15:00,302.884,303.28,302.884,303.28,4675
2021-08-20 15:20:00,303.344,303.497,303.344,303.399,5512
2021-08-20 15:25:00,303.478,303.658,303.458,303.552,3648
2021-08-20 15:30:00,303.507,303.725,303.488,303.725,5217
2021-08-20 15:35:00,303.79,303.928,303.488,303.844,12978
2021-08-20 15:40:00,303.834,304.2,303.834,304.03,9513
2021-08-20 15:45:00,304.061,304.071,303.755,303.913,11850
2021-08-20 15:50:00,303.982,304.368,303.928,304.209,18317
2021-08-20 15:55:00,304.229,304.328,303.794,303.873,18447
2021-08-20 16:00:00,303.844,304.15,303.596,303.666,56552
2021-08-20 16:05:00,303.656,303.656,303.656,303.656,7908
2021-08-20 19:30:00,303.942,303.942,303.942,303.942,110
2021-08-23 09:35:00,304.051,306.543,303.428,304.625,62220
2021-08-23 09:40:00,304.432,304.432,302.597,303.27,14976
2021-08-23 09:45:00,303.562,303.562,302.36,302.523,5382
2021-08-23 09:50:00,302.429,303.31,302.232,303.132,3845
2021-08-23 09:55:00,302.894,302.904,302.133,302.538,9079
2021-08-23 10:00:00,302.756,302.835,302.212,302.301,9064
2021-08-23 10:05:00,302.424,302.924,301.876,302.845,7937
2021-08-23 10:10:00,303.052,303.102,302.291,302.637,6503
2021-08-23 10:15:00,302.815,302.86,302.273,302.36,9596
2021-08-23 10:20:00,302.647,302.716,302.365,302.548,4330
2021-08-23 10:25:00,302.627,302.731,301.787,301.915,21586
2021-08-23 10:30:00,301.806,302.172,301.203,302.133,36812
2021-08-23 10:35:00,302.133,303.062,302.034,302.853,11001
2021-08-23 10:40:00,302.736,303.448,302.726,303.23,9331
2021-08-23 10:45:00,303.26,303.942,303.162,303.211,8218
2021-08-23 10:50:00,303.052,303.478,303.052,303.181,5872
2021-08-23 10:55:00,302.993,303.201,302.865,302.865,5506
2021-08-23 11:00:00,302.973,303.339,302.835,303.033,5381
2021-08-23 11:05:00,303.038,303.458,302.988,303.24,6165
2021-08-23 11:10:00,303.339,303.661,303.339,303.661,4861
2021-08-23 11:15:00,303.844,303.844,303.596,303.656,5377
2021-08-23 11:20:00,303.572,303.705,303.364,303.364,12410
2021-08-23 11:25:00,303.319,303.319,302.815,302.914,6565
2021-08-23 11:30:00,302.741,302.973,302.741,302.894,2554
2021-08-23 11:35:00,302.884,303.023,302.884,302.934,3445
2021-08-23 11:40:00,303.023,303.023,302.766,302.855,2985
2021-08-23 11:45:00,302.805,302.904,302.686,302.805,8328
2021-08-23 11:50:00,302.855,302.855,302.607,302.607,1838
2021-08-23 11:55:00,302.558,302.657,302.489,302.538,3715
2021-08-23 12:00:00,302.449,302.716,302.41,302.474,2663
2021-08-23 12:05:00,302.558,302.558,302.538,302.548,1338
2021-08-23 12:10:00,302.41,302.627,302.35,302.627,2362
2021-08-23 12:15:00,302.528,302.612,302.508,302.612,1772
2021-08-23 12:20:00,302.37,302.419,302.162,302.261,4029
2021-08-23 12:25:00,302.192,302.261,302.113,302.162,7535
2021-08-23 12:30:00,302.177,302.177,301.974,302.068,3867
2021-08-23 12:35:00,302.192,302.271,302.073,302.241,5006
2021-08-23 12:40:00,302.202,302.296,302.202,302.202,3283
2021-08-23 12:45:00,302.207,302.251,302.063,302.083,7677
2021-08-23 12:50:00,302.083,302.133,301.935,301.955,6328
2021-08-23 12:55:00,301.965,301.965,301.787,301.866,6915
2021-08-23 13:00:00,301.866,302.113,301.866,302.113,4629
2021-08-23 13:05:00,302.192,302.266,302.073,302.266,3372
2021-08-23 13:10:00,302.266,302.266,302.093,302.113,4716
2021-08-23 13:15:00,302.167,302.271,302.167,302.232,2583
2021-08-23 13:20:00,302.281,302.281,301.871,301.871,6722
2021-08-23 13:25:00,301.915,301.915,301.618,301.658,7182
2021-08-23 13:30:00,301.757,301.757,301.525,301.673,9376
2021-08-23 13:35:00,301.717,301.717,301.549,301.638,6346
2021-08-23 13:40:00,301.614,301.614,301.396,301.505,6271
2021-08-23 13:45:00,301.549,301.569,301.46,301.569,3963
2021-08-23 13:50:00,301.49,301.599,301.49,301.599,1808
2021-08-23 13:55:00,301.678,301.717,301.599,301.688,3080
2021-08-23 14:00:00,301.737,301.806,301.589,301.625,4817
2021-08-23 14:05:00,301.559,301.729,301.539,301.729,3459
2021-08-23 14:10:00,301.737,301.905,301.737,301.905,2699
2021-08-23 14:15:00,301.965,302.054,301.866,301.866,5072
2021-08-23 14:20:00,301.846,301.846,301.658,301.757,4093
2021-08-23 14:25:00,301.722,301.722,301.549,301.707,3711
2021-08-23 14:30:00,301.717,301.737,301.579,301.648,4128
2021-08-23 14:35:00,301.668,301.668,301.5,301.5,5431
2021-08-23 14:40:00,301.431,301.47,301.356,301.356,5008
2021-08-23 14:45:00,301.361,301.45,301.356,301.421,4660
2021-08-23 14:50:00,301.401,301.421,301.282,301.376,6575
2021-08-23 14:55:00,301.386,301.579,301.386,301.5,5760
2021-08-23 15:00:00,301.529,301.747,301.52,301.747,3670
2021-08-23 15:05:00,301.856,301.866,301.628,301.806,5251
2021-08-23 15:10:00,301.777,302.034,301.777,302.019,5590
2021-08-23 15:15:00,302.024,302.024,301.658,301.698,6735
2021-08-23 15:20:00,301.747,301.747,301.5,301.529,9705
2021-08-23 15:25:00,301.52,301.688,301.52,301.599,4129
2021-08-23 15:30:00,301.648,301.851,301.648,301.851,5906
2021-08-23 15:35:00,301.861,301.861,301.628,301.648,15169
2021-08-23 15:40:00,301.688,301.836,301.648,301.648,7655
2021-08-23 15:45:00,301.599,301.688,301.52,301.52,6138
2021-08-23 15:50:00,301.51,301.599,301.332,301.371,9798
2021-08-23 15:55:00,301.371,301.638,301.292,301.599,14147
2021-08-23 16:00:00,301.589,301.589,301.272,301.332,35607
2021-08-23 16:05:00,301.342,301.342,301.342,301.342,24388
2021-08-24 09:35:00,301.648,301.659,300.758,301.062,10519
2021-08-24 09:40:00,300.847,301.282,300.007,300.007,5092
2021-08-24 09:45:00,300.224,300.6,299.73,300.461,4825
2021-08-24 09:50:00,300.55,300.911,300.145,300.689,7007
2021-08-24 09:55:00,300.867,301.104,300.185,300.897,6755
2021-08-24 10:00:00,300.783,300.986,299.888,299.888,12866
2021-08-24 10:05:00,300.115,300.531,299.901,300.531,8585
2021-08-24 10:10:00,300.56,300.62,300.199,300.367,4870
2021-08-24 10:15:00,300.244,300.244,299.843,299.987,5664
2021-08-24 10:20:00,300.036,300.59,300.036,300.511,3837
2021-08-24 10:25:00,300.491,300.728,300.278,300.313,4209
2021-08-24 10:30:00,300.323,300.452,300.056,300.264,4501
2021-08-24 10:35:00,300.244,300.264,299.789,299.789,4778
2021-08-24 10:40:00,299.888,300.234,299.829,300.046,7007
2021-08-24 10:45:00,300.016,300.145,300.007,300.076,3108
2021-08-24 10:50:00,300.007,300.224,299.981,300.224,1725
2021-08-24 10:55:00,300.323,300.372,299.942,299.942,4127
2021-08-24 11:00:00,299.918,300.036,299.829,299.932,6261
2021-08-24 11:05:00,299.952,300.303,299.947,300.076,5520
2021-08-24 11:10:00,300.051,300.081,299.725,299.759,5052
2021-08-24 11:15:00,299.74,299.749,299.491,299.552,7362
2021-08-24 11:20:00,299.621,300.115,299.596,299.735,9967
2021-08-24 11:25:00,299.67,299.809,299.66,299.722,4589
2021-08-24 11:30:00,299.7,299.987,299.68,299.918,6485
2021-08-24 11:35:00,299.977,299.997,299.621,299.769,7923
2021-08-24 11:40:00,300.135,300.244,300.007,300.016,4080
2021-08-24 11:45:00,299.868,299.983,299.853,299.853,3153
2021-08-24 11:50:00,299.957,300.076,299.922,299.927,4436
2021-08-24 11:55:00,300.016,300.162,299.937,300.007,2785
2021-08-24 12:00:00,300.086,300.214,300.076,300.155,3691
2021-08-24 12:05:00,300.185,300.199,299.997,300.185,3819
2021-08-24 12:10:00,300.185,300.185,300.185,300.185,140
2021-08-24 12:15:00,300.303,300.303,299.997,299.997,4300
2021-08-24 12:20:00,300.056,300.056,299.794,299.903,6922
2021-08-24 12:25:00,299.825,299.947,299.809,299.947,3038
2021-08-24 12:30:00,299.957,299.957,299.69,299.779,4196
2021-08-24 12:35:00,299.819,299.878,299.631,299.631,13239
2021-08-24 12:40:00,299.74,299.825,299.641,299.825,4048
2021-08-24 12:45:00,299.72,299.799,299.641,299.799,3034
2021-08-24 12:50:00,299.769,299.927,299.725,299.927,1818
2021-08-24 12:55:00,299.858,300.007,299.858,299.918,1589
2021-08-24 13:00:00,299.898,299.947,299.878,299.878,1192
2021-08-24 13:05:00,299.927,300.096,299.888,300.066,4909
2021-08-24 13:10:00,300.026,300.145,299.967,300.145,2120
2021-08-24 13:15:00,300.234,300.387,300.234,300.244,4330
2021-08-24 13:20:00,300.257,300.323,300.224,300.298,4240
2021-08-24 13:25:00,300.293,300.323,300.283,300.323,2028
2021-08-24 13:30:00,300.264,300.264,300.141,300.145,2196
2021-08-24 13:35:00,300.046,300.254,300.031,300.254,3045
2021-08-24 13:40:00,300.254,300.323,300.155,300.155,4227
2021-08-24 13:45:00,300.056,300.283,300.056,300.175,3957
2021-08-24 13:50:00,300.135,300.219,300.056,300.207,3721
2021-08-24 13:55:00,300.194,300.432,300.194,300.399,2549
2021-08-24 14:00:00,300.415,300.46,300.358,300.358,2037
2021-08-24 14:05:00,300.392,300.531,300.303,300.531,5878
2021-08-24 14:10:00,300.531,300.59,300.422,300.461,3354
2021-08-24 14:15:00,300.501,300.59,300.491,300.536,2114
2021-08-24 14:20:00,300.491,300.491,300.343,300.343,3084
2021-08-24 14:25:00,300.343,300.452,300.343,300.452,2079
2021-08-24 14:30:00,300.412,300.471,300.333,300.377,4245
2021-08-24 14:35:00,300.377,300.377,300.241,300.363,3229
2021-08-24 14:40:00,300.303,300.432,300.234,300.432,4083
2021-08-24 14:45:00,300.432,300.56,300.412,300.521,3343
2021-08-24 14:50:00,300.501,300.585,300.392,300.493,4527
2021-08-24 14:55:00,300.58,300.644,300.437,300.437,3807
2021-08-24 15:00:00,300.422,300.55,300.422,300.471,2869
2021-08-24 15:05:00,300.452,300.511,300.348,300.382,5381
2021-08-24 15:10:00,300.382,300.422,300.313,300.343,2842
2021-08-24 15:15:00,300.303,300.303,300.244,300.269,3388
2021-08-24 15:20:00,300.224,300.343,300.071,300.125,4627
2021-08-24 15:25:00,300.155,300.244,300.096,300.244,4520
2021-08-24 15:30:00,300.135,300.224,300.098,300.189,3734
2021-08-24 15:35:00,300.155,300.244,300.125,300.194,7926
2021-08-24 15:40:00,300.185,300.204,300.056,300.076,8357
2021-08-24 15:45:00,300.036,300.036,299.819,299.908,14129
2021-08-24 15:50:00,299.858,299.858,299.641,299.73,11252
2021-08-24 15:55:00,299.66,299.7,299.393,299.423,16741
2021-08-24 16:00:00,299.453,299.848,299.24,299.74,45240
2021-08-24 16:05:00,299.749,299.749,299.749,299.749,18596
2021-08-25 09:20:00,299.663,299.663,299.663,299.663,153
2021-08-25 09:30:00,298.988,298.988,297.208,297.208,2131
2021-08-25 09:35:00,297.623,298.256,296.251,297.683,40795
2021-08-25 09:40:00,297.702,298.256,297.465,297.945,23402
2021-08-25 09:45:00,297.861,297.88,296.565,296.665,16895
2021-08-25 09:50:00,296.758,297.663,296.605,297.524,11184
2021-08-25 09:55:00,297.396,297.742,297.336,297.394,17780
2021-08-25 10:00:00,297.282,297.366,296.961,297.168,11577
2021-08-25 10:05:00,297.267,297.643,297.124,297.322,13127
2021-08-25 10:10:00,297.322,298.256,297.322,297.851,18937
2021-08-25 10:15:00,297.999,298.187,297.861,297.92,10264
2021-08-25 10:20:00,297.992,298.177,297.847,297.959,9721
2021-08-25 10:25:00,297.959,298.316,297.91,298.053,25155
2021-08-25 10:30:00,297.93,298.345,297.93,298.256,9150
2021-08-25 10:35:00,298.202,298.311,297.93,298.311,13892
2021-08-25 10:40:00,298.33,298.405,298.078,298.316,17236
2021-08-25 10:45:00,298.316,298.405,298.236,298.405,24814
2021-08-25 10:50:00,298.385,298.652,298.296,298.296,25187
2021-08-25 10:55:00,298.414,298.513,298.32,298.513,17037
2021-08-25 11:00:00,298.464,299.047,298.395,298.869,15592
2021-08-25 11:05:00,298.939,298.968,298.681,298.721,7335
2021-08-25 11:10:00,298.751,299.146,298.691,299.047,16374
2021-08-25 11:15:00,299.146,299.641,299.087,299.641,7244
2021-08-25 11:20:00,299.641,299.641,299.428,299.443,6488
2021-08-25 11:25:00,299.455,299.475,299.359,299.433,4221
2021-08-25 11:30:00,299.413,299.482,299.334,299.364,6361
2021-08-25 11:35:00,299.364,299.393,299.23,299.245,7053
2021-08-25 11:40:00,299.24,299.24,298.998,299.112,7797
2021-08-25 11:45:00,299.112,299.324,299.087,299.191,7528
2021-08-25 11:50:00,299.141,299.23,298.948,298.978,10858
2021-08-25 11:55:00,299.087,299.275,299.087,299.22,5730
2021-08-25 12:00:00,299.309,299.393,299.146,299.191,8878
2021-08-25 12:05:00,299.23,299.295,299.077,299.245,13667
2021-08-25 12:10:00,299.225,299.245,299.077,299.126,8511
2021-08-25 12:15:00,299.097,299.245,299.097,299.156,4608
2021-08-25 12:20:00,299.156,299.245,299.117,299.156,5965
2021-08-25 12:25:00,299.146,299.319,299.126,299.225,10065
2021-08-25 12:30:00,299.25,299.384,299.215,299.24,6815
2021-08-25 12:35:00,299.206,299.324,299.206,299.324,3915
2021-08-25 12:40:00,299.329,299.413,299.206,299.245,5742
2021-08-25 12:45:00,299.364,299.433,299.314,299.324,5531
2021-08-25 12:50:00,299.295,299.371,299.186,299.22,5248
2021-08-25 12:55:00,299.22,299.235,299.141,299.201,4803
2021-08-25 13:00:00,299.235,299.295,299.057,299.146,10983
2021-08-25 13:05:00,299.126,299.235,299.087,299.235,6554
2021-08-25 13:10:00,299.275,299.532,299.275,299.532,3905
2021-08-25 13:15:00,299.69,299.759,299.66,299.759,1427
2021-08-25 13:20:00,299.759,300.056,299.759,300.046,2832
2021-08-25 13:25:00,300.036,300.125,299.957,300.125,2303
2021-08-25 13:30:00,300.046,300.086,299.997,300.046,1434
2021-08-25 13:35:00,300.046,300.115,299.987,300.086,2475
2021-08-25 13:40:00,300.125,300.175,299.888,299.888,4944
2021-08-25 13:45:00,299.908,300.135,299.906,300.135,5459
2021-08-25 13:50:00,300.155,300.185,299.878,299.878,4107
2021-08-25 13:55:00,299.819,299.888,299.809,299.888,2134
2021-08-25 14:00:00,299.927,300.056,299.927,300.021,2639
2021-08-25 14:05:00,299.987,299.987,299.868,299.918,5844
2021-08-25 14:10:00,299.957,300.016,299.759,299.778,8587
2021-08-25 14:15:00,299.71,299.908,299.71,299.908,1313
2021-08-25 14:20:00,299.977,300.234,299.967,300.096,3827
2021-08-25 14:25:00,300.105,300.194,300.056,300.056,6586
2021-08-25 14:30:00,300.135,300.175,300.026,300.076,3335
2021-08-25 14:35:00,300.145,300.165,300.066,300.16,2333
2021-08-25 14:40:00,300.214,300.214,299.927,299.957,4674
2021-08-25 14:45:00,299.918,300.016,299.918,299.942,2095
2021-08-25 14:50:00,299.804,299.829,299.71,299.759,3982
2021-08-25 14:55:00,299.819,299.829,299.66,299.7,3776
2021-08-25 15:00:00,299.72,299.809,299.542,299.601,6879
2021-08-25 15:05:00,299.532,299.571,299.077,299.092,23854
2021-08-25 15:10:00,299.235,299.418,299.181,299.374,5797
2021-08-25 15:15:00,299.344,299.364,299.215,299.364,8004
2021-08-25 15:20:00,299.334,299.458,299.334,299.403,3641
2021-08-25 15:25:00,299.379,299.581,299.379,299.463,8260
2021-08-25 15:30:00,299.423,299.423,299.344,299.344,5266
2021-08-25 15:35:00,299.443,299.621,299.423,299.557,10342
2021-08-25 15:40:00,299.557,299.66,299.403,299.403,11278
2021-08-25 15:45:00,299.433,299.552,299.374,299.433,9790
2021-08-25 15:50:00,299.438,299.512,299.295,299.324,12891
2021-08-25 15:55:00,299.285,299.354,299.235,299.354,21540
2021-08-25 16:00:00,299.285,299.492,299.245,299.314,56821
2021-08-25 16:05:00,299.374,299.374,299.374,299.374,8500
2021-08-25 16:15:00,299.374,299.374,299.374,299.374,1260
2021-08-26 09:35:00,300.026,300.026,297.663,297.89,20507
2021-08-26 09:40:00,297.683,298.375,296.427,296.55,19400
2021-08-26 09:45:00,296.565,297.544,296.328,297.208,8182
2021-08-26 09:50:00,297.04,297.139,296.328,296.357,15550
2021-08-26 09:55:00,296.664,296.921,296.278,296.916,21878
2021-08-26 10:00:00,296.971,297.218,296.496,296.585,14556
2021-08-26 10:05:00,296.456,296.605,296.348,296.548,11483
2021-08-26 10:10:00,296.511,296.511,296.081,296.17,7071
2021-08-26 10:15:00,296.278,297.193,296.17,297.193,10457
2021-08-26 10:20:00,297.208,297.46,297.089,297.46,7792
2021-08-26 10:25:00,297.594,297.594,297.178,297.317,7575
2021-08-26 10:30:00,297.314,297.314,296.249,296.783,9769
2021-08-26 10:35:00,296.753,296.951,296.567,296.61,10915
2021-08-26 10:40:00,296.644,296.961,296.644,296.961,6733
2021-08-26 10:45:00,296.891,297.173,296.891,297.173,3443
2021-08-26 10:50:00,297.208,298.236,297.109,298.157,12382
2021-08-26 10:55:00,298.335,298.335,297.603,298.157,9023
2021-08-26 11:00:00,298.137,298.365,298.019,298.345,6483
2021-08-26 11:05:00,298.197,298.246,297.841,297.87,5286
2021-08-26 11:10:00,297.979,298.622,297.87,298.434,5183
2021-08-26 11:15:00,298.597,299.047,298.395,299.018,1865
2021-08-26 11:20:00,298.953,299.136,298.85,299.037,6770
2021-08-26 11:25:00,299.032,299.121,298.869,298.889,3056
2021-08-26 11:30:00,298.899,299.112,298.869,298.879,3436
2021-08-26 11:35:00,299.008,299.008,298.503,298.864,5043
2021-08-26 11:40:00,298.84,299.097,298.81,299.097,4148
2021-08-26 11:45:00,299.029,299.067,298.81,298.909,3686
2021-08-26 11:50:00,298.939,299.008,298.855,298.855,3604
2021-08-26 11:55:00,298.82,299.077,298.82,299.077,4690
2021-08-26 12:00:00,299.013,299.087,298.899,298.998,3377
2021-08-26 12:05:00,299.018,299.265,299.018,299.265,2429
2021-08-26 12:10:00,299.255,299.482,299.235,299.482,2950
2021-08-26 12:15:00,299.552,299.641,299.552,299.601,3484
2021-08-26 12:20:00,299.601,299.68,299.601,299.621,4799
2021-08-26 12:25:00,299.636,299.829,299.636,299.829,1631
2021-08-26 12:30:00,299.779,299.821,299.631,299.631,5214
2021-08-26 12:35:00,299.547,299.547,299.215,299.304,8100
2021-08-26 12:40:00,299.285,299.344,299.215,299.215,4083
2021-08-26 12:45:00,299.126,299.126,298.998,298.998,4252
2021-08-26 12:50:00,299.057,299.186,298.998,299.136,6248
2021-08-26 12:55:00,299.196,299.225,298.894,298.941,6567
2021-08-26 13:00:00,298.929,299.423,298.919,299.334,5358
2021-08-26 13:05:00,299.324,299.562,299.057,299.384,5739
2021-08-26 13:10:00,299.374,299.621,299.374,299.512,2732
2021-08-26 13:15:00,299.542,299.662,299.473,299.662,2547
2021-08-26 13:20:00,299.665,299.665,299.463,299.502,5992
2021-08-26 13:25:00,299.552,299.67,299.522,299.522,3702
2021-08-26 13:30:00,299.502,299.66,299.443,299.571,4215
2021-08-26 13:35:00,299.576,299.601,299.388,299.42,5694
2021-08-26 13:40:00,299.334,299.641,299.334,299.586,5734
2021-08-26 13:45:00,299.562,299.562,299.285,299.285,6641
2021-08-26 13:50:00,299.313,299.313,299.082,299.107,6418
2021-08-26 13:55:00,299.156,299.285,298.978,299.117,22296
2021-08-26 14:00:00,299.136,299.255,299.126,299.206,3135
2021-08-26 14:05:00,299.206,299.24,299.072,299.117,7525
2021-08-26 14:10:00,299.123,299.196,298.899,298.899,3918
2021-08-26 14:15:00,298.869,298.914,298.573,298.573,6000
2021-08-26 14:20:00,298.573,298.681,298.375,298.533,5296
2021-08-26 14:25:00,298.553,298.686,298.474,298.642,4480
2021-08-26 14:30:00,298.642,298.751,298.474,298.592,5251
2021-08-26 14:35:00,298.642,298.672,298.474,298.474,5986
2021-08-26 14:40:00,298.553,298.676,298.523,298.676,4956
2021-08-26 14:45:00,298.701,298.79,298.652,298.79,5156
2021-08-26 14:50:00,298.884,298.988,298.8,298.83,5215
2021-08-26 14:55:00,298.82,299.028,298.82,299.028,3999
2021-08-26 15:00:00,299.037,299.176,298.978,299.166,5083
2021-08-26 15:05:00,299.196,299.196,298.958,299.047,6229
2021-08-26 15:10:00,299.008,299.107,298.998,299.107,4975
2021-08-26 15:15:00,299.215,299.215,299.087,299.156,5793
2021-08-26 15:20:00,299.186,299.54,299.176,299.54,3994
2021-08-26 15:25:00,299.581,299.581,299.255,299.354,5215
2021-08-26 15:30:00,299.285,299.463,299.265,299.364,5948
2021-08-26 15:35:00,299.393,299.492,299.139,299.196,7829
2021-08-26 15:40:00,299.285,299.433,299.057,299.057,9576
2021-08-26 15:45:00,299.117,299.413,299.09,299.166,12368
2021-08-26 15:50:00,299.028,299.255,299.028,299.087,9361
2021-08-26 15:55:00,299.126,299.344,299.126,299.324,17402
2021-08-26 16:00:00,299.245,299.433,298.8,298.919,54559
2021-08-26 16:05:00,298.919,298.919,298.919,298.919,9016
2021-08-27 09:35:00,300.086,300.877,299.967,300.679,15440
2021-08-27 09:40:00,300.605,300.639,300.175,300.175,4954
2021-08-27 09:45:00,299.987,299.987,299.215,299.215,5325
2021-08-27 09:50:00,299.304,299.922,299.304,299.453,4955
2021-08-27 09:55:00,299.473,299.908,299.473,299.69,7022
2021-08-27 10:00:00,299.68,300.086,299.66,300.007,5555
2021-08-27 10:05:00,299.927,300.402,299.453,300.402,5783
2021-08-27 10:10:00,300.392,300.524,300.392,300.496,2176
2021-08-27 10:15:00,300.6,301.361,300.6,301.351,9857
2021-08-27 10:20:00,301.332,301.45,301.183,301.302,6682
2021-08-27 10:25:00,301.411,301.48,301.065,301.292,15171
2021-08-27 10:30:00,301.312,301.312,301.015,301.015,1778
2021-08-27 10:35:00,300.995,301.05,300.244,300.382,6910
2021-08-27 10:40:00,300.066,300.165,299.915,299.947,8511
2021-08-27 10:45:00,299.977,300.076,299.888,299.888,6321
2021-08-27 10:50:00,299.947,300.58,299.934,300.481,6571
2021-08-27 10:55:00,300.58,300.837,300.55,300.605,6346
2021-08-27 11:00:00,300.58,300.58,300.051,300.096,11146
2021-08-27 11:05:00,300.056,300.175,299.937,300.16,13340
2021-08-27 11:10:00,300.175,300.244,300.125,300.212,6882
2021-08-27 11:15:00,300.204,300.414,300.141,300.377,4624
2021-08-27 11:20:00,300.333,300.343,300.066,300.175,7161
2021-08-27 11:25:00,300.244,300.283,300.115,300.234,5233
2021-08-27 11:30:00,300.293,300.333,300.199,300.219,6429
2021-08-27 11:35:00,300.224,300.264,300.076,300.17,5607
2021-08-27 11:40:00,300.115,300.135,300.056,300.105,4407
2021-08-27 11:45:00,300.046,300.204,300.046,300.175,3621
2021-08-27 11:50:00,300.283,300.63,300.283,300.63,5023
2021-08-27 11:55:00,300.58,300.758,300.491,300.57,6226
2021-08-27 12:00:00,300.501,300.758,300.501,300.689,4017
2021-08-27 12:05:00,300.674,300.674,300.333,300.402,3241
2021-08-27 12:10:00,300.363,300.363,300.209,300.293,4903
2021-08-27 12:15:00,300.353,300.511,300.293,300.293,6988
2021-08-27 12:20:00,300.274,300.348,300.135,300.194,4146
2021-08-27 12:25:00,300.185,300.452,300.185,300.452,3708
2021-08-27 12:30:00,300.486,300.789,300.486,300.728,4966
2021-08-27 12:35:00,300.689,300.826,300.58,300.58,3531
2021-08-27 12:40:00,300.61,300.679,300.491,300.659,5239
2021-08-27 12:45:00,300.6,300.649,300.501,300.62,4350
2021-08-27 12:50:00,300.57,300.699,300.55,300.61,3350
2021-08-27 12:55:00,300.63,300.659,300.59,300.639,3902
2021-08-27 13:00:00,300.639,300.847,300.56,300.847,5290
2021-08-27 13:05:00,300.827,300.926,300.827,300.897,1894
2021-08-27 13:10:00,300.946,301.005,300.442,300.442,15191
2021-08-27 13:15:00,300.442,300.57,300.254,300.353,7250
2021-08-27 13:20:00,300.471,300.491,300.303,300.491,3962
2021-08-27 13:25:00,300.531,300.541,300.382,300.382,3690
2021-08-27 13:30:00,300.442,300.501,300.333,300.333,6190
2021-08-27 13:35:00,300.452,300.56,300.452,300.511,3872
2021-08-27 13:40:00,300.55,300.733,300.511,300.56,6339
2021-08-27 13:45:00,300.57,300.585,300.491,300.541,3918
2021-08-27 13:50:00,300.511,300.511,300.283,300.288,3706
2021-08-27 13:55:00,300.333,300.363,300.224,300.264,10250
2021-08-27 14:00:00,300.301,300.313,300.204,300.293,4338
2021-08-27 14:05:00,300.254,300.254,300.007,300.026,20364
2021-08-27 14:10:00,300.105,300.254,299.987,300.254,4217
2021-08-27 14:15:00,300.278,300.471,300.278,300.471,4249
2021-08-27 14:20:00,300.461,300.501,300.343,300.407,3770
2021-08-27 14:25:00,300.434,300.471,300.353,300.461,3422
2021-08-27 14:30:00,300.442,300.471,300.412,300.471,5068
2021-08-27 14:35:00,300.521,300.521,300.283,300.293,8943
2021-08-27 14:40:00,300.333,300.392,300.274,300.293,4319
2021-08-27 14:45:00,300.343,300.343,300.105,300.145,6250
2021-08-27 14:50:00,300.115,300.125,300.016,300.084,5775
2021-08-27 14:55:00,300.091,300.113,299.883,299.888,5064
2021-08-27 15:00:00,299.878,299.942,299.819,299.819,5911
2021-08-27 15:05:00,299.868,299.927,299.809,299.916,3964
2021-08-27 15:10:00,299.967,299.977,299.863,299.908,6080
2021-08-27 15:15:00,299.913,300.096,299.838,300.007,6984
2021-08-27 15:20:00,300.036,300.066,299.927,299.927,5197
2021-08-27 15:25:00,299.927,300.076,299.927,300.016,7423
2021-08-27 15:30:00,300.003,300.066,299.819,299.819,10696
2021-08-27 15:35:00,299.814,299.937,299.814,299.883,14741
2021-08-27 15:40:00,299.858,299.937,299.69,299.69,11967
2021-08-27 15:45:00,299.705,299.794,299.482,299.754,10563
2021-08-27 15:50:00,299.833,299.898,299.468,299.492,14093
2021-08-27 15:55:00,299.29,299.497,299.25,299.304,14915
2021-08-27 16:00:00,299.255,299.641,299.166,299.512,45154
2021-08-27 16:05:00,299.512,299.512,299.512,299.512,11334
2021-08-30 09:35:00,301.203,301.213,300.521,300.55,11156
2021-08-30 09:40:00,300.521,302.113,300.491,302.068,6282
2021-08-30 09:45:00,301.876,302.35,301.693,302.172,10963
2021-08-30 09:50:00,302.35,302.914,302.35,302.776,8622
2021-08-30 09:55:00,302.934,303.586,302.657,303.176,12304
2021-08-30 10:00:00,303.087,303.087,302.419,302.479,6636
2021-08-30 10:05:00,302.424,303.028,302.424,302.884,6400
2021-08-30 10:10:00,302.667,302.884,302.479,302.884,4187
2021-08-30 10:15:00,302.835,303.591,302.835,303.591,3352
2021-08-30 10:20:00,303.478,303.506,303.002,303.013,7921
2021-08-30 10:25:00,302.993,303.349,302.874,303.24,3764
2021-08-30 10:30:00,303.201,303.804,303.201,303.804,6896
2021-08-30 10:35:00,304.058,304.091,303.616,303.616,7927
2021-08-30 10:40:00,303.606,303.606,303.122,303.374,6323
2021-08-30 10:45:00,303.369,303.495,303.141,303.324,4704
2021-08-30 10:50:00,303.324,303.359,302.677,302.677,5480
2021-08-30 10:55:00,302.78,303.245,302.716,303.052,7570
2021-08-30 11:00:00,303.023,303.052,302.489,302.815,8368
2021-08-30 11:05:00,302.815,302.993,302.647,302.993,14386
2021-08-30 11:10:00,303.072,303.725,303.072,303.473,12138
2021-08-30 11:15:00,303.389,303.448,303.082,303.082,4080
2021-08-30 11:20:00,303.013,303.25,302.86,303.102,4470
2021-08-30 11:25:00,303.082,303.201,302.894,303.122,4580
2021-08-30 11:30:00,302.944,303.023,302.756,302.924,3428
2021-08-30 11:35:00,303.033,303.542,303.033,303.542,5145
2021-08-30 11:40:00,303.339,303.339,303.089,303.089,3159
2021-08-30 11:45:00,303.171,303.31,302.934,302.934,6143
2021-08-30 11:50:00,302.785,302.983,302.785,302.983,1280
2021-08-30 11:55:00,302.815,303.018,302.746,302.988,4381
2021-08-30 12:00:00,302.99,303.132,302.954,302.954,4315
2021-08-30 12:05:00,302.934,303.319,302.894,303.319,4459
2021-08-30 12:10:00,303.151,303.26,303.003,303.115,4436
2021-08-30 12:15:00,303.206,303.458,303.092,303.458,3563
2021-08-30 12:20:00,303.319,303.39,303.28,303.3,2399
2021-08-30 12:25:00,303.24,303.26,303.141,303.211,2905
2021-08-30 12:30:00,303.082,303.151,302.978,303.132,4624
2021-08-30 12:35:00,303.171,303.171,302.993,303.013,2271
2021-08-30 12:40:00,303.141,303.389,303.107,303.3,4282
2021-08-30 12:45:00,303.399,303.399,302.973,303.102,3037
2021-08-30 12:50:00,303.003,303.043,302.914,303.043,2268
2021-08-30 12:55:00,303.043,303.092,303.023,303.092,2480
2021-08-30 13:00:00,303.072,303.23,303.018,303.204,3111
2021-08-30 13:05:00,303.24,303.24,303.151,303.221,4395
2021-08-30 13:10:00,303.204,303.3,303.204,303.27,3270
2021-08-30 13:15:00,303.28,303.428,303.221,303.369,7709
2021-08-30 13:20:00,303.438,303.458,303.062,303.062,5672
2021-08-30 13:25:00,303.092,303.092,302.795,302.894,4826
2021-08-30 13:30:00,302.921,302.921,302.825,302.874,2361
2021-08-30 13:35:00,302.944,302.954,302.568,302.568,4130
2021-08-30 13:40:00,302.627,302.716,302.548,302.657,2561
2021-08-30 13:45:00,302.66,302.736,302.617,302.667,4266
2021-08-30 13:50:00,302.508,302.563,302.439,302.518,5110
2021-08-30 13:55:00,302.554,302.588,302.508,302.588,2949
2021-08-30 14:00:00,302.588,302.588,302.469,302.469,4525
2021-08-30 14:05:00,302.469,302.874,302.419,302.855,9316
2021-08-30 14:10:00,302.736,302.815,302.696,302.716,4701
2021-08-30 14:15:00,302.884,303.052,302.884,303.013,3734
2021-08-30 14:20:00,303.052,303.122,302.963,302.998,4363
2021-08-30 14:25:00,302.954,303.122,302.825,303.122,4210
2021-08-30 14:30:00,303.122,303.141,302.825,302.924,4608
2021-08-30 14:35:00,302.84,302.993,302.726,302.736,4500
2021-08-30 14:40:00,302.835,302.869,302.726,302.815,2703
2021-08-30 14:45:00,302.884,302.894,302.716,302.785,3543
2021-08-30 14:50:00,302.785,303.063,302.696,303.022,3908
2021-08-30 14:55:00,302.993,303.122,302.865,302.874,8028
2021-08-30 15:00:00,302.874,303.082,302.874,302.914,5826
2021-08-30 15:05:00,302.934,302.949,302.766,302.949,3491
2021-08-30 15:10:00,302.914,302.963,302.845,302.855,4056
2021-08-30 15:15:00,302.855,302.894,302.785,302.795,4906
2021-08-30 15:20:00,302.756,302.874,302.751,302.845,5577
2021-08-30 15:25:00,302.884,303.033,302.884,302.968,5219
2021-08-30 15:30:00,303.043,303.082,302.914,302.993,6126
2021-08-30 15:35:00,303.023,303.023,302.795,302.865,9839
2021-08-30 15:40:00,302.864,302.914,302.815,302.865,8943
2021-08-30 15:45:00,302.805,302.919,302.677,302.677,11036
2021-08-30 15:50:00,302.607,302.627,302.33,302.4,14541
2021-08-30 15:55:00,302.4,302.518,302.36,302.41,20470
2021-08-30 16:00:00,302.41,302.41,301.866,301.876,44301
2021-08-30 16:05:00,301.925,301.925,301.925,301.925,5394
2021-08-31 09:35:00,301.618,301.618,301.005,301.475,18545
2021-08-31 09:40:00,301.5,301.787,301.233,301.609,4284
2021-08-31 09:45:00,301.836,301.92,301.173,301.173,4099
2021-08-31 09:50:00,301.173,301.248,300.649,300.867,13318
2021-08-31 09:55:00,300.867,301.5,300.639,301.5,11999
2021-08-31 10:00:00,301.46,301.49,300.748,301.183,12313
2021-08-31 10:05:00,301.213,301.371,300.382,300.788,9821
2021-08-31 10:10:00,300.798,300.916,300.491,300.659,5414
2021-08-31 10:15:00,300.55,300.743,300.343,300.343,6700
2021-08-31 10:20:00,300.318,300.343,300.155,300.189,7888
2021-08-31 10:25:00,300.165,300.175,299.285,299.285,6095
2021-08-31 10:30:00,299.324,299.952,299.255,299.858,6722
2021-08-31 10:35:00,300.007,300.995,300.007,300.753,7583
2021-08-31 10:40:00,300.689,300.738,300.496,300.738,7014
2021-08-31 10:45:00,300.699,300.699,300.323,300.343,4775
2021-08-31 10:50:00,300.461,301.124,300.461,300.803,6469
2021-08-31 10:55:00,300.778,300.946,300.501,300.817,6032
2021-08-31 11:00:00,300.926,301.156,300.911,300.926,4892
2021-08-31 11:05:00,301.035,301.084,300.689,300.689,3607
2021-08-31 11:10:00,300.897,300.916,300.704,300.916,2277
2021-08-31 11:15:00,300.906,301.173,300.906,301.169,1902
2021-08-31 11:20:00,301.371,301.579,301.332,301.539,8303
2021-08-31 11:25:00,301.609,301.707,301.371,301.371,5663
2021-08-31 11:30:00,301.371,301.371,301.08,301.193,5245
2021-08-31 11:35:00,301.253,301.559,301.253,301.559,5741
2021-08-31 11:40:00,301.599,301.777,301.599,301.767,1765
2021-08-31 11:45:00,301.717,301.846,301.52,301.52,4543
2021-08-31 11:50:00,301.579,301.737,301.45,301.717,6362
2021-08-31 11:55:00,301.589,301.638,301.529,301.628,6509
2021-08-31 12:00:00,301.658,301.673,301.52,301.579,4277
2021-08-31 12:05:00,301.589,301.589,301.282,301.282,5061
2021-08-31 12:10:00,301.396,301.478,301.065,301.065,3378
2021-08-31 12:15:00,301.154,301.292,301.154,301.213,6436
2021-08-31 12:20:00,301.302,301.495,301.262,301.495,4331
2021-08-31 12:25:00,301.421,301.421,301.312,301.322,1899
2021-08-31 12:30:00,301.391,301.391,301.253,301.253,2933
2021-08-31 12:35:00,301.183,301.183,300.986,300.986,3970
2021-08-31 12:40:00,300.957,300.957,300.293,300.442,8419
2021-08-31 12:45:00,300.501,300.501,300.343,300.457,4588
2021-08-31 12:50:00,300.59,300.728,300.303,300.305,6095
2021-08-31 12:55:00,300.461,300.6,300.461,300.6,1882
2021-08-31 13:00:00,300.57,300.778,300.531,300.778,5027
2021-08-31 13:05:00,300.719,301.075,300.719,300.986,8085
2021-08-31 13:10:00,300.877,300.906,300.738,300.906,2573
2021-08-31 13:15:00,300.936,301.015,300.916,300.956,3405
2021-08-31 13:20:00,300.958,301.005,300.877,300.877,3440
2021-08-31 13:25:00,300.857,300.916,300.768,300.827,4042
2021-08-31 13:30:00,300.827,300.827,300.669,300.689,4572
2021-08-31 13:35:00,300.59,300.6,300.442,300.521,3757
2021-08-31 13:40:00,300.372,300.432,300.283,300.363,7966
2021-08-31 13:45:00,300.313,300.381,299.987,300.171,6823
2021-08-31 13:50:00,300.165,300.254,300.11,300.155,4528
2021-08-31 13:55:00,300.185,300.382,300.185,300.382,3731
2021-08-31 14:00:00,300.363,300.432,300.225,300.353,5208
2021-08-31 14:05:00,300.363,300.605,300.358,300.481,6251
2021-08-31 14:10:00,300.363,300.372,300.091,300.091,6022
2021-08-31 14:15:00,300.056,300.056,299.67,299.744,5393
2021-08-31 14:20:00,299.799,300.036,299.789,299.829,7010
2021-08-31 14:25:00,299.819,299.918,299.819,299.918,3695
2021-08-31 14:30:00,299.888,300.15,299.888,300.026,5178
2021-08-31 14:35:00,300.061,300.175,300.061,300.135,3749
2021-08-31 14:40:00,300.185,300.185,300.076,300.125,5511
2021-08-31 14:45:00,300.036,300.096,299.977,299.977,6541
2021-08-31 14:50:00,299.997,300.007,299.913,299.962,5795
2021-08-31 14:55:00,300.016,300.372,300.016,300.046,7143
2021-08-31 15:00:00,300.244,300.471,300.229,300.471,4241
2021-08-31 15:05:00,300.55,300.55,300.363,300.397,11390
2021-08-31 15:10:00,300.402,300.402,300.234,300.244,2782
2021-08-31 15:15:00,300.283,300.343,299.957,300.016,10062
2021-08-31 15:20:00,300.016,300.165,300.016,300.165,6383
2021-08-31 15:25:00,300.14,300.402,300.096,300.402,7327
2021-08-31 15:30:00,300.363,300.372,300.115,300.224,9894
2021-08-31 15:35:00,300.234,300.333,300.135,300.308,13322
2021-08-31 15:40:00,300.303,300.452,300.283,300.422,10510
2021-08-31 15:45:00,300.442,300.56,300.372,300.55,12437
2021-08-31 15:50:00,300.57,300.788,300.531,300.758,22624
2021-08-31 15:55:00,300.788,301.124,300.63,300.699,41633
2021-08-31 16:00:00,300.738,300.847,300.234,300.313,81607
2021-08-31 16:05:00,300.303,300.303,300.303,300.303,54499
2021-08-31 16:35:00,300.31,300.31,300.266,300.266,3596
2021-09-01 09:30:00,299.779,299.779,299.779,299.779,345
2021-09-01 09:35:00,299.265,300.629,299.265,299.932,19803
2021-09-01 09:40:00,299.482,299.838,298.761,299.141,6236
2021-09-01 09:45:00,299.146,299.754,298.672,299.754,8312
2021-09-01 09:50:00,299.626,300.115,299.146,299.957,6638
2021-09-01 09:55:00,299.918,300.471,299.819,299.977,10339
2021-09-01 10:00:00,299.908,300.096,299.201,299.492,7615
2021-09-01 10:05:00,299.393,299.74,298.929,299.67,9185
2021-09-01 10:10:00,299.759,299.908,299.117,299.443,12848
2021-09-01 10:15:00,299.393,299.838,299.206,299.69,6539
2021-09-01 10:20:00,299.368,299.611,299.344,299.354,5873
2021-09-01 10:25:00,299.641,299.878,299.544,299.848,7102
2021-09-01 10:30:00,299.764,300.007,299.542,299.922,8486
2021-09-01 10:35:00,299.838,300.348,299.74,300.348,11307
2021-09-01 10:40:00,300.343,300.758,300.323,300.61,10824
2021-09-01 10:45:00,300.649,300.867,300.432,300.827,3819
2021-09-01 10:50:00,300.877,301.124,300.565,300.565,10282
2021-09-01 10:55:00,300.778,301.109,300.59,301.055,4836
2021-09-01 11:00:00,301.144,301.287,301.005,301.282,6798
2021-09-01 11:05:00,301.322,301.421,301.124,301.159,6264
2021-09-01 11:10:00,301.124,301.233,300.728,301.005,7457
2021-09-01 11:15:00,301.045,301.297,301.045,301.114,6622
2021-09-01 11:20:00,301.07,301.218,300.392,300.457,12045
2021-09-01 11:25:00,300.481,300.6,300.105,300.283,5156
2021-09-01 11:30:00,300.313,301.005,300.288,301.005,6625
2021-09-01 11:35:00,301.084,301.51,301.084,301.51,6164
2021-09-01 11:40:00,301.475,301.688,301.47,301.688,6123
2021-09-01 11:45:00,301.693,301.792,301.599,301.688,9500
2021-09-01 11:50:00,301.717,301.841,301.678,301.831,4202
2021-09-01 11:55:00,301.861,302.227,301.826,302.044,3979
2021-09-01 12:00:00,302.025,302.157,302.025,302.098,3448
2021-09-01 12:05:00,302.009,302.132,301.787,301.816,8968
2021-09-01 12:10:00,301.806,301.915,301.599,301.796,6467
2021-09-01 12:15:00,301.806,301.836,301.721,301.796,2154
2021-09-01 12:20:00,301.801,301.885,301.727,301.885,3916
2021-09-01 12:25:00,301.777,301.965,301.757,301.826,9392
2021-09-01 12:30:00,301.757,301.925,301.698,301.717,4168
2021-09-01 12:35:00,301.717,301.876,301.688,301.876,2824
2021-09-01 12:40:00,301.895,302.049,301.866,302.004,4666
2021-09-01 12:45:00,301.999,302.321,301.999,302.251,7544
2021-09-01 12:50:00,302.301,302.627,302.192,302.627,6339
2021-09-01 12:55:00,302.647,302.855,302.528,302.855,3698
2021-09-01 13:00:00,302.874,302.874,302.597,302.735,6264
2021-09-01 13:05:00,302.627,302.686,302.538,302.642,3313
2021-09-01 13:10:00,302.617,302.662,302.558,302.662,4281
2021-09-01 13:15:00,302.607,302.672,302.593,302.657,2743
2021-09-01 13:20:00,302.643,302.746,302.643,302.667,3712
2021-09-01 13:25:00,302.726,302.835,302.696,302.835,3977
2021-09-01 13:30:00,302.855,302.855,302.716,302.716,4376
2021-09-01 13:35:00,302.686,302.815,302.617,302.637,4731
2021-09-01 13:40:00,302.597,302.696,302.558,302.627,5808
2021-09-01 13:45:00,302.672,302.746,302.429,302.429,6421
2021-09-01 13:50:00,302.429,302.429,302.212,302.212,5460
2021-09-01 13:55:00,302.222,302.222,301.945,301.965,5049
2021-09-01 14:00:00,301.974,302.326,301.946,302.326,4685
2021-09-01 14:05:00,302.34,302.627,302.311,302.548,5245
2021-09-01 14:10:00,302.533,302.667,302.499,302.617,4247
2021-09-01 14:15:00,302.855,302.968,302.825,302.865,3632
2021-09-01 14:20:00,302.845,302.845,302.716,302.845,5648
2021-09-01 14:25:00,302.746,302.805,302.657,302.746,6775
2021-09-01 14:30:00,302.752,302.884,302.752,302.884,1370
2021-09-01 14:35:00,302.934,303.141,302.845,303.141,6552
2021-09-01 14:40:00,303.132,303.27,303.072,303.072,5522
2021-09-01 14:45:00,303.075,303.161,303.013,303.102,6119
2021-09-01 14:50:00,303.141,303.339,303.112,303.29,12929
2021-09-01 14:55:00,303.3,303.369,303.221,303.221,5999
2021-09-01 15:00:00,303.29,303.359,303.102,303.161,6609
2021-09-01 15:05:00,303.176,303.176,303.003,303.043,5791
2021-09-01 15:10:00,302.993,303.082,302.964,302.973,6436
2021-09-01 15:15:00,303.028,303.206,303.028,303.186,5089
2021-09-01 15:20:00,303.23,303.349,303.103,303.211,8991
2021-09-01 15:25:00,303.211,303.275,303.181,303.181,5394
2021-09-01 15:30:00,303.171,303.3,302.776,302.776,16769
2021-09-01 15:35:00,302.785,302.899,302.686,302.686,9696
2021-09-01 15:40:00,302.696,302.746,302.489,302.746,12562
2021-09-01 15:45:00,302.691,302.691,302.37,302.4,13096
2021-09-01 15:50:00,302.429,302.642,302.321,302.459,12926
2021-09-01 15:55:00,302.508,302.528,302.316,302.38,22695
2021-09-01 16:00:00,302.385,302.677,302.251,302.459,48412
2021-09-01 16:05:00,302.518,302.518,302.518,302.518,14170
2021-09-02 09:35:00,303.24,304.358,302.696,302.696,17730
2021-09-02 09:40:00,302.825,304.407,302.825,304.259,9047
2021-09-02 09:45:00,304.289,304.704,304.229,304.427,5160
2021-09-02 09:50:00,304.704,304.981,304.59,304.62,7315
2021-09-02 09:55:00,304.467,304.872,304.249,304.249,7704
2021-09-02 10:00:00,304.407,304.526,303.497,303.646,13031
2021-09-02 10:05:00,303.67,303.755,303.29,303.29,4140
2021-09-02 10:10:00,303.324,303.324,302.756,303.132,4828
2021-09-02 10:15:00,303.26,303.794,303.161,303.794,5637
2021-09-02 10:20:00,303.923,303.979,303.769,303.784,3305
2021-09-02 10:25:00,303.774,303.873,303.24,303.873,76290
2021-09-02 10:30:00,303.977,304.175,303.873,304.036,8184
2021-09-02 10:35:00,303.933,303.933,303.497,303.557,3895
2021-09-02 10:40:00,303.488,303.666,303.107,303.23,3214
2021-09-02 10:45:00,303.265,303.295,302.944,303.221,4048
2021-09-02 10:50:00,303.245,303.349,302.914,302.944,10469
2021-09-02 10:55:00,302.924,303.141,302.924,303.092,3149
2021-09-02 11:00:00,303.132,303.151,303.033,303.077,3904
2021-09-02 11:05:00,303.112,303.27,302.855,302.855,7610
2021-09-02 11:10:00,302.805,303.003,302.439,303.003,7754
2021-09-02 11:15:00,302.973,303.092,302.835,302.835,2235
2021-09-02 11:20:00,302.914,303.26,302.914,303.112,4553
2021-09-02 11:25:00,303.092,303.196,303.003,303.196,2964
2021-09-02 11:30:00,303.196,303.221,303.151,303.216,4399
2021-09-02 11:35:00,303.245,303.319,303.082,303.151,8491
2021-09-02 11:40:00,303.151,303.3,303.107,303.28,2860
2021-09-02 11:45:00,303.25,303.349,303.23,303.24,3081
2021-09-02 11:50:00,303.24,303.539,303.24,303.478,4268
2021-09-02 11:55:00,303.438,303.527,303.359,303.507,2860
2021-09-02 12:00:00,303.517,303.715,303.473,303.606,7078
2021-09-02 12:05:00,303.685,303.685,303.423,303.478,12553
2021-09-02 12:10:00,303.453,303.666,303.453,303.666,1693
2021-09-02 12:15:00,303.552,303.695,303.552,303.695,1666
2021-09-02 12:20:00,303.755,303.774,303.715,303.715,1473
2021-09-02 12:25:00,303.71,303.71,303.586,303.606,3526
2021-09-02 12:30:00,303.586,303.606,303.537,303.537,2559
2021-09-02 12:35:00,303.468,303.606,303.428,303.428,3626
2021-09-02 12:40:00,303.428,303.458,303.369,303.369,2822
2021-09-02 12:45:00,303.399,303.448,303.24,303.3,4870
2021-09-02 12:50:00,303.359,303.418,303.3,303.3,2040
2021-09-02 12:55:00,303.359,303.379,303.359,303.369,1011
2021-09-02 13:00:00,303.428,303.494,303.428,303.494,1630
2021-09-02 13:05:00,303.468,303.468,303.113,303.113,3922
2021-09-02 13:10:00,303.201,303.359,303.008,303.008,11304
2021-09-02 13:15:00,303.092,303.211,303.082,303.112,2605
2021-09-02 13:20:00,303.067,303.201,302.954,302.954,3294
2021-09-02 13:25:00,302.973,302.973,302.884,302.934,2442
2021-09-02 13:30:00,302.973,302.973,302.657,302.657,3135
2021-09-02 13:35:00,302.548,302.736,302.419,302.647,13253
2021-09-02 13:40:00,302.543,302.607,302.365,302.607,11799
2021-09-02 13:45:00,302.607,302.71,302.528,302.548,3736
2021-09-02 13:50:00,302.607,302.607,302.172,302.172,6078
2021-09-02 13:55:00,302.271,302.528,302.182,302.484,5478
2021-09-02 14:00:00,302.429,303.013,302.41,302.894,5582
2021-09-02 14:05:00,302.939,303.384,302.939,303.25,8657
2021-09-02 14:10:00,303.211,303.295,303.151,303.166,7364
2021-09-02 14:15:00,303.171,303.171,302.756,303.082,7323
2021-09-02 14:20:00,303.151,303.399,303.082,303.399,4366
2021-09-02 14:25:00,303.468,303.567,303.458,303.567,11272
2021-09-02 14:30:00,303.537,303.794,303.527,303.784,17730
2021-09-02 14:35:00,303.715,304.12,303.715,304.071,12927
2021-09-02 14:40:00,304.002,304.185,303.853,304.071,9958
2021-09-02 14:45:00,304.071,304.348,303.972,304.348,9561
2021-09-02 14:50:00,304.303,304.442,304.15,304.368,17506
2021-09-02 14:55:00,304.368,304.565,304.328,304.491,7680
2021-09-02 15:00:00,304.467,304.912,304.467,304.912,13763
2021-09-02 15:05:00,304.961,305.08,304.704,304.798,21577
2021-09-02 15:10:00,304.788,304.788,304.536,304.56,9231
2021-09-02 15:15:00,304.526,304.976,304.496,304.936,10031
2021-09-02 15:20:00,304.907,305.05,304.872,305.04,11587
2021-09-02 15:25:00,305.015,305.109,304.842,304.991,18287
2021-09-02 15:30:00,304.956,305.258,304.892,305.233,31141
2021-09-02 15:35:00,305.223,305.263,304.758,305.001,20486
2021-09-02 15:40:00,305.01,305.154,304.837,304.921,13698
2021-09-02 15:45:00,304.931,305.002,304.743,304.832,13465
2021-09-02 15:50:00,304.941,305.04,304.842,304.852,13157
2021-09-02 15:55:00,304.842,305.287,304.842,305.213,20698
2021-09-02 16:00:00,305.188,305.366,305.124,305.357,44609
2021-09-02 16:05:00,305.277,305.277,305.277,305.277,16510
2021-09-03 09:35:00,303.606,305.022,303.539,303.794,14752
2021-09-03 09:40:00,303.824,304.378,303.478,303.705,4331
2021-09-03 09:45:00,303.705,303.933,303.438,303.764,6220
2021-09-03 09:50:00,303.982,303.982,302.384,303.171,12760
2021-09-03 09:55:00,303.577,303.661,303.399,303.465,3956
2021-09-03 10:00:00,303.478,303.992,303.478,303.893,6594
2021-09-03 10:05:00,303.755,304.378,303.695,304.318,4793
2021-09-03 10:10:00,304.358,304.358,304.061,304.318,7360
2021-09-03 10:15:00,304.249,304.457,303.755,304.457,17627
2021-09-03 10:20:00,304.209,304.259,303.853,304.219,5005
2021-09-03 10:25:00,304.002,304.002,303.774,303.933,7807
2021-09-03 10:30:00,304.101,304.263,304.091,304.259,3371
2021-09-03 10:35:00,304.2,304.605,304.031,304.298,12050
2021-09-03 10:40:00,304.348,304.753,304.308,304.625,3855
2021-09-03 10:45:00,304.447,304.447,303.824,304.012,8533
2021-09-03 10:50:00,304.061,304.378,304.061,304.239,3875
2021-09-03 10:55:00,304.252,304.308,304.071,304.17,7103
2021-09-03 11:00:00,304.012,304.089,303.898,304.089,4170
2021-09-03 11:05:00,304.14,304.14,303.893,303.942,2764
2021-09-03 11:10:00,303.933,304.209,303.923,304.081,1946
2021-09-03 11:15:00,304.209,304.67,304.18,304.556,6987
2021-09-03 11:20:00,304.59,305.035,304.516,305.035,5067
2021-09-03 11:25:00,304.912,305.099,304.862,304.991,10579
2021-09-03 11:30:00,304.991,305.119,304.981,305.109,4588
2021-09-03 11:35:00,305.208,305.386,305.208,305.332,4261
2021-09-03 11:40:00,305.366,305.485,305.277,305.277,5864
2021-09-03 11:45:00,305.238,305.307,305.238,305.238,2038
2021-09-03 11:50:00,305.208,305.327,305.139,305.139,3804
2021-09-03 11:55:00,305.201,305.307,305.159,305.179,4737
2021-09-03 12:00:00,305.169,305.327,305.139,305.228,4438
2021-09-03 12:05:00,305.159,305.169,305.099,305.169,2072
2021-09-03 12:10:00,305.188,305.51,305.144,305.51,3989
2021-09-03 12:15:00,305.554,305.861,305.554,305.777,4618
2021-09-03 12:20:00,305.802,305.96,305.762,305.762,6504
2021-09-03 12:25:00,305.767,305.881,305.722,305.881,3577
2021-09-03 12:30:00,305.881,306.088,305.807,306.088,6929
2021-09-03 12:35:00,306.128,306.128,305.752,305.752,12696
2021-09-03 12:40:00,305.653,305.683,305.601,305.601,2880
2021-09-03 12:45:00,305.554,305.658,305.554,305.594,3782
2021-09-03 12:50:00,305.683,305.831,305.683,305.707,3196
2021-09-03 12:55:00,305.737,305.891,305.643,305.891,2882
2021-09-03 13:00:00,305.9,305.91,305.841,305.91,3868
2021-09-03 13:05:00,305.851,306.138,305.831,306.138,6028
2021-09-03 13:10:00,306.098,306.098,305.98,305.98,2482
2021-09-03 13:15:00,306.049,306.069,305.97,306.069,4539
2021-09-03 13:20:00,306.108,306.291,306.098,306.291,5543
2021-09-03 13:25:00,306.271,306.296,306.197,306.207,2632
2021-09-03 13:30:00,306.276,306.316,306.217,306.271,3106
2021-09-03 13:35:00,306.256,306.345,306.207,306.222,4817
2021-09-03 13:40:00,306.207,306.217,306.177,306.187,3645
2021-09-03 13:45:00,306.187,306.81,306.148,306.79,29989
2021-09-03 13:50:00,306.79,306.978,306.692,306.978,10942
2021-09-03 13:55:00,306.919,306.919,306.751,306.763,4725
2021-09-03 14:00:00,306.771,306.842,306.687,306.81,4871
2021-09-03 14:05:00,306.827,306.939,306.721,306.86,8328
2021-09-03 14:10:00,306.87,306.939,306.86,306.939,6025
2021-09-03 14:15:00,306.919,306.988,306.899,306.939,3273
2021-09-03 14:20:00,306.939,306.939,306.434,306.434,9077
2021-09-03 14:25:00,306.434,306.464,306.296,306.464,7044
2021-09-03 14:30:00,306.504,306.558,306.276,306.276,8361
2021-09-03 14:35:00,306.276,306.395,306.202,306.202,8156
2021-09-03 14:40:00,306.202,306.434,306.202,306.365,4891
2021-09-03 14:45:00,306.262,306.336,306.237,306.336,3191
2021-09-03 14:50:00,306.266,306.306,305.872,305.94,20892
2021-09-03 14:55:00,305.891,305.945,305.861,305.861,1318
2021-09-03 15:00:00,305.93,305.95,305.722,305.722,5119
2021-09-03 15:05:00,305.718,305.807,305.648,305.648,13409
2021-09-03 15:10:00,305.66,305.66,305.475,305.485,3959
2021-09-03 15:15:00,305.51,305.742,305.51,305.67,13802
2021-09-03 15:20:00,305.683,305.841,305.581,305.581,17750
2021-09-03 15:25:00,305.54,305.584,304.991,305.05,7142
2021-09-03 15:30:00,304.986,305.149,304.872,304.951,5165
2021-09-03 15:35:00,304.852,304.931,304.803,304.842,8669
2021-09-03 15:40:00,304.803,304.803,304.328,304.358,15096
2021-09-03 15:45:00,304.338,304.536,304.269,304.516,12528
2021-09-03 15:50:00,304.496,304.664,304.348,304.457,11657
2021-09-03 15:55:00,304.556,304.951,304.556,304.931,14049
2021-09-03 16:00:00,304.961,305.075,303.923,304.081,90553
2021-09-03 16:05:00,304.022,304.022,304.022,304.022,7849
2021-09-07 08:45:00,302.627,302.627,302.627,302.627,857
2021-09-07 08:55:00,301.618,301.618,301.618,301.618,405
2021-09-07 09:00:00,300.135,300.135,298.652,298.652,800
2021-09-07 09:05:00,299.641,299.641,299.641,299.641,100
2021-09-07 09:15:00,299.641,300.036,299.641,300.036,300
2021-09-07 09:25:00,299.601,299.601,299.601,299.601,100
2021-09-07 09:30:00,298.246,298.246,296.763,296.763,500
2021-09-07 09:35:00,298.998,300.145,297.208,299.651,52105
2021-09-07 09:40:00,299.68,299.69,298.063,299.206,24793
2021-09-07 09:45:00,298.84,299.047,298.256,298.929,14009
2021-09-07 09:50:00,299.018,299.057,297.465,297.814,17818
2021-09-07 09:55:00,297.603,297.633,296.769,297.465,21109
2021-09-07 10:00:00,297.435,298.652,297.356,298.405,10765
2021-09-07 10:05:00,298.335,298.335,297.663,297.94,20236
2021-09-07 10:10:00,297.875,298.721,297.821,298.187,20787
2021-09-07 10:15:00,298.385,298.572,297.663,297.91,18159
2021-09-07 10:20:00,297.93,298.652,297.841,298.612,8230
2021-09-07 10:25:00,298.513,299.512,298.513,299.468,9385
2021-09-07 10:30:00,299.393,299.413,298.691,299.119,25114
2021-09-07 10:35:00,298.869,299.008,298.474,298.934,9758
2021-09-07 10:40:00,298.859,299.364,298.632,298.746,10068
2021-09-07 10:45:00,298.85,299.156,298.637,299.037,7838
2021-09-07 10:50:00,299.176,299.898,299.176,299.898,13076
2021-09-07 10:55:00,299.829,299.838,299.26,299.374,7924
2021-09-07 11:00:00,299.354,299.829,299.299,299.829,6289
2021-09-07 11:05:00,299.838,300.016,299.552,299.552,4778
2021-09-07 11:10:00,299.655,300.432,299.576,300.432,12968
2021-09-07 11:15:00,300.491,300.57,300.175,300.442,8006
2021-09-07 11:20:00,300.372,300.679,300.333,300.461,4383
2021-09-07 11:25:00,300.377,300.377,299.829,299.829,9504
2021-09-07 11:30:00,299.789,299.937,299.413,299.888,7414
2021-09-07 11:35:00,299.918,300.798,299.918,300.669,11554
2021-09-07 11:40:00,300.62,300.748,300.565,300.719,5798
2021-09-07 11:45:00,300.521,300.699,300.204,300.481,8684
2021-09-07 11:50:00,300.417,300.803,300.308,300.763,6302
2021-09-07 11:55:00,300.709,300.768,300.649,300.768,2493
2021-09-07 12:00:00,300.709,301.272,300.709,301.055,10522
2021-09-07 12:05:00,301.015,301.104,300.867,300.995,7717
2021-09-07 12:10:00,300.995,301.678,300.995,301.623,10130
2021-09-07 12:15:00,301.623,301.633,301.421,301.525,15755
2021-09-07 12:20:00,301.525,301.589,301.272,301.421,10362
2021-09-07 12:25:00,301.361,301.5,301.154,301.238,8958
2021-09-07 12:30:00,301.134,301.134,300.63,300.63,4412
2021-09-07 12:35:00,300.768,300.837,300.313,300.313,4306
2021-09-07 12:40:00,300.387,300.481,299.937,300.086,5894
2021-09-07 12:45:00,300.135,300.173,299.937,300.026,6711
2021-09-07 12:50:00,300.086,300.62,300.072,300.471,14163
2021-09-07 12:55:00,300.57,300.649,300.417,300.422,4686
2021-09-07 13:00:00,300.461,300.501,300.353,300.452,1923
2021-09-07 13:05:00,300.491,300.748,300.481,300.61,7526
2021-09-07 13:10:00,300.531,300.59,300.491,300.59,1101
2021-09-07 13:15:00,300.58,300.63,300.244,300.349,3849
2021-09-07 13:20:00,300.313,300.382,299.967,299.967,5080
2021-09-07 13:25:00,299.972,299.987,299.843,299.917,7337
2021-09-07 13:30:00,299.794,299.799,299.453,299.453,9272
2021-09-07 13:35:00,299.403,299.774,299.354,299.433,10950
2021-09-07 13:40:00,299.255,299.574,299.255,299.574,6290
2021-09-07 13:45:00,299.591,299.878,299.591,299.769,6759
2021-09-07 13:50:00,299.705,299.888,299.705,299.868,2734
2021-09-07 13:55:00,299.878,299.898,299.82,299.898,4765
2021-09-07 14:00:00,299.903,300.046,299.749,299.749,8818
2021-09-07 14:05:00,299.641,299.898,299.621,299.749,9729
2021-09-07 14:10:00,299.7,299.789,299.641,299.74,6201
2021-09-07 14:15:00,299.73,299.809,299.601,299.631,9422
2021-09-07 14:20:00,299.591,299.696,299.552,299.591,4771
2021-09-07 14:25:00,299.591,299.7,299.502,299.581,5103
2021-09-07 14:30:00,299.581,299.68,299.413,299.477,4606
2021-09-07 14:35:00,299.453,299.651,299.374,299.631,8602
2021-09-07 14:40:00,299.601,299.651,299.468,299.532,6456
2021-09-07 14:45:00,299.591,299.601,299.384,299.487,8465
2021-09-07 14:50:00,299.492,299.522,299.265,299.463,11525
2021-09-07 14:55:00,299.482,299.571,299.408,299.571,6101
2021-09-07 15:00:00,299.576,299.74,299.576,299.72,5950
2021-09-07 15:05:00,299.769,300.076,299.68,299.942,5743
2021-09-07 15:10:00,299.997,300.115,299.937,300.031,4553
2021-09-07 15:15:00,300.036,300.234,300.007,300.096,5695
2021-09-07 15:20:00,300.086,300.135,300.002,300.135,4598
2021-09-07 15:25:00,300.135,300.333,300.135,300.264,4370
2021-09-07 15:30:00,300.239,300.338,300.135,300.283,7206
2021-09-07 15:35:00,300.264,300.461,300.214,300.348,11427
2021-09-07 15:40:00,300.353,300.417,300.185,300.288,16589
2021-09-07 15:45:00,300.283,300.402,300.026,300.026,11590
2021-09-07 15:50:00,300.0,300.125,299.68,299.799,16066
2021-09-07 15:55:00,299.898,300.194,299.789,299.908,20763
2021-09-07 16:00:00,299.819,299.888,299.393,299.443,73317
2021-09-07 16:05:00,299.482,299.482,299.393,299.393,17609
2021-09-08 07:05:00,297.218,297.218,293.954,293.954,3461
2021-09-08 07:40:00,293.213,293.213,293.213,293.213,420
2021-09-08 08:10:00,291.739,292.669,291.739,292.669,1217
2021-09-08 08:15:00,293.213,293.213,293.213,293.213,304
2021-09-08 08:20:00,293.213,293.213,293.213,293.213,709
2021-09-08 08:25:00,293.203,293.213,293.203,293.213,750
2021-09-08 08:35:00,293.608,293.608,293.608,293.608,1920
2021-09-08 08:55:00,294.696,296.179,294.696,296.179,2638
2021-09-08 09:05:00,296.179,296.575,296.081,296.575,1847
2021-09-08 09:10:00,296.674,296.674,296.674,296.674,115
2021-09-08 09:15:00,296.674,296.674,296.674,296.674,1000
2021-09-08 09:20:00,297.03,299.403,297.03,299.403,325
2021-09-08 09:30:00,295.448,295.596,294.696,294.696,4323
2021-09-08 09:35:00,295.369,296.061,291.937,292.891,163621
2021-09-08 09:40:00,292.614,293.608,291.68,291.759,62163
2021-09-08 09:45:00,291.764,294.123,290.839,293.752,61092
2021-09-08 09:50:00,293.752,294.409,291.918,292.293,32867
2021-09-08 09:55:00,292.511,292.511,291.512,292.268,44544
2021-09-08 10:00:00,292.313,293.321,291.938,293.302,33073
2021-09-08 10:05:00,293.396,294.192,293.015,293.979,54142
2021-09-08 10:10:00,293.865,294.671,293.826,293.826,19052
2021-09-08 10:15:00,293.92,294.221,293.806,294.024,13881
2021-09-08 10:20:00,294.024,294.495,293.351,293.885,19118
2021-09-08 10:25:00,293.954,294.479,293.925,294.142,12233
2021-09-08 10:30:00,294.123,295.116,294.024,294.991,11887
2021-09-08 10:35:00,295.003,295.344,294.043,294.241,13915
2021-09-08 10:40:00,294.113,294.78,293.905,294.459,16854
2021-09-08 10:45:00,294.582,294.775,294.049,294.439,11931
2021-09-08 10:50:00,294.35,294.597,293.809,294.152,10454
2021-09-08 10:55:00,294.113,294.647,293.954,294.419,15040
2021-09-08 11:00:00,294.281,295.369,294.113,295.052,39048
2021-09-08 11:05:00,294.953,295.586,294.647,294.963,24429
2021-09-08 11:10:00,294.914,295.151,294.162,294.162,12718
2021-09-08 11:15:00,294.221,294.587,294.08,294.192,13800
2021-09-08 11:20:00,294.212,294.301,293.658,293.658,12796
2021-09-08 11:25:00,293.757,294.459,293.747,294.459,10901
2021-09-08 11:30:00,294.36,294.637,293.964,293.964,11179
2021-09-08 11:35:00,293.878,294.083,293.762,294.083,9848
2021-09-08 11:40:00,294.142,294.637,294.142,294.39,11109
2021-09-08 11:45:00,294.33,294.563,293.875,294.048,6873
2021-09-08 11:50:00,293.974,294.202,293.514,293.514,15886
2021-09-08 11:55:00,293.44,293.796,293.41,293.41,13215
2021-09-08 12:00:00,293.43,293.697,293.376,293.42,11599
2021-09-08 12:05:00,293.41,293.806,293.351,293.42,9958
2021-09-08 12:10:00,293.47,293.618,293.114,293.153,6973
2021-09-08 12:15:00,293.203,293.544,293.203,293.456,10896
2021-09-08 12:20:00,293.435,293.668,293.42,293.588,8917
2021-09-08 12:25:00,293.576,293.945,293.47,293.945,7195
2021-09-08 12:30:00,293.951,294.202,293.865,294.202,10517
2021-09-08 12:35:00,294.261,294.449,294.043,294.043,13020
2021-09-08 12:40:00,293.925,294.103,293.846,293.915,6799
2021-09-08 12:45:00,293.826,294.132,293.707,293.885,8579
2021-09-08 12:50:00,293.856,293.885,293.697,293.836,7905
2021-09-08 12:55:00,293.776,293.786,293.475,293.569,6961
2021-09-08 13:00:00,293.678,293.682,293.292,293.549,8088
2021-09-08 13:05:00,293.49,293.579,293.44,293.539,7398
2021-09-08 13:10:00,293.519,293.668,293.223,293.223,10196
2021-09-08 13:15:00,293.252,293.391,293.015,293.015,8291
2021-09-08 13:20:00,293.094,293.183,292.916,293.094,7458
2021-09-08 13:25:00,293.045,293.045,292.832,292.946,6000
2021-09-08 13:30:00,292.926,293.025,292.857,293.025,7136
2021-09-08 13:35:00,293.04,293.163,292.896,293.119,7651
2021-09-08 13:40:00,293.173,293.856,293.173,293.737,12518
2021-09-08 13:45:00,293.737,294.137,293.737,294.034,12029
2021-09-08 13:50:00,294.034,294.221,293.816,294.113,23358
2021-09-08 13:55:00,293.954,294.063,293.602,293.638,20355
2021-09-08 14:00:00,293.588,293.727,293.401,293.45,14732
2021-09-08 14:05:00,293.579,293.608,293.035,293.153,11833
2021-09-08 14:10:00,293.114,293.272,292.698,292.946,10485
2021-09-08 14:15:00,292.876,293.045,292.738,293.045,8360
2021-09-08 14:20:00,293.054,293.084,292.758,292.946,10144
2021-09-08 14:25:00,292.965,293.183,292.956,293.114,8172
2021-09-08 14:30:00,293.143,293.381,293.143,293.381,7612
2021-09-08 14:35:00,293.381,293.588,293.321,293.48,10428
2021-09-08 14:40:00,293.46,293.648,293.252,293.509,11892
2021-09-08 14:45:00,293.48,293.574,293.351,293.574,7970
2021-09-08 14:50:00,293.598,293.727,293.48,293.608,11155
2021-09-08 14:55:00,293.608,293.865,293.608,293.865,10084
2021-09-08 15:00:00,293.959,294.01,293.816,293.865,11850
2021-09-08 15:05:00,293.86,294.31,293.86,294.251,12765
2021-09-08 15:10:00,294.301,294.301,293.954,294.058,10076
2021-09-08 15:15:00,294.053,294.053,293.821,293.935,8585
2021-09-08 15:20:00,293.959,293.964,293.776,293.92,16753
2021-09-08 15:25:00,293.92,294.053,293.638,293.678,14637
2021-09-08 15:30:00,293.717,294.014,293.687,293.806,17577
2021-09-08 15:35:00,293.811,294.024,293.697,293.767,23250
2021-09-08 15:40:00,293.767,293.796,293.321,293.401,24065
2021-09-08 15:45:00,293.376,294.034,293.376,293.905,23927
2021-09-08 15:50:00,293.826,294.103,293.826,293.984,30695
2021-09-08 15:55:00,293.964,293.984,293.48,293.533,48408
2021-09-08 16:00:00,293.539,293.569,293.282,293.391,108331
2021-09-08 16:05:00,293.401,293.401,293.401,293.401,21700
2021-09-09 09:20:00,290.286,290.286,290.286,290.286,105
2021-09-09 09:30:00,290.098,290.098,289.663,289.663,1942
2021-09-09 09:35:00,290.928,294.607,290.098,294.231,50986
2021-09-09 09:40:00,294.127,294.488,292.718,292.763,26748
2021-09-09 09:45:00,292.787,293.885,291.507,292.14,38686
2021-09-09 09:50:00,292.125,292.847,291.64,291.64,12142
2021-09-09 09:55:00,292.026,292.263,290.651,290.909,31611
2021-09-09 10:00:00,290.968,291.324,290.345,291.324,29898
2021-09-09 10:05:00,291.443,292.377,290.983,292.189,22468
2021-09-09 10:10:00,292.164,292.59,291.927,292.352,16784
2021-09-09 10:15:00,292.352,293.42,292.333,293.282,21519
2021-09-09 10:20:00,293.292,293.796,292.852,292.852,17777
2021-09-09 10:25:00,292.728,293.47,292.728,293.193,19585
2021-09-09 10:30:00,293.213,293.43,293.124,293.262,10739
2021-09-09 10:35:00,293.331,293.638,293.218,293.559,16028
2021-09-09 10:40:00,293.497,293.519,292.975,293.094,12957
2021-09-09 10:45:00,293.05,293.282,292.886,293.084,19058
2021-09-09 10:50:00,293.112,293.539,292.886,293.371,13112
2021-09-09 10:55:00,293.223,293.579,293.223,293.48,10855
2021-09-09 11:00:00,293.509,293.697,293.188,293.608,15016
2021-09-09 11:05:00,293.588,293.791,293.549,293.767,13680
2021-09-09 11:10:00,293.865,294.429,293.865,294.38,13929
2021-09-09 11:15:00,294.281,294.281,293.959,294.123,12114
2021-09-09 11:20:00,294.093,294.182,293.786,293.915,14449
2021-09-09 11:25:00,293.945,294.024,293.663,293.697,11376
2021-09-09 11:30:00,293.707,293.732,293.307,293.391,13782
2021-09-09 11:35:00,293.48,293.846,293.48,293.727,7331
2021-09-09 11:40:00,293.796,294.394,293.786,294.142,14433
2021-09-09 11:45:00,294.123,294.261,293.999,293.999,9357
2021-09-09 11:50:00,293.954,294.241,293.895,294.241,7814
2021-09-09 11:55:00,294.212,294.291,293.936,294.221,13157
2021-09-09 12:00:00,294.241,294.558,294.231,294.528,13249
2021-09-09 12:05:00,294.508,294.785,294.33,294.35,18518
2021-09-09 12:10:00,294.36,294.399,294.073,294.261,9612
2021-09-09 12:15:00,294.231,294.231,294.009,294.202,6641
2021-09-09 12:20:00,294.221,294.469,294.132,294.33,12615
2021-09-09 12:25:00,294.31,294.558,294.281,294.419,10679
2021-09-09 12:30:00,294.488,294.597,294.291,294.291,10862
2021-09-09 12:35:00,294.32,294.617,294.31,294.617,9538
2021-09-09 12:40:00,294.627,294.775,294.627,294.706,10523
2021-09-09 12:45:00,294.666,294.726,294.35,294.637,119762
2021-09-09 12:50:00,294.716,295.013,294.716,294.736,31553
2021-09-09 12:55:00,294.736,294.736,294.508,294.518,9404
2021-09-09 13:00:00,294.399,294.459,294.113,294.162,7878
2021-09-09 13:05:00,294.142,294.652,294.127,294.652,9423
2021-09-09 13:10:00,294.587,294.607,294.37,294.607,8173
2021-09-09 13:15:00,294.548,294.884,294.479,294.884,8282
2021-09-09 13:20:00,294.805,295.032,294.558,294.666,40942
2021-09-09 13:25:00,294.469,294.469,293.796,294.093,9999
2021-09-09 13:30:00,294.162,294.36,294.053,294.34,7650
2021-09-09 13:35:00,294.261,294.291,294.014,294.291,10245
2021-09-09 13:40:00,294.37,294.696,294.221,294.627,14576
2021-09-09 13:45:00,294.607,294.909,294.429,294.839,59756
2021-09-09 13:50:00,294.795,295.092,294.716,295.092,9133
2021-09-09 13:55:00,295.072,295.487,295.062,295.487,16046
2021-09-09 14:00:00,295.458,295.556,295.369,295.467,23153
2021-09-09 14:05:00,295.329,295.388,294.904,294.993,6617
2021-09-09 14:10:00,295.032,295.22,294.983,295.062,12300
2021-09-09 14:15:00,295.072,295.21,294.983,295.186,8019
2021-09-09 14:20:00,295.22,295.299,295.141,295.26,14634
2021-09-09 14:25:00,295.27,295.319,295.022,295.131,16790
2021-09-09 14:30:00,295.2,295.27,295.131,295.171,9034
2021-09-09 14:35:00,295.161,295.566,295.102,295.467,12088
2021-09-09 14:40:00,295.517,295.566,295.24,295.369,9057
2021-09-09 14:45:00,295.329,295.695,295.329,295.695,11001
2021-09-09 14:50:00,295.725,295.804,295.339,295.388,11069
2021-09-09 14:55:00,295.364,295.655,295.358,295.563,12031
2021-09-09 15:00:00,295.616,295.843,295.556,295.804,13750
2021-09-09 15:05:00,295.814,295.893,295.675,295.675,15124
2021-09-09 15:10:00,295.685,295.774,295.487,295.566,15351
2021-09-09 15:15:00,295.626,295.777,295.586,295.626,15971
2021-09-09 15:20:00,295.626,295.804,295.596,295.715,15485
2021-09-09 15:25:00,295.725,295.962,295.705,295.878,21810
2021-09-09 15:30:00,295.873,296.001,295.725,295.863,20824
2021-09-09 15:35:00,295.804,295.814,295.462,295.462,27183
2021-09-09 15:40:00,295.495,295.65,295.388,295.616,18451
2021-09-09 15:45:00,295.616,295.823,295.477,295.477,23960
2021-09-09 15:50:00,295.469,295.507,294.844,295.072,25049
2021-09-09 15:55:00,294.983,294.983,294.607,294.617,43135
2021-09-09 16:00:00,294.617,294.835,293.905,294.004,128769
2021-09-09 16:05:00,294.004,294.004,294.004,294.004,20305
2021-09-10 09:35:00,293.964,296.278,292.728,296.278,34812
2021-09-10 09:40:00,295.645,296.15,295.24,296.15,5800
2021-09-10 09:45:00,296.219,297.06,296.219,296.941,23198
2021-09-10 09:50:00,296.575,296.743,295.319,295.319,21423
2021-09-10 09:55:00,295.21,295.21,294.414,294.815,8450
2021-09-10 10:00:00,294.563,295.586,294.563,295.418,10467
2021-09-10 10:05:00,295.339,295.645,295.022,295.477,8964
2021-09-10 10:10:00,295.458,295.873,295.369,295.766,9704
2021-09-10 10:15:00,295.626,295.853,295.487,295.784,9845
2021-09-10 10:20:00,295.809,296.061,295.754,295.873,5806
2021-09-10 10:25:00,295.794,296.318,295.725,296.318,6053
2021-09-10 10:30:00,296.298,296.555,296.11,296.555,5908
2021-09-10 10:35:00,296.357,296.377,295.344,295.641,18040
2021-09-10 10:40:00,295.725,296.1,295.576,295.636,6941
2021-09-10 10:45:00,295.571,295.571,295.205,295.517,6689
2021-09-10 10:50:00,295.309,295.873,295.309,295.873,7634
2021-09-10 10:55:00,295.962,296.239,295.817,296.006,19794
2021-09-10 11:00:00,295.794,295.952,295.497,295.621,22966
2021-09-10 11:05:00,295.794,295.952,295.378,295.952,7663
2021-09-10 11:10:00,295.917,296.259,295.734,296.254,9833
2021-09-10 11:15:00,296.239,296.674,296.239,296.644,4484
2021-09-10 11:20:00,296.624,296.852,296.367,296.553,16139
2021-09-10 11:25:00,296.348,296.367,296.14,296.249,11114
2021-09-10 11:30:00,296.348,296.793,296.328,296.793,11982
2021-09-10 11:35:00,296.634,297.336,296.634,297.317,9245
2021-09-10 11:40:00,297.317,297.416,297.139,297.282,12278
2021-09-10 11:45:00,297.317,297.485,297.282,297.44,6734
2021-09-10 11:50:00,297.485,297.94,297.485,297.673,11668
2021-09-10 11:55:00,297.742,297.806,297.455,297.613,17732
2021-09-10 12:00:00,297.653,297.752,297.396,297.663,11685
2021-09-10 12:05:00,297.722,298.325,297.683,298.236,18373
2021-09-10 12:10:00,298.227,298.424,298.098,298.103,14559
2021-09-10 12:15:00,298.068,298.137,297.91,298.137,13046
2021-09-10 12:20:00,298.147,298.375,298.137,298.32,15978
2021-09-10 12:25:00,298.246,298.78,298.177,298.721,10499
2021-09-10 12:30:00,298.85,298.998,298.701,298.899,15815
2021-09-10 12:35:00,298.899,299.008,298.751,298.84,10979
2021-09-10 12:40:00,298.929,299.473,298.919,299.413,13368
2021-09-10 12:45:00,299.453,299.759,299.403,299.586,11535
2021-09-10 12:50:00,299.532,299.779,299.522,299.741,6547
2021-09-10 12:55:00,299.779,300.219,299.749,300.13,20826
2021-09-10 13:00:00,300.056,300.061,299.66,299.789,14002
2021-09-10 13:05:00,299.759,299.997,299.581,299.913,10052
2021-09-10 13:10:00,299.908,300.283,299.779,300.283,11879
2021-09-10 13:15:00,300.274,300.699,300.175,300.59,27540
2021-09-10 13:20:00,300.704,300.704,300.145,300.145,11114
2021-09-10 13:25:00,300.086,300.175,299.962,300.115,4916
2021-09-10 13:30:00,300.036,300.046,299.453,299.453,8011
2021-09-10 13:35:00,299.443,299.601,299.418,299.596,7215
2021-09-10 13:40:00,299.586,299.7,299.502,299.581,14739
2021-09-10 13:45:00,299.591,299.749,299.314,299.314,11990
2021-09-10 13:50:00,299.29,299.413,299.255,299.364,7015
2021-09-10 13:55:00,299.403,299.591,299.334,299.334,7508
2021-09-10 14:00:00,299.354,299.66,299.339,299.531,12639
2021-09-10 14:05:00,299.522,299.631,299.423,299.522,5712
2021-09-10 14:10:00,299.473,299.473,299.285,299.473,5006
2021-09-10 14:15:00,299.433,299.591,299.413,299.581,12434
2021-09-10 14:20:00,299.473,299.473,299.15,299.166,11336
2021-09-10 14:25:00,299.156,299.388,299.156,299.265,6068
2021-09-10 14:30:00,299.275,299.344,299.225,299.295,3313
2021-09-10 14:35:00,299.275,299.651,299.275,299.433,12219
2021-09-10 14:40:00,299.542,299.542,299.295,299.398,4582
2021-09-10 14:45:00,299.304,299.433,299.176,299.334,5544
2021-09-10 14:50:00,299.413,299.428,299.245,299.255,8800
2021-09-10 14:55:00,299.255,299.473,299.215,299.473,8752
2021-09-10 15:00:00,299.611,299.611,299.225,299.225,5541
2021-09-10 15:05:00,299.176,299.413,299.166,299.374,19159
2021-09-10 15:10:00,299.29,299.631,299.206,299.275,19125
2021-09-10 15:15:00,299.26,299.418,299.22,299.403,13666
2021-09-10 15:20:00,299.314,299.403,299.186,299.329,9260
2021-09-10 15:25:00,299.245,299.324,299.166,299.264,12521
2021-09-10 15:30:00,299.245,299.492,299.235,299.453,10225
2021-09-10 15:35:00,299.384,299.384,298.901,298.919,21377
2021-09-10 15:40:00,298.909,299.008,298.405,298.405,23514
2021-09-10 15:45:00,298.217,298.385,298.019,298.137,19793
2021-09-10 15:50:00,298.167,298.167,297.851,297.92,16179
2021-09-10 15:55:00,297.88,297.89,297.534,297.772,31630
2021-09-10 16:00:00,297.841,297.87,297.198,297.327,97627
2021-09-10 16:05:00,297.307,297.307,297.307,297.307,17584
2021-09-13 09:35:00,300.204,300.951,299.918,300.055,27134
2021-09-13 09:40:00,300.016,301.431,299.621,301.104,20498
2021-09-13 09:45:00,301.119,301.282,300.199,301.262,15499
2021-09-13 09:50:00,301.124,301.124,299.848,300.056,18563
2021-09-13 09:55:00,300.234,301.342,300.135,301.134,21554
2021-09-13 10:00:00,301.084,301.312,300.847,301.292,17924
2021-09-13 10:05:00,301.262,301.361,300.125,300.244,25631
2021-09-13 10:10:00,300.145,301.055,300.016,301.055,12423
2021-09-13 10:15:00,300.995,301.47,300.986,301.332,16575
2021-09-13 10:20:00,301.322,301.371,300.066,300.155,11502
2021-09-13 10:25:00,300.105,300.491,300.096,300.096,10423
2021-09-13 10:30:00,300.313,300.59,300.313,300.59,7887
2021-09-13 10:35:00,300.679,300.877,299.651,299.769,19951
2021-09-13 10:40:00,299.621,300.066,299.512,300.041,7450
2021-09-13 10:45:00,300.041,300.239,299.848,299.918,4945
2021-09-13 10:50:00,299.868,300.63,299.868,300.452,15500
2021-09-13 10:55:00,300.511,300.995,300.511,300.679,14573
2021-09-13 11:00:00,300.719,300.75,300.333,300.333,17045
2021-09-13 11:05:00,300.185,300.402,299.893,300.086,9035
2021-09-13 11:10:00,300.105,300.194,299.73,299.73,12321
2021-09-13 11:15:00,299.7,299.7,298.642,298.83,8809
2021-09-13 11:20:00,298.8,299.196,298.631,299.196,7912
2021-09-13 11:25:00,299.265,299.453,299.077,299.359,7096
2021-09-13 11:30:00,299.374,299.997,299.285,299.809,10182
2021-09-13 11:35:00,299.749,299.868,299.651,299.651,7710
2021-09-13 11:40:00,299.473,299.512,299.206,299.502,10470
2021-09-13 11:45:00,299.393,299.393,299.176,299.295,8166
2021-09-13 11:50:00,299.265,299.423,298.691,298.691,6841
2021-09-13 11:55:00,298.662,298.706,298.361,298.361,7505
2021-09-13 12:00:00,298.316,298.454,298.266,298.359,9385
2021-09-13 12:05:00,298.217,298.261,297.95,297.969,11092
2021-09-13 12:10:00,297.999,298.128,297.91,297.94,5803
2021-09-13 12:15:00,297.93,298.345,297.93,298.236,7946
2021-09-13 12:20:00,297.999,298.113,297.93,298.009,10002
2021-09-13 12:25:00,298.058,298.088,297.861,298.088,6152
2021-09-13 12:30:00,298.108,298.128,297.831,297.851,8232
2021-09-13 12:35:00,297.692,297.999,297.648,297.964,7938
2021-09-13 12:40:00,297.959,297.959,297.811,297.861,5641
2021-09-13 12:45:00,297.88,297.92,297.653,297.742,7709
2021-09-13 12:50:00,297.692,297.811,297.485,297.663,7375
2021-09-13 12:55:00,297.702,297.979,297.683,297.717,7654
2021-09-13 13:00:00,297.781,298.058,297.781,298.028,5336
2021-09-13 13:05:00,297.989,298.088,297.87,297.9,10458
2021-09-13 13:10:00,297.866,298.335,297.851,298.177,7140
2021-09-13 13:15:00,298.197,298.563,298.197,298.316,10392
2021-09-13 13:20:00,298.256,298.256,297.95,298.187,10917
2021-09-13 13:25:00,298.167,298.434,298.019,298.266,8310
2021-09-13 13:30:00,298.212,298.919,298.212,298.731,17271
2021-09-13 13:35:00,298.681,298.859,298.251,298.251,20263
2021-09-13 13:40:00,298.182,298.217,297.584,297.584,7385
2021-09-13 13:45:00,297.692,297.92,297.663,297.791,10593
2021-09-13 13:50:00,297.87,297.95,297.732,297.811,14560
2021-09-13 13:55:00,297.801,297.801,297.396,297.396,8424
2021-09-13 14:00:00,297.445,297.623,297.445,297.594,5527
2021-09-13 14:05:00,297.638,297.801,297.525,297.683,7414
2021-09-13 14:10:00,297.702,297.969,297.702,297.88,7692
2021-09-13 14:15:00,297.791,297.791,297.386,297.425,11880
2021-09-13 14:20:00,297.4,297.791,297.366,297.633,11978
2021-09-13 14:25:00,297.633,298.345,297.633,298.296,8196
2021-09-13 14:30:00,298.345,298.395,297.91,298.058,10902
2021-09-13 14:35:00,298.019,298.019,297.752,297.821,5962
2021-09-13 14:40:00,297.767,297.9,297.623,297.801,9159
2021-09-13 14:45:00,297.801,298.227,297.801,298.207,9988
2021-09-13 14:50:00,298.147,298.316,298.058,298.231,9875
2021-09-13 14:55:00,298.128,298.286,298.125,298.276,5560
2021-09-13 15:00:00,298.207,298.424,298.197,298.409,13968
2021-09-13 15:05:00,298.271,298.271,297.94,298.068,9838
2021-09-13 15:10:00,297.999,298.147,297.94,298.068,9844
2021-09-13 15:15:00,298.118,298.395,298.108,298.296,8080
2021-09-13 15:20:00,298.375,298.8,298.335,298.632,14906
2021-09-13 15:25:00,298.513,298.592,298.449,298.523,13779
2021-09-13 15:30:00,298.583,299.161,298.513,299.057,22175
2021-09-13 15:35:00,299.117,299.166,298.612,298.87,32135
2021-09-13 15:40:00,298.859,298.996,298.642,298.909,18102
2021-09-13 15:45:00,298.919,298.919,298.316,298.316,13835
2021-09-13 15:50:00,298.397,298.414,298.197,298.335,16583
2021-09-13 15:55:00,298.503,298.998,298.454,298.85,21057
2021-09-13 16:00:00,298.899,299.008,298.612,298.77,76664
2021-09-13 16:05:00,298.721,298.721,298.721,298.721,52355
2021-09-13 16:10:00,298.721,298.721,298.721,298.721,252
2021-09-14 09:35:00,298.711,299.156,297.811,297.811,21451
2021-09-14 09:40:00,297.836,297.836,296.466,296.491,22792
2021-09-14 09:45:00,296.506,298.316,296.061,298.207,19205
2021-09-14 09:50:00,298.088,298.088,296.98,297.292,6647
2021-09-14 09:55:00,297.613,297.613,296.704,297.455,14322
2021-09-14 10:00:00,297.643,298.128,297.218,298.128,6613
2021-09-14 10:05:00,297.999,298.098,297.317,297.435,11204
2021-09-14 10:10:00,297.465,297.465,296.901,296.971,7922
2021-09-14 10:15:00,297.03,297.772,296.827,297.717,9209
2021-09-14 10:20:00,297.544,297.821,297.254,297.254,11133
2021-09-14 10:25:00,297.406,297.594,297.05,297.435,19367
2021-09-14 10:30:00,297.376,297.821,296.852,297.821,11322
2021-09-14 10:35:00,297.733,297.87,297.238,297.257,10654
2021-09-14 10:40:00,297.317,297.87,297.247,297.668,12081
2021-09-14 10:45:00,297.356,297.633,297.346,297.445,11408
2021-09-14 10:50:00,297.386,297.544,297.198,297.247,19836
2021-09-14 10:55:00,297.247,297.297,296.674,296.674,20673
2021-09-14 11:00:00,296.674,296.812,296.476,296.723,12116
2021-09-14 11:05:00,296.812,296.971,296.723,296.802,11370
2021-09-14 11:10:00,296.812,296.812,296.357,296.357,12427
2021-09-14 11:15:00,296.051,296.051,295.685,295.784,7236
2021-09-14 11:20:00,295.655,295.685,295.398,295.398,12131
2021-09-14 11:25:00,295.448,295.744,295.329,295.744,13565
2021-09-14 11:30:00,295.734,296.442,295.734,296.303,15581
2021-09-14 11:35:00,296.387,296.476,296.179,296.179,14121
2021-09-14 11:40:00,296.179,296.437,296.14,296.211,6971
2021-09-14 11:45:00,296.318,296.674,296.318,296.674,4468
2021-09-14 11:50:00,296.575,296.605,296.367,296.486,9128
2021-09-14 11:55:00,296.476,296.713,296.288,296.288,4928
2021-09-14 12:00:00,296.338,296.743,296.308,296.595,17857
2021-09-14 12:05:00,296.624,296.654,296.417,296.456,8446
2021-09-14 12:10:00,296.526,296.664,296.501,296.644,4789
2021-09-14 12:15:00,296.812,296.882,296.694,296.842,5763
2021-09-14 12:20:00,296.842,296.858,296.666,296.858,4912
2021-09-14 12:25:00,296.852,296.852,296.318,296.456,12131
2021-09-14 12:30:00,296.506,296.654,296.486,296.585,5024
2021-09-14 12:35:00,296.531,296.538,296.367,296.387,5227
2021-09-14 12:40:00,296.427,296.516,296.199,296.264,5951
2021-09-14 12:45:00,296.259,296.356,296.011,296.021,11295
2021-09-14 12:50:00,296.09,296.249,296.051,296.09,5004
2021-09-14 12:55:00,296.14,296.16,296.046,296.145,4963
2021-09-14 13:00:00,296.031,296.031,295.828,295.828,5677
2021-09-14 13:05:00,295.774,296.1,295.774,295.982,3999
2021-09-14 13:10:00,296.011,296.021,295.561,295.561,13615
2021-09-14 13:15:00,295.556,295.695,295.517,295.517,5016
2021-09-14 13:20:00,295.537,295.695,295.507,295.685,4262
2021-09-14 13:25:00,295.734,295.764,295.586,295.685,4060
2021-09-14 13:30:00,295.596,295.685,295.537,295.586,3772
2021-09-14 13:35:00,295.547,295.586,295.383,295.537,9345
2021-09-14 13:40:00,295.423,295.685,295.388,295.675,12219
2021-09-14 13:45:00,295.675,295.774,295.556,295.769,4799
2021-09-14 13:50:00,295.764,295.863,295.64,295.665,9051
2021-09-14 13:55:00,295.665,295.863,295.665,295.804,5608
2021-09-14 14:00:00,295.804,295.883,295.606,295.685,7279
2021-09-14 14:05:00,295.645,295.685,295.497,295.685,11367
2021-09-14 14:10:00,295.724,295.734,295.547,295.586,8336
2021-09-14 14:15:00,295.636,295.636,295.386,295.428,3923
2021-09-14 14:20:00,295.349,295.517,295.24,295.428,11063
2021-09-14 14:25:00,295.428,295.556,295.28,295.556,7515
2021-09-14 14:30:00,295.487,295.616,295.418,295.616,7469
2021-09-14 14:35:00,295.537,295.685,295.349,295.349,10608
2021-09-14 14:40:00,295.408,295.547,295.369,295.502,6347
2021-09-14 14:45:00,295.507,295.507,294.914,294.914,29388
2021-09-14 14:50:00,295.032,295.22,294.795,294.854,12215
2021-09-14 14:55:00,294.795,294.924,294.568,294.854,5379
2021-09-14 15:00:00,294.958,295.196,294.854,295.181,11720
2021-09-14 15:05:00,295.032,295.102,294.844,295.013,7666
2021-09-14 15:10:00,294.978,295.339,294.978,295.245,14413
2021-09-14 15:15:00,295.2,295.458,295.2,295.329,9897
2021-09-14 15:20:00,295.339,295.626,295.339,295.458,8676
2021-09-14 15:25:00,295.487,295.799,295.299,295.339,9824
2021-09-14 15:30:00,295.349,295.512,295.289,295.418,9378
2021-09-14 15:35:00,295.458,295.572,295.403,295.497,15103
2021-09-14 15:40:00,295.438,295.438,295.22,295.22,20739
2021-09-14 15:45:00,295.26,295.823,295.24,295.458,21921
2021-09-14 15:50:00,295.507,295.685,295.487,295.547,16717
2021-09-14 15:55:00,295.448,295.725,295.022,295.606,30072
2021-09-14 16:00:00,295.566,295.685,295.329,295.448,67039
2021-09-14 16:05:00,295.547,295.547,295.547,295.547,23050
2021-09-15 09:35:00,297.109,297.109,295.161,295.453,13729
2021-09-15 09:40:00,295.062,295.369,293.658,293.826,13814
2021-09-15 09:45:00,293.865,294.532,293.47,294.532,6072
2021-09-15 09:50:00,294.607,294.998,294.498,294.993,3855
2021-09-15 09:55:00,295.284,295.517,294.943,295.517,4952
2021-09-15 10:00:00,295.69,296.219,295.69,296.12,5631
2021-09-15 10:05:00,296.16,296.16,295.744,295.744,7607
2021-09-15 10:10:00,295.517,295.715,294.904,294.904,5010
2021-09-15 10:15:00,294.958,294.958,294.459,294.686,5593
2021-09-15 10:20:00,294.429,295.032,294.429,295.032,4327
2021-09-15 10:25:00,295.102,295.24,294.736,294.736,3246
2021-09-15 10:30:00,294.711,294.963,294.528,294.607,5436
2021-09-15 10:35:00,294.592,295.27,294.592,295.23,13601
2021-09-15 10:40:00,295.27,295.467,295.27,295.433,3080
2021-09-15 10:45:00,295.433,295.685,295.339,295.516,7754
2021-09-15 10:50:00,295.453,295.453,294.637,294.864,5026
2021-09-15 10:55:00,294.746,294.983,294.726,294.983,4529
2021-09-15 11:00:00,294.943,295.111,294.835,295.062,4134
2021-09-15 11:05:00,295.111,295.359,295.032,295.359,4828
2021-09-15 11:10:00,295.339,295.423,294.896,294.896,3114
2021-09-15 11:15:00,294.835,295.171,294.755,294.983,6064
2021-09-15 11:20:00,294.993,295.032,294.938,294.968,2163
2021-09-15 11:25:00,295.032,295.181,294.953,295.181,6975
2021-09-15 11:30:00,295.26,295.448,295.23,295.26,3586
2021-09-15 11:35:00,295.26,295.26,294.627,294.696,7875
2021-09-15 11:40:00,294.785,294.864,294.681,294.815,3461
2021-09-15 11:45:00,294.874,295.131,294.775,295.131,3160
2021-09-15 11:50:00,295.166,295.166,294.924,295.022,2874
2021-09-15 11:55:00,295.06,295.111,294.805,294.805,3346
2021-09-15 12:00:00,294.854,295.082,294.854,295.003,3417
2021-09-15 12:05:00,295.003,295.102,294.854,294.998,2771
2021-09-15 12:10:00,294.983,295.151,294.953,295.151,4184
2021-09-15 12:15:00,295.072,295.359,295.072,295.215,4690
2021-09-15 12:20:00,295.25,295.547,295.25,295.547,3706
2021-09-15 12:25:00,295.547,295.794,295.507,295.764,4601
2021-09-15 12:30:00,295.7,295.962,295.7,295.784,2549
2021-09-15 12:35:00,295.814,295.873,295.586,295.591,7697
2021-09-15 12:40:00,295.655,295.695,295.517,295.636,2785
2021-09-15 12:45:00,295.616,296.16,295.616,296.1,7080
2021-09-15 12:50:00,295.942,296.006,295.799,295.922,3340
2021-09-15 12:55:00,295.893,295.942,295.843,295.922,3418
2021-09-15 13:00:00,296.011,296.11,295.922,296.11,4254
2021-09-15 13:05:00,296.15,296.496,296.125,296.417,9336
2021-09-15 13:10:00,296.367,296.496,296.367,296.461,5677
2021-09-15 13:15:00,296.427,296.837,296.427,296.837,3471
2021-09-15 13:20:00,296.812,296.993,296.733,296.993,4268
2021-09-15 13:25:00,297.035,297.163,297.035,297.163,2838
2021-09-15 13:30:00,297.257,297.257,297.01,297.01,4426
2021-09-15 13:35:00,297.079,297.287,297.025,297.267,5022
2021-09-15 13:40:00,297.218,297.218,296.922,296.971,4559
2021-09-15 13:45:00,296.941,297.257,296.941,297.188,3696
2021-09-15 13:50:00,297.178,297.228,296.961,296.961,4476
2021-09-15 13:55:00,296.867,297.129,296.822,297.055,5492
2021-09-15 14:00:00,297.119,297.119,296.733,296.733,6638
2021-09-15 14:05:00,296.728,296.728,296.308,296.389,5513
2021-09-15 14:10:00,296.437,296.526,296.397,296.516,4034
2021-09-15 14:15:00,296.516,296.519,296.16,296.16,4299
2021-09-15 14:20:00,296.199,296.244,295.734,295.744,4942
2021-09-15 14:25:00,295.764,295.833,295.596,295.705,5669
2021-09-15 14:30:00,295.725,295.774,295.547,295.556,6949
2021-09-15 14:35:00,295.527,295.684,295.487,295.556,6398
2021-09-15 14:40:00,295.512,295.665,295.462,295.527,4642
2021-09-15 14:45:00,295.556,295.576,295.383,295.517,6967
2021-09-15 14:50:00,295.566,295.794,295.517,295.794,4137
2021-09-15 14:55:00,295.725,295.744,295.576,295.606,4969
2021-09-15 15:00:00,295.724,295.764,295.636,295.655,5012
2021-09-15 15:05:00,295.645,296.0,295.636,295.814,4578
2021-09-15 15:10:00,295.823,295.853,295.645,295.715,5005
2021-09-15 15:15:00,295.764,295.912,295.705,295.912,4446
2021-09-15 15:20:00,295.903,295.982,295.853,295.982,4425
2021-09-15 15:25:00,296.011,296.041,295.843,295.972,5508
2021-09-15 15:30:00,296.016,296.041,295.873,296.021,4595
2021-09-15 15:35:00,295.987,296.338,295.932,296.229,8800
2021-09-15 15:40:00,296.254,296.496,296.219,296.427,9786
2021-09-15 15:45:00,296.377,296.496,296.236,296.496,8403
2021-09-15 15:50:00,296.506,296.644,296.387,296.387,14672
2021-09-15 15:55:00,296.407,296.486,296.17,296.234,17309
2021-09-15 16:00:00,296.179,296.249,295.912,296.15,41783
2021-09-15 16:05:00,296.09,296.09,296.09,296.09,19342
2021-09-16 09:30:00,297.406,297.406,297.406,297.406,100
2021-09-16 09:35:00,295.596,295.774,293.945,295.566,15582
2021-09-16 09:40:00,295.052,295.744,294.954,295.497,5043
2021-09-16 09:45:00,295.537,295.873,294.785,294.785,9544
2021-09-16 09:50:00,294.785,295.057,294.469,294.508,3052
2021-09-16 09:55:00,294.904,295.527,294.825,295.527,3678
2021-09-16 10:00:00,295.171,295.932,295.171,295.418,6656
2021-09-16 10:05:00,295.24,295.24,294.37,294.498,7288
2021-09-16 10:10:00,294.498,294.676,294.261,294.479,5323
2021-09-16 10:15:00,294.508,294.577,294.014,294.113,4001
2021-09-16 10:20:00,293.628,293.925,293.361,293.925,4666
2021-09-16 10:25:00,293.836,294.014,293.697,293.86,4503
2021-09-16 10:30:00,293.757,294.39,293.682,294.39,4436
2021-09-16 10:35:00,294.281,294.301,293.862,294.068,5653
2021-09-16 10:40:00,293.915,294.481,293.915,294.33,7526
2021-09-16 10:45:00,294.34,294.716,294.152,294.399,6158
2021-09-16 10:50:00,294.37,294.37,293.638,293.676,6487
2021-09-16 10:55:00,293.579,293.579,293.134,293.49,6591
2021-09-16 11:00:00,293.514,293.608,293.193,293.43,6800
2021-09-16 11:05:00,293.549,293.964,293.549,293.776,4505
2021-09-16 11:10:00,293.747,293.846,293.351,293.579,8346
2021-09-16 11:15:00,293.638,293.915,293.569,293.915,4898
2021-09-16 11:20:00,294.014,294.024,293.47,293.47,3951
2021-09-16 11:25:00,293.445,293.549,293.045,293.549,14463
2021-09-16 11:30:00,293.608,294.043,293.608,293.984,4715
2021-09-16 11:35:00,294.083,294.483,294.043,294.043,10479
2021-09-16 11:40:00,293.846,294.073,293.846,293.915,4329
2021-09-16 11:45:00,293.841,293.885,293.598,293.885,7696
2021-09-16 11:50:00,293.826,294.073,293.658,293.984,7038
2021-09-16 11:55:00,294.034,294.113,293.737,293.737,4612
2021-09-16 12:00:00,293.648,293.865,293.539,293.865,6350
2021-09-16 12:05:00,293.776,293.836,293.559,293.608,5971
2021-09-16 12:10:00,293.45,293.885,293.41,293.885,4361
2021-09-16 12:15:00,293.826,293.974,293.628,293.964,8044
2021-09-16 12:20:00,293.816,294.152,293.757,293.875,6261
2021-09-16 12:25:00,293.964,293.964,293.608,293.608,11689
2021-09-16 12:30:00,293.653,293.994,293.406,293.994,12019
2021-09-16 12:35:00,294.004,294.42,294.004,294.192,6786
2021-09-16 12:40:00,294.132,294.192,294.034,294.162,4099
2021-09-16 12:45:00,294.142,294.33,293.974,294.31,7797
2021-09-16 12:50:00,294.31,294.795,294.31,294.726,8081
2021-09-16 12:55:00,294.716,294.716,294.261,294.261,4465
2021-09-16 13:00:00,294.251,294.34,294.103,294.34,5901
2021-09-16 13:05:00,294.231,294.271,294.113,294.123,4451
2021-09-16 13:10:00,294.123,294.597,294.014,294.523,5302
2021-09-16 13:15:00,294.459,294.785,294.419,294.716,6349
2021-09-16 13:20:00,294.676,294.914,294.577,294.81,5459
2021-09-16 13:25:00,294.914,294.943,294.587,294.602,6359
2021-09-16 13:30:00,294.587,294.775,294.568,294.736,4904
2021-09-16 13:35:00,294.627,294.676,294.251,294.291,8280
2021-09-16 13:40:00,294.172,294.172,293.272,293.598,21200
2021-09-16 13:45:00,293.648,293.935,293.648,293.791,5382
2021-09-16 13:50:00,293.836,294.113,293.836,293.994,4710
2021-09-16 13:55:00,293.994,294.39,293.905,294.221,7167
2021-09-16 14:00:00,294.286,294.577,294.231,294.429,5502
2021-09-16 14:05:00,294.56,294.666,294.479,294.661,2280
2021-09-16 14:10:00,294.686,294.785,294.617,294.785,3129
2021-09-16 14:15:00,295.022,295.092,294.857,294.953,4162
2021-09-16 14:20:00,294.943,294.963,294.785,294.81,3120
2021-09-16 14:25:00,294.819,294.819,294.706,294.716,3993
2021-09-16 14:30:00,294.752,294.775,294.528,294.666,5070
2021-09-16 14:35:00,294.706,294.775,294.676,294.726,2137
2021-09-16 14:40:00,294.755,294.755,294.686,294.696,2470
2021-09-16 14:45:00,294.696,294.726,294.548,294.726,4269
2021-09-16 14:50:00,294.746,294.894,294.706,294.844,3426
2021-09-16 14:55:00,294.904,295.116,294.825,295.062,4113
2021-09-16 15:00:00,295.171,295.25,294.973,295.027,5413
2021-09-16 15:05:00,295.082,295.082,294.909,295.042,4437
2021-09-16 15:10:00,295.022,295.428,295.022,295.24,8159
2021-09-16 15:15:00,295.28,295.28,295.181,295.26,2905
2021-09-16 15:20:00,295.2,295.319,295.141,295.319,5001
2021-09-16 15:25:00,295.349,295.398,295.186,295.23,5969
2021-09-16 15:30:00,295.21,295.319,295.062,295.077,4657
2021-09-16 15:35:00,295.121,295.27,295.102,295.121,11072
2021-09-16 15:40:00,295.131,295.467,295.111,295.467,10086
2021-09-16 15:45:00,295.403,295.403,295.017,295.017,10489
2021-09-16 15:50:00,295.027,295.027,294.607,294.627,14631
2021-09-16 15:55:00,294.706,294.933,294.647,294.795,20589
2021-09-16 16:00:00,294.746,294.854,294.538,294.835,38045
2021-09-16 16:05:00,294.716,294.716,294.716,294.716,15610
2021-09-17 09:35:00,293.124,293.747,293.124,293.747,184061
2021-09-17 09:40:00,292.669,293.193,291.482,291.878,8585
2021-09-17 09:45:00,292.006,292.753,292.006,292.135,4073
2021-09-17 09:50:00,291.962,291.962,290.77,290.978,9268
2021-09-17 09:55:00,290.78,291.314,290.646,291.224,8554
2021-09-17 10:00:00,291.245,291.245,290.656,290.879,10522
2021-09-17 10:05:00,291.027,291.314,290.562,290.918,16409
2021-09-17 10:10:00,291.052,291.532,291.052,291.532,9865
2021-09-17 10:15:00,291.423,291.423,290.661,290.8,5756
2021-09-17 10:20:00,290.607,290.671,290.206,290.355,6563
2021-09-17 10:25:00,290.681,290.691,290.424,290.424,4833
2021-09-17 10:30:00,290.325,290.464,290.122,290.152,9351
2021-09-17 10:35:00,289.959,290.345,289.771,290.216,9227
2021-09-17 10:40:00,290.236,290.958,290.206,290.731,9649
2021-09-17 10:45:00,290.602,290.602,290.164,290.164,7753
2021-09-17 10:50:00,290.216,290.216,290.009,290.068,4906
2021-09-17 10:55:00,289.939,290.315,289.93,290.305,5964
2021-09-17 11:00:00,290.642,290.642,290.048,290.206,6528
2021-09-17 11:05:00,290.162,290.335,290.098,290.137,5941
2021-09-17 11:10:00,290.063,290.216,289.88,290.108,7305
2021-09-17 11:15:00,290.117,290.503,289.92,290.503,8382
2021-09-17 11:20:00,290.691,290.691,290.37,290.533,6278
2021-09-17 11:25:00,290.543,290.612,290.187,290.394,7370
2021-09-17 11:30:00,290.375,290.375,290.108,290.236,9422
2021-09-17 11:35:00,290.266,290.444,290.068,290.444,6012
2021-09-17 11:40:00,290.543,290.76,290.345,290.76,5660
2021-09-17 11:45:00,290.661,291.156,290.661,291.156,4632
2021-09-17 11:50:00,291.205,291.413,291.176,291.413,2365
2021-09-17 11:55:00,291.334,291.344,291.116,291.235,4843
2021-09-17 12:00:00,291.235,291.843,291.235,291.843,3814
2021-09-17 12:05:00,291.789,291.858,291.611,291.799,2930
2021-09-17 12:10:00,291.799,291.799,291.64,291.64,2899
2021-09-17 12:15:00,291.739,291.749,291.413,291.413,4622
2021-09-17 12:20:00,291.344,291.344,291.215,291.304,4018
2021-09-17 12:25:00,291.265,291.818,291.265,291.818,3050
2021-09-17 12:30:00,291.818,291.897,291.68,291.759,2611
2021-09-17 12:35:00,291.808,292.105,291.799,291.952,4853
2021-09-17 12:40:00,291.996,292.135,291.927,292.056,6193
2021-09-17 12:45:00,292.066,292.085,291.878,291.907,2430
2021-09-17 12:50:00,291.947,292.026,291.917,291.917,2519
2021-09-17 12:55:00,292.006,292.303,292.006,292.239,4568
2021-09-17 13:00:00,292.234,292.234,292.006,292.075,2761
2021-09-17 13:05:00,292.011,292.011,291.828,291.832,3905
2021-09-17 13:10:00,291.927,292.021,291.848,291.873,2870
2021-09-17 13:15:00,291.927,292.095,291.848,291.907,6127
2021-09-17 13:20:00,291.927,292.016,291.67,291.67,2603
2021-09-17 13:25:00,291.64,291.69,291.471,291.492,5454
2021-09-17 13:30:00,291.492,291.848,291.451,291.848,3129
2021-09-17 13:35:00,291.739,291.868,291.606,291.868,9434
2021-09-17 13:40:00,291.977,292.224,291.977,292.085,3504
2021-09-17 13:45:00,292.085,292.1,291.601,291.739,6673
2021-09-17 13:50:00,291.848,291.848,291.719,291.739,3843
2021-09-17 13:55:00,291.769,291.888,291.67,291.828,7931
2021-09-17 14:00:00,291.739,291.868,291.729,291.749,4637
2021-09-17 14:05:00,291.729,291.868,291.68,291.868,8623
2021-09-17 14:10:00,291.897,292.066,291.779,291.92,9297
2021-09-17 14:15:00,291.957,291.957,291.68,291.769,18554
2021-09-17 14:20:00,291.729,291.779,291.363,291.611,14629
2021-09-17 14:25:00,291.611,291.848,291.601,291.729,6780
2021-09-17 14:30:00,291.68,291.69,291.482,291.571,6593
2021-09-17 14:35:00,291.522,291.68,291.472,291.59,11090
2021-09-17 14:40:00,291.502,291.63,291.373,291.63,7824
2021-09-17 14:45:00,291.561,291.65,291.482,291.621,4134
2021-09-17 14:50:00,291.611,291.63,291.344,291.443,5257
2021-09-17 14:55:00,291.373,291.65,291.363,291.512,10777
2021-09-17 15:00:00,291.541,291.68,291.438,291.591,11988
2021-09-17 15:05:00,291.65,291.71,291.452,291.561,9283
2021-09-17 15:10:00,291.512,291.63,291.284,291.294,10206
2021-09-17 15:15:00,291.284,291.314,290.913,291.037,10039
2021-09-17 15:20:00,290.993,291.077,290.884,290.988,10690
2021-09-17 15:25:00,290.958,291.383,290.909,291.383,13863
2021-09-17 15:30:00,291.334,291.472,291.146,291.195,9546
2021-09-17 15:35:00,291.166,291.284,291.106,291.284,19156
2021-09-17 15:40:00,291.286,291.541,291.136,291.333,20790
2021-09-17 15:45:00,291.334,291.7,291.265,291.551,30681
2021-09-17 15:50:00,291.551,291.551,291.096,291.096,25853
2021-09-17 15:55:00,290.948,291.087,290.375,290.503,72122
2021-09-17 16:00:00,290.295,290.79,290.295,290.414,118538
2021-09-17 16:05:00,290.483,290.483,290.483,290.483,208338
2021-09-17 16:10:00,290.483,290.483,290.483,290.483,4139
2021-09-17 16:25:00,290.481,290.481,290.481,290.481,1365
2021-09-17 19:20:00,289.158,289.158,289.158,289.158,338
2021-09-20 09:05:00,284.144,284.144,282.948,282.948,1045
2021-09-20 09:25:00,287.774,287.774,287.774,287.774,200
2021-09-20 09:30:00,287.774,287.774,287.774,287.774,600
2021-09-20 09:35:00,285.816,288.743,284.945,288.496,46728
2021-09-20 09:40:00,288.614,289.583,288.614,289.583,20402
2021-09-20 09:45:00,289.752,289.752,288.674,288.842,9605
2021-09-20 09:50:00,288.654,288.891,287.586,288.06,15244
2021-09-20 09:55:00,288.258,288.604,287.588,288.594,7906
2021-09-20 10:00:00,288.456,288.911,288.07,288.505,15906
2021-09-20 10:05:00,288.416,288.911,288.209,288.792,12923
2021-09-20 10:10:00,288.881,289.01,288.535,288.54,11496
2021-09-20 10:15:00,288.605,288.926,288.347,288.728,12663
2021-09-20 10:20:00,288.367,288.733,288.09,288.327,9799
2021-09-20 10:25:00,288.342,288.92,288.07,288.619,33945
2021-09-20 10:30:00,288.585,289.386,288.585,289.386,10061
2021-09-20 10:35:00,289.237,289.89,289.079,289.425,10743
2021-09-20 10:40:00,289.504,290.088,289.326,289.786,11758
2021-09-20 10:45:00,289.746,289.836,288.748,288.748,5597
2021-09-20 10:50:00,288.674,289.336,288.397,289.242,10589
2021-09-20 10:55:00,289.148,289.242,288.703,288.955,18519
2021-09-20 11:00:00,288.847,288.847,288.342,288.412,10785
2021-09-20 11:05:00,288.367,288.664,287.611,288.535,12819
2021-09-20 11:10:00,288.387,288.604,288.308,288.486,6336
2021-09-20 11:15:00,288.367,288.901,288.327,288.763,5906
2021-09-20 11:20:00,288.921,289.059,288.624,288.871,3452
2021-09-20 11:25:00,288.999,289.049,288.145,288.268,10545
2021-09-20 11:30:00,288.268,288.347,287.991,288.337,7345
2021-09-20 11:35:00,288.357,288.377,287.853,288.001,4964
2021-09-20 11:40:00,288.14,288.179,287.863,287.927,2041
2021-09-20 11:45:00,287.932,287.99,287.744,287.833,6697
2021-09-20 11:50:00,287.858,287.858,287.625,287.724,3084
2021-09-20 11:55:00,287.675,287.764,287.042,287.25,11290
2021-09-20 12:00:00,287.25,287.25,286.953,287.002,8435
2021-09-20 12:05:00,286.854,286.854,286.201,286.36,9514
2021-09-20 12:10:00,286.379,286.567,286.36,286.449,7743
2021-09-20 12:15:00,286.478,286.765,286.478,286.765,4061
2021-09-20 12:20:00,286.706,287.022,286.706,286.765,8247
2021-09-20 12:25:00,286.666,287.131,286.666,287.131,6268
2021-09-20 12:30:00,287.091,287.457,287.072,287.42,8082
2021-09-20 12:35:00,287.433,287.645,287.052,287.477,11209
2021-09-20 12:40:00,287.398,287.863,287.398,287.863,6134
2021-09-20 12:45:00,287.873,287.952,287.447,287.517,4793
2021-09-20 12:50:00,287.526,287.645,287.274,287.411,8152
2021-09-20 12:55:00,287.423,287.526,287.309,287.487,4622
2021-09-20 13:00:00,287.358,287.497,287.18,287.23,7915
2021-09-20 13:05:00,287.18,287.18,286.869,286.978,9832
2021-09-20 13:10:00,286.973,286.983,286.711,286.76,12413
2021-09-20 13:15:00,286.706,286.874,286.636,286.824,8107
2021-09-20 13:20:00,286.879,287.111,286.805,287.022,8783
2021-09-20 13:25:00,286.992,287.21,286.978,287.21,4738
2021-09-20 13:30:00,287.19,287.398,287.111,287.215,7468
2021-09-20 13:35:00,287.141,287.161,286.983,287.057,5791
2021-09-20 13:40:00,287.091,287.447,287.017,287.358,8220
2021-09-20 13:45:00,287.418,287.507,287.151,287.151,4713
2021-09-20 13:50:00,287.032,287.64,287.032,287.625,7190
2021-09-20 13:55:00,287.615,287.852,287.615,287.714,4741
2021-09-20 14:00:00,287.635,287.754,287.536,287.704,5841
2021-09-20 14:05:00,287.803,287.803,287.398,287.472,7167
2021-09-20 14:10:00,287.378,287.517,286.974,286.974,7320
2021-09-20 14:15:00,287.081,287.111,286.716,286.716,6834
2021-09-20 14:20:00,286.765,286.834,286.3,286.814,10296
2021-09-20 14:25:00,286.864,286.874,286.488,286.488,5133
2021-09-20 14:30:00,286.528,286.636,286.399,286.636,7212
2021-09-20 14:35:00,286.607,286.646,286.251,286.3,7142
2021-09-20 14:40:00,286.221,286.221,285.796,285.994,9209
2021-09-20 14:45:00,286.093,286.31,285.984,286.058,9880
2021-09-20 14:50:00,286.058,286.35,285.934,286.102,9722
2021-09-20 14:55:00,286.152,286.241,285.944,286.004,8415
2021-09-20 15:00:00,286.043,286.167,285.657,286.122,10376
2021-09-20 15:05:00,286.142,286.488,286.122,286.251,8418
2021-09-20 15:10:00,286.251,286.251,285.83,286.023,8287
2021-09-20 15:15:00,286.142,286.3,285.796,285.964,7887
2021-09-20 15:20:00,286.023,286.102,285.657,285.865,10897
2021-09-20 15:25:00,285.885,286.211,285.885,286.043,10872
2021-09-20 15:30:00,286.058,286.636,285.796,286.622,9541
2021-09-20 15:35:00,286.577,287.151,286.565,287.146,12705
2021-09-20 15:40:00,287.23,287.566,287.22,287.25,11534
2021-09-20 15:45:00,287.2,287.774,287.2,287.774,18316
2021-09-20 15:50:00,287.793,288.214,287.784,288.184,19578
2021-09-20 15:55:00,288.219,288.575,288.199,288.278,35418
2021-09-20 16:00:00,288.357,289.039,288.278,288.446,93589
2021-09-20 16:05:00,288.535,288.535,288.535,288.535,24950
2021-09-21 09:35:00,290.226,290.454,288.891,290.098,35827
2021-09-21 09:40:00,290.444,290.444,289.663,289.811,35669
2021-09-21 09:45:00,289.811,289.811,289.158,289.653,12823
2021-09-21 09:50:00,289.836,290.088,289.603,289.984,7686
2021-09-21 09:55:00,290.444,290.493,289.93,289.93,2999
2021-09-21 10:00:00,290.177,290.236,289.351,289.761,52603
2021-09-21 10:05:00,289.761,290.065,289.242,289.504,8474
2021-09-21 10:10:00,289.559,289.6,288.782,288.888,7214
2021-09-21 10:15:00,288.703,288.916,288.11,288.466,7814
2021-09-21 10:20:00,288.861,289.088,288.748,289.047,3666
2021-09-21 10:25:00,288.871,288.95,288.416,288.466,7992
2021-09-21 10:30:00,288.466,289.311,288.436,289.311,4927
2021-09-21 10:35:00,289.168,289.168,288.708,288.735,3808
2021-09-21 10:40:00,288.505,288.644,288.293,288.515,8039
2021-09-21 10:45:00,288.693,288.802,288.627,288.718,5376
2021-09-21 10:50:00,288.718,288.718,287.774,287.84,11217
2021-09-21 10:55:00,287.749,288.07,287.457,288.07,10599
2021-09-21 11:00:00,287.902,288.189,287.536,287.932,10647
2021-09-21 11:05:00,287.863,288.011,287.643,287.813,18281
2021-09-21 11:10:00,287.774,288.575,287.774,288.575,12900
2021-09-21 11:15:00,288.496,288.644,288.011,288.644,9503
2021-09-21 11:20:00,288.674,288.703,288.09,288.09,4134
2021-09-21 11:25:00,288.06,288.219,287.774,287.774,4590
2021-09-21 11:30:00,287.764,288.174,287.714,287.967,10821
2021-09-21 11:35:00,288.029,288.268,287.882,288.026,14015
2021-09-21 11:40:00,288.219,288.683,288.192,288.683,3273
2021-09-21 11:45:00,288.397,288.743,288.397,288.743,1377
2021-09-21 11:50:00,288.792,289.02,288.722,288.777,5340
2021-09-21 11:55:00,288.664,288.743,288.614,288.642,2101
2021-09-21 12:00:00,288.476,288.496,288.407,288.436,3133
2021-09-21 12:05:00,288.505,288.941,288.505,288.939,3880
2021-09-21 12:10:00,288.852,289.129,288.847,289.129,1566
2021-09-21 12:15:00,289.148,289.287,289.148,289.277,5227
2021-09-21 12:20:00,289.336,289.336,288.871,288.871,1740
2021-09-21 12:25:00,288.782,288.802,288.565,288.634,5191
2021-09-21 12:30:00,288.58,288.644,288.268,288.268,3852
2021-09-21 12:35:00,288.199,288.268,287.586,287.724,12532
2021-09-21 12:40:00,287.724,288.041,287.69,287.853,5742
2021-09-21 12:45:00,287.952,288.209,287.922,288.13,4499
2021-09-21 12:50:00,288.1,288.199,288.065,288.169,2535
2021-09-21 12:55:00,288.11,288.11,287.695,287.764,2548
2021-09-21 13:00:00,287.685,287.922,287.665,287.665,6743
2021-09-21 13:05:00,287.655,287.942,287.64,287.685,6295
2021-09-21 13:10:00,287.873,288.167,287.873,287.912,3829
2021-09-21 13:15:00,287.853,287.853,287.709,287.823,3141
2021-09-21 13:20:00,287.764,287.813,287.546,287.813,5124
2021-09-21 13:25:00,287.734,287.734,287.121,287.121,3481
2021-09-21 13:30:00,287.126,287.348,287.091,287.136,6037
2021-09-21 13:35:00,286.983,287.111,286.78,286.963,9234
2021-09-21 13:40:00,286.908,287.052,286.765,287.052,4446
2021-09-21 13:45:00,286.903,287.022,286.805,286.805,4576
2021-09-21 13:50:00,286.745,286.864,286.498,286.864,8099
2021-09-21 13:55:00,286.874,287.012,286.453,286.453,4236
2021-09-21 14:00:00,286.449,286.874,286.449,286.874,13399
2021-09-21 14:05:00,286.908,287.22,286.908,287.151,4861
2021-09-21 14:10:00,287.339,287.526,287.062,287.482,3780
2021-09-21 14:15:00,287.368,287.487,287.23,287.437,2973
2021-09-21 14:20:00,287.368,287.491,287.289,287.289,5027
2021-09-21 14:25:00,287.259,287.259,286.978,287.052,1766
2021-09-21 14:30:00,286.814,287.059,286.814,286.854,4861
2021-09-21 14:35:00,286.963,287.437,286.963,287.437,4597
2021-09-21 14:40:00,287.389,287.467,287.022,287.21,6233
2021-09-21 14:45:00,287.289,287.428,287.23,287.339,3316
2021-09-21 14:50:00,287.23,287.358,287.111,287.111,4590
2021-09-21 14:55:00,287.23,287.704,287.146,287.428,7360
2021-09-21 15:00:00,287.398,287.398,287.166,287.2,1460
2021-09-21 15:05:00,287.19,287.615,287.19,287.541,7800
2021-09-21 15:10:00,287.615,287.793,287.567,287.567,4662
2021-09-21 15:15:00,287.566,287.877,287.497,287.877,7379
2021-09-21 15:20:00,287.912,288.011,287.695,287.734,8074
2021-09-21 15:25:00,287.764,288.268,287.764,287.962,5979
2021-09-21 15:30:00,288.021,288.09,287.898,288.09,8890
2021-09-21 15:35:00,288.016,288.407,288.016,288.248,6938
2021-09-21 15:40:00,288.159,288.456,288.06,288.199,8229
2021-09-21 15:45:00,288.149,288.357,288.021,288.14,12413
2021-09-21 15:50:00,288.06,288.107,287.487,287.536,13920
2021-09-21 15:55:00,287.615,287.922,287.526,287.526,19933
2021-09-21 16:00:00,287.507,287.635,287.002,287.002,54303
2021-09-21 16:05:00,287.141,287.141,287.141,287.141,31471
2021-09-21 18:15:00,287.141,287.141,287.141,287.141,563
2021-09-22 09:35:00,288.624,289.564,287.304,287.596,23055
2021-09-22 09:40:00,287.818,288.535,287.255,288.535,11875
2021-09-22 09:45:00,288.021,288.753,287.912,288.743,7084
2021-09-22 09:50:00,288.793,289.069,287.299,287.546,9325
2021-09-22 09:55:00,287.546,288.278,287.546,287.922,8966
2021-09-22 10:00:00,287.922,288.585,287.902,288.585,8240
2021-09-22 10:05:00,288.723,288.822,288.258,288.436,8510
2021-09-22 10:10:00,288.362,289.307,288.352,288.788,6939
2021-09-22 10:15:00,288.842,288.852,287.635,288.001,10402
2021-09-22 10:20:00,288.031,288.822,287.967,288.657,7380
2021-09-22 10:25:00,288.723,289.554,288.723,289.554,5108
2021-09-22 10:30:00,289.574,289.811,289.41,289.41,8923
2021-09-22 10:35:00,289.277,289.648,289.277,289.396,6594
2021-09-22 10:40:00,289.509,289.742,289.435,289.732,5001
2021-09-22 10:45:00,289.821,289.989,289.672,289.742,17067
2021-09-22 10:50:00,289.92,290.122,289.178,289.178,5869
2021-09-22 10:55:00,289.287,289.613,288.97,289.534,8205
2021-09-22 11:00:00,289.48,289.999,289.48,289.781,5575
2021-09-22 11:05:00,289.831,290.167,289.494,289.603,11502
2021-09-22 11:10:00,289.692,290.009,289.692,290.009,4067
2021-09-22 11:15:00,290.019,290.137,289.949,289.969,7518
2021-09-22 11:20:00,289.954,290.068,289.771,289.771,7664
2021-09-22 11:25:00,289.781,289.801,289.593,289.692,6694
2021-09-22 11:30:00,289.752,289.791,289.574,289.643,4674
2021-09-22 11:35:00,289.692,290.088,289.692,290.053,6343
2021-09-22 11:40:00,290.167,290.315,290.117,290.197,4971
2021-09-22 11:45:00,290.177,290.404,290.058,290.404,4568
2021-09-22 11:50:00,290.414,290.553,290.226,290.394,7180
2021-09-22 11:55:00,290.375,290.74,289.771,290.048,11583
2021-09-22 12:00:00,290.078,290.444,290.078,290.444,4894
2021-09-22 12:05:00,290.444,290.464,290.211,290.464,4607
2021-09-22 12:10:00,290.355,290.355,289.989,290.014,8060
2021-09-22 12:15:00,290.014,290.014,289.821,289.821,6669
2021-09-22 12:20:00,289.86,290.286,289.86,290.197,4967
2021-09-22 12:25:00,290.197,290.216,290.078,290.112,3482
2021-09-22 12:30:00,290.157,290.266,290.028,290.028,4138
2021-09-22 12:35:00,290.009,290.098,289.821,289.865,5111
2021-09-22 12:40:00,289.93,289.999,289.801,289.801,41851
2021-09-22 12:45:00,289.791,289.86,289.692,289.771,4763
2021-09-22 12:50:00,289.732,289.949,289.722,289.85,4676
2021-09-22 12:55:00,289.89,289.89,289.376,289.376,6032
2021-09-22 13:00:00,289.346,289.524,289.287,289.326,7988
2021-09-22 13:05:00,289.336,289.336,289.138,289.247,5028
2021-09-22 13:10:00,289.256,289.583,289.256,289.388,13653
2021-09-22 13:15:00,289.257,289.302,289.089,289.277,3579
2021-09-22 13:20:00,289.129,289.564,289.129,289.564,6768
2021-09-22 13:25:00,289.593,289.742,289.583,289.623,3518
2021-09-22 13:30:00,289.653,289.672,289.247,289.267,6233
2021-09-22 13:35:00,289.284,289.524,289.267,289.47,10264
2021-09-22 13:40:00,289.593,289.593,289.277,289.494,5256
2021-09-22 13:45:00,289.529,289.841,289.529,289.672,3385
2021-09-22 13:50:00,289.831,289.87,289.722,289.801,5361
2021-09-22 13:55:00,289.761,289.761,289.514,289.747,7986
2021-09-22 14:00:00,289.672,289.928,289.672,289.682,3526
2021-09-22 14:05:00,289.583,290.226,289.227,290.019,9420
2021-09-22 14:10:00,290.454,290.493,290.019,290.345,7686
2021-09-22 14:15:00,290.375,290.464,290.226,290.464,8143
2021-09-22 14:20:00,290.592,290.869,290.592,290.79,11994
2021-09-22 14:25:00,290.755,291.037,290.167,290.282,9481
2021-09-22 14:30:00,290.276,290.454,290.226,290.316,4699
2021-09-22 14:35:00,290.444,290.602,289.939,290.365,10157
2021-09-22 14:40:00,290.375,290.424,289.949,290.028,10281
2021-09-22 14:45:00,289.841,289.841,289.455,289.583,9000
2021-09-22 14:50:00,289.326,289.475,288.881,288.906,10067
2021-09-22 14:55:00,288.857,289.564,288.604,289.564,6326
2021-09-22 15:00:00,289.603,289.603,289.168,289.386,6068
2021-09-22 15:05:00,289.188,289.376,289.079,289.079,5784
2021-09-22 15:10:00,289.227,289.524,289.168,289.524,2806
2021-09-22 15:15:00,289.445,289.92,289.435,289.92,6494
2021-09-22 15:20:00,289.791,290.078,289.781,290.078,5641
2021-09-22 15:25:00,290.127,290.167,289.761,289.761,5301
2021-09-22 15:30:00,289.732,289.766,289.564,289.564,4129
2021-09-22 15:35:00,289.583,289.682,289.149,289.247,8437
2021-09-22 15:40:00,289.272,289.732,289.272,289.682,7549
2021-09-22 15:45:00,289.692,289.702,289.02,289.138,12565
2021-09-22 15:50:00,289.069,289.297,288.99,288.99,11752
2021-09-22 15:55:00,288.772,288.97,288.505,288.842,25739
2021-09-22 16:00:00,288.782,289.138,288.575,288.713,65290
2021-09-22 16:05:00,288.753,288.753,288.753,288.753,27452
2021-09-23 09:35:00,290.088,290.37,289.089,290.028,16737
2021-09-23 09:40:00,290.108,290.948,290.009,290.493,5033
2021-09-23 09:45:00,290.909,291.101,290.721,290.721,12291
2021-09-23 09:50:00,291.067,291.68,291.067,291.106,4276
2021-09-23 09:55:00,291.269,291.739,290.953,291.472,6575
2021-09-23 10:00:00,291.334,291.551,291.002,291.082,6981
2021-09-23 10:05:00,291.265,291.532,291.007,291.007,11794
2021-09-23 10:10:00,290.963,291.522,290.963,291.146,7861
2021-09-23 10:15:00,291.077,291.611,291.077,291.502,15072
2021-09-23 10:20:00,291.621,292.085,291.581,292.026,19954
2021-09-23 10:25:00,292.253,292.352,292.006,292.174,10069
2021-09-23 10:30:00,292.066,292.342,291.977,292.268,10008
2021-09-23 10:35:00,292.224,292.224,291.502,291.799,6424
2021-09-23 10:40:00,291.799,291.799,291.037,291.141,7379
2021-09-23 10:45:00,291.156,291.265,291.041,291.116,6621
2021-09-23 10:50:00,291.116,291.541,291.077,291.541,8726
2021-09-23 10:55:00,291.611,291.953,291.314,291.953,6359
2021-09-23 11:00:00,291.858,291.858,291.452,291.522,8915
2021-09-23 11:05:00,291.591,291.7,291.482,291.66,5966
2021-09-23 11:10:00,291.675,291.878,291.65,291.878,8134
2021-09-23 11:15:00,291.769,292.075,291.749,291.996,8123
2021-09-23 11:20:00,291.927,291.927,291.462,291.779,9716
2021-09-23 11:25:00,291.63,291.808,291.561,291.799,27872
2021-09-23 11:30:00,291.907,291.907,291.64,291.779,5507
2021-09-23 11:35:00,291.719,292.016,291.601,291.804,9210
2021-09-23 11:40:00,291.841,291.868,291.482,291.715,8762
2021-09-23 11:45:00,291.586,291.789,291.581,291.719,5039
2021-09-23 11:50:00,291.68,291.68,291.126,291.245,10232
2021-09-23 11:55:00,291.289,291.413,291.156,291.294,6695
2021-09-23 12:00:00,291.373,291.408,291.21,291.294,4629
2021-09-23 12:05:00,291.393,291.551,291.265,291.551,7294
2021-09-23 12:10:00,291.591,291.64,291.512,291.527,5865
2021-09-23 12:15:00,291.532,291.729,291.532,291.65,6921
2021-09-23 12:20:00,291.532,291.667,291.324,291.596,5632
2021-09-23 12:25:00,291.462,291.67,291.354,291.492,6046
2021-09-23 12:30:00,291.502,291.571,291.255,291.571,4555
2021-09-23 12:35:00,291.571,291.71,291.462,291.561,4568
2021-09-23 12:40:00,291.423,291.69,291.423,291.581,3339
2021-09-23 12:45:00,291.64,291.64,291.502,291.581,2731
2021-09-23 12:50:00,291.601,291.719,291.403,291.408,6441
2021-09-23 12:55:00,291.443,291.482,291.334,291.334,5463
2021-09-23 13:00:00,291.393,291.502,291.265,291.433,6742
2021-09-23 13:05:00,291.482,291.719,291.403,291.601,4436
2021-09-23 13:10:00,291.596,291.878,291.523,291.878,4651
2021-09-23 13:15:00,291.868,291.868,291.581,291.621,6230
2021-09-23 13:20:00,291.65,291.868,291.65,291.843,5013
2021-09-23 13:25:00,291.779,291.818,291.596,291.675,4344
2021-09-23 13:30:00,291.68,291.68,291.482,291.551,8513
2021-09-23 13:35:00,291.581,291.808,291.532,291.532,5673
2021-09-23 13:40:00,291.566,291.739,291.477,291.739,6463
2021-09-23 13:45:00,291.749,291.872,291.586,291.71,8618
2021-09-23 13:50:00,291.66,291.799,291.66,291.729,6270
2021-09-23 13:55:00,291.848,291.931,291.71,291.739,7436
2021-09-23 14:00:00,291.66,291.848,291.591,291.848,9298
2021-09-23 14:05:00,291.848,292.046,291.808,291.808,5724
2021-09-23 14:10:00,291.878,291.878,291.7,291.739,4538
2021-09-23 14:15:00,291.66,291.739,291.64,291.729,7151
2021-09-23 14:20:00,291.739,291.749,291.551,291.551,7790
2021-09-23 14:25:00,291.561,291.719,291.541,291.69,9362
2021-09-23 14:30:00,291.71,291.71,291.571,291.68,10417
2021-09-23 14:35:00,291.67,291.888,291.67,291.794,7654
2021-09-23 14:40:00,291.749,291.789,291.65,291.739,6265
2021-09-23 14:45:00,291.739,291.858,291.68,291.858,8414
2021-09-23 14:50:00,291.808,291.828,291.66,291.769,7856
2021-09-23 14:55:00,291.749,291.873,291.719,291.769,6983
2021-09-23 15:00:00,291.848,291.986,291.71,291.957,6887
2021-09-23 15:05:00,292.016,292.016,291.823,291.947,12234
2021-09-23 15:10:00,291.958,291.977,291.67,291.739,10945
2021-09-23 15:15:00,291.675,291.69,291.319,291.383,13308
2021-09-23 15:20:00,291.403,291.423,291.185,291.185,17527
2021-09-23 15:25:00,291.195,291.304,291.185,291.294,11467
2021-09-23 15:30:00,291.324,291.403,291.106,291.106,12133
2021-09-23 15:35:00,291.037,291.373,290.918,291.363,20363
2021-09-23 15:40:00,291.314,291.334,291.037,291.235,23536
2021-09-23 15:45:00,291.24,291.344,290.968,290.968,15159
2021-09-23 15:50:00,290.918,291.067,290.829,290.829,17689
2021-09-23 15:55:00,290.844,290.988,290.582,290.988,28293
2021-09-23 16:00:00,290.849,291.077,290.671,290.899,46509
2021-09-23 16:05:00,290.988,290.988,290.988,290.988,14282
2021-09-24 09:35:00,289.722,290.582,289.722,290.256,17186
2021-09-24 09:40:00,290.464,290.543,289.119,289.208,16711
2021-09-24 09:45:00,289.316,290.063,289.307,290.063,25937
2021-09-24 09:50:00,290.177,290.375,290.078,290.137,16921
2021-09-24 09:55:00,289.979,289.979,289.475,289.475,9797
2021-09-24 10:00:00,289.554,289.692,288.99,289.554,19283
2021-09-24 10:05:00,289.9,289.999,289.663,289.697,7752
2021-09-24 10:10:00,289.613,289.865,289.578,289.846,15500
2021-09-24 10:15:00,289.939,289.949,289.346,289.346,11504
2021-09-24 10:20:00,289.396,289.504,288.96,289.504,9878
2021-09-24 10:25:00,289.504,290.019,289.485,289.969,7708
2021-09-24 10:30:00,289.969,290.187,289.653,289.742,10586
2021-09-24 10:35:00,289.752,290.009,289.564,289.643,12226
2021-09-24 10:40:00,289.623,289.623,288.436,288.565,18504
2021-09-24 10:45:00,288.535,288.802,288.219,288.219,10194
2021-09-24 10:50:00,288.229,288.743,288.12,288.278,8827
2021-09-24 10:55:00,288.194,288.199,287.843,287.991,11093
2021-09-24 11:00:00,288.051,288.377,287.991,288.13,8900
2021-09-24 11:05:00,288.258,288.842,288.229,288.753,8349
2021-09-24 11:10:00,288.763,289.198,288.733,289.138,4133
2021-09-24 11:15:00,289.079,289.079,288.713,288.763,4526
2021-09-24 11:20:00,288.713,289.079,288.664,288.832,6861
2021-09-24 11:25:00,288.772,288.842,288.634,288.723,5317
2021-09-24 11:30:00,288.703,288.931,288.624,288.852,10565
2021-09-24 11:35:00,288.842,288.842,288.624,288.718,9557
2021-09-24 11:40:00,288.693,288.763,288.486,288.723,7764
2021-09-24 11:45:00,288.723,288.871,288.674,288.713,4767
2021-09-24 11:50:00,288.703,288.753,288.565,288.639,6207
2021-09-24 11:55:00,288.683,289.035,288.683,288.921,5648
2021-09-24 12:00:00,288.812,288.812,288.555,288.604,2153
2021-09-24 12:05:00,288.505,288.505,288.199,288.426,5366
2021-09-24 12:10:00,288.509,288.525,288.509,288.51,656
2021-09-24 12:15:00,288.362,288.693,288.337,288.674,5828
2021-09-24 12:20:00,288.648,288.648,288.456,288.624,4544
2021-09-24 12:25:00,288.624,288.723,288.624,288.659,7104
2021-09-24 12:30:00,288.664,288.753,288.614,288.674,6583
2021-09-24 12:35:00,288.713,288.98,288.713,288.95,6919
2021-09-24 12:40:00,288.98,289.129,288.97,288.974,4826
2021-09-24 12:45:00,289.01,289.247,289.01,289.237,4166
2021-09-24 12:50:00,289.099,289.099,288.97,288.99,3752
2021-09-24 12:55:00,289.01,289.01,288.664,288.797,6079
2021-09-24 13:00:00,288.723,288.921,288.525,288.921,4102
2021-09-24 13:05:00,288.881,288.911,288.802,288.802,2571
2021-09-24 13:10:00,288.77,288.77,288.545,288.545,2200
2021-09-24 13:15:00,288.466,288.703,288.466,288.644,3972
2021-09-24 13:20:00,288.664,288.733,288.486,288.605,4143
2021-09-24 13:25:00,288.594,288.713,288.525,288.683,3318
2021-09-24 13:30:00,288.565,288.743,288.476,288.743,4725
2021-09-24 13:35:00,288.634,288.683,288.486,288.683,6157
2021-09-24 13:40:00,288.644,288.743,288.585,288.727,3784
2021-09-24 13:45:00,288.683,288.703,288.515,288.618,4217
2021-09-24 13:50:00,288.684,288.743,288.565,288.743,3857
2021-09-24 13:55:00,288.703,288.703,288.456,288.456,11697
2021-09-24 14:00:00,288.55,288.713,288.55,288.594,4526
2021-09-24 14:05:00,288.545,288.842,288.515,288.782,6104
2021-09-24 14:10:00,288.753,288.753,288.614,288.664,2210
2021-09-24 14:15:00,288.624,288.733,288.624,288.654,2496
2021-09-24 14:20:00,288.634,288.679,288.53,288.53,5126
2021-09-24 14:25:00,288.53,288.594,288.436,288.558,4535
2021-09-24 14:30:00,288.604,288.792,288.525,288.792,4942
2021-09-24 14:35:00,288.758,288.901,288.733,288.901,3965
2021-09-24 14:40:00,288.901,288.909,288.812,288.822,2762
2021-09-24 14:45:00,288.719,288.772,288.674,288.683,3497
2021-09-24 14:50:00,288.639,288.698,288.634,288.634,4394
2021-09-24 14:55:00,288.654,288.891,288.654,288.881,5041
2021-09-24 15:00:00,288.782,289.01,288.763,289.01,5829
2021-09-24 15:05:00,289.02,289.069,288.97,289.069,3371
2021-09-24 15:10:00,289.01,289.02,288.931,289.0,7244
2021-09-24 15:15:00,288.99,289.079,288.99,289.01,4845
2021-09-24 15:20:00,289.0,289.069,288.98,289.0,5948
2021-09-24 15:25:00,288.96,289.148,288.931,289.089,5456
2021-09-24 15:30:00,288.98,288.98,288.822,288.822,7039
2021-09-24 15:35:00,288.832,289.02,288.807,288.911,11712
2021-09-24 15:40:00,288.931,289.069,288.891,288.99,16559
2021-09-24 15:45:00,289.049,289.188,288.921,289.188,11725
2021-09-24 15:50:00,289.178,289.504,289.138,289.321,15068
2021-09-24 15:55:00,289.277,289.386,289.03,289.049,19243
2021-09-24 16:00:00,289.039,289.039,288.486,288.594,53857
2021-09-24 16:05:00,288.565,288.565,288.565,288.565,8104
2021-09-27 09:35:00,286.755,287.838,286.617,286.879,26783
2021-09-27 09:40:00,287.2,287.418,285.934,285.934,12748
2021-09-27 09:45:00,286.142,286.958,285.766,286.958,6364
2021-09-27 09:50:00,286.913,286.913,285.756,285.756,6748
2021-09-27 09:55:00,285.855,286.602,285.687,286.602,11368
2021-09-27 10:00:00,286.696,286.725,286.143,286.172,6207
2021-09-27 10:05:00,286.28,286.518,286.007,286.007,8646
2021-09-27 10:10:00,286.251,286.963,286.033,286.755,15450
2021-09-27 10:15:00,287.141,287.259,286.963,287.259,6607
2021-09-27 10:20:00,287.106,287.218,286.755,287.126,7976
2021-09-27 10:25:00,287.23,287.264,286.617,287.062,7196
2021-09-27 10:30:00,287.002,287.22,286.854,287.22,8788
2021-09-27 10:35:00,287.23,287.675,287.23,287.551,8814
2021-09-27 10:40:00,287.467,287.803,287.329,287.803,11041
2021-09-27 10:45:00,287.823,288.13,287.556,287.556,4423
2021-09-27 10:50:00,287.517,287.531,286.834,287.185,14471
2021-09-27 10:55:00,287.21,287.22,286.814,286.814,6741
2021-09-27 11:00:00,286.795,287.195,286.577,287.185,12915
2021-09-27 11:05:00,287.269,287.829,287.269,287.779,3936
2021-09-27 11:10:00,287.774,287.922,287.368,287.378,7401
2021-09-27 11:15:00,287.21,287.517,287.151,287.507,9285
2021-09-27 11:20:00,287.348,287.457,287.089,287.22,8336
2021-09-27 11:25:00,287.185,287.408,287.141,287.319,5731
2021-09-27 11:30:00,287.428,287.576,287.205,287.418,5991
2021-09-27 11:35:00,287.452,287.452,286.973,286.983,16381
2021-09-27 11:40:00,286.983,287.101,286.785,286.785,8788
2021-09-27 11:45:00,286.879,286.879,286.587,286.735,2264
2021-09-27 11:50:00,286.686,286.725,286.389,286.557,4196
2021-09-27 11:55:00,286.567,286.646,286.157,286.172,9719
2021-09-27 12:00:00,286.172,286.172,286.043,286.112,2866
2021-09-27 12:05:00,286.122,286.177,285.875,285.875,7968
2021-09-27 12:10:00,285.954,286.033,285.924,285.924,2537
2021-09-27 12:15:00,285.727,285.826,285.677,285.826,4210
2021-09-27 12:20:00,285.717,285.845,285.578,285.845,4788
2021-09-27 12:25:00,285.919,285.919,285.687,285.697,3428
2021-09-27 12:30:00,285.786,285.786,285.479,285.544,12864
2021-09-27 12:35:00,285.649,285.649,285.385,285.385,3754
2021-09-27 12:40:00,285.341,285.341,285.168,285.178,3967
2021-09-27 12:45:00,285.153,285.282,285.015,285.015,4762
2021-09-27 12:50:00,284.995,284.995,284.51,284.619,6861
2021-09-27 12:55:00,284.589,284.728,284.589,284.708,1803
2021-09-27 13:00:00,284.639,284.807,284.639,284.673,4405
2021-09-27 13:05:00,284.738,284.906,284.678,284.906,1024
2021-09-27 13:10:00,284.955,284.965,284.891,284.955,2368
2021-09-27 13:15:00,284.955,285.044,284.861,284.861,4021
2021-09-27 13:20:00,284.886,284.945,284.886,284.909,3135
2021-09-27 13:25:00,284.955,285.099,284.926,285.005,4124
2021-09-27 13:30:00,285.02,285.222,285.02,285.133,6879
2021-09-27 13:35:00,285.168,285.351,285.074,285.232,4937
2021-09-27 13:40:00,285.173,285.331,285.173,285.222,4765
2021-09-27 13:45:00,285.282,285.4,285.232,285.311,6561
2021-09-27 13:50:00,285.316,285.479,285.301,285.351,5427
2021-09-27 13:55:00,285.376,285.4,285.118,285.118,13265
2021-09-27 14:00:00,285.133,285.445,285.133,285.351,3755
2021-09-27 14:05:00,285.45,285.45,285.173,285.232,3241
2021-09-27 14:10:00,285.321,285.321,285.054,285.054,4098
2021-09-27 14:15:00,285.064,285.371,285.064,285.371,7729
2021-09-27 14:20:00,285.45,285.539,285.341,285.539,2463
2021-09-27 14:25:00,285.4,285.438,285.232,285.232,4214
2021-09-27 14:30:00,285.232,285.351,285.193,285.311,3596
2021-09-27 14:35:00,285.381,285.44,285.292,285.381,5337
2021-09-27 14:40:00,285.31,285.519,285.31,285.489,10843
2021-09-27 14:45:00,285.489,285.519,285.39,285.46,5339
2021-09-27 14:50:00,285.47,285.588,285.4,285.45,15590
2021-09-27 14:55:00,285.4,285.539,285.321,285.321,6651
2021-09-27 15:00:00,285.363,285.45,285.094,285.114,6652
2021-09-27 15:05:00,285.064,285.261,285.034,285.133,6827
2021-09-27 15:10:00,285.133,285.133,285.094,285.104,2757
2021-09-27 15:15:00,285.133,285.305,285.123,285.156,4857
2021-09-27 15:20:00,285.112,285.331,285.099,285.272,5984
2021-09-27 15:25:00,285.198,285.198,285.025,285.025,2968
2021-09-27 15:30:00,284.945,284.945,284.609,284.619,7017
2021-09-27 15:35:00,284.619,284.619,284.342,284.49,8142
2021-09-27 15:40:00,284.52,284.821,284.52,284.762,5666
2021-09-27 15:45:00,284.866,285.054,284.659,284.807,17053
2021-09-27 15:50:00,284.876,284.876,284.659,284.698,10575
2021-09-27 15:55:00,284.659,284.659,284.273,284.362,50831
2021-09-27 16:00:00,284.372,284.5,284.263,284.49,69120
2021-09-27 16:05:00,284.421,284.421,284.421,284.421,24376
2021-09-28 07:30:00,282.829,282.829,282.829,282.829,300
2021-09-28 09:35:00,282.562,283.284,281.138,281.138,39151
2021-09-28 09:40:00,281.296,281.603,280.134,280.901,15352
2021-09-28 09:45:00,280.812,282.112,280.525,281.939,18260
2021-09-28 09:50:00,281.959,282.065,281.277,281.558,21903
2021-09-28 09:55:00,281.425,281.464,280.476,280.624,18326
2021-09-28 10:00:00,280.594,280.594,279.941,280.307,37555
2021-09-28 10:05:00,280.189,280.317,279.071,279.679,31361
2021-09-28 10:10:00,279.556,279.778,279.378,279.556,16275
2021-09-28 10:15:00,279.797,279.797,278.636,278.834,15043
2021-09-28 10:20:00,278.849,278.962,278.127,278.745,24414
2021-09-28 10:25:00,278.676,279.437,278.092,279.437,15218
2021-09-28 10:30:00,279.388,279.437,278.725,279.18,16273
2021-09-28 10:35:00,279.099,279.15,278.488,278.705,15211
2021-09-28 10:40:00,278.814,279.754,278.557,279.467,21638
2021-09-28 10:45:00,279.427,279.556,278.982,279.328,20163
2021-09-28 10:50:00,279.477,280.031,279.477,279.605,10277
2021-09-28 10:55:00,279.754,280.129,279.585,279.585,11206
2021-09-28 11:00:00,279.437,279.734,278.873,279.353,10288
2021-09-28 11:05:00,279.724,279.724,279.309,279.338,8787
2021-09-28 11:10:00,279.309,279.744,279.2,279.566,10709
2021-09-28 11:15:00,279.665,279.971,279.665,279.902,16879
2021-09-28 11:20:00,279.803,279.843,279.19,279.635,10298
2021-09-28 11:25:00,279.516,279.966,279.388,279.477,8899
2021-09-28 11:30:00,279.407,279.605,279.21,279.447,9243
2021-09-28 11:35:00,279.407,279.546,279.185,279.273,8730
2021-09-28 11:40:00,279.111,279.279,278.725,279.002,11187
2021-09-28 11:45:00,278.913,278.913,278.582,278.582,5020
2021-09-28 11:50:00,278.834,278.834,278.587,278.626,6165
2021-09-28 11:55:00,278.547,278.567,278.127,278.218,10604
2021-09-28 12:00:00,278.216,278.433,278.122,278.433,5822
2021-09-28 12:05:00,278.369,278.369,277.588,277.588,9209
2021-09-28 12:10:00,277.583,277.899,277.558,277.647,17300
2021-09-28 12:15:00,277.618,277.805,277.598,277.805,17774
2021-09-28 12:20:00,277.805,278.028,277.776,277.875,10446
2021-09-28 12:25:00,277.855,278.043,277.301,277.697,21558
2021-09-28 12:30:00,277.687,277.805,277.499,277.509,7888
2021-09-28 12:35:00,277.44,277.509,277.311,277.415,7739
2021-09-28 12:40:00,277.42,277.42,276.599,276.688,25327
2021-09-28 12:45:00,276.658,276.965,276.609,276.846,12477
2021-09-28 12:50:00,276.797,276.935,276.562,276.715,10298
2021-09-28 12:55:00,276.747,277.252,276.658,277.059,9946
2021-09-28 13:00:00,277.093,277.262,276.688,276.787,13462
2021-09-28 13:05:00,276.747,276.77,276.362,276.372,27749
2021-09-28 13:10:00,276.362,276.376,275.788,275.788,32385
2021-09-28 13:15:00,275.867,275.996,275.758,275.966,17754
2021-09-28 13:20:00,275.976,276.51,275.768,276.51,27409
2021-09-28 13:25:00,276.456,276.658,276.283,276.579,12464
2021-09-28 13:30:00,276.668,276.906,276.08,276.32,17743
2021-09-28 13:35:00,276.263,276.451,276.174,276.406,8363
2021-09-28 13:40:00,276.421,277.038,276.292,276.915,9023
2021-09-28 13:45:00,276.925,276.925,276.441,276.53,24009
2021-09-28 13:50:00,276.545,276.545,276.164,276.342,15879
2021-09-28 13:55:00,276.263,276.391,276.075,276.075,9523
2021-09-28 14:00:00,276.213,276.431,276.164,276.203,7397
2021-09-28 14:05:00,276.194,276.332,276.035,276.035,8875
2021-09-28 14:10:00,276.045,276.317,276.016,276.016,8112
2021-09-28 14:15:00,275.991,275.991,275.61,275.739,12640
2021-09-28 14:20:00,275.798,276.253,275.744,276.154,10020
2021-09-28 14:25:00,276.302,276.609,276.194,276.55,10139
2021-09-28 14:30:00,276.639,276.767,276.416,276.747,8109
2021-09-28 14:35:00,276.752,276.752,276.441,276.441,8692
2021-09-28 14:40:00,276.391,276.648,276.233,276.55,16779
2021-09-28 14:45:00,276.51,277.014,276.51,276.95,9695
2021-09-28 14:50:00,277.084,277.529,277.054,277.365,15751
2021-09-28 14:55:00,277.43,277.43,277.202,277.202,18097
2021-09-28 15:00:00,277.271,277.786,277.242,277.519,17677
2021-09-28 15:05:00,277.514,278.053,277.449,278.053,12593
2021-09-28 15:10:00,277.894,278.072,277.835,277.983,22349
2021-09-28 15:15:00,278.043,278.082,277.756,277.805,13915
2021-09-28 15:20:00,277.796,277.924,277.558,277.627,13457
2021-09-28 15:25:00,277.667,278.033,277.519,277.519,16208
2021-09-28 15:30:00,277.459,277.479,276.975,276.985,16342
2021-09-28 15:35:00,276.965,277.42,276.866,277.42,22403
2021-09-28 15:40:00,277.37,277.983,277.291,277.519,18617
2021-09-28 15:45:00,277.394,277.657,277.014,277.088,28229
2021-09-28 15:50:00,277.182,277.311,276.352,276.352,27332
2021-09-28 15:55:00,276.451,276.995,276.416,276.683,58125
2021-09-28 16:00:00,276.787,276.876,276.184,276.381,136907
2021-09-28 16:05:00,276.52,276.52,276.52,276.52,11110
2021-09-28 16:10:00,274.572,274.938,269.756,269.756,2822
2021-09-28 16:20:00,266.888,267.007,265.859,265.859,992
2021-09-28 16:25:00,266.848,266.848,265.899,266.018,2491
2021-09-28 16:30:00,267.007,267.007,266.957,267.007,2232
2021-09-28 16:35:00,267.007,267.007,267.007,267.007,1860
2021-09-28 16:45:00,265.137,266.908,265.137,266.908,265
2021-09-28 19:30:00,266.166,266.166,266.116,266.116,240
2021-09-28 19:45:00,266.908,266.908,266.908,266.908,112
2021-09-28 20:00:00,266.908,266.908,266.908,266.908,189
2021-09-29 07:10:00,270.952,270.952,270.952,270.952,110
2021-09-29 08:25:00,270.962,271.091,270.962,271.071,728
2021-09-29 08:40:00,270.982,271.16,270.962,270.962,1881
2021-09-29 09:10:00,267.244,267.244,267.244,267.244,429
2021-09-29 09:15:00,267.194,267.194,267.194,267.194,212
2021-09-29 09:20:00,269.973,270.764,269.973,270.764,1106
2021-09-29 09:30:00,269.973,270.141,268.984,270.141,1825
2021-09-29 09:35:00,270.428,272.673,268.997,270.913,203424
2021-09-29 09:40:00,270.913,272.465,270.665,271.318,95609
2021-09-29 09:45:00,271.353,274.532,271.239,273.721,63253
2021-09-29 09:50:00,273.731,274.611,273.711,274.018,67822
2021-09-29 09:55:00,273.85,275.027,273.543,274.819,42127
2021-09-29 10:00:00,274.918,277.346,274.918,276.955,59037
2021-09-29 10:05:00,276.797,279.279,276.767,278.686,72927
2021-09-29 10:10:00,278.626,278.646,277.044,278.102,36183
2021-09-29 10:15:00,278.3,278.527,277.904,278.389,25860
2021-09-29 10:20:00,278.686,279.071,278.448,278.458,40699
2021-09-29 10:25:00,278.542,279.091,278.3,278.745,32527
2021-09-29 10:30:00,278.864,280.12,278.824,279.922,44791
2021-09-29 10:35:00,279.808,280.644,279.783,280.48,53147
2021-09-29 10:40:00,280.416,281.128,280.332,280.594,41949
2021-09-29 10:45:00,280.624,281.168,280.545,280.95,38093
2021-09-29 10:50:00,281.039,281.049,280.194,280.802,40530
2021-09-29 10:55:00,280.743,280.861,280.337,280.723,57163
2021-09-29 11:00:00,280.683,281.692,280.654,281.069,33771
2021-09-29 11:05:00,281.148,281.89,281.079,281.781,52394
2021-09-29 11:10:00,281.87,282.216,281.652,282.152,55182
2021-09-29 11:15:00,282.068,282.295,281.539,281.702,41676
2021-09-29 11:20:00,281.672,281.712,281.227,281.613,49995
2021-09-29 11:25:00,281.613,281.731,281.097,281.489,32184
2021-09-29 11:30:00,281.603,281.958,281.158,281.296,42031
2021-09-29 11:35:00,281.212,281.757,280.95,281.494,26491
2021-09-29 11:40:00,281.356,281.474,281.029,281.158,24066
2021-09-29 11:45:00,281.158,281.217,280.782,281.005,15973
2021-09-29 11:50:00,281.01,281.168,280.851,281.049,22722
2021-09-29 11:55:00,280.99,281.247,280.911,280.935,17775
2021-09-29 12:00:00,280.911,280.98,280.248,280.476,24937
2021-09-29 12:05:00,280.377,280.495,279.941,280.223,14738
2021-09-29 12:10:00,280.169,280.525,280.169,280.525,16985
2021-09-29 12:15:00,280.431,280.644,280.233,280.233,11891
2021-09-29 12:20:00,280.268,280.738,280.045,280.738,13625
2021-09-29 12:25:00,280.752,280.802,280.466,280.802,10612
2021-09-29 12:30:00,280.703,280.97,280.673,280.921,14562
2021-09-29 12:35:00,280.871,281.108,280.782,281.049,19940
2021-09-29 12:40:00,280.901,280.95,280.535,280.861,10829
2021-09-29 12:45:00,280.881,281.089,280.802,281.01,13178
2021-09-29 12:50:00,281.012,281.029,280.693,280.733,8221
2021-09-29 12:55:00,280.733,281.049,280.733,280.99,11954
2021-09-29 13:00:00,281.0,281.049,280.747,281.039,12055
2021-09-29 13:05:00,280.96,281.049,280.871,280.911,9892
2021-09-29 13:10:00,280.901,281.138,280.871,281.019,15214
2021-09-29 13:15:00,280.841,281.01,280.317,280.414,11856
2021-09-29 13:20:00,280.411,280.94,280.288,280.861,22275
2021-09-29 13:25:00,280.95,281.207,280.703,281.207,47772
2021-09-29 13:30:00,281.079,281.079,280.629,280.782,19592
2021-09-29 13:35:00,280.743,280.752,280.05,280.105,18154
2021-09-29 13:40:00,280.105,280.298,279.941,280.199,34667
2021-09-29 13:45:00,280.115,280.634,280.115,280.555,14663
2021-09-29 13:50:00,280.307,280.832,280.307,280.738,9547
2021-09-29 13:55:00,280.738,280.891,280.554,280.891,10452
2021-09-29 14:00:00,280.822,280.851,280.555,280.792,8192
2021-09-29 14:05:00,280.743,280.93,280.713,280.851,7488
2021-09-29 14:10:00,280.901,281.108,280.886,281.0,8669
2021-09-29 14:15:00,281.01,281.504,281.01,281.499,12290
2021-09-29 14:20:00,281.425,281.445,281.039,281.039,18939
2021-09-29 14:25:00,281.069,281.108,280.733,280.733,6130
2021-09-29 14:30:00,280.743,280.752,280.486,280.594,4618
2021-09-29 14:35:00,280.594,280.762,280.515,280.515,11929
2021-09-29 14:40:00,280.565,280.654,280.436,280.436,8493
2021-09-29 14:45:00,280.426,280.604,280.288,280.476,12058
2021-09-29 14:50:00,280.505,280.574,280.209,280.307,7932
2021-09-29 14:55:00,280.307,280.367,280.031,280.298,12112
2021-09-29 15:00:00,280.159,280.238,279.813,279.833,8829
2021-09-29 15:05:00,279.941,280.001,279.496,279.496,14448
2021-09-29 15:10:00,279.487,279.585,279.358,279.511,16086
2021-09-29 15:15:00,279.546,279.684,279.328,279.457,14334
2021-09-29 15:20:00,279.358,279.496,279.131,279.131,12422
2021-09-29 15:25:00,279.101,279.506,278.923,279.427,23917
2021-09-29 15:30:00,279.388,280.228,279.388,280.031,52628
2021-09-29 15:35:00,279.971,280.021,279.754,279.912,22816
2021-09-29 15:40:00,279.803,279.991,279.734,279.734,29408
2021-09-29 15:45:00,279.699,279.699,279.506,279.571,26702
2021-09-29 15:50:00,279.571,279.862,279.516,279.778,41848
2021-09-29 15:55:00,279.714,279.773,279.229,279.229,74362
2021-09-29 16:00:00,279.19,279.457,279.002,279.18,130256
2021-09-29 16:05:00,279.131,279.131,279.131,279.131,15062
2021-09-30 09:30:00,278.992,278.992,278.982,278.982,300
2021-09-30 09:35:00,280.159,281.019,279.299,279.299,23547
2021-09-30 09:40:00,279.299,279.407,278.537,279.101,23296
2021-09-30 09:45:00,278.933,280.466,278.903,280.436,19286
2021-09-30 09:50:00,280.466,280.609,279.032,279.348,18950
2021-09-30 09:55:00,279.407,279.516,279.182,279.358,2790
2021-09-30 10:00:00,280.139,280.743,280.139,280.342,16901
2021-09-30 10:05:00,280.317,280.762,280.139,280.762,15424
2021-09-30 10:10:00,280.841,281.049,280.792,280.891,19537
2021-09-30 10:15:00,280.97,280.97,279.061,279.061,9362
2021-09-30 10:20:00,279.269,280.129,279.269,280.09,10144
2021-09-30 10:25:00,280.09,280.09,279.19,279.19,13109
2021-09-30 10:30:00,279.328,279.744,278.962,279.566,9960
2021-09-30 10:35:00,279.516,279.793,279.358,279.754,13308
2021-09-30 10:40:00,279.709,279.793,279.145,279.22,15894
2021-09-30 10:45:00,279.061,279.061,278.557,278.686,11012
2021-09-30 10:50:00,278.557,278.883,278.438,278.765,21090
2021-09-30 10:55:00,278.78,278.794,278.349,278.359,12722
2021-09-30 11:00:00,278.033,278.537,277.627,278.537,23900
2021-09-30 11:05:00,278.399,278.765,278.28,278.765,9799
2021-09-30 11:10:00,278.577,278.784,278.28,278.33,12014
2021-09-30 11:15:00,278.29,278.468,278.201,278.427,8225
2021-09-30 11:20:00,278.399,278.597,278.379,278.379,7935
2021-09-30 11:25:00,278.379,278.379,277.845,277.905,8207
2021-09-30 11:30:00,277.871,278.161,277.726,278.112,15275
2021-09-30 11:35:00,278.043,278.29,277.687,277.697,14533
2021-09-30 11:40:00,277.548,277.746,277.36,277.578,9225
2021-09-30 11:45:00,277.578,277.647,277.242,277.44,9763
2021-09-30 11:50:00,277.499,277.499,276.757,276.945,10481
2021-09-30 11:55:00,277.064,277.182,276.817,276.965,10739
2021-09-30 12:00:00,277.084,277.163,276.673,277.163,12748
2021-09-30 12:05:00,277.123,277.331,276.814,276.814,17237
2021-09-30 12:10:00,276.925,276.935,276.352,276.352,10295
2021-09-30 12:15:00,276.362,276.49,275.679,276.49,17168
2021-09-30 12:20:00,276.362,276.985,276.194,276.985,31863
2021-09-30 12:25:00,277.014,277.182,276.881,276.891,13791
2021-09-30 12:30:00,276.995,277.301,276.985,277.242,6878
2021-09-30 12:35:00,277.093,277.311,276.856,277.311,11085
2021-09-30 12:40:00,277.252,277.757,277.222,277.538,13060
2021-09-30 12:45:00,277.499,277.499,277.192,277.421,9791
2021-09-30 12:50:00,277.37,277.786,277.321,277.637,39952
2021-09-30 12:55:00,277.588,277.766,277.519,277.642,9418
2021-09-30 13:00:00,277.652,277.756,277.509,277.756,11956
2021-09-30 13:05:00,277.815,277.855,277.608,277.657,17042
2021-09-30 13:10:00,277.796,278.072,277.716,277.939,21762
2021-09-30 13:15:00,278.028,278.102,277.489,277.489,15012
2021-09-30 13:20:00,277.558,277.894,277.538,277.875,7717
2021-09-30 13:25:00,277.894,278.171,277.885,277.944,11619
2021-09-30 13:30:00,278.033,278.092,277.796,278.028,32654
2021-09-30 13:35:00,278.053,278.176,277.964,278.071,12404
2021-09-30 13:40:00,278.003,278.626,278.003,278.428,12166
2021-09-30 13:45:00,278.428,278.438,278.112,278.271,9397
2021-09-30 13:50:00,278.27,278.31,277.885,278.112,32753
2021-09-30 13:55:00,278.132,278.493,277.766,278.493,38239
2021-09-30 14:00:00,278.419,278.972,278.379,278.972,14262
2021-09-30 14:05:00,278.933,279.398,278.883,279.398,20607
2021-09-30 14:10:00,279.378,279.576,278.962,279.091,35658
2021-09-30 14:15:00,279.012,279.012,278.616,278.74,18611
2021-09-30 14:20:00,278.789,278.789,278.053,278.053,9192
2021-09-30 14:25:00,278.023,278.428,278.023,278.354,12994
2021-09-30 14:30:00,278.349,278.725,278.3,278.725,11020
2021-09-30 14:35:00,278.691,279.061,278.666,279.047,12715
2021-09-30 14:40:00,279.047,279.071,278.913,278.962,10451
2021-09-30 14:45:00,278.913,279.457,278.913,279.309,9325
2021-09-30 14:50:00,279.328,279.328,279.16,279.18,6587
2021-09-30 14:55:00,279.348,279.546,279.085,279.091,8610
2021-09-30 15:00:00,279.002,279.314,278.844,279.185,16852
2021-09-30 15:05:00,279.185,279.526,279.18,279.309,19321
2021-09-30 15:10:00,279.272,279.506,279.16,279.318,8007
2021-09-30 15:15:00,279.318,279.665,279.309,279.536,12827
2021-09-30 15:20:00,279.665,279.823,279.536,279.536,11187
2021-09-30 15:25:00,279.531,279.531,279.18,279.18,15626
2021-09-30 15:30:00,279.229,279.338,278.923,279.042,15687
2021-09-30 15:35:00,279.042,279.59,279.012,279.506,24587
2021-09-30 15:40:00,279.506,279.536,279.042,279.091,31515
2021-09-30 15:45:00,279.126,279.239,278.755,278.765,35957
2021-09-30 15:50:00,278.775,278.775,277.766,277.766,25215
2021-09-30 15:55:00,277.667,277.736,276.945,277.143,50209
2021-09-30 16:00:00,277.153,277.153,276.53,276.629,133419
2021-09-30 16:05:00,276.629,276.629,276.629,276.629,20774
2021-09-30 16:10:00,276.629,276.629,276.629,276.629,11536
2021-10-01 09:35:00,277.667,281.069,277.133,280.159,51529
2021-10-01 09:40:00,279.862,281.237,279.763,280.146,31106
2021-10-01 09:45:00,280.169,280.743,279.16,279.902,23774
2021-10-01 09:50:00,279.912,279.932,279.17,279.813,9773
2021-10-01 09:55:00,279.783,279.862,278.063,278.478,17747
2021-10-01 10:00:00,278.3,278.913,278.27,278.883,16008
2021-10-01 10:05:00,278.883,279.17,277.637,277.637,22520
2021-10-01 10:10:00,277.698,279.071,277.499,279.032,12801
2021-10-01 10:15:00,279.21,279.21,278.339,278.339,18710
2021-10-01 10:20:00,277.815,278.191,277.716,278.132,10477
2021-10-01 10:25:00,277.855,278.053,277.538,277.805,17850
2021-10-01 10:30:00,277.618,278.399,277.485,277.746,26980
2021-10-01 10:35:00,277.642,278.26,277.642,277.954,12790
2021-10-01 10:40:00,277.914,278.468,277.835,278.359,19917
2021-10-01 10:45:00,278.399,279.21,278.32,279.21,27005
2021-10-01 10:50:00,279.19,279.388,278.686,279.269,24293
2021-10-01 10:55:00,279.388,279.417,278.824,278.972,16424
2021-10-01 11:00:00,279.051,279.635,278.953,279.452,15589
2021-10-01 11:05:00,279.358,279.971,279.165,279.309,13189
2021-10-01 11:10:00,279.383,279.477,279.012,279.19,13277
2021-10-01 11:15:00,279.249,280.614,279.121,280.614,9760
2021-10-01 11:20:00,280.624,281.781,280.624,281.375,21455
2021-10-01 11:25:00,281.237,281.563,280.891,281.188,16802
2021-10-01 11:30:00,281.168,281.83,281.069,281.751,25048
2021-10-01 11:35:00,281.608,282.394,281.553,282.27,23096
2021-10-01 11:40:00,282.127,282.799,281.801,282.72,17921
2021-10-01 11:45:00,282.562,282.641,282.226,282.305,13281
2021-10-01 11:50:00,282.325,282.75,282.325,282.73,9279
2021-10-01 11:55:00,282.631,282.74,281.998,282.74,13545
2021-10-01 12:00:00,282.542,282.602,282.305,282.602,14452
2021-10-01 12:05:00,282.691,283.205,281.984,281.984,30075
2021-10-01 12:10:00,282.063,282.73,281.642,282.73,18009
2021-10-01 12:15:00,282.73,282.898,282.384,282.384,15154
2021-10-01 12:20:00,282.345,282.483,282.048,282.315,9510
2021-10-01 12:25:00,282.345,283.042,282.345,282.854,19175
2021-10-01 12:30:00,282.73,282.888,282.453,282.473,12456
2021-10-01 12:35:00,282.453,283.066,282.404,283.066,12007
2021-10-01 12:40:00,283.076,283.294,282.631,282.849,8887
2021-10-01 12:45:00,282.78,283.096,282.73,282.73,12152
2021-10-01 12:50:00,282.621,283.027,282.592,283.027,8972
2021-10-01 12:55:00,283.047,283.432,282.948,283.393,15248
2021-10-01 13:00:00,283.294,283.462,283.066,283.264,20744
2021-10-01 13:05:00,283.215,283.709,282.968,283.526,14267
2021-10-01 13:10:00,283.581,284.223,283.531,284.184,30103
2021-10-01 13:15:00,284.194,284.342,283.989,284.134,20225
2021-10-01 13:20:00,283.986,284.036,283.601,283.749,14693
2021-10-01 13:25:00,283.867,284.134,283.808,284.055,14315
2021-10-01 13:30:00,284.021,284.392,284.016,284.144,18443
2021-10-01 13:35:00,284.115,284.52,284.006,284.52,20532
2021-10-01 13:40:00,284.342,284.758,284.253,284.629,19271
2021-10-01 13:45:00,284.584,285.123,284.584,285.044,11626
2021-10-01 13:50:00,285.123,286.004,285.074,285.929,27692
2021-10-01 13:55:00,285.934,286.251,285.717,285.984,25426
2021-10-01 14:00:00,285.845,285.845,285.418,285.559,14757
2021-10-01 14:05:00,285.692,286.379,285.608,286.32,39386
2021-10-01 14:10:00,286.32,286.488,285.994,286.023,21705
2021-10-01 14:15:00,286.023,286.152,285.796,285.895,24570
2021-10-01 14:20:00,285.944,286.172,285.727,286.112,24108
2021-10-01 14:25:00,286.063,286.35,285.806,285.954,29808
2021-10-01 14:30:00,285.895,286.023,284.965,285.272,26984
2021-10-01 14:35:00,285.143,285.45,285.005,285.054,17278
2021-10-01 14:40:00,284.985,285.078,284.273,284.431,14705
2021-10-01 14:45:00,284.382,284.599,284.243,284.332,12898
2021-10-01 14:50:00,284.174,284.253,283.749,283.877,13482
2021-10-01 14:55:00,283.813,283.966,283.778,283.858,12545
2021-10-01 15:00:00,283.927,284.223,283.927,284.125,13161
2021-10-01 15:05:00,284.065,284.481,283.892,284.471,12336
2021-10-01 15:10:00,284.312,284.392,284.075,284.125,11430
2021-10-01 15:15:00,284.088,284.654,284.006,284.654,15537
2021-10-01 15:20:00,284.688,284.777,284.362,284.362,12407
2021-10-01 15:25:00,284.367,284.367,283.887,284.184,18643
2021-10-01 15:30:00,284.164,284.164,283.729,283.769,12508
2021-10-01 15:35:00,283.64,283.739,283.437,283.719,26896
2021-10-01 15:40:00,283.729,283.729,283.146,283.304,30386
2021-10-01 15:45:00,283.314,283.333,282.918,283.175,34895
2021-10-01 15:50:00,283.155,283.284,282.562,282.72,23749
2021-10-01 15:55:00,282.79,283.146,282.374,282.661,53057
2021-10-01 16:00:00,282.701,282.701,281.633,282.068,128721
2021-10-01 16:05:00,281.88,281.88,281.88,281.88,21964
2021-10-01 16:55:00,284.619,284.619,284.619,284.619,1000
2021-10-04 07:20:00,278.883,278.883,278.883,278.883,100
2021-10-04 09:35:00,281.82,284.075,281.059,283.922,27545
2021-10-04 09:40:00,283.739,285.01,283.67,284.837,10147
2021-10-04 09:45:00,285.044,285.044,283.998,284.599,20309
2021-10-04 09:50:00,284.545,285.24,284.451,285.118,22774
2021-10-04 09:55:00,285.193,285.262,284.199,284.708,37171
2021-10-04 10:00:00,284.53,285.096,284.243,285.096,41387
2021-10-04 10:05:00,284.975,285.183,284.154,284.154,27532
2021-10-04 10:10:00,284.273,284.283,283.897,283.947,13437
2021-10-04 10:15:00,284.006,285.47,284.006,285.44,20416
2021-10-04 10:20:00,285.549,285.796,284.777,284.827,24916
2021-10-04 10:25:00,284.916,285.247,283.828,283.858,17496
2021-10-04 10:30:00,283.739,284.125,283.536,283.937,19532
2021-10-04 10:35:00,283.769,284.045,283.442,283.442,21210
2021-10-04 10:40:00,282.671,283.116,282.295,282.532,27819
2021-10-04 10:45:00,282.572,282.819,282.364,282.75,24430
2021-10-04 10:50:00,282.76,282.76,282.27,282.27,17063
2021-10-04 10:55:00,282.364,282.394,282.087,282.175,17097
2021-10-04 11:00:00,282.122,282.315,281.544,281.801,16964
2021-10-04 11:05:00,281.722,282.087,281.613,281.969,10722
2021-10-04 11:10:00,282.053,283.294,281.949,283.076,12422
2021-10-04 11:15:00,283.076,283.284,282.968,283.22,7276
2021-10-04 11:20:00,283.185,283.388,282.888,283.304,9978
2021-10-04 11:25:00,283.195,283.195,282.107,282.117,9905
2021-10-04 11:30:00,282.364,282.641,282.202,282.612,10582
2021-10-04 11:35:00,282.532,282.582,281.415,281.415,6366
2021-10-04 11:40:00,281.296,281.563,281.197,281.237,14207
2021-10-04 11:45:00,281.227,281.435,280.565,281.435,12488
2021-10-04 11:50:00,281.373,282.167,281.341,281.939,11243
2021-10-04 11:55:00,281.939,281.939,281.479,281.662,7358
2021-10-04 12:00:00,281.662,282.523,281.286,282.434,12481
2021-10-04 12:05:00,282.345,282.552,282.087,282.087,6900
2021-10-04 12:10:00,282.122,282.399,281.949,282.295,6431
2021-10-04 12:15:00,282.374,282.374,282.251,282.251,6623
2021-10-04 12:20:00,281.939,281.959,281.731,281.731,7095
2021-10-04 12:25:00,281.692,281.84,281.573,281.811,7482
2021-10-04 12:30:00,281.82,282.038,281.801,281.974,6699
2021-10-04 12:35:00,281.89,281.989,281.87,281.989,5943
2021-10-04 12:40:00,282.167,282.389,281.84,281.84,10572
2021-10-04 12:45:00,281.87,281.87,281.079,281.123,7068
2021-10-04 12:50:00,281.069,281.197,280.93,281.197,11250
2021-10-04 12:55:00,281.296,281.474,281.039,281.474,6638
2021-10-04 13:00:00,281.534,281.652,281.494,281.593,8842
2021-10-04 13:05:00,281.514,281.514,281.237,281.237,6559
2021-10-04 13:10:00,281.148,281.346,280.911,281.291,9375
2021-10-04 13:15:00,281.237,281.801,281.237,281.801,10519
2021-10-04 13:20:00,281.771,281.781,281.385,281.435,9201
2021-10-04 13:25:00,281.367,281.697,281.227,281.697,8604
2021-10-04 13:30:00,281.633,281.731,281.277,281.425,12191
2021-10-04 13:35:00,281.207,281.84,281.207,281.791,13058
2021-10-04 13:40:00,281.791,281.83,281.455,281.524,10209
2021-10-04 13:45:00,281.514,281.633,281.227,281.633,8228
2021-10-04 13:50:00,281.553,281.717,281.504,281.677,11117
2021-10-04 13:55:00,281.657,281.761,281.415,281.494,11178
2021-10-04 14:00:00,281.435,281.553,281.089,281.207,4035
2021-10-04 14:05:00,281.267,281.587,281.188,281.563,9553
2021-10-04 14:10:00,281.534,281.633,281.346,281.445,6306
2021-10-04 14:15:00,281.331,281.4,280.792,281.178,12823
2021-10-04 14:20:00,281.207,281.692,281.207,281.692,9187
2021-10-04 14:25:00,281.722,282.562,281.722,282.424,16810
2021-10-04 14:30:00,282.335,282.335,282.097,282.246,7801
2021-10-04 14:35:00,282.345,282.592,282.345,282.424,11319
2021-10-04 14:40:00,282.463,282.473,282.107,282.305,7063
2021-10-04 14:45:00,282.246,282.295,281.959,282.018,9374
2021-10-04 14:50:00,282.107,282.839,282.107,282.839,8662
2021-10-04 14:55:00,282.74,282.888,282.691,282.74,10052
2021-10-04 15:00:00,282.809,282.839,282.641,282.73,10015
2021-10-04 15:05:00,282.775,283.146,282.77,283.017,13508
2021-10-04 15:10:00,283.066,283.136,282.567,282.725,8770
2021-10-04 15:15:00,282.453,282.756,282.345,282.661,8605
2021-10-04 15:20:00,282.829,282.859,282.488,282.528,12513
2021-10-04 15:25:00,282.483,282.631,282.236,282.345,13250
2021-10-04 15:30:00,282.394,282.799,282.325,282.71,15913
2021-10-04 15:35:00,282.765,283.175,282.572,283.146,21292
2021-10-04 15:40:00,283.146,283.452,282.75,282.78,30818
2021-10-04 15:45:00,282.78,283.867,282.73,283.788,30464
2021-10-04 15:50:00,283.828,283.848,283.165,283.165,25998
2021-10-04 15:55:00,283.027,283.111,282.073,282.107,51089
2021-10-04 16:00:00,282.176,282.414,281.979,282.137,125553
2021-10-04 16:05:00,282.127,282.127,282.127,282.127,22265
2021-10-05 08:05:00,282.127,282.127,282.127,282.127,104
2021-10-05 09:35:00,282.958,283.867,282.948,283.759,17534
2021-10-05 09:40:00,283.986,284.065,283.126,283.324,12420
2021-10-05 09:45:00,283.126,283.126,281.88,282.107,10368
2021-10-05 09:50:00,281.88,282.973,281.88,282.958,10689
2021-10-05 09:55:00,282.809,283.393,282.799,283.304,9351
2021-10-05 10:00:00,283.551,283.749,282.799,282.819,14505
2021-10-05 10:05:00,282.963,283.699,282.963,283.66,8918
2021-10-05 10:10:00,283.66,284.251,283.63,284.144,9334
2021-10-05 10:15:00,284.075,284.303,283.532,283.788,17073
2021-10-05 10:20:00,283.986,284.026,283.64,283.64,7576
2021-10-05 10:25:00,283.759,284.461,283.759,284.461,8524
2021-10-05 10:30:00,284.481,285.044,284.481,284.965,9888
2021-10-05 10:35:00,285.084,285.272,284.847,285.227,10699
2021-10-05 10:40:00,285.222,285.272,284.767,284.767,14214
2021-10-05 10:45:00,284.847,285.203,284.748,285.104,12015
2021-10-05 10:50:00,285.114,285.826,285.114,285.826,9973
2021-10-05 10:55:00,285.934,286.102,285.816,285.994,16482
2021-10-05 11:00:00,286.132,286.725,286.116,286.725,12801
2021-10-05 11:05:00,286.775,287.002,286.35,286.834,23816
2021-10-05 11:10:00,286.894,287.289,286.874,286.933,12744
2021-10-05 11:15:00,286.992,287.383,286.983,287.348,16323
2021-10-05 11:20:00,287.467,287.561,287.101,287.539,23367
2021-10-05 11:25:00,287.596,287.596,287.22,287.319,15021
2021-10-05 11:30:00,287.319,288.001,287.141,287.675,15607
2021-10-05 11:35:00,287.734,287.882,287.606,287.784,11410
2021-10-05 11:40:00,287.828,288.169,287.754,288.051,14374
2021-10-05 11:45:00,288.021,288.08,287.793,288.051,15302
2021-10-05 11:50:00,288.001,288.08,287.724,287.863,17552
2021-10-05 11:55:00,287.922,288.155,287.754,288.056,12233
2021-10-05 12:00:00,288.13,288.229,287.991,288.179,8534
2021-10-05 12:05:00,288.238,288.604,288.169,288.596,10247
2021-10-05 12:10:00,288.624,289.524,288.614,289.475,18447
2021-10-05 12:15:00,289.544,289.643,289.079,289.079,24176
2021-10-05 12:20:00,288.96,288.97,288.758,288.921,10232
2021-10-05 12:25:00,288.861,288.98,288.683,288.683,18202
2021-10-05 12:30:00,288.614,288.614,287.625,287.625,18661
2021-10-05 12:35:00,287.487,287.581,287.17,287.487,8006
2021-10-05 12:40:00,287.487,287.882,287.428,287.744,10182
2021-10-05 12:45:00,287.803,287.892,287.591,287.724,7973
2021-10-05 12:50:00,287.729,287.863,287.556,287.813,11155
2021-10-05 12:55:00,287.833,287.834,287.517,287.517,5629
2021-10-05 13:00:00,287.596,287.967,287.596,287.897,6937
2021-10-05 13:05:00,287.843,288.125,287.843,288.125,7462
2021-10-05 13:10:00,288.08,288.169,288.001,288.036,14929
2021-10-05 13:15:00,288.011,288.288,287.873,287.873,8890
2021-10-05 13:20:00,287.803,288.12,287.774,288.083,13776
2021-10-05 13:25:00,288.14,288.515,288.14,288.515,7174
2021-10-05 13:30:00,288.56,288.56,288.407,288.515,11482
2021-10-05 13:35:00,288.575,288.95,288.575,288.837,14195
2021-10-05 13:40:00,288.772,289.039,288.634,289.039,10762
2021-10-05 13:45:00,289.01,289.247,288.921,289.129,13572
2021-10-05 13:50:00,289.158,289.183,289.01,289.168,6725
2021-10-05 13:55:00,289.188,289.386,289.148,289.267,11744
2021-10-05 14:00:00,289.247,289.247,288.763,288.881,10777
2021-10-05 14:05:00,288.777,289.119,288.683,289.02,8586
2021-10-05 14:10:00,288.98,289.01,288.674,288.674,5970
2021-10-05 14:15:00,288.649,288.881,288.575,288.753,8603
2021-10-05 14:20:00,288.748,288.92,288.466,288.476,7920
2021-10-05 14:25:00,288.426,288.713,288.387,288.634,10120
2021-10-05 14:30:00,288.713,289.297,288.683,289.297,11555
2021-10-05 14:35:00,289.356,289.574,289.336,289.485,15610
2021-10-05 14:40:00,289.524,289.524,289.158,289.218,9289
2021-10-05 14:45:00,289.208,289.569,289.208,289.336,17086
2021-10-05 14:50:00,289.386,289.415,289.143,289.376,9115
2021-10-05 14:55:00,289.282,289.303,289.079,289.079,8429
2021-10-05 15:00:00,289.089,289.198,288.822,288.822,11809
2021-10-05 15:05:00,288.782,288.812,288.594,288.629,14739
2021-10-05 15:10:00,288.664,288.792,288.624,288.654,17125
2021-10-05 15:15:00,288.733,288.763,288.337,288.624,25532
2021-10-05 15:20:00,288.644,288.763,288.515,288.763,17852
2021-10-05 15:25:00,288.743,288.772,288.644,288.753,14801
2021-10-05 15:30:00,288.763,288.97,288.733,288.881,23058
2021-10-05 15:35:00,288.871,289.208,288.832,289.158,25177
2021-10-05 15:40:00,289.158,289.168,288.674,288.772,35530
2021-10-05 15:45:00,288.743,289.099,288.743,289.099,31616
2021-10-05 15:50:00,289.069,289.069,288.12,288.12,26662
2021-10-05 15:55:00,288.041,288.125,287.808,288.011,35350
2021-10-05 16:00:00,287.912,288.209,287.497,288.14,125879
2021-10-05 16:05:00,288.11,288.11,288.11,288.11,30855
2021-10-06 09:35:00,286.508,287.289,285.826,287.289,17384
2021-10-06 09:40:00,286.622,288.288,286.622,287.635,21705
2021-10-06 09:45:00,287.675,287.744,287.121,287.704,5370
2021-10-06 09:50:00,287.606,287.606,286.844,287.032,13744
2021-10-06 09:55:00,286.953,287.022,285.994,286.379,13186
2021-10-06 10:00:00,286.458,286.577,286.35,286.518,31165
2021-10-06 10:05:00,286.577,286.577,285.143,285.262,29553
2021-10-06 10:10:00,285.311,286.102,284.965,286.063,15021
2021-10-06 10:15:00,285.984,286.636,285.885,286.636,8349
2021-10-06 10:20:00,286.518,286.518,285.163,285.45,18475
2021-10-06 10:25:00,285.687,287.101,285.618,287.101,33897
2021-10-06 10:30:00,287.2,287.22,286.29,286.29,15213
2021-10-06 10:35:00,286.399,287.348,286.399,287.072,19305
2021-10-06 10:40:00,287.17,287.18,286.587,286.676,6213
2021-10-06 10:45:00,286.449,286.498,286.132,286.132,9868
2021-10-06 10:50:00,286.28,286.666,285.974,286.666,9979
2021-10-06 10:55:00,286.577,287.161,286.34,287.081,10146
2021-10-06 11:00:00,287.329,287.596,287.289,287.368,16033
2021-10-06 11:05:00,287.388,287.981,287.319,287.913,19080
2021-10-06 11:10:00,288.021,288.308,287.873,288.219,16835
2021-10-06 11:15:00,288.288,288.604,288.149,288.585,26989
2021-10-06 11:20:00,288.446,288.585,287.803,287.84,18285
2021-10-06 11:25:00,287.957,287.957,287.022,287.022,8504
2021-10-06 11:30:00,287.022,287.022,286.597,286.607,19045
2021-10-06 11:35:00,286.528,286.735,286.132,286.33,21090
2021-10-06 11:40:00,286.35,286.725,286.3,286.498,11323
2021-10-06 11:45:00,286.458,286.458,285.539,285.697,9499
2021-10-06 11:50:00,285.648,285.761,285.222,285.519,10608
2021-10-06 11:55:00,285.529,286.053,285.529,285.959,19246
2021-10-06 12:00:00,286.013,286.404,285.865,286.374,19189
2021-10-06 12:05:00,286.32,286.32,285.173,285.173,16588
2021-10-06 12:10:00,285.143,285.143,284.767,284.767,5613
2021-10-06 12:15:00,284.906,285.262,284.827,285.104,13831
2021-10-06 12:20:00,285.025,285.697,285.025,285.667,22624
2021-10-06 12:25:00,285.628,285.628,285.282,285.524,11318
2021-10-06 12:30:00,285.479,285.732,285.044,285.346,14291
2021-10-06 12:35:00,285.43,285.746,285.43,285.746,9224
2021-10-06 12:40:00,285.806,285.806,285.529,285.766,4976
2021-10-06 12:45:00,285.806,286.102,285.766,286.073,6664
2021-10-06 12:50:00,286.152,286.162,285.756,285.845,7455
2021-10-06 12:55:00,285.766,285.875,285.652,285.652,2187
2021-10-06 13:00:00,285.717,285.88,285.638,285.638,4390
2021-10-06 13:05:00,285.628,285.924,285.628,285.924,7110
2021-10-06 13:10:00,285.934,285.934,285.519,285.578,21314
2021-10-06 13:15:00,285.47,285.687,285.193,285.687,12437
2021-10-06 13:20:00,285.638,285.915,285.638,285.865,6983
2021-10-06 13:25:00,285.934,286.3,285.855,286.246,11465
2021-10-06 13:30:00,286.172,286.577,286.172,286.567,7687
2021-10-06 13:35:00,286.577,287.022,286.518,287.022,9386
2021-10-06 13:40:00,287.032,287.971,287.032,287.971,8123
2021-10-06 13:45:00,287.942,287.952,287.437,287.437,36460
2021-10-06 13:50:00,287.23,287.576,287.23,287.517,8982
2021-10-06 13:55:00,287.457,287.457,287.131,287.18,9983
2021-10-06 14:00:00,287.25,287.813,287.25,287.778,10658
2021-10-06 14:05:00,287.902,288.06,287.665,287.912,13594
2021-10-06 14:10:00,288.09,288.505,287.922,288.505,16471
2021-10-06 14:15:00,288.456,289.465,288.407,289.465,14074
2021-10-06 14:20:00,289.564,289.949,289.564,289.939,15084
2021-10-06 14:25:00,290.078,290.108,289.485,289.554,10957
2021-10-06 14:30:00,289.593,289.791,289.593,289.791,5501
2021-10-06 14:35:00,289.791,289.801,289.326,289.326,9503
2021-10-06 14:40:00,289.425,289.455,289.109,289.227,10025
2021-10-06 14:45:00,289.405,289.742,289.391,289.583,10461
2021-10-06 14:50:00,289.574,289.663,289.257,289.257,7529
2021-10-06 14:55:00,289.277,289.376,288.96,289.287,10073
2021-10-06 15:00:00,289.287,289.366,288.693,288.693,15111
2021-10-06 15:05:00,288.698,288.901,288.525,288.614,8996
2021-10-06 15:10:00,288.683,288.901,288.575,288.717,12700
2021-10-06 15:15:00,288.861,289.534,288.797,289.405,19584
2021-10-06 15:20:00,289.386,289.89,289.381,289.88,13016
2021-10-06 15:25:00,289.86,289.969,289.509,289.613,24749
2021-10-06 15:30:00,289.534,289.808,289.425,289.732,9880
2021-10-06 15:35:00,289.722,290.276,289.722,290.177,22412
2021-10-06 15:40:00,290.216,290.216,289.742,289.89,20589
2021-10-06 15:45:00,289.984,290.315,289.811,290.315,19398
2021-10-06 15:50:00,290.286,290.74,290.028,290.028,29855
2021-10-06 15:55:00,290.177,290.651,290.177,290.414,32252
2021-10-06 16:00:00,290.414,290.681,290.276,290.414,82247
2021-10-06 16:05:00,290.602,290.602,290.602,290.602,21161
2021-10-06 17:00:00,290.74,290.74,290.74,290.74,134
2021-10-07 09:35:00,293.025,294.924,292.629,294.255,47284
2021-10-07 09:40:00,294.488,295.428,294.375,294.745,21385
2021-10-07 09:45:00,294.721,294.721,292.718,292.718,13239
2021-10-07 09:50:00,292.787,293.42,292.6,292.983,17426
2021-10-07 09:55:00,293.272,293.925,292.906,293.391,12464
2021-10-07 10:00:00,293.415,294.429,293.351,294.409,13587
2021-10-07 10:05:00,294.439,294.696,294.142,294.676,19097
2021-10-07 10:10:00,294.765,295.537,294.711,295.487,11482
2021-10-07 10:15:00,295.547,296.278,295.438,296.278,16047
2021-10-07 10:20:00,296.397,296.466,295.937,295.937,19386
2021-10-07 10:25:00,295.932,296.308,295.725,295.729,10948
2021-10-07 10:30:00,295.606,295.654,295.161,295.482,14006
2021-10-07 10:35:00,295.566,295.705,295.06,295.06,26862
2021-10-07 10:40:00,295.042,295.042,293.935,293.935,13593
2021-10-07 10:45:00,294.162,295.003,294.048,294.854,10316
2021-10-07 10:50:00,294.904,295.339,294.716,295.339,11434
2021-10-07 10:55:00,295.349,295.804,295.339,295.645,15017
2021-10-07 11:00:00,295.655,295.883,295.082,295.082,13962
2021-10-07 11:05:00,295.171,295.299,294.943,294.953,21975
2021-10-07 11:10:00,294.884,294.884,294.409,294.409,7265
2021-10-07 11:15:00,294.231,294.231,293.994,294.152,5972
2021-10-07 11:20:00,294.142,294.284,294.073,294.284,7995
2021-10-07 11:25:00,294.231,294.315,293.767,293.767,8003
2021-10-07 11:30:00,293.638,293.638,293.42,293.48,7966
2021-10-07 11:35:00,293.43,293.569,292.896,293.168,35722
2021-10-07 11:40:00,293.282,293.658,293.282,293.569,11396
2021-10-07 11:45:00,293.638,293.915,293.509,293.915,6775
2021-10-07 11:50:00,293.895,293.954,293.747,293.865,7643
2021-10-07 11:55:00,293.938,293.966,293.618,293.836,3290
2021-10-07 12:00:00,293.954,294.063,293.737,293.856,12365
2021-10-07 12:05:00,293.905,294.034,293.687,293.687,3416
2021-10-07 12:10:00,293.638,293.717,293.529,293.618,46768
2021-10-07 12:15:00,293.697,293.697,293.381,293.381,2382
2021-10-07 12:20:00,293.213,293.361,293.025,293.252,9873
2021-10-07 12:25:00,293.232,293.371,293.213,293.213,5235
2021-10-07 12:30:00,293.292,293.668,293.292,293.608,9693
2021-10-07 12:35:00,293.608,293.618,293.173,293.173,6418
2021-10-07 12:40:00,293.143,293.371,293.143,293.371,3532
2021-10-07 12:45:00,293.43,293.509,293.321,293.371,8721
2021-10-07 12:50:00,293.302,293.321,293.015,293.252,8755
2021-10-07 12:55:00,293.307,293.41,293.054,293.054,95506
2021-10-07 13:00:00,293.025,293.46,292.926,293.46,5467
2021-10-07 13:05:00,293.499,293.499,293.302,293.391,4028
2021-10-07 13:10:00,293.47,293.598,293.361,293.598,8149
2021-10-07 13:15:00,293.608,293.767,293.608,293.767,6762
2021-10-07 13:20:00,293.806,294.409,293.806,294.35,10599
2021-10-07 13:25:00,294.35,294.37,293.658,293.658,7009
2021-10-07 13:30:00,293.586,293.786,293.242,293.786,10694
2021-10-07 13:35:00,293.786,293.885,293.549,293.549,12297
2021-10-07 13:40:00,293.415,293.415,293.025,293.025,1863
2021-10-07 13:45:00,293.054,293.371,293.054,293.262,12619
2021-10-07 13:50:00,293.272,293.317,293.064,293.064,7325
2021-10-07 13:55:00,293.025,293.035,292.392,292.797,49286
2021-10-07 14:00:00,292.837,292.946,292.53,292.54,13035
2021-10-07 14:05:00,292.412,292.441,292.066,292.115,9443
2021-10-07 14:10:00,292.125,292.155,291.986,291.986,10343
2021-10-07 14:15:00,291.977,291.977,291.749,291.897,19955
2021-10-07 14:20:00,291.907,291.967,291.749,291.749,14325
2021-10-07 14:25:00,291.7,291.7,291.334,291.443,9697
2021-10-07 14:30:00,291.433,291.477,291.195,291.255,18483
2021-10-07 14:35:00,291.324,291.324,291.077,291.22,7806
2021-10-07 14:40:00,291.166,291.373,291.166,291.245,8535
2021-10-07 14:45:00,291.235,291.413,291.225,291.225,17536
2021-10-07 14:50:00,291.166,291.188,290.938,290.978,12346
2021-10-07 14:55:00,290.909,291.096,290.79,291.047,17131
2021-10-07 15:00:00,291.047,291.176,290.464,290.464,19197
2021-10-07 15:05:00,290.464,290.755,290.345,290.731,11474
2021-10-07 15:10:00,290.79,291.452,290.79,291.373,9541
2021-10-07 15:15:00,291.373,291.373,291.067,291.205,10459
2021-10-07 15:20:00,291.185,291.26,291.017,291.096,11314
2021-10-07 15:25:00,291.111,291.595,291.077,291.561,11313
2021-10-07 15:30:00,291.462,291.63,291.403,291.561,14900
2021-10-07 15:35:00,291.492,291.65,291.067,291.096,20330
2021-10-07 15:40:00,290.958,290.958,290.622,290.676,22190
2021-10-07 15:45:00,290.671,290.948,290.394,290.394,27216
2021-10-07 15:50:00,290.286,290.513,290.127,290.32,24522
2021-10-07 15:55:00,290.157,290.295,289.732,290.216,43886
2021-10-07 16:00:00,290.187,290.582,289.766,290.582,128896
2021-10-07 16:05:00,290.493,290.493,290.493,290.493,14750
2021-10-08 09:35:00,290.493,291.591,290.493,290.553,21567
2021-10-08 09:40:00,289.969,290.691,289.168,289.277,7483
2021-10-08 09:45:00,289.168,289.732,287.962,288.545,26179
2021-10-08 09:50:00,288.288,288.288,287.353,287.546,9559
2021-10-08 09:55:00,287.566,288.446,287.398,287.922,15867
2021-10-08 10:00:00,287.833,287.833,287.042,287.042,22304
2021-10-08 10:05:00,286.864,287.25,286.32,286.32,18403
2021-10-08 10:10:00,286.538,286.874,286.458,286.562,19448
2021-10-08 10:15:00,286.814,286.953,286.023,286.35,11584
2021-10-08 10:20:00,286.221,286.379,285.633,285.633,15105
2021-10-08 10:25:00,285.524,285.534,284.847,285.272,16940
2021-10-08 10:30:00,285.361,285.915,285.361,285.425,18126
2021-10-08 10:35:00,285.4,285.697,285.064,285.064,6053
2021-10-08 10:40:00,285.183,285.479,285.183,285.361,14595
2021-10-08 10:45:00,285.321,285.756,284.965,285.756,10156
2021-10-08 10:50:00,285.845,286.913,285.845,286.29,14903
2021-10-08 10:55:00,286.231,286.854,286.194,286.716,8528
2021-10-08 11:00:00,286.795,287.437,286.795,287.339,9869
2021-10-08 11:05:00,287.22,287.23,286.577,286.735,8888
2021-10-08 11:10:00,286.587,287.368,286.587,287.299,11714
2021-10-08 11:15:00,287.24,287.339,287.18,287.339,2693
2021-10-08 11:20:00,287.526,288.229,287.526,288.229,7998
2021-10-08 11:25:00,288.159,288.298,287.882,287.882,9749
2021-10-08 11:30:00,287.887,288.021,287.625,287.863,24683
2021-10-08 11:35:00,288.06,288.604,288.06,288.466,11322
2021-10-08 11:40:00,288.426,288.426,288.031,288.031,3310
2021-10-08 11:45:00,288.075,288.075,287.823,287.833,7365
2021-10-08 11:50:00,287.843,287.843,287.477,287.536,3187
2021-10-08 11:55:00,287.526,287.724,287.457,287.635,11727
2021-10-08 12:00:00,287.615,287.645,287.002,287.081,5444
2021-10-08 12:05:00,287.022,287.131,286.983,287.022,3990
2021-10-08 12:10:00,287.052,287.437,287.052,287.299,7360
2021-10-08 12:15:00,287.259,287.299,286.864,287.2,3526
2021-10-08 12:20:00,287.23,287.279,286.899,286.899,12254
2021-10-08 12:25:00,286.884,287.19,286.725,287.022,7633
2021-10-08 12:30:00,287.022,287.121,286.439,286.439,8691
2021-10-08 12:35:00,286.35,287.111,286.35,287.111,4988
2021-10-08 12:40:00,287.111,287.121,286.844,286.844,6395
2021-10-08 12:45:00,286.844,287.18,286.844,287.161,19980
2021-10-08 12:50:00,287.141,287.151,286.493,286.538,5224
2021-10-08 12:55:00,286.518,286.824,286.488,286.716,7544
2021-10-08 13:00:00,286.824,286.953,286.498,286.498,12308
2021-10-08 13:05:00,286.483,286.483,286.053,286.132,8496
2021-10-08 13:10:00,286.147,286.182,285.895,285.905,9377
2021-10-08 13:15:00,285.959,286.271,285.959,286.231,11087
2021-10-08 13:20:00,286.231,286.236,285.618,285.618,11977
2021-10-08 13:25:00,285.578,285.727,285.578,285.657,3575
2021-10-08 13:30:00,285.657,286.211,285.657,286.142,8331
2021-10-08 13:35:00,286.102,286.468,285.915,286.449,58647
2021-10-08 13:40:00,286.389,286.389,286.172,286.221,6708
2021-10-08 13:45:00,286.271,286.498,286.271,286.369,10154
2021-10-08 13:50:00,286.384,287.032,286.36,287.032,7343
2021-10-08 13:55:00,287.081,287.081,286.636,286.696,11697
2021-10-08 14:00:00,286.686,287.2,286.686,287.2,7128
2021-10-08 14:05:00,287.2,287.721,287.2,287.645,8520
2021-10-08 14:10:00,287.655,287.704,287.586,287.675,4830
2021-10-08 14:15:00,287.635,287.724,287.447,287.665,11799
2021-10-08 14:20:00,287.695,288.347,287.685,288.248,12883
2021-10-08 14:25:00,288.169,288.515,288.169,288.446,13931
2021-10-08 14:30:00,288.483,288.535,288.229,288.327,3346
2021-10-08 14:35:00,288.288,288.327,287.784,287.902,8626
2021-10-08 14:40:00,287.793,288.021,287.793,288.021,8249
2021-10-08 14:45:00,287.902,288.229,287.902,288.12,8112
2021-10-08 14:50:00,288.08,288.13,287.932,287.942,6426
2021-10-08 14:55:00,287.971,288.041,287.695,287.695,5742
2021-10-08 15:00:00,287.665,287.843,287.596,287.714,9318
2021-10-08 15:05:00,287.744,287.853,287.724,287.798,8869
2021-10-08 15:10:00,287.803,287.912,287.734,287.734,10086
2021-10-08 15:15:00,287.734,287.744,287.556,287.724,6504
2021-10-08 15:20:00,287.635,287.665,287.507,287.645,9499
2021-10-08 15:25:00,287.665,288.065,287.665,288.021,13565
2021-10-08 15:30:00,288.021,288.041,287.902,287.932,8538
2021-10-08 15:35:00,287.932,287.942,287.388,287.388,17647
2021-10-08 15:40:00,287.378,287.546,286.992,287.546,25441
2021-10-08 15:45:00,287.546,287.744,287.24,287.279,26418
2021-10-08 15:50:00,287.284,287.324,286.829,286.834,18560
2021-10-08 15:55:00,286.844,286.844,286.241,286.439,45766
2021-10-08 16:00:00,286.409,286.983,286.36,286.716,93873
2021-10-08 16:05:00,286.775,286.775,286.775,286.775,10223
2021-10-11 09:35:00,285.796,288.14,285.776,287.784,43740
2021-10-11 09:40:00,287.467,287.818,287.289,287.744,4771
2021-10-11 09:45:00,287.576,287.724,287.17,287.536,3629
2021-10-11 09:50:00,287.279,287.596,286.795,287.482,14573
2021-10-11 09:55:00,287.492,288.09,286.923,287.962,10221
2021-10-11 10:00:00,287.927,288.298,287.922,288.016,11996
2021-10-11 10:05:00,288.387,289.138,288.021,288.738,9538
2021-10-11 10:10:00,288.97,289.158,288.496,288.496,11287
2021-10-11 10:15:00,288.575,289.168,288.436,288.832,9994
2021-10-11 10:20:00,289.02,289.232,288.861,288.861,5587
2021-10-11 10:25:00,288.906,289.109,288.713,288.812,9357
2021-10-11 10:30:00,288.817,288.817,288.06,288.209,11304
2021-10-11 10:35:00,288.278,288.604,288.224,288.505,9872
2021-10-11 10:40:00,288.51,288.901,288.51,288.901,7205
2021-10-11 10:45:00,288.911,288.931,288.229,288.476,8292
2021-10-11 10:50:00,288.476,288.753,288.416,288.624,6948
2021-10-11 10:55:00,288.713,288.921,288.624,288.782,6700
2021-10-11 11:00:00,288.852,288.901,288.416,288.416,5565
2021-10-11 11:05:00,288.399,288.399,288.021,288.021,6501
2021-10-11 11:10:00,288.051,288.248,288.006,288.248,5466
2021-10-11 11:15:00,288.258,288.258,287.803,287.803,8938
2021-10-11 11:20:00,287.823,287.853,287.704,287.803,14851
2021-10-11 11:25:00,287.774,288.13,287.625,287.991,4400
2021-10-11 11:30:00,288.041,288.041,287.754,287.754,5589
2021-10-11 11:35:00,287.873,288.204,287.596,287.596,5560
2021-10-11 11:40:00,287.7,288.313,287.7,288.194,6407
2021-10-11 11:45:00,288.318,288.318,288.169,288.169,2227
2021-10-11 11:50:00,288.11,288.189,287.962,288.14,4959
2021-10-11 11:55:00,288.021,288.041,287.892,287.892,3128
2021-10-11 12:00:00,287.868,288.08,287.774,288.011,3829
2021-10-11 12:05:00,288.011,288.085,287.823,287.863,5055
2021-10-11 12:10:00,287.606,287.784,287.507,287.784,5574
2021-10-11 12:15:00,287.902,287.971,287.665,287.695,5757
2021-10-11 12:20:00,287.576,287.798,287.576,287.793,5077
2021-10-11 12:25:00,287.784,287.873,287.734,287.784,3045
2021-10-11 12:30:00,287.857,287.873,287.601,287.601,7120
2021-10-11 12:35:00,287.586,287.69,287.353,287.69,2912
2021-10-11 12:40:00,287.685,287.744,287.581,287.665,2846
2021-10-11 12:45:00,287.615,287.793,287.581,287.645,6706
2021-10-11 12:50:00,287.749,287.912,287.675,287.842,2898
2021-10-11 12:55:00,287.764,287.828,287.477,287.828,3287
2021-10-11 13:00:00,287.922,287.927,287.596,287.685,4183
2021-10-11 13:05:00,287.586,287.695,287.428,287.665,6713
2021-10-11 13:10:00,287.714,287.714,287.299,287.403,7547
2021-10-11 13:15:00,287.467,287.882,287.467,287.813,6947
2021-10-11 13:20:00,287.774,288.011,287.774,288.011,2621
2021-10-11 13:25:00,288.011,288.011,287.517,287.517,3300
2021-10-11 13:30:00,287.428,287.428,287.081,287.141,3887
2021-10-11 13:35:00,287.136,287.161,286.958,287.042,8553
2021-10-11 13:40:00,287.002,287.467,286.953,287.418,7174
2021-10-11 13:45:00,287.329,287.447,287.22,287.22,8521
2021-10-11 13:50:00,287.094,287.141,286.671,286.864,13697
2021-10-11 13:55:00,286.933,287.131,286.884,287.131,8717
2021-10-11 14:00:00,287.101,287.141,286.971,287.032,5840
2021-10-11 14:05:00,287.047,287.477,287.047,287.388,8314
2021-10-11 14:10:00,287.329,287.339,287.121,287.22,3972
2021-10-11 14:15:00,287.245,287.408,287.151,287.18,6341
2021-10-11 14:20:00,287.259,287.309,287.067,287.081,5724
2021-10-11 14:25:00,287.072,287.131,286.884,286.933,7172
2021-10-11 14:30:00,286.997,286.997,286.617,286.735,11523
2021-10-11 14:35:00,286.765,286.814,286.434,286.636,12602
2021-10-11 14:40:00,286.607,286.646,286.399,286.409,6704
2021-10-11 14:45:00,286.36,286.666,286.35,286.508,10166
2021-10-11 14:50:00,286.458,286.903,286.449,286.627,8693
2021-10-11 14:55:00,286.617,286.617,286.33,286.498,6715
2021-10-11 15:00:00,286.542,286.785,286.488,286.538,13711
2021-10-11 15:05:00,286.597,286.814,286.552,286.73,5801
2021-10-11 15:10:00,286.735,286.795,286.285,286.528,9092
2021-10-11 15:15:00,286.538,286.685,286.538,286.602,5258
2021-10-11 15:20:00,286.547,286.646,286.394,286.557,9073
2021-10-11 15:25:00,286.508,286.577,286.112,286.152,8903
2021-10-11 15:30:00,286.157,286.231,286.004,286.112,8907
2021-10-11 15:35:00,285.984,286.655,285.885,286.112,12484
2021-10-11 15:40:00,286.182,286.646,286.147,286.587,11147
2021-10-11 15:45:00,286.577,286.666,286.132,286.182,26128
2021-10-11 15:50:00,286.201,286.201,285.628,285.737,26898
2021-10-11 15:55:00,285.667,285.776,285.331,285.776,34284
2021-10-11 16:00:00,285.806,285.865,285.074,285.094,111073
2021-10-11 16:05:00,285.094,285.094,285.094,285.094,10756
2021-10-11 17:20:00,285.094,285.094,285.094,285.094,166
2021-10-12 09:35:00,285.989,287.368,285.593,286.834,23342
2021-10-12 09:40:00,287.037,288.367,287.037,288.263,17851
2021-10-12 09:45:00,288.115,288.337,286.251,286.251,11574
2021-10-12 09:50:00,286.172,286.716,285.568,286.033,18355
2021-10-12 09:55:00,286.117,286.913,286.117,286.676,19111
2021-10-12 10:00:00,286.676,286.913,285.638,285.638,17099
2021-10-12 10:05:00,285.648,285.934,285.084,285.588,11659
2021-10-12 10:10:00,285.746,286.538,285.746,286.528,11088
2021-10-12 10:15:00,286.528,286.528,286.241,286.458,4552
2021-10-12 10:20:00,286.36,287.309,286.36,287.309,5852
2021-10-12 10:25:00,287.259,287.882,287.259,287.665,13386
2021-10-12 10:30:00,287.67,287.675,287.175,287.19,11976
2021-10-12 10:35:00,287.225,287.225,286.399,286.864,12304
2021-10-12 10:40:00,286.958,287.596,286.958,287.576,14536
2021-10-12 10:45:00,287.586,287.912,287.25,287.274,21375
2021-10-12 10:50:00,287.279,287.442,287.121,287.121,12264
2021-10-12 10:55:00,287.215,287.497,287.121,287.17,12112
2021-10-12 11:00:00,287.368,287.922,287.245,287.556,16087
2021-10-12 11:05:00,287.546,288.016,287.215,287.215,10863
2021-10-12 11:10:00,287.24,287.892,287.24,287.892,5083
2021-10-12 11:15:00,287.813,287.902,287.269,287.269,8532
2021-10-12 11:20:00,287.131,287.141,286.636,286.686,6367
2021-10-12 11:25:00,286.656,287.0,286.646,286.963,10061
2021-10-12 11:30:00,287.151,287.151,286.884,287.062,8766
2021-10-12 11:35:00,286.992,287.091,286.498,286.498,7407
2021-10-12 11:40:00,286.32,286.518,286.28,286.409,8213
2021-10-12 11:45:00,286.32,286.617,286.172,286.271,3459
2021-10-12 11:50:00,286.369,286.805,286.35,286.755,6475
2021-10-12 11:55:00,286.735,286.894,286.567,286.894,6104
2021-10-12 12:00:00,286.686,287.042,286.656,286.923,6135
2021-10-12 12:05:00,287.052,287.645,286.923,287.615,6789
2021-10-12 12:10:00,287.734,287.784,287.635,287.782,6753
2021-10-12 12:15:00,287.764,287.873,287.472,287.472,7654
2021-10-12 12:20:00,287.517,287.546,287.269,287.269,2176
2021-10-12 12:25:00,287.269,287.675,287.269,287.675,9396
2021-10-12 12:30:00,287.526,287.526,287.25,287.299,4629
2021-10-12 12:35:00,287.304,287.358,286.998,286.998,6869
2021-10-12 12:40:00,287.029,287.029,286.849,286.943,2572
2021-10-12 12:45:00,287.111,287.675,287.111,287.675,5314
2021-10-12 12:50:00,287.625,287.685,287.437,287.457,4638
2021-10-12 12:55:00,287.477,287.477,287.22,287.22,3306
2021-10-12 13:00:00,287.141,287.368,287.126,287.368,5323
2021-10-12 13:05:00,287.309,287.437,287.2,287.437,10538
2021-10-12 13:10:00,287.502,287.502,287.175,287.309,8824
2021-10-12 13:15:00,287.329,287.63,287.329,287.596,5759
2021-10-12 13:20:00,287.596,287.606,287.428,287.467,8277
2021-10-12 13:25:00,287.437,287.596,287.437,287.546,7522
2021-10-12 13:30:00,287.556,287.927,287.546,287.892,7333
2021-10-12 13:35:00,287.922,288.13,287.922,288.13,5348
2021-10-12 13:40:00,288.1,288.328,288.1,288.328,8486
2021-10-12 13:45:00,288.268,288.545,288.268,288.51,8205
2021-10-12 13:50:00,288.505,288.505,288.169,288.169,9065
2021-10-12 13:55:00,288.179,288.248,287.685,287.784,9088
2021-10-12 14:00:00,287.823,288.011,287.776,287.882,6761
2021-10-12 14:05:00,287.853,287.882,287.685,287.873,8874
2021-10-12 14:10:00,287.813,287.853,287.546,287.754,7739
2021-10-12 14:15:00,287.764,288.021,287.764,288.021,7016
2021-10-12 14:20:00,287.957,288.624,287.957,288.565,19189
2021-10-12 14:25:00,288.476,288.713,288.466,288.585,12269
2021-10-12 14:30:00,288.555,288.901,288.555,288.743,11719
2021-10-12 14:35:00,288.822,289.297,288.822,289.247,13245
2021-10-12 14:40:00,289.248,289.307,288.941,289.099,14053
2021-10-12 14:45:00,289.069,289.158,288.95,289.129,11047
2021-10-12 14:50:00,289.168,289.434,289.168,289.29,11817
2021-10-12 14:55:00,289.178,289.475,289.178,289.405,12910
2021-10-12 15:00:00,289.485,289.504,288.842,288.911,14987
2021-10-12 15:05:00,288.832,289.405,288.723,289.405,16882
2021-10-12 15:10:00,289.366,289.682,289.168,289.465,26361
2021-10-12 15:15:00,289.514,290.078,289.405,289.999,36091
2021-10-12 15:20:00,290.009,290.019,289.336,289.366,33851
2021-10-12 15:25:00,289.025,289.316,289.025,289.188,10498
2021-10-12 15:30:00,289.188,289.249,289.089,289.183,7643
2021-10-12 15:35:00,289.129,289.336,289.01,289.059,15108
2021-10-12 15:40:00,289.069,289.069,288.555,288.743,19684
2021-10-12 15:45:00,288.723,288.941,288.337,288.416,24594
2021-10-12 15:50:00,288.357,288.407,288.006,288.006,21284
2021-10-12 15:55:00,288.021,288.1,287.665,287.858,27155
2021-10-12 16:00:00,287.813,288.644,287.793,288.614,84065
2021-10-12 16:05:00,288.624,288.624,288.624,288.624,86385
2021-10-12 16:10:00,288.624,289.01,288.624,289.01,1246
2021-10-12 16:30:00,288.763,288.763,288.763,288.763,342
2021-10-12 17:00:00,288.624,288.624,288.624,288.624,529
2021-10-13 09:35:00,290.246,290.246,288.189,288.189,22931
2021-10-13 09:40:00,288.421,289.336,287.843,287.843,7560
2021-10-13 09:45:00,287.863,288.06,287.358,287.922,6942
2021-10-13 09:50:00,288.07,288.258,287.358,287.902,7519
2021-10-13 09:55:00,287.942,287.952,286.702,287.23,27613
2021-10-13 10:00:00,287.324,287.467,286.646,287.339,8007
2021-10-13 10:05:00,286.953,287.536,286.429,286.627,13038
2021-10-13 10:10:00,286.528,287.141,286.379,286.805,5496
2021-10-13 10:15:00,286.683,286.874,285.826,285.835,10464
2021-10-13 10:20:00,286.093,286.093,285.737,285.746,7081
2021-10-13 10:25:00,285.687,285.786,284.807,285.084,13196
2021-10-13 10:30:00,284.995,285.114,283.749,284.55,21446
2021-10-13 10:35:00,284.51,284.688,284.075,284.659,12035
2021-10-13 10:40:00,284.644,284.955,284.243,284.382,27880
2021-10-13 10:45:00,284.253,284.758,284.233,284.535,9674
2021-10-13 10:50:00,284.693,284.945,284.54,284.748,6862
2021-10-13 10:55:00,284.748,284.748,283.808,283.808,10879
2021-10-13 11:00:00,283.798,284.055,283.413,283.848,15682
2021-10-13 11:05:00,283.843,284.817,283.843,284.762,5712
2021-10-13 11:10:00,284.792,285.074,284.708,284.96,6543
2021-10-13 11:15:00,284.896,285.608,284.856,285.43,13650
2021-10-13 11:20:00,285.519,286.013,285.45,285.934,6598
2021-10-13 11:25:00,286.162,286.162,285.796,285.964,8727
2021-10-13 11:30:00,285.984,285.984,285.148,285.43,10564
2021-10-13 11:35:00,285.361,285.479,285.193,285.351,4289
2021-10-13 11:40:00,285.212,285.489,285.114,285.489,4489
2021-10-13 11:45:00,285.479,285.657,285.47,285.563,2307
2021-10-13 11:50:00,285.47,286.449,285.42,286.093,9919
2021-10-13 11:55:00,285.959,286.053,285.657,285.657,7653
2021-10-13 12:00:00,285.746,285.845,285.282,285.351,6276
2021-10-13 12:05:00,285.45,285.546,285.42,285.546,2295
2021-10-13 12:10:00,285.539,285.84,285.539,285.84,3819
2021-10-13 12:15:00,285.855,285.998,285.776,285.998,6691
2021-10-13 12:20:00,285.969,285.969,285.697,285.816,2793
2021-10-13 12:25:00,285.756,285.915,285.756,285.915,1537
2021-10-13 12:30:00,285.974,286.093,285.855,286.093,2794
2021-10-13 12:35:00,286.013,286.142,285.895,285.984,3501
2021-10-13 12:40:00,286.023,286.142,286.013,286.023,4059
2021-10-13 12:45:00,286.182,286.434,286.182,286.31,3943
2021-10-13 12:50:00,286.36,286.36,286.023,286.053,5183
2021-10-13 12:55:00,285.962,285.964,285.895,285.905,2770
2021-10-13 13:00:00,285.984,286.191,285.924,286.191,4060
2021-10-13 13:05:00,286.241,286.379,286.073,286.34,5052
2021-10-13 13:10:00,286.419,286.508,286.162,286.162,4217
2021-10-13 13:15:00,286.409,286.538,286.35,286.538,3949
2021-10-13 13:20:00,286.533,286.533,286.285,286.379,2692
2021-10-13 13:25:00,286.241,286.488,286.241,286.488,7472
2021-10-13 13:30:00,286.503,286.72,286.503,286.72,2665
2021-10-13 13:35:00,286.676,286.992,286.676,286.725,4225
2021-10-13 13:40:00,286.656,287.052,286.656,287.052,3568
2021-10-13 13:45:00,287.037,287.042,286.853,286.938,6305
2021-10-13 13:50:00,286.844,287.032,286.785,286.785,9692
2021-10-13 13:55:00,286.676,286.943,286.676,286.942,3691
2021-10-13 14:00:00,287.032,287.032,286.824,286.824,3461
2021-10-13 14:05:00,286.785,287.774,286.785,287.22,10055
2021-10-13 14:10:00,287.24,287.24,286.528,287.23,6112
2021-10-13 14:15:00,287.057,287.299,286.854,287.299,4484
2021-10-13 14:20:00,287.24,287.24,286.903,286.923,5240
2021-10-13 14:25:00,286.997,287.289,286.913,287.269,20113
2021-10-13 14:30:00,287.17,287.175,286.943,287.002,5962
2021-10-13 14:35:00,287.037,287.151,286.913,287.002,3927
2021-10-13 14:40:00,286.992,287.081,286.844,286.844,5090
2021-10-13 14:45:00,286.735,286.834,286.31,286.468,4749
2021-10-13 14:50:00,286.508,286.587,286.409,286.453,4841
2021-10-13 14:55:00,286.35,286.489,286.34,286.36,4675
2021-10-13 15:00:00,286.449,286.686,286.439,286.617,4907
2021-10-13 15:05:00,286.498,286.56,286.389,286.389,3649
2021-10-13 15:10:00,286.478,286.627,286.355,286.587,9361
2021-10-13 15:15:00,286.646,286.646,286.315,286.389,5522
2021-10-13 15:20:00,286.392,286.468,286.231,286.231,9087
2021-10-13 15:25:00,286.107,286.241,286.102,286.122,5048
2021-10-13 15:30:00,286.093,286.444,286.053,286.384,8312
2021-10-13 15:35:00,286.384,286.735,286.384,286.439,10974
2021-10-13 15:40:00,286.389,286.755,286.389,286.627,15573
2021-10-13 15:45:00,286.735,286.75,286.528,286.547,8463
2021-10-13 15:50:00,286.508,286.755,286.221,286.468,15894
2021-10-13 15:55:00,286.389,286.547,286.305,286.409,55074
2021-10-13 16:00:00,286.33,286.903,286.33,286.894,52913
2021-10-13 16:05:00,286.725,286.725,286.725,286.725,26140
2021-10-13 18:50:00,286.735,286.735,286.735,286.735,100
2021-10-14 09:35:00,285.549,287.398,283.897,284.026,48395
2021-10-14 09:40:00,283.739,284.665,283.66,283.838,40872
2021-10-14 09:45:00,283.699,284.095,282.335,282.364,60225
2021-10-14 09:50:00,282.315,283.769,281.87,283.274,38407
2021-10-14 09:55:00,283.225,283.739,281.895,283.333,32003
2021-10-14 10:00:00,283.294,284.085,283.284,283.749,18032
2021-10-14 10:05:00,284.026,285.489,283.823,285.158,20451
2021-10-14 10:10:00,285.158,285.702,284.916,285.282,21286
2021-10-14 10:15:00,285.39,285.709,285.114,285.568,23479
2021-10-14 10:20:00,285.479,286.493,285.47,285.934,15171
2021-10-14 10:25:00,285.885,286.112,285.539,285.994,10870
2021-10-14 10:30:00,285.806,285.924,285.401,285.924,8633
2021-10-14 10:35:00,285.826,285.964,285.42,285.638,11260
2021-10-14 10:40:00,285.756,286.488,285.756,286.251,8525
2021-10-14 10:45:00,286.142,286.419,286.053,286.132,6055
2021-10-14 10:50:00,286.211,287.017,286.211,287.017,7960
2021-10-14 10:55:00,287.081,287.329,286.992,287.269,7107
2021-10-14 11:00:00,287.259,287.764,287.052,287.635,8765
2021-10-14 11:05:00,287.645,287.882,287.507,287.882,5917
2021-10-14 11:10:00,288.051,288.733,287.981,288.635,12813
2021-10-14 11:15:00,288.634,288.634,287.981,288.021,7886
2021-10-14 11:20:00,288.13,288.278,288.031,288.278,5694
2021-10-14 11:25:00,288.377,288.931,288.357,288.565,13757
2021-10-14 11:30:00,288.496,288.654,288.051,288.051,4384
2021-10-14 11:35:00,288.11,288.288,288.031,288.11,8741
2021-10-14 11:40:00,288.149,288.169,287.803,288.051,8930
2021-10-14 11:45:00,288.051,288.11,287.744,288.07,5219
2021-10-14 11:50:00,288.278,288.318,287.991,288.318,6307
2021-10-14 11:55:00,288.229,288.555,288.174,288.174,7133
2021-10-14 12:00:00,288.179,288.288,288.011,288.159,6770
2021-10-14 12:05:00,288.11,288.278,287.932,288.1,8786
2021-10-14 12:10:00,288.1,288.367,287.922,288.07,11791
2021-10-14 12:15:00,287.927,288.12,287.823,287.848,8201
2021-10-14 12:20:00,287.793,288.031,287.793,287.813,7909
2021-10-14 12:25:00,287.744,287.853,287.596,287.853,6690
2021-10-14 12:30:00,287.704,287.873,287.704,287.843,4141
2021-10-14 12:35:00,287.784,287.882,287.695,287.704,8426
2021-10-14 12:40:00,287.833,287.952,287.754,287.754,10159
2021-10-14 12:45:00,287.714,287.774,287.596,287.685,5241
2021-10-14 12:50:00,287.675,287.675,287.526,287.625,3159
2021-10-14 12:55:00,287.645,287.675,287.507,287.675,4607
2021-10-14 13:00:00,287.586,287.833,287.566,287.833,6794
2021-10-14 13:05:00,287.892,287.971,287.625,287.625,7112
2021-10-14 13:10:00,287.467,287.611,287.442,287.586,5694
2021-10-14 13:15:00,287.606,287.665,287.467,287.665,4668
2021-10-14 13:20:00,287.635,287.724,287.507,287.625,4486
2021-10-14 13:25:00,287.625,287.625,287.462,287.497,4069
2021-10-14 13:30:00,287.467,287.566,287.433,287.467,3452
2021-10-14 13:35:00,287.606,287.685,287.531,287.596,7524
2021-10-14 13:40:00,287.586,287.675,287.388,287.388,7294
2021-10-14 13:45:00,287.378,287.378,287.156,287.279,7235
2021-10-14 13:50:00,287.279,287.467,287.22,287.467,7236
2021-10-14 13:55:00,287.477,287.477,287.225,287.358,6696
2021-10-14 14:00:00,287.309,287.418,287.259,287.259,5499
2021-10-14 14:05:00,287.245,287.289,286.973,287.161,9299
2021-10-14 14:10:00,287.2,287.255,287.062,287.17,4374
2021-10-14 14:15:00,287.21,287.576,287.21,287.576,11221
2021-10-14 14:20:00,287.531,287.813,287.531,287.665,6916
2021-10-14 14:25:00,287.635,287.878,287.536,287.878,6649
2021-10-14 14:30:00,287.897,287.897,287.665,287.813,5867
2021-10-14 14:35:00,287.853,287.952,287.744,287.952,8413
2021-10-14 14:40:00,287.932,288.085,287.784,287.991,9201
2021-10-14 14:45:00,287.952,287.986,287.774,287.873,7820
2021-10-14 14:50:00,287.873,288.031,287.843,287.912,6542
2021-10-14 14:55:00,287.991,288.001,287.784,287.882,11480
2021-10-14 15:00:00,287.764,287.912,287.685,287.754,6923
2021-10-14 15:05:00,287.724,288.14,287.704,288.14,6539
2021-10-14 15:10:00,288.09,288.12,287.833,287.833,10697
2021-10-14 15:15:00,287.912,288.189,287.912,288.154,7785
2021-10-14 15:20:00,288.313,288.313,288.1,288.1,8233
2021-10-14 15:25:00,288.1,288.199,288.031,288.07,10675
2021-10-14 15:30:00,288.08,288.505,288.036,288.318,9406
2021-10-14 15:35:00,288.318,288.357,288.219,288.293,14762
2021-10-14 15:40:00,288.318,288.318,288.021,288.238,16409
2021-10-14 15:45:00,288.238,288.238,287.991,288.189,17267
2021-10-14 15:50:00,288.278,288.278,287.823,288.174,19753
2021-10-14 15:55:00,288.06,288.802,288.06,288.753,34726
2021-10-14 16:00:00,288.693,289.114,288.585,288.98,69813
2021-10-14 16:05:00,288.98,288.98,288.98,288.98,11650
2021-10-15 09:35:00,290.78,290.78,288.664,289.519,49823
2021-10-15 09:40:00,289.138,290.691,289.099,290.117,9547
2021-10-15 09:45:00,289.722,290.303,289.672,289.821,5684
2021-10-15 09:50:00,290.058,290.058,289.485,289.796,8831
2021-10-15 09:55:00,289.92,290.839,289.865,290.691,16361
2021-10-15 10:00:00,290.75,291.294,290.691,291.136,9592
2021-10-15 10:05:00,291.077,291.883,291.037,291.808,27378
2021-10-15 10:10:00,291.853,292.263,291.853,292.026,28860
2021-10-15 10:15:00,292.184,292.184,291.967,292.174,5609
2021-10-15 10:20:00,292.135,292.352,291.789,291.789,7189
2021-10-15 10:25:00,291.789,292.6,291.779,292.402,14715
2021-10-15 10:30:00,292.293,292.293,291.848,291.878,9060
2021-10-15 10:35:00,291.774,292.303,291.715,292.066,10988
2021-10-15 10:40:00,291.967,291.967,291.591,291.947,7579
2021-10-15 10:45:00,292.056,292.382,292.056,292.174,11333
2021-10-15 10:50:00,292.194,292.906,292.194,292.906,10809
2021-10-15 10:55:00,293.015,293.134,292.54,292.6,7391
2021-10-15 11:00:00,292.501,292.837,292.451,292.669,18414
2021-10-15 11:05:00,292.59,292.708,292.501,292.649,6874
2021-10-15 11:10:00,292.59,292.59,292.224,292.224,6061
2021-10-15 11:15:00,292.333,292.654,292.333,292.362,5923
2021-10-15 11:20:00,292.293,292.293,292.174,292.244,8083
2021-10-15 11:25:00,292.263,292.446,292.204,292.446,3185
2021-10-15 11:30:00,292.392,292.52,292.174,292.436,8096
2021-10-15 11:35:00,292.511,292.609,292.382,292.451,7610
2021-10-15 11:40:00,292.342,292.342,292.085,292.085,3991
2021-10-15 11:45:00,291.986,292.1,291.893,292.006,4247
2021-10-15 11:50:00,292.095,292.52,292.095,292.424,7963
2021-10-15 11:55:00,292.293,292.535,292.244,292.422,6659
2021-10-15 12:00:00,292.52,292.59,292.263,292.333,5644
2021-10-15 12:05:00,292.342,292.659,292.342,292.659,3897
2021-10-15 12:10:00,292.54,292.659,292.461,292.55,3999
2021-10-15 12:15:00,292.491,292.718,292.491,292.718,3182
2021-10-15 12:20:00,292.718,292.797,292.53,292.53,7310
2021-10-15 12:25:00,292.491,292.619,292.451,292.619,4469
2021-10-15 12:30:00,292.58,292.706,292.57,292.706,2926
2021-10-15 12:35:00,292.718,292.975,292.718,292.817,5543
2021-10-15 12:40:00,292.864,292.995,292.807,292.906,5604
2021-10-15 12:45:00,292.857,293.114,292.807,293.114,2325
2021-10-15 12:50:00,293.119,293.119,292.965,292.965,3663
2021-10-15 12:55:00,293.015,293.391,293.015,293.391,6303
2021-10-15 13:00:00,293.46,293.46,293.045,293.045,16847
2021-10-15 13:05:00,293.025,293.025,292.787,292.956,5906
2021-10-15 13:10:00,292.926,293.232,292.916,293.223,4255
2021-10-15 13:15:00,293.252,293.321,293.203,293.228,4667
2021-10-15 13:20:00,293.188,293.223,293.104,293.203,3728
2021-10-15 13:25:00,293.193,293.252,293.084,293.218,6556
2021-10-15 13:30:00,293.228,293.277,293.074,293.074,4141
2021-10-15 13:35:00,293.143,293.371,293.143,293.371,6165
2021-10-15 13:40:00,293.341,293.628,293.312,293.48,8786
2021-10-15 13:45:00,293.475,293.509,293.371,293.465,5082
2021-10-15 13:50:00,293.539,293.628,293.48,293.509,9559
2021-10-15 13:55:00,293.534,293.945,293.534,293.856,14043
2021-10-15 14:00:00,293.875,293.875,293.539,293.539,6486
2021-10-15 14:05:00,293.648,293.875,293.648,293.86,7128
2021-10-15 14:10:00,293.806,293.806,293.539,293.638,7148
2021-10-15 14:15:00,293.598,293.687,293.598,293.628,2742
2021-10-15 14:20:00,293.67,293.67,293.48,293.564,6737
2021-10-15 14:25:00,293.549,293.727,293.539,293.648,6168
2021-10-15 14:30:00,293.588,293.895,293.588,293.658,9796
2021-10-15 14:35:00,293.747,293.757,293.302,293.391,11915
2021-10-15 14:40:00,293.48,293.539,293.43,293.509,6203
2021-10-15 14:45:00,293.509,293.509,293.203,293.267,7949
2021-10-15 14:50:00,293.232,293.321,293.084,293.173,9299
2021-10-15 14:55:00,293.064,293.252,293.035,293.163,7483
2021-10-15 15:00:00,293.203,293.499,293.193,293.272,8493
2021-10-15 15:05:00,293.247,293.361,293.163,293.203,9094
2021-10-15 15:10:00,293.153,293.213,293.015,293.183,14005
2021-10-15 15:15:00,293.213,293.307,292.97,293.307,8987
2021-10-15 15:20:00,293.193,293.321,292.916,292.946,8746
2021-10-15 15:25:00,292.946,292.956,292.58,292.659,11645
2021-10-15 15:30:00,292.664,292.965,292.664,292.965,8659
2021-10-15 15:35:00,292.921,292.921,292.669,292.738,25014
2021-10-15 15:40:00,292.738,292.946,292.738,292.876,20077
2021-10-15 15:45:00,292.896,293.064,292.59,292.6,19976
2021-10-15 15:50:00,292.649,292.931,292.54,292.684,25601
2021-10-15 15:55:00,292.748,292.951,292.609,292.679,39446
2021-10-15 16:00:00,292.718,293.153,292.6,293.124,126067
2021-10-15 16:05:00,293.104,293.104,293.104,293.104,15467
2021-10-15 16:10:00,293.104,293.104,293.104,293.104,2653
2021-10-18 09:35:00,291.541,292.628,290.998,291.927,24453
2021-10-18 09:40:00,291.64,292.303,291.534,292.303,7001
2021-10-18 09:45:00,291.927,292.569,291.868,292.095,7269
2021-10-18 09:50:00,291.917,291.971,291.493,291.739,3081
2021-10-18 09:55:00,291.897,292.707,291.897,292.697,3902
2021-10-18 10:00:00,292.585,293.203,292.461,293.173,8092
2021-10-18 10:05:00,293.341,293.539,293.272,293.539,3169
2021-10-18 10:10:00,293.49,294.052,293.41,293.499,7781
2021-10-18 10:15:00,293.49,293.49,292.57,292.778,3614
2021-10-18 10:20:00,292.715,292.715,291.902,292.52,6145
2021-10-18 10:25:00,292.511,292.842,292.105,292.55,7505
2021-10-18 10:30:00,292.635,292.936,292.56,292.822,5026
2021-10-18 10:35:00,292.659,293.005,292.298,292.98,8486
2021-10-18 10:40:00,293.232,293.346,292.768,293.188,12205
2021-10-18 10:45:00,293.252,293.341,293.025,293.025,3313
2021-10-18 10:50:00,293.109,293.391,292.965,293.204,8170
2021-10-18 10:55:00,293.163,293.193,293.054,293.168,3044
2021-10-18 11:00:00,293.223,293.223,292.975,293.124,7409
2021-10-18 11:05:00,293.025,293.094,292.936,293.064,4602
2021-10-18 11:10:00,293.054,293.302,292.956,292.956,7116
2021-10-18 11:15:00,292.916,293.242,292.768,293.143,6882
2021-10-18 11:20:00,293.143,293.44,293.143,293.41,3066
2021-10-18 11:25:00,293.44,294.024,293.44,293.964,13357
2021-10-18 11:30:00,293.905,294.063,293.826,293.826,5107
2021-10-18 11:35:00,293.905,293.905,293.588,293.588,2294
2021-10-18 11:40:00,293.495,293.539,293.272,293.272,5193
2021-10-18 11:45:00,293.292,293.331,293.173,293.208,3179
2021-10-18 11:50:00,293.232,293.43,293.173,293.218,3404
2021-10-18 11:55:00,293.203,293.445,293.203,293.445,4545
2021-10-18 12:00:00,293.44,293.668,293.381,293.529,2823
2021-10-18 12:05:00,293.42,293.559,293.371,293.519,4561
2021-10-18 12:10:00,293.564,293.564,293.564,293.564,462
2021-10-18 12:15:00,293.737,293.776,293.47,293.569,5745
2021-10-18 12:20:00,293.574,293.623,293.519,293.584,2008
2021-10-18 12:25:00,293.588,293.608,293.46,293.48,6570
2021-10-18 12:30:00,293.475,293.475,293.321,293.371,5652
2021-10-18 12:35:00,293.312,293.588,293.242,293.588,3595
2021-10-18 12:40:00,293.584,293.584,293.371,293.371,1902
2021-10-18 12:45:00,293.321,293.42,293.262,293.262,4659
2021-10-18 12:50:00,293.237,293.48,293.237,293.371,3803
2021-10-18 12:55:00,293.292,293.42,293.242,293.252,4114
2021-10-18 13:00:00,293.232,293.292,293.074,293.104,9593
2021-10-18 13:05:00,293.143,293.143,292.965,293.074,3699
2021-10-18 13:10:00,293.059,293.134,292.956,293.074,4728
2021-10-18 13:15:00,293.064,293.084,292.916,292.916,2357
2021-10-18 13:20:00,292.896,292.995,292.847,292.876,4612
2021-10-18 13:25:00,292.926,292.926,292.758,292.783,3725
2021-10-18 13:30:00,292.896,292.956,292.773,292.817,3490
2021-10-18 13:35:00,292.837,292.936,292.713,292.713,4630
2021-10-18 13:40:00,292.748,292.807,292.614,292.758,4952
2021-10-18 13:45:00,292.758,293.054,292.708,293.054,7239
2021-10-18 13:50:00,293.153,293.252,292.956,293.099,13042
2021-10-18 13:55:00,293.099,293.302,292.975,292.975,12883
2021-10-18 14:00:00,292.975,293.04,292.837,292.867,10870
2021-10-18 14:05:00,292.876,293.104,292.753,293.104,6860
2021-10-18 14:10:00,293.213,293.381,293.094,293.381,5721
2021-10-18 14:15:00,293.302,293.47,293.292,293.47,5883
2021-10-18 14:20:00,293.465,293.697,293.465,293.598,4377
2021-10-18 14:25:00,293.529,293.608,293.401,293.401,5481
2021-10-18 14:30:00,293.326,293.46,293.163,293.41,5874
2021-10-18 14:35:00,293.361,293.539,293.272,293.539,5566
2021-10-18 14:40:00,293.48,293.499,293.331,293.499,5167
2021-10-18 14:45:00,293.445,293.46,293.262,293.262,4229
2021-10-18 14:50:00,293.292,293.381,293.232,293.297,4529
2021-10-18 14:55:00,293.346,293.346,293.252,293.302,2685
2021-10-18 15:00:00,293.302,293.302,292.965,292.965,6623
2021-10-18 15:05:00,292.951,292.995,292.857,292.926,7355
2021-10-18 15:10:00,292.946,293.173,292.926,293.173,5455
2021-10-18 15:15:00,293.139,293.45,293.139,293.292,5733
2021-10-18 15:20:00,293.213,293.46,293.213,293.46,6544
2021-10-18 15:25:00,293.44,293.668,293.44,293.44,5943
2021-10-18 15:30:00,293.302,293.381,293.173,293.173,7718
2021-10-18 15:35:00,293.153,293.381,293.045,293.173,12036
2021-10-18 15:40:00,293.094,293.213,292.98,293.143,13025
2021-10-18 15:45:00,293.104,293.42,293.084,293.391,14775
2021-10-18 15:50:00,293.46,293.648,293.401,293.579,13542
2021-10-18 15:55:00,293.678,293.935,293.608,293.786,29467
2021-10-18 16:00:00,293.801,294.093,293.549,293.964,78729
2021-10-18 16:05:00,294.053,294.053,294.053,294.053,18098
2021-10-18 16:10:00,294.053,294.053,294.053,294.053,2284
2021-10-19 08:15:00,294.202,294.202,294.202,294.202,100
2021-10-19 09:35:00,295.547,295.547,294.696,295.161,16807
2021-10-19 09:40:00,295.022,295.349,294.914,294.914,5807
2021-10-19 09:45:00,295.28,295.28,294.647,294.647,7010
2021-10-19 09:50:00,294.765,294.805,294.113,294.187,4917
2021-10-19 09:55:00,294.251,294.39,293.786,293.935,5793
2021-10-19 10:00:00,294.297,294.943,294.297,294.785,5053
2021-10-19 10:05:00,294.726,294.943,294.706,294.706,6745
2021-10-19 10:10:00,294.711,294.773,294.296,294.773,4778
2021-10-19 10:15:00,294.844,295.151,294.785,294.785,4544
2021-10-19 10:20:00,294.786,294.786,294.577,294.671,4356
2021-10-19 10:25:00,294.657,294.686,294.241,294.388,9093
2021-10-19 10:30:00,294.518,294.645,294.469,294.534,3743
2021-10-19 10:35:00,294.582,294.666,294.182,294.479,8797
2021-10-19 10:40:00,294.468,294.533,294.162,294.36,5266
2021-10-19 10:45:00,294.607,294.627,294.32,294.32,7547
2021-10-19 10:50:00,294.261,294.301,293.958,294.142,17622
2021-10-19 10:55:00,294.113,294.61,294.004,294.568,3484
2021-10-19 11:00:00,294.597,294.666,294.429,294.429,14392
2021-10-19 11:05:00,294.479,294.479,294.276,294.276,1915
2021-10-19 11:10:00,294.305,294.518,294.305,294.449,3481
2021-10-19 11:15:00,294.39,294.474,294.35,294.454,5897
2021-10-19 11:20:00,294.538,294.854,294.528,294.8,5186
2021-10-19 11:25:00,294.696,294.706,294.508,294.508,2458
2021-10-19 11:30:00,294.469,294.469,294.281,294.355,2912
2021-10-19 11:35:00,294.375,294.429,293.964,294.024,4879
2021-10-19 11:40:00,294.024,294.093,293.935,294.009,3466
2021-10-19 11:45:00,294.063,294.429,294.063,294.35,5058
2021-10-19 11:50:00,294.399,294.399,293.93,294.034,3902
2021-10-19 11:55:00,293.984,294.07,293.935,293.984,4098
2021-10-19 12:00:00,294.053,294.459,294.053,294.419,3530
2021-10-19 12:05:00,294.449,294.775,294.449,294.775,10203
2021-10-19 12:10:00,294.775,294.805,294.706,294.706,3096
2021-10-19 12:15:00,294.691,294.691,294.488,294.488,2252
2021-10-19 12:20:00,294.36,294.37,294.123,294.132,4206
2021-10-19 12:25:00,294.142,294.34,294.142,294.34,1306
2021-10-19 12:30:00,294.271,294.271,293.885,294.024,5076
2021-10-19 12:35:00,294.048,294.35,294.048,294.212,3923
2021-10-19 12:40:00,294.221,294.291,294.004,294.004,4110
2021-10-19 12:45:00,294.014,294.088,293.786,293.964,2987
2021-10-19 12:50:00,293.945,293.974,293.776,293.776,1809
2021-10-19 12:55:00,293.776,293.885,293.638,293.885,4036
2021-10-19 13:00:00,293.999,294.063,293.914,294.063,3621
2021-10-19 13:05:00,294.037,294.068,293.954,294.063,4060
2021-10-19 13:10:00,294.014,294.014,293.638,293.638,3644
2021-10-19 13:15:00,293.608,293.628,293.549,293.628,2061
2021-10-19 13:20:00,293.499,293.499,293.193,293.312,6473
2021-10-19 13:25:00,293.302,293.371,293.287,293.361,2657
2021-10-19 13:30:00,293.336,293.336,293.203,293.282,4618
2021-10-19 13:35:00,293.262,293.307,292.773,292.773,4837
2021-10-19 13:40:00,292.768,293.267,292.748,293.267,6509
2021-10-19 13:45:00,293.302,293.341,293.252,293.272,3858
2021-10-19 13:50:00,293.341,293.341,293.109,293.199,3022
2021-10-19 13:55:00,293.143,293.223,293.104,293.119,2410
2021-10-19 14:00:00,293.173,293.46,293.173,293.45,5873
2021-10-19 14:05:00,293.401,293.509,293.391,293.391,2413
2021-10-19 14:10:00,293.45,293.608,293.45,293.608,5872
2021-10-19 14:15:00,293.492,293.588,293.371,293.401,4705
2021-10-19 14:20:00,293.272,293.48,293.252,293.48,4220
2021-10-19 14:25:00,293.509,293.509,293.312,293.43,4558
2021-10-19 14:30:00,293.341,293.371,293.124,293.183,7724
2021-10-19 14:35:00,293.163,293.495,293.163,293.495,4799
2021-10-19 14:40:00,293.668,293.92,293.668,293.92,6043
2021-10-19 14:45:00,293.974,293.974,293.786,293.915,3332
2021-10-19 14:50:00,293.974,293.989,293.826,293.974,11669
2021-10-19 14:55:00,294.024,294.33,294.024,294.172,5215
2021-10-19 15:00:00,294.142,294.172,294.093,294.132,2394
2021-10-19 15:05:00,294.063,294.281,294.063,294.231,5678
2021-10-19 15:10:00,294.221,294.34,294.221,294.34,5710
2021-10-19 15:15:00,294.345,294.587,294.345,294.563,4698
2021-10-19 15:20:00,294.607,294.647,294.439,294.627,8066
2021-10-19 15:25:00,294.587,294.597,294.37,294.37,5159
2021-10-19 15:30:00,294.394,294.419,294.301,294.39,9899
2021-10-19 15:35:00,294.38,294.38,294.073,294.073,8701
2021-10-19 15:40:00,294.132,294.241,293.925,294.123,11070
2021-10-19 15:45:00,294.202,294.538,294.202,294.469,13703
2021-10-19 15:50:00,294.474,294.726,294.439,294.691,15608
2021-10-19 15:55:00,294.607,295.2,294.152,295.195,37485
2021-10-19 16:00:00,295.195,295.21,294.825,294.983,77213
2021-10-19 16:05:00,294.973,294.973,294.973,294.973,12127
2021-10-19 16:40:00,294.973,294.973,294.973,294.973,630
2021-10-20 09:15:00,294.885,294.885,294.885,294.885,126
2021-10-20 09:30:00,295.28,295.428,295.26,295.428,624
2021-10-20 09:35:00,296.001,296.001,295.26,295.7,20055
2021-10-20 09:40:00,295.922,295.932,294.953,295.398,9525
2021-10-20 09:45:00,295.547,295.556,294.132,294.419,5702
2021-10-20 09:50:00,294.726,295.062,294.528,294.854,5399
2021-10-20 09:55:00,295.181,295.299,294.053,294.221,7901
2021-10-20 10:00:00,294.063,295.008,294.053,294.884,6391
2021-10-20 10:05:00,294.854,295.438,294.553,295.438,6975
2021-10-20 10:10:00,295.527,295.848,295.181,295.7,6485
2021-10-20 10:15:00,295.7,295.814,295.517,295.537,5411
2021-10-20 10:20:00,295.458,295.695,295.131,295.27,7121
2021-10-20 10:25:00,295.284,295.596,295.111,295.467,9650
2021-10-20 10:30:00,295.537,296.061,295.448,295.927,8052
2021-10-20 10:35:00,295.917,295.942,295.655,295.814,8514
2021-10-20 10:40:00,295.972,296.001,295.388,295.487,7255
2021-10-20 10:45:00,295.65,296.021,295.507,295.527,7728
2021-10-20 10:50:00,295.527,295.853,295.467,295.685,6816
2021-10-20 10:55:00,295.715,295.774,295.601,295.764,7630
2021-10-20 11:00:00,295.715,295.873,295.601,295.863,9682
2021-10-20 11:05:00,295.863,295.982,295.65,295.734,8278
2021-10-20 11:10:00,295.833,295.888,295.725,295.873,3698
2021-10-20 11:15:00,295.893,295.893,295.566,295.868,5537
2021-10-20 11:20:00,295.814,295.922,295.626,295.912,6375
2021-10-20 11:25:00,295.912,295.992,295.814,295.833,5967
2021-10-20 11:30:00,295.932,295.982,295.769,295.78,3481
2021-10-20 11:35:00,295.715,295.967,295.611,295.848,3370
2021-10-20 11:40:00,295.873,295.937,295.636,295.665,6753
2021-10-20 11:45:00,295.764,295.823,295.561,295.823,3388
2021-10-20 11:50:00,295.818,295.818,295.685,295.739,2273
2021-10-20 11:55:00,295.705,296.11,295.642,295.927,6200
2021-10-20 12:00:00,295.992,296.001,295.734,295.814,2905
2021-10-20 12:05:00,295.868,296.041,295.804,295.962,6005
2021-10-20 12:10:00,295.893,296.446,295.833,296.298,13851
2021-10-20 12:15:00,296.347,296.456,296.318,296.318,4389
2021-10-20 12:20:00,296.357,296.357,296.209,296.328,1460
2021-10-20 12:25:00,296.268,296.338,296.17,296.17,2323
2021-10-20 12:30:00,296.268,296.357,296.261,296.261,3608
2021-10-20 12:35:00,296.239,296.535,296.239,296.491,29753
2021-10-20 12:40:00,296.545,296.988,296.545,296.847,21355
2021-10-20 12:45:00,296.921,297.089,296.921,297.04,3871
2021-10-20 12:50:00,297.05,297.287,296.921,297.218,5715
2021-10-20 12:55:00,297.247,297.544,297.238,297.505,7527
2021-10-20 13:00:00,297.495,297.495,297.346,297.406,3994
2021-10-20 13:05:00,297.455,297.702,297.455,297.702,7709
2021-10-20 13:10:00,297.772,297.999,297.683,297.683,5284
2021-10-20 13:15:00,297.643,297.841,297.643,297.777,2585
2021-10-20 13:20:00,297.791,297.791,297.594,297.594,3583
2021-10-20 13:25:00,297.613,297.781,297.464,297.732,6418
2021-10-20 13:30:00,297.727,298.152,297.722,297.831,17399
2021-10-20 13:35:00,297.861,297.861,297.589,297.594,2911
2021-10-20 13:40:00,297.574,297.762,297.554,297.673,13655
2021-10-20 13:45:00,297.554,297.554,297.287,297.346,4519
2021-10-20 13:50:00,297.356,297.603,297.307,297.603,3067
2021-10-20 13:55:00,297.574,297.959,297.574,297.88,5104
2021-10-20 14:00:00,297.9,297.9,297.781,297.841,4513
2021-10-20 14:05:00,297.811,298.088,297.811,298.019,6174
2021-10-20 14:10:00,297.93,298.182,297.93,298.182,5678
2021-10-20 14:15:00,298.137,298.177,297.969,298.098,7428
2021-10-20 14:20:00,298.098,298.434,298.098,298.258,6166
2021-10-20 14:25:00,298.325,298.424,298.266,298.296,8634
2021-10-20 14:30:00,298.301,298.365,298.197,298.197,4835
2021-10-20 14:35:00,298.256,298.375,298.167,298.21,5628
2021-10-20 14:40:00,298.227,298.355,298.227,298.355,4871
2021-10-20 14:45:00,298.395,298.454,298.246,298.256,5640
2021-10-20 14:50:00,298.227,298.325,298.177,298.325,3493
2021-10-20 14:55:00,298.246,298.34,298.187,298.34,6229
2021-10-20 15:00:00,298.375,298.429,298.256,298.286,8812
2021-10-20 15:05:00,298.345,298.385,298.246,298.316,5138
2021-10-20 15:10:00,298.365,298.553,298.365,298.484,5742
2021-10-20 15:15:00,298.484,298.484,298.256,298.316,6207
2021-10-20 15:20:00,298.296,298.335,298.197,298.316,7335
2021-10-20 15:25:00,298.296,298.306,298.177,298.256,11020
2021-10-20 15:30:00,298.306,298.325,298.029,298.029,4904
2021-10-20 15:35:00,298.088,298.4,298.009,298.34,10742
2021-10-20 15:40:00,298.306,298.385,298.182,298.182,12416
2021-10-20 15:45:00,298.246,298.429,298.246,298.365,10968
2021-10-20 15:50:00,298.236,298.454,298.187,298.276,17724
2021-10-20 15:55:00,298.177,298.543,298.078,298.424,35061
2021-10-20 16:00:00,298.395,298.583,298.231,298.583,53929
2021-10-20 16:05:00,298.533,298.533,298.533,298.533,15235
2021-10-20 16:10:00,298.533,298.533,298.533,298.533,2222
2021-10-20 16:15:00,298.533,298.533,298.533,298.533,101
2021-10-20 16:20:00,298.533,298.533,298.533,298.533,492
2021-10-20 16:40:00,298.533,298.533,298.533,298.533,2243
2021-10-21 09:35:00,298.543,298.642,297.673,298.004,17532
2021-10-21 09:40:00,298.009,298.157,297.267,297.386,5700
2021-10-21 09:45:00,297.346,297.841,297.238,297.821,8466
2021-10-21 09:50:00,297.984,298.375,297.643,297.712,13148
2021-10-21 09:55:00,297.683,298.222,297.534,297.989,11017
2021-10-21 10:00:00,298.187,298.424,297.885,298.192,10578
2021-10-21 10:05:00,298.296,298.538,298.039,298.217,11670
2021-10-21 10:10:00,298.256,298.958,298.256,298.939,9310
2021-10-21 10:15:00,298.997,299.487,298.929,299.418,10975
2021-10-21 10:20:00,299.396,299.492,298.775,299.393,10549
2021-10-21 10:25:00,299.235,299.235,298.909,299.037,5695
2021-10-21 10:30:00,299.176,299.438,298.929,299.438,5417
2021-10-21 10:35:00,299.438,299.7,299.285,299.69,7966
2021-10-21 10:40:00,299.54,299.809,299.473,299.725,7891
2021-10-21 10:45:00,299.621,299.809,299.517,299.626,4629
2021-10-21 10:50:00,299.71,300.219,299.704,299.937,8877
2021-10-21 10:55:00,299.903,300.016,299.824,299.908,5496
2021-10-21 11:00:00,299.977,300.135,299.799,299.799,3770
2021-10-21 11:05:00,299.799,299.987,299.759,299.769,5014
2021-10-21 11:10:00,299.799,299.838,299.581,299.809,4864
2021-10-21 11:15:00,299.784,299.784,299.463,299.655,4584
2021-10-21 11:20:00,299.759,300.081,299.67,299.918,8681
2021-10-21 11:25:00,299.799,300.096,299.789,299.942,6630
2021-10-21 11:30:00,300.031,300.051,299.047,299.299,16463
2021-10-21 11:35:00,299.324,299.344,299.047,299.255,9400
2021-10-21 11:40:00,299.265,299.334,298.632,298.775,8429
2021-10-21 11:45:00,298.899,298.909,298.667,298.812,5548
2021-10-21 11:50:00,298.721,299.028,298.721,298.859,8947
2021-10-21 11:55:00,298.939,299.265,298.939,299.032,10350
2021-10-21 12:00:00,299.176,299.69,299.146,299.581,8388
2021-10-21 12:05:00,299.651,300.086,299.631,300.026,8035
2021-10-21 12:10:00,300.105,300.412,300.071,300.402,6151
2021-10-21 12:15:00,300.264,300.392,300.125,300.343,4968
2021-10-21 12:20:00,300.348,300.684,300.348,300.679,9570
2021-10-21 12:25:00,300.679,300.808,300.62,300.788,2641
2021-10-21 12:30:00,300.808,300.956,300.639,300.956,6688
2021-10-21 12:35:00,301.025,301.055,300.758,300.906,7842
2021-10-21 12:40:00,300.946,300.946,300.639,300.699,4834
2021-10-21 12:45:00,300.758,300.877,300.758,300.877,2257
2021-10-21 12:50:00,300.837,300.887,300.392,300.392,4837
2021-10-21 12:55:00,300.377,300.58,300.165,300.461,7877
2021-10-21 13:00:00,300.392,300.392,299.987,300.096,6132
2021-10-21 13:05:00,299.858,300.086,299.858,299.918,5175
2021-10-21 13:10:00,299.952,300.372,299.927,300.165,10235
2021-10-21 13:15:00,300.175,300.353,300.1,300.1,5677
2021-10-21 13:20:00,300.234,300.442,300.051,300.382,8922
2021-10-21 13:25:00,300.442,300.704,300.442,300.62,8752
2021-10-21 13:30:00,300.647,301.005,300.62,300.976,8738
2021-10-21 13:35:00,301.005,301.302,300.986,301.302,16470
2021-10-21 13:40:00,301.292,301.337,301.173,301.262,6177
2021-10-21 13:45:00,301.154,301.213,301.104,301.104,6277
2021-10-21 13:50:00,301.154,301.154,300.857,300.956,5927
2021-10-21 13:55:00,301.0,301.075,300.887,301.065,5833
2021-10-21 14:00:00,300.966,301.005,300.827,300.976,7855
2021-10-21 14:05:00,300.892,301.144,300.847,300.976,8536
2021-10-21 14:10:00,301.025,301.302,300.986,301.302,22051
2021-10-21 14:15:00,301.208,301.836,301.154,301.693,16095
2021-10-21 14:20:00,301.698,301.955,301.698,301.816,7608
2021-10-21 14:25:00,301.856,302.004,301.767,301.866,8391
2021-10-21 14:30:00,301.915,302.004,301.787,301.836,6339
2021-10-21 14:35:00,301.876,302.232,301.747,302.202,9001
2021-10-21 14:40:00,302.152,302.182,302.034,302.133,12535
2021-10-21 14:45:00,302.192,302.192,301.994,302.133,7998
2021-10-21 14:50:00,302.073,302.103,301.955,302.083,4733
2021-10-21 14:55:00,302.029,302.076,301.935,302.076,3925
2021-10-21 15:00:00,302.009,302.044,301.737,301.915,9137
2021-10-21 15:05:00,301.925,301.994,301.351,301.569,26079
2021-10-21 15:10:00,301.628,301.752,301.47,301.599,9484
2021-10-21 15:15:00,301.658,302.024,301.658,301.915,9411
2021-10-21 15:20:00,301.915,301.965,301.787,301.895,9501
2021-10-21 15:25:00,301.965,302.212,301.915,302.152,9752
2021-10-21 15:30:00,302.148,302.311,302.148,302.256,8107
2021-10-21 15:35:00,302.321,302.494,302.172,302.469,17283
2021-10-21 15:40:00,302.35,302.766,302.321,302.573,18558
2021-10-21 15:45:00,302.617,302.746,302.484,302.736,14508
2021-10-21 15:50:00,302.711,302.869,302.607,302.751,19572
2021-10-21 15:55:00,302.795,303.052,302.686,302.963,36525
2021-10-21 16:00:00,302.924,303.537,302.894,303.359,92783
2021-10-21 16:05:00,303.379,303.379,303.379,303.379,11029
2021-10-21 16:10:00,303.379,303.379,303.379,303.379,2230
2021-10-22 09:35:00,303.379,304.832,303.379,304.041,20821
2021-10-22 09:40:00,304.259,304.467,303.122,303.685,8558
2021-10-22 09:45:00,303.497,303.581,302.845,303.23,10791
2021-10-22 09:50:00,303.097,303.962,302.944,303.616,6168
2021-10-22 09:55:00,303.715,304.368,303.715,304.368,8108
2021-10-22 10:00:00,304.071,304.073,303.418,303.755,2911
2021-10-22 10:05:00,303.488,304.417,303.072,303.883,12285
2021-10-22 10:10:00,303.784,304.081,303.616,303.616,4004
2021-10-22 10:15:00,303.586,304.091,303.448,304.091,7344
2021-10-22 10:20:00,303.933,304.13,303.478,303.715,4803
2021-10-22 10:25:00,303.577,304.012,303.438,304.012,4279
2021-10-22 10:30:00,304.041,304.417,304.022,304.239,4965
2021-10-22 10:35:00,304.219,304.219,303.646,303.789,6924
2021-10-22 10:40:00,303.759,303.794,303.171,303.666,7948
2021-10-22 10:45:00,303.794,303.992,303.522,303.992,9765
2021-10-22 10:50:00,304.002,304.041,303.616,303.903,5399
2021-10-22 10:55:00,304.071,304.437,303.863,304.16,5620
2021-10-22 11:00:00,304.17,304.239,303.764,303.775,4487
2021-10-22 11:05:00,303.873,304.16,303.784,304.14,5061
2021-10-22 11:10:00,304.279,304.447,304.209,304.447,4880
2021-10-22 11:15:00,304.417,304.872,304.219,304.872,10331
2021-10-22 11:20:00,304.882,305.03,304.328,304.684,9678
2021-10-22 11:25:00,304.847,304.847,304.022,304.101,5351
2021-10-22 11:30:00,304.15,304.19,303.418,304.022,8834
2021-10-22 11:35:00,304.046,304.219,303.982,304.108,4437
2021-10-22 11:40:00,303.721,303.794,303.473,303.616,5124
2021-10-22 11:45:00,303.675,303.824,303.122,303.497,3172
2021-10-22 11:50:00,303.399,303.695,303.29,303.695,4392
2021-10-22 11:55:00,303.636,303.933,303.581,303.863,4451
2021-10-22 12:00:00,303.933,304.002,303.903,303.903,2032
2021-10-22 12:05:00,303.893,303.893,303.438,303.438,4905
2021-10-22 12:10:00,303.606,303.913,303.502,303.883,5634
2021-10-22 12:15:00,303.883,303.952,303.814,303.952,2061
2021-10-22 12:20:00,303.992,304.002,303.893,303.918,1557
2021-10-22 12:25:00,303.804,303.834,303.562,303.666,5218
2021-10-22 12:30:00,303.715,303.784,303.626,303.626,5019
2021-10-22 12:35:00,303.418,303.715,303.418,303.695,3283
2021-10-22 12:40:00,303.699,303.942,303.699,303.715,3802
2021-10-22 12:45:00,303.794,303.873,303.784,303.784,1568
2021-10-22 12:50:00,303.844,303.933,303.685,303.814,4060
2021-10-22 12:55:00,303.903,303.903,303.685,303.685,1111
2021-10-22 13:00:00,303.873,303.913,303.646,303.646,3489
2021-10-22 13:05:00,303.527,303.596,303.527,303.586,1888
2021-10-22 13:10:00,303.596,303.673,303.567,303.611,1317
2021-10-22 13:15:00,303.626,303.725,303.616,303.685,3609
2021-10-22 13:20:00,303.764,304.129,303.596,304.071,4732
2021-10-22 13:25:00,304.041,304.249,303.962,304.219,4468
2021-10-22 13:30:00,304.15,304.298,304.081,304.16,2068
2021-10-22 13:35:00,304.16,304.417,304.14,304.358,2667
2021-10-22 13:40:00,304.328,304.427,304.15,304.15,5688
2021-10-22 13:45:00,304.249,304.249,304.002,304.091,5177
2021-10-22 13:50:00,304.19,304.19,303.903,303.903,965
2021-10-22 13:55:00,303.878,304.022,303.863,304.012,2255
2021-10-22 14:00:00,303.903,303.903,303.705,303.705,2956
2021-10-22 14:05:00,303.814,303.853,303.567,303.745,3946
2021-10-22 14:10:00,303.883,303.883,303.656,303.656,1870
2021-10-22 14:15:00,303.636,303.745,303.517,303.586,3481
2021-10-22 14:20:00,303.428,303.883,303.428,303.834,4186
2021-10-22 14:25:00,303.972,303.972,303.656,303.656,1094
2021-10-22 14:30:00,303.67,303.893,303.646,303.646,3053
2021-10-22 14:35:00,303.923,304.308,303.923,304.308,3205
2021-10-22 14:40:00,304.308,304.397,304.061,304.061,3252
2021-10-22 14:45:00,304.17,304.209,304.002,304.091,3943
2021-10-22 14:50:00,304.045,304.045,303.923,304.041,2537
2021-10-22 14:55:00,303.972,304.036,303.715,303.715,4270
2021-10-22 15:00:00,303.671,303.695,303.507,303.695,3283
2021-10-22 15:05:00,303.873,303.923,303.651,303.853,6510
2021-10-22 15:10:00,303.913,303.918,303.755,303.893,6693
2021-10-22 15:15:00,303.863,304.086,303.824,303.982,5747
2021-10-22 15:20:00,304.002,304.002,303.577,303.577,4150
2021-10-22 15:25:00,303.695,303.814,303.448,303.448,6742
2021-10-22 15:30:00,303.369,303.735,303.285,303.636,12420
2021-10-22 15:35:00,303.641,304.022,303.636,303.942,16266
2021-10-22 15:40:00,303.853,303.992,303.695,303.903,13126
2021-10-22 15:45:00,303.715,303.982,303.656,303.656,11104
2021-10-22 15:50:00,303.755,303.913,303.528,303.68,10017
2021-10-22 15:55:00,303.695,304.17,303.666,303.952,33377
2021-10-22 16:00:00,303.923,303.923,303.181,303.359,53689
2021-10-22 16:05:00,303.221,303.221,303.221,303.221,27799
2021-10-22 16:10:00,303.221,303.221,303.221,303.221,2969
2021-10-25 09:35:00,304.585,304.585,303.517,303.577,18466
2021-10-25 09:40:00,304.051,304.427,303.784,303.972,5862
2021-10-25 09:45:00,304.012,304.457,303.349,304.002,15005
2021-10-25 09:50:00,303.883,303.942,303.339,303.507,8031
2021-10-25 09:55:00,303.507,304.397,303.507,304.239,10950
2021-10-25 10:00:00,304.13,304.476,303.883,304.19,14971
2021-10-25 10:05:00,304.219,304.882,304.219,304.382,24333
2021-10-25 10:10:00,304.264,304.829,304.244,304.516,12920
2021-10-25 10:15:00,304.378,305.07,304.343,304.773,14763
2021-10-25 10:20:00,304.813,305.228,304.753,304.753,11961
2021-10-25 10:25:00,304.763,305.238,304.729,305.05,12079
2021-10-25 10:30:00,304.937,305.564,304.937,305.376,11745
2021-10-25 10:35:00,305.525,305.891,305.416,305.554,15982
2021-10-25 10:40:00,305.614,305.722,305.376,305.604,7358
2021-10-25 10:45:00,305.722,306.247,305.703,306.049,13793
2021-10-25 10:50:00,305.975,306.256,305.92,306.256,10605
2021-10-25 10:55:00,306.187,306.434,306.148,306.355,6916
2021-10-25 11:00:00,306.425,306.454,306.227,306.227,6529
2021-10-25 11:05:00,306.108,306.677,306.029,306.484,20715
2021-10-25 11:10:00,306.484,306.632,306.35,306.434,22590
2021-10-25 11:15:00,306.583,307.107,306.519,307.107,13029
2021-10-25 11:20:00,307.067,307.092,306.514,306.608,12910
2021-10-25 11:25:00,306.523,306.8,306.365,306.8,6179
2021-10-25 11:30:00,306.83,307.028,306.603,306.845,12526
2021-10-25 11:35:00,306.612,307.216,306.593,306.929,23091
2021-10-25 11:40:00,307.107,307.216,306.782,307.023,5024
2021-10-25 11:45:00,307.008,307.107,306.959,307.033,3123
2021-10-25 11:50:00,307.146,307.146,306.761,306.79,3774
2021-10-25 11:55:00,306.672,306.998,306.256,306.978,10375
2021-10-25 12:00:00,306.919,307.067,306.533,306.608,12453
2021-10-25 12:05:00,306.563,306.672,306.256,306.672,10138
2021-10-25 12:10:00,306.583,306.85,306.385,306.81,5008
2021-10-25 12:15:00,306.905,307.038,306.425,306.672,5171
2021-10-25 12:20:00,306.786,306.786,306.504,306.504,5634
2021-10-25 12:25:00,306.682,306.83,306.603,306.83,3623
2021-10-25 12:30:00,306.939,307.038,306.692,306.8,5229
2021-10-25 12:35:00,306.632,306.79,306.434,306.746,8155
2021-10-25 12:40:00,306.82,306.929,306.593,306.741,7786
2021-10-25 12:45:00,306.706,306.761,306.261,306.464,4683
2021-10-25 12:50:00,306.553,306.642,306.405,306.632,6551
2021-10-25 12:55:00,306.662,306.781,306.622,306.632,3924
2021-10-25 13:00:00,306.642,306.697,306.434,306.697,5365
2021-10-25 13:05:00,306.79,306.85,306.701,306.8,4700
2021-10-25 13:10:00,306.795,307.156,306.795,307.156,3486
2021-10-25 13:15:00,307.038,307.156,306.879,307.067,4729
2021-10-25 13:20:00,307.305,307.305,306.899,307.008,5605
2021-10-25 13:25:00,307.008,307.008,306.731,306.74,2603
2021-10-25 13:30:00,306.771,306.879,306.494,306.588,4984
2021-10-25 13:35:00,306.494,306.662,306.494,306.583,4740
2021-10-25 13:40:00,306.593,306.726,306.336,306.345,7020
2021-10-25 13:45:00,306.227,306.504,306.044,306.336,10371
2021-10-25 13:50:00,306.222,306.306,306.163,306.256,5752
2021-10-25 13:55:00,306.108,306.217,305.97,306.158,5525
2021-10-25 14:00:00,306.158,306.167,305.831,305.831,6496
2021-10-25 14:05:00,305.782,305.836,305.554,305.594,6969
2021-10-25 14:10:00,305.653,305.732,305.376,305.554,12829
2021-10-25 14:15:00,305.544,305.624,305.422,305.604,11309
2021-10-25 14:20:00,305.614,305.653,305.287,305.653,8649
2021-10-25 14:25:00,305.643,305.762,305.426,305.495,9410
2021-10-25 14:30:00,305.46,305.564,305.386,305.475,7393
2021-10-25 14:35:00,305.564,305.752,305.52,305.574,10084
2021-10-25 14:40:00,305.574,305.643,305.366,305.475,8539
2021-10-25 14:45:00,305.431,305.515,305.366,305.475,6493
2021-10-25 14:50:00,305.515,305.515,305.188,305.188,5456
2021-10-25 14:55:00,305.248,305.475,305.203,305.475,7718
2021-10-25 15:00:00,305.48,305.614,305.451,305.46,11565
2021-10-25 15:05:00,305.465,305.614,305.436,305.436,12092
2021-10-25 15:10:00,305.495,305.624,305.455,305.5,10596
2021-10-25 15:15:00,305.584,305.584,305.386,305.436,14485
2021-10-25 15:20:00,305.451,305.53,305.366,305.426,10466
2021-10-25 15:25:00,305.436,305.92,305.337,305.92,14419
2021-10-25 15:30:00,305.93,306.296,305.851,306.207,18062
2021-10-25 15:35:00,306.108,306.316,306.078,306.276,15757
2021-10-25 15:40:00,306.306,306.385,306.158,306.355,13890
2021-10-25 15:45:00,306.38,306.504,306.276,306.41,16451
2021-10-25 15:50:00,306.41,306.444,306.078,306.286,26603
2021-10-25 15:55:00,306.296,306.336,305.93,305.94,34190
2021-10-25 16:00:00,305.999,306.622,305.792,306.622,90815
2021-10-25 16:05:00,304.318,306.286,304.17,306.286,22626
2021-10-25 16:10:00,306.286,306.286,306.286,306.286,1540
2021-10-25 16:25:00,304.585,304.585,304.585,304.585,100
2021-10-25 16:35:00,304.585,304.585,304.585,304.585,113
2021-10-26 08:00:00,307.552,307.552,307.552,307.552,541
2021-10-26 08:25:00,302.607,302.657,302.607,302.657,753
2021-10-26 08:50:00,301.649,301.649,301.649,301.649,243
2021-10-26 09:35:00,306.281,306.281,302.914,302.914,34387
2021-10-26 09:40:00,303.082,304.051,300.036,300.382,55748
2021-10-26 09:45:00,300.382,301.599,299.651,299.868,63304
2021-10-26 09:50:00,299.67,300.55,298.672,298.711,43667
2021-10-26 09:55:00,299.028,300.63,298.972,300.437,51140
2021-10-26 10:00:00,300.56,301.144,300.194,300.194,40613
2021-10-26 10:05:00,300.23,302.192,300.13,302.192,19666
2021-10-26 10:10:00,302.597,303.547,302.103,303.221,42486
2021-10-26 10:15:00,303.28,305.07,303.28,305.07,38079
2021-10-26 10:20:00,305.06,305.96,304.763,305.203,33111
2021-10-26 10:25:00,305.24,305.98,304.996,305.208,10721
2021-10-26 10:30:00,305.07,306.711,305.07,306.345,10845
2021-10-26 10:35:00,306.341,307.057,306.019,306.019,9879
2021-10-26 10:40:00,305.999,306.692,305.811,306.692,9746
2021-10-26 10:45:00,306.439,306.83,306.439,306.771,7117
2021-10-26 10:50:00,306.776,307.453,306.326,306.959,13588
2021-10-26 10:55:00,306.959,307.948,306.865,307.849,6324
2021-10-26 11:00:00,307.765,309.174,307.137,307.255,22117
2021-10-26 11:05:00,307.117,307.265,305.96,306.632,9639
2021-10-26 11:10:00,307.295,308.511,306.177,306.355,9984
2021-10-26 11:15:00,306.41,308.313,306.385,307.384,13100
2021-10-26 11:20:00,307.74,307.878,306.642,307.097,10126
2021-10-26 11:25:00,306.879,308.086,306.662,307.087,6541
2021-10-26 11:30:00,307.478,307.552,306.652,306.771,15157
2021-10-26 11:35:00,306.939,307.503,306.523,307.31,19212
2021-10-26 11:40:00,307.31,308.951,307.176,308.951,25763
2021-10-26 11:45:00,308.58,309.016,307.854,308.536,55563
2021-10-26 11:50:00,308.442,308.803,308.373,308.531,10759
2021-10-26 11:55:00,308.65,308.65,308.051,308.348,12396
2021-10-26 12:00:00,308.205,308.887,308.195,308.486,19945
2021-10-26 12:05:00,308.333,309.134,308.294,308.828,14761
2021-10-26 12:10:00,308.798,309.075,308.729,308.976,5654
2021-10-26 12:15:00,308.966,309.49,308.956,309.49,14966
2021-10-26 12:20:00,309.431,309.787,309.273,309.273,17264
2021-10-26 12:25:00,309.332,309.629,309.312,309.629,7484
2021-10-26 12:30:00,309.698,310.133,309.698,309.906,8552
2021-10-26 12:35:00,310.024,310.044,309.431,309.619,8282
2021-10-26 12:40:00,309.559,310.993,309.535,310.608,26057
2021-10-26 12:45:00,310.835,311.26,310.497,311.246,14526
2021-10-26 12:50:00,311.053,311.458,310.983,311.33,21182
2021-10-26 12:55:00,311.32,312.358,311.26,311.399,22147
2021-10-26 13:00:00,311.478,311.547,310.983,311.399,10666
2021-10-26 13:05:00,311.25,311.587,310.909,311.389,15540
2021-10-26 13:10:00,311.369,311.705,311.295,311.32,13251
2021-10-26 13:15:00,311.32,311.794,311.32,311.636,16410
2021-10-26 13:20:00,311.695,312.081,311.695,311.854,14126
2021-10-26 13:25:00,311.661,312.319,311.661,312.205,12237
2021-10-26 13:30:00,312.22,313.011,311.972,312.472,32848
2021-10-26 13:35:00,312.511,312.511,311.656,311.883,10424
2021-10-26 13:40:00,311.963,312.378,311.804,312.378,15631
2021-10-26 13:45:00,312.21,312.291,311.943,312.17,7755
2021-10-26 13:50:00,312.126,312.833,312.126,312.437,16091
2021-10-26 13:55:00,312.516,312.516,311.948,311.948,4485
2021-10-26 14:00:00,311.995,312.462,311.995,312.457,11450
2021-10-26 14:05:00,312.694,313.129,312.59,312.892,19500
2021-10-26 14:10:00,312.67,312.887,312.269,312.887,9330
2021-10-26 14:15:00,312.872,313.283,312.783,313.283,16339
2021-10-26 14:20:00,313.283,313.807,313.031,313.792,40884
2021-10-26 14:25:00,313.723,315.315,313.436,315.315,45288
2021-10-26 14:30:00,314.998,315.137,313.377,313.377,31727
2021-10-26 14:35:00,313.406,314.063,313.406,314.005,20740
2021-10-26 14:40:00,314.108,314.464,313.693,314.234,13534
2021-10-26 14:45:00,314.245,314.603,313.96,314.603,10888
2021-10-26 14:50:00,314.89,315.008,313.96,314.0,17819
2021-10-26 14:55:00,314.0,314.079,313.1,313.213,24355
2021-10-26 15:00:00,313.248,313.436,313.001,313.307,14313
2021-10-26 15:05:00,313.367,313.604,313.258,313.456,22533
2021-10-26 15:10:00,313.416,313.535,313.179,313.357,13775
2021-10-26 15:15:00,313.327,313.387,312.625,312.829,26830
2021-10-26 15:20:00,312.803,312.892,312.17,312.17,11974
2021-10-26 15:25:00,312.23,312.961,311.938,312.862,27379
2021-10-26 15:30:00,312.932,312.942,312.408,312.521,9788
2021-10-26 15:35:00,312.511,313.367,312.343,313.278,24265
2021-10-26 15:40:00,313.223,313.584,312.922,313.476,29283
2021-10-26 15:45:00,313.521,314.188,313.357,313.93,26661
2021-10-26 15:50:00,314.034,314.583,313.485,313.851,41427
2021-10-26 15:55:00,313.822,314.405,313.644,313.802,61360
2021-10-26 16:00:00,313.733,313.876,312.506,312.516,120335
2021-10-26 16:05:00,312.516,312.516,312.516,312.516,21315
2021-10-26 16:10:00,312.516,312.516,312.497,312.497,2461
2021-10-26 19:00:00,313.762,313.762,313.762,313.762,110
2021-10-27 09:35:00,314.079,315.404,313.495,314.46,54713
2021-10-27 09:40:00,314.464,315.157,313.683,314.712,35210
2021-10-27 09:45:00,314.771,315.612,314.267,315.592,18158
2021-10-27 09:50:00,315.443,317.085,315.443,317.085,22994
2021-10-27 09:55:00,316.868,317.144,316.452,316.937,37690
2021-10-27 10:00:00,316.947,317.837,316.947,317.342,30109
2021-10-27 10:05:00,317.322,317.856,317.046,317.802,15517
2021-10-27 10:10:00,317.837,317.945,317.283,317.945,11869
2021-10-27 10:15:00,317.787,318.108,317.52,317.602,12834
2021-10-27 10:20:00,317.52,317.634,316.531,316.531,12276
2021-10-27 10:25:00,316.783,316.845,315.879,316.116,6877
2021-10-27 10:30:00,316.066,316.155,314.267,314.455,21619
2021-10-27 10:35:00,314.731,314.741,314.029,314.178,20463
2021-10-27 10:40:00,314.385,314.385,313.752,314.019,15562
2021-10-27 10:45:00,313.98,314.143,313.535,313.911,14386
2021-10-27 10:50:00,314.039,314.939,313.95,314.771,23671
2021-10-27 10:55:00,314.895,315.958,314.895,315.938,16624
2021-10-27 11:00:00,316.136,316.264,315.473,316.264,9797
2021-10-27 11:05:00,316.244,316.368,316.047,316.195,7844
2021-10-27 11:10:00,316.195,316.947,316.116,316.521,12297
2021-10-27 11:15:00,316.67,317.342,316.185,316.932,45112
2021-10-27 11:20:00,316.798,316.798,316.373,316.432,6314
2021-10-27 11:25:00,316.358,316.452,316.106,316.368,8499
2021-10-27 11:30:00,316.482,316.858,316.235,316.324,11806
2021-10-27 11:35:00,316.18,316.18,315.148,315.572,11267
2021-10-27 11:40:00,315.631,316.091,315.518,315.621,7359
2021-10-27 11:45:00,315.73,315.829,315.196,315.196,6902
2021-10-27 11:50:00,315.122,315.691,314.949,315.342,12885
2021-10-27 11:55:00,315.523,315.75,315.453,315.453,6813
2021-10-27 12:00:00,315.384,315.414,315.058,315.176,7057
2021-10-27 12:05:00,315.176,315.176,314.86,315.018,9647
2021-10-27 12:10:00,314.939,315.532,314.929,315.409,17081
2021-10-27 12:15:00,315.483,315.483,315.265,315.265,5778
2021-10-27 12:20:00,315.176,315.463,314.959,315.463,14130
2021-10-27 12:25:00,315.443,315.552,315.27,315.384,14214
2021-10-27 12:30:00,315.256,315.473,315.206,315.316,9251
2021-10-27 12:35:00,315.483,315.542,315.107,315.216,12457
2021-10-27 12:40:00,315.167,315.278,314.989,315.063,8522
2021-10-27 12:45:00,315.097,315.117,314.89,315.087,5362
2021-10-27 12:50:00,315.043,315.414,315.043,315.137,12605
2021-10-27 12:55:00,315.127,315.661,315.117,315.661,7406
2021-10-27 13:00:00,315.513,315.572,315.404,315.493,6778
2021-10-27 13:05:00,315.562,316.066,315.562,315.78,12447
2021-10-27 13:10:00,315.878,316.076,315.641,316.076,6127
2021-10-27 13:15:00,316.057,316.571,316.057,316.521,8519
2021-10-27 13:20:00,316.492,316.492,316.146,316.269,4047
2021-10-27 13:25:00,316.333,316.897,316.205,316.808,12929
2021-10-27 13:30:00,316.848,316.868,316.739,316.868,4191
2021-10-27 13:35:00,316.858,316.907,316.423,316.452,11143
2021-10-27 13:40:00,316.531,316.581,316.19,316.487,12147
2021-10-27 13:45:00,316.512,316.601,316.393,316.409,4360
2021-10-27 13:50:00,316.333,316.423,316.066,316.373,12776
2021-10-27 13:55:00,316.378,316.512,315.661,315.775,28598
2021-10-27 14:00:00,315.686,315.824,315.374,315.824,7824
2021-10-27 14:05:00,315.78,315.928,315.691,315.814,6785
2021-10-27 14:10:00,315.76,315.76,315.394,315.602,12539
2021-10-27 14:15:00,315.542,316.101,315.542,316.007,7804
2021-10-27 14:20:00,316.027,316.146,315.542,315.542,6768
2021-10-27 14:25:00,315.562,315.977,315.562,315.71,11359
2021-10-27 14:30:00,315.809,315.908,315.71,315.77,5445
2021-10-27 14:35:00,315.849,315.854,315.562,315.63,7319
2021-10-27 14:40:00,315.587,315.722,315.354,315.636,7553
2021-10-27 14:45:00,315.691,315.79,315.483,315.542,5835
2021-10-27 14:50:00,315.552,315.696,315.34,315.424,22019
2021-10-27 14:55:00,315.374,315.691,315.354,315.661,6445
2021-10-27 15:00:00,315.582,315.592,315.206,315.345,10606
2021-10-27 15:05:00,315.354,315.354,315.016,315.12,10074
2021-10-27 15:10:00,315.176,315.364,314.672,314.672,17634
2021-10-27 15:15:00,314.623,314.687,314.168,314.168,10398
2021-10-27 15:20:00,314.227,314.277,313.357,313.485,33680
2021-10-27 15:25:00,313.505,313.535,312.803,313.357,20315
2021-10-27 15:30:00,313.288,314.019,313.139,313.851,12712
2021-10-27 15:35:00,314.01,314.296,313.752,314.178,16543
2021-10-27 15:40:00,314.168,314.583,313.98,314.504,18659
2021-10-27 15:45:00,314.672,314.712,314.049,314.118,19282
2021-10-27 15:50:00,314.188,314.494,314.108,314.138,18823
2021-10-27 15:55:00,314.099,314.138,313.387,313.545,38045
2021-10-27 16:00:00,313.574,314.019,313.13,314.019,121173
2021-10-27 16:05:00,313.861,313.861,313.861,313.861,21944
2021-10-27 16:10:00,313.861,313.861,313.861,313.861,2278
2021-10-27 17:00:00,312.991,312.991,308.798,308.798,1771
2021-10-27 17:45:00,310.746,310.746,310.716,310.716,396
2021-10-27 18:05:00,310.716,310.716,310.716,310.716,100
2021-10-27 18:30:00,309.836,309.836,309.826,309.826,646
2021-10-27 19:15:00,310.509,310.509,310.509,310.509,500
2021-10-28 04:05:00,311.508,311.508,311.508,311.508,200
2021-10-28 05:55:00,308.541,308.541,308.541,308.541,346
2021-10-28 08:05:00,310.509,310.519,310.222,310.519,1229
2021-10-28 09:05:00,313.861,313.861,313.861,313.861,318
2021-10-28 09:15:00,309.876,309.876,309.54,309.54,761
2021-10-28 09:20:00,309.559,309.559,308.818,308.818,1004
2021-10-28 09:25:00,309.391,309.391,309.213,309.213,1299
2021-10-28 09:30:00,309.846,311.013,309.846,311.013,550
2021-10-28 09:35:00,313.169,314.346,311.013,314.346,40652
2021-10-28 09:40:00,314.494,314.929,312.833,313.733,11568
2021-10-28 09:45:00,314.277,314.731,313.644,314.712,7686
2021-10-28 09:50:00,314.801,315.404,314.504,314.9,8280
2021-10-28 09:55:00,314.811,315.562,314.375,315.503,32565
2021-10-28 10:00:00,315.414,315.592,313.663,315.592,28649
2021-10-28 10:05:00,315.691,316.076,315.434,315.651,12139
2021-10-28 10:10:00,315.651,317.313,315.651,316.947,16325
2021-10-28 10:15:00,317.253,317.649,316.897,317.174,19044
2021-10-28 10:20:00,317.169,317.995,316.937,317.847,13774
2021-10-28 10:25:00,317.698,317.945,317.348,317.807,10813
2021-10-28 10:30:00,317.837,318.727,317.767,318.539,22573
2021-10-28 10:35:00,318.405,318.924,318.292,318.489,20506
2021-10-28 10:40:00,318.539,318.915,318.539,318.727,11735
2021-10-28 10:45:00,318.756,318.766,317.678,318.005,25194
2021-10-28 10:50:00,318.064,318.372,317.189,317.189,13585
2021-10-28 10:55:00,317.238,317.728,317.204,317.609,14222
2021-10-28 11:00:00,317.738,317.97,317.461,317.461,10126
2021-10-28 11:05:00,317.377,317.604,317.327,317.426,10867
2021-10-28 11:10:00,317.471,318.158,317.421,317.777,10788
2021-10-28 11:15:00,317.758,318.044,317.758,318.044,8562
2021-10-28 11:20:00,317.95,318.081,317.856,318.0,10641
2021-10-28 11:25:00,318.025,318.331,317.945,318.301,6709
2021-10-28 11:30:00,318.301,318.301,317.876,318.262,9506
2021-10-28 11:35:00,318.252,318.43,318.015,318.42,7949
2021-10-28 11:40:00,318.41,318.974,318.292,318.756,14826
2021-10-28 11:45:00,318.806,319.404,318.806,319.251,11454
2021-10-28 11:50:00,319.389,319.389,318.529,318.638,8754
2021-10-28 11:55:00,318.474,318.746,318.346,318.618,4737
2021-10-28 12:00:00,318.608,319.211,318.608,318.835,11361
2021-10-28 12:05:00,318.924,319.31,318.924,319.162,11659
2021-10-28 12:10:00,319.211,319.379,319.009,319.379,9493
2021-10-28 12:15:00,319.409,319.824,319.388,319.824,12312
2021-10-28 12:20:00,319.834,320.23,319.785,319.903,23159
2021-10-28 12:25:00,319.666,319.666,319.28,319.449,8603
2021-10-28 12:30:00,319.29,319.399,318.4,318.4,8703
2021-10-28 12:35:00,318.262,318.509,317.837,318.292,18724
2021-10-28 12:40:00,318.301,318.331,318.01,318.193,11140
2021-10-28 12:45:00,318.178,318.381,318.039,318.198,5262
2021-10-28 12:50:00,317.995,318.341,317.995,318.341,11584
2021-10-28 12:55:00,318.282,318.4,317.99,318.084,6708
2021-10-28 13:00:00,318.084,318.183,317.786,318.005,35857
2021-10-28 13:05:00,318.104,318.776,318.01,318.697,11330
2021-10-28 13:10:00,318.776,318.776,318.272,318.311,4534
2021-10-28 13:15:00,318.381,318.489,318.084,318.361,13998
2021-10-28 13:20:00,318.395,318.499,318.094,318.109,6829
2021-10-28 13:25:00,318.034,318.282,318.034,318.143,16419
2021-10-28 13:30:00,318.123,318.123,317.575,317.698,8299
2021-10-28 13:35:00,317.649,318.41,317.649,318.232,24109
2021-10-28 13:40:00,318.371,318.371,318.163,318.321,7732
2021-10-28 13:45:00,318.321,318.45,318.203,318.331,6875
2021-10-28 13:50:00,318.272,318.536,318.272,318.4,6800
2021-10-28 13:55:00,318.46,318.568,317.975,317.975,10379
2021-10-28 14:00:00,317.98,318.044,317.718,317.723,5236
2021-10-28 14:05:00,317.817,317.995,317.688,317.866,8788
2021-10-28 14:10:00,317.847,318.025,317.669,317.669,4532
2021-10-28 14:15:00,317.58,317.639,316.966,316.966,6770
2021-10-28 14:20:00,316.947,317.026,316.759,316.957,8049
2021-10-28 14:25:00,317.046,317.322,316.942,317.135,8074
2021-10-28 14:30:00,317.144,317.446,317.095,317.402,6390
2021-10-28 14:35:00,317.392,317.52,317.305,317.52,7214
2021-10-28 14:40:00,317.441,317.471,317.204,317.273,5471
2021-10-28 14:45:00,317.194,317.402,317.105,317.28,6824
2021-10-28 14:50:00,317.372,317.451,317.263,317.339,6365
2021-10-28 14:55:00,317.392,317.599,317.253,317.431,6039
2021-10-28 15:00:00,317.441,317.708,317.283,317.436,8450
2021-10-28 15:05:00,317.421,317.421,317.105,317.342,7375
2021-10-28 15:10:00,317.416,317.738,317.416,317.584,7014
2021-10-28 15:15:00,317.342,317.421,317.184,317.392,5902
2021-10-28 15:20:00,317.402,317.837,317.402,317.837,10094
2021-10-28 15:25:00,317.856,317.856,317.332,317.669,7924
2021-10-28 15:30:00,317.728,317.777,317.174,317.303,10021
2021-10-28 15:35:00,317.233,317.669,317.125,317.313,15497
2021-10-28 15:40:00,317.303,317.688,317.016,317.402,14410
2021-10-28 15:45:00,317.471,317.718,317.372,317.441,13664
2021-10-28 15:50:00,317.342,317.817,317.342,317.576,18903
2021-10-28 15:55:00,317.649,318.114,317.649,318.005,38449
2021-10-28 16:00:00,318.114,318.114,317.629,317.856,63327
2021-10-28 16:05:00,317.856,317.856,317.856,317.856,11853
2021-10-29 09:35:00,317.748,319.607,317.367,319.414,19795
2021-10-29 09:40:00,319.419,319.518,318.242,318.806,9880
2021-10-29 09:45:00,318.835,319.874,318.835,319.315,6243
2021-10-29 09:50:00,319.201,319.201,318.4,318.87,5633
2021-10-29 09:55:00,319.013,319.518,318.677,319.478,8635
2021-10-29 10:00:00,319.478,319.612,318.776,318.776,12097
2021-10-29 10:05:00,318.771,319.017,318.43,318.806,4174
2021-10-29 10:10:00,318.974,319.913,318.529,318.677,27983
2021-10-29 10:15:00,318.667,318.667,317.728,317.812,5543
2021-10-29 10:20:00,317.708,318.786,317.649,318.623,7087
2021-10-29 10:25:00,318.776,318.796,318.104,318.104,4681
2021-10-29 10:30:00,318.094,318.094,317.426,317.896,14020
2021-10-29 10:35:00,317.896,317.896,317.194,317.214,11543
2021-10-29 10:40:00,317.263,317.273,316.793,317.154,19582
2021-10-29 10:45:00,317.224,317.659,316.215,316.215,22430
2021-10-29 10:50:00,316.368,317.046,316.205,316.61,14679
2021-10-29 10:55:00,316.61,317.026,316.571,316.793,8611
2021-10-29 11:00:00,316.69,317.041,316.546,316.838,7995
2021-10-29 11:05:00,316.779,316.779,316.363,316.423,10181
2021-10-29 11:10:00,316.373,317.095,315.908,316.986,18228
2021-10-29 11:15:00,316.858,317.431,316.759,316.759,6615
2021-10-29 11:20:00,316.927,317.046,316.69,316.69,3528
2021-10-29 11:25:00,316.719,316.808,316.492,316.665,8179
2021-10-29 11:30:00,316.65,316.65,315.829,315.982,18420
2021-10-29 11:35:00,315.933,316.343,315.933,316.225,14313
2021-10-29 11:40:00,316.215,316.264,315.394,315.547,14632
2021-10-29 11:45:00,315.513,315.755,315.142,315.236,12702
2021-10-29 11:50:00,315.167,315.987,315.167,315.987,11965
2021-10-29 11:55:00,316.057,316.057,315.483,315.78,13936
2021-10-29 12:00:00,315.795,315.795,315.295,315.364,12299
2021-10-29 12:05:00,315.532,315.621,315.354,315.513,13254
2021-10-29 12:10:00,315.562,315.78,315.493,315.676,16042
2021-10-29 12:15:00,315.686,315.908,315.453,315.79,14413
2021-10-29 12:20:00,315.77,315.77,314.796,314.998,30356
2021-10-29 12:25:00,315.112,315.809,315.107,315.715,9747
2021-10-29 12:30:00,315.681,315.681,315.285,315.384,11156
2021-10-29 12:35:00,315.523,315.74,315.429,315.498,9012
2021-10-29 12:40:00,315.424,315.676,315.265,315.542,11503
2021-10-29 12:45:00,315.532,315.532,315.354,315.364,5276
2021-10-29 12:50:00,315.305,315.419,315.038,315.226,7815
2021-10-29 12:55:00,315.265,315.265,315.097,315.236,5421
2021-10-29 13:00:00,315.236,315.364,314.474,314.474,21617
2021-10-29 13:05:00,314.435,314.702,314.197,314.197,9018
2021-10-29 13:10:00,314.227,314.504,314.227,314.346,10873
2021-10-29 13:15:00,314.346,314.346,313.921,313.97,13677
2021-10-29 13:20:00,313.871,313.921,313.574,313.683,14402
2021-10-29 13:25:00,313.673,313.683,313.347,313.574,10153
2021-10-29 13:30:00,313.634,313.693,313.406,313.604,12062
2021-10-29 13:35:00,313.54,313.604,313.396,313.396,5794
2021-10-29 13:40:00,313.444,313.752,313.317,313.703,15659
2021-10-29 13:45:00,313.782,314.356,313.782,314.336,9087
2021-10-29 13:50:00,314.356,314.534,314.336,314.469,8554
2021-10-29 13:55:00,314.415,314.415,314.099,314.168,5943
2021-10-29 14:00:00,314.099,314.326,313.827,314.173,14499
2021-10-29 14:05:00,314.178,314.306,313.861,314.138,11493
2021-10-29 14:10:00,313.93,314.166,313.832,313.832,6492
2021-10-29 14:15:00,313.93,314.019,313.703,313.772,11705
2021-10-29 14:20:00,313.802,313.802,313.535,313.634,8320
2021-10-29 14:25:00,313.574,313.634,313.09,313.278,11159
2021-10-29 14:30:00,313.169,313.327,312.724,312.749,16776
2021-10-29 14:35:00,312.724,313.149,312.605,313.149,16129
2021-10-29 14:40:00,313.129,313.307,312.764,312.932,8775
2021-10-29 14:45:00,312.932,313.159,312.907,313.006,9257
2021-10-29 14:50:00,312.991,313.248,312.991,313.011,7928
2021-10-29 14:55:00,313.001,313.12,312.803,312.862,11127
2021-10-29 15:00:00,312.773,312.823,312.497,312.734,15176
2021-10-29 15:05:00,312.793,312.971,312.788,312.926,8974
2021-10-29 15:10:00,312.981,313.11,312.912,313.001,9966
2021-10-29 15:15:00,312.971,313.001,312.793,312.932,8420
2021-10-29 15:20:00,312.981,312.981,312.267,312.739,15512
2021-10-29 15:25:00,312.714,312.833,312.328,312.338,17062
2021-10-29 15:30:00,312.388,312.556,311.874,311.874,32433
2021-10-29 15:35:00,311.898,311.898,311.29,311.344,58015
2021-10-29 15:40:00,311.32,312.042,311.112,311.992,32784
2021-10-29 15:45:00,312.042,312.249,311.775,311.893,32720
2021-10-29 15:50:00,311.933,312.289,311.804,311.824,34973
2021-10-29 15:55:00,311.953,313.446,311.854,313.387,54950
2021-10-29 16:00:00,313.377,313.584,312.912,313.1,109914
2021-10-29 16:05:00,313.1,313.1,313.1,313.1,53000
2021-10-29 16:20:00,313.1,313.1,313.1,313.1,4856
2021-10-29 16:25:00,313.1,313.1,313.1,313.1,7044
2021-11-01 09:35:00,313.11,314.267,312.872,314.267,20369
2021-11-01 09:40:00,314.356,314.504,313.04,313.04,5057
2021-11-01 09:45:00,313.317,313.767,313.08,313.105,5505
2021-11-01 09:50:00,313.001,313.159,312.037,312.037,8299
2021-11-01 09:55:00,312.061,312.427,311.577,311.948,7637
2021-11-01 10:00:00,312.16,312.951,312.101,312.951,9172
2021-11-01 10:05:00,312.378,312.378,311.359,311.379,4791
2021-11-01 10:10:00,311.387,311.715,311.142,311.606,4109
2021-11-01 10:15:00,311.602,311.602,309.915,309.915,11050
2021-11-01 10:20:00,309.94,310.291,309.836,310.281,5883
2021-11-01 10:25:00,310.43,310.548,309.728,309.728,6580
2021-11-01 10:30:00,309.688,310.163,309.589,309.589,9104
2021-11-01 10:35:00,309.698,309.851,309.253,309.629,10959
2021-11-01 10:40:00,309.591,309.747,309.253,309.589,8692
2021-11-01 10:45:00,309.718,310.627,309.579,310.262,4201
2021-11-01 10:50:00,310.341,310.341,309.906,310.281,5465
2021-11-01 10:55:00,310.36,310.459,310.163,310.163,3987
2021-11-01 11:00:00,310.071,310.202,309.273,309.747,8972
2021-11-01 11:05:00,309.569,310.054,309.55,310.054,9137
2021-11-01 11:10:00,309.955,309.955,309.184,309.228,5445
2021-11-01 11:15:00,309.312,309.352,308.788,309.035,8310
2021-11-01 11:20:00,309.105,309.283,309.006,309.006,7590
2021-11-01 11:25:00,308.994,309.896,308.994,309.639,4188
2021-11-01 11:30:00,309.678,309.728,309.213,309.441,6110
2021-11-01 11:35:00,309.302,309.559,309.213,309.213,5914
2021-11-01 11:40:00,309.045,309.06,308.185,308.338,11096
2021-11-01 11:45:00,308.333,308.521,308.254,308.521,5528
2021-11-01 11:50:00,308.393,308.907,308.274,308.496,7272
2021-11-01 11:55:00,308.432,308.778,308.264,308.368,3906
2021-11-01 12:00:00,308.373,308.778,308.373,308.739,6660
2021-11-01 12:05:00,308.763,308.763,308.422,308.422,4039
2021-11-01 12:10:00,308.417,308.531,308.126,308.145,7485
2021-11-01 12:15:00,308.116,308.353,307.997,308.244,16399
2021-11-01 12:20:00,308.254,308.274,307.987,308.165,11061
2021-11-01 12:25:00,308.402,308.526,308.126,308.126,9368
2021-11-01 12:30:00,308.056,308.215,307.962,308.086,6057
2021-11-01 12:35:00,308.017,308.511,308.007,308.368,7054
2021-11-01 12:40:00,308.363,308.363,308.002,308.224,11472
2021-11-01 12:45:00,308.254,308.383,308.155,308.269,11756
2021-11-01 12:50:00,308.215,308.405,308.135,308.348,13954
2021-11-01 12:55:00,308.294,308.462,308.205,308.462,8449
2021-11-01 13:00:00,308.61,308.709,308.442,308.669,12921
2021-11-01 13:05:00,308.63,308.788,308.205,308.358,18130
2021-11-01 13:10:00,308.274,308.393,308.076,308.139,7490
2021-11-01 13:15:00,308.116,308.432,307.918,308.313,11338
2021-11-01 13:20:00,308.501,308.501,308.179,308.304,6853
2021-11-01 13:25:00,308.313,308.353,307.918,308.017,3734
2021-11-01 13:30:00,308.017,308.383,307.948,308.244,13404
2021-11-01 13:35:00,308.086,308.234,307.957,308.155,7949
2021-11-01 13:40:00,308.145,308.373,308.145,308.215,4368
2021-11-01 13:45:00,308.205,308.274,307.859,308.037,6474
2021-11-01 13:50:00,308.017,308.195,307.859,307.868,5602
2021-11-01 13:55:00,307.77,307.844,307.433,307.483,6552
2021-11-01 14:00:00,307.592,307.829,307.483,307.601,4358
2021-11-01 14:05:00,307.656,307.898,307.656,307.681,2163
2021-11-01 14:10:00,307.809,307.896,307.592,307.809,4707
2021-11-01 14:15:00,307.809,307.908,307.453,307.631,9887
2021-11-01 14:20:00,307.621,307.73,307.572,307.572,3208
2021-11-01 14:25:00,307.71,307.908,307.7,307.908,5402
2021-11-01 14:30:00,307.987,308.037,307.962,308.037,3445
2021-11-01 14:35:00,308.056,308.343,308.056,308.252,7534
2021-11-01 14:40:00,308.185,308.313,308.046,308.249,6688
2021-11-01 14:45:00,308.185,308.274,307.995,308.106,6961
2021-11-01 14:50:00,308.106,308.195,307.938,308.135,7976
2021-11-01 14:55:00,308.101,308.101,307.849,307.918,3310
2021-11-01 15:00:00,307.784,308.017,307.784,308.017,6392
2021-11-01 15:05:00,307.799,307.799,307.409,307.438,7251
2021-11-01 15:10:00,307.453,307.646,307.453,307.592,4800
2021-11-01 15:15:00,307.69,307.72,307.587,307.705,10574
2021-11-01 15:20:00,307.7,307.75,307.414,307.522,8532
2021-11-01 15:25:00,307.512,307.547,307.245,307.458,9059
2021-11-01 15:30:00,307.453,307.631,307.122,307.122,17743
2021-11-01 15:35:00,307.117,307.522,307.117,307.334,17954
2021-11-01 15:40:00,307.305,307.354,307.166,307.305,15957
2021-11-01 15:45:00,307.27,307.473,307.216,307.394,19706
2021-11-01 15:50:00,307.364,307.512,307.235,307.295,25565
2021-11-01 15:55:00,307.295,307.532,306.919,306.919,47577
2021-11-01 16:00:00,306.909,306.998,306.612,306.662,122377
2021-11-01 16:05:00,306.652,306.652,306.652,306.652,171421
2021-11-02 09:35:00,307.878,308.561,307.671,308.056,16932
2021-11-02 09:40:00,307.804,307.809,307.473,307.75,1350
2021-11-02 09:45:00,307.641,308.165,307.641,307.789,7511
2021-11-02 09:50:00,307.74,308.561,307.74,308.442,17015
2021-11-02 09:55:00,308.165,309.263,307.928,309.263,12702
2021-11-02 10:00:00,309.105,310.153,307.878,309.787,32310
2021-11-02 10:05:00,309.866,310.024,309.599,309.915,4134
2021-11-02 10:10:00,310.064,310.509,309.391,310.212,11483
2021-11-02 10:15:00,310.459,310.469,309.906,310.232,5498
2021-11-02 10:20:00,310.331,310.667,310.004,310.039,10139
2021-11-02 10:25:00,309.777,310.44,309.777,310.36,4567
2021-11-02 10:30:00,310.36,310.489,309.342,309.342,5895
2021-11-02 10:35:00,309.431,309.668,309.332,309.579,6323
2021-11-02 10:40:00,309.431,309.431,308.882,309.105,10448
2021-11-02 10:45:00,308.996,309.431,308.981,309.194,10723
2021-11-02 10:50:00,309.233,309.263,308.59,308.709,7735
2021-11-02 10:55:00,308.462,309.075,308.343,308.442,8496
2021-11-02 11:00:00,308.62,309.085,308.526,309.025,8468
2021-11-02 11:05:00,309.168,309.609,308.867,308.897,7940
2021-11-02 11:10:00,309.075,309.48,309.016,309.389,7785
2021-11-02 11:15:00,309.312,309.609,309.149,309.208,4283
2021-11-02 11:20:00,309.223,309.263,309.025,309.035,5178
2021-11-02 11:25:00,308.956,309.025,308.605,308.709,4285
2021-11-02 11:30:00,308.763,308.847,308.679,308.847,4335
2021-11-02 11:35:00,308.887,309.1,308.887,309.055,2920
2021-11-02 11:40:00,309.055,309.065,308.58,308.739,5500
2021-11-02 11:45:00,308.709,308.798,308.6,308.6,6191
2021-11-02 11:50:00,308.689,309.243,308.63,309.098,6277
2021-11-02 11:55:00,309.095,309.095,308.788,308.838,8151
2021-11-02 12:00:00,308.832,309.144,308.828,309.075,6394
2021-11-02 12:05:00,309.02,309.285,308.852,309.233,5153
2021-11-02 12:10:00,309.114,309.203,308.927,309.164,6364
2021-11-02 12:15:00,309.149,309.668,309.124,309.609,6120
2021-11-02 12:20:00,309.629,309.982,309.54,309.836,9655
2021-11-02 12:25:00,310.014,310.311,310.014,310.074,6936
2021-11-02 12:30:00,310.158,310.262,309.658,309.693,15095
2021-11-02 12:35:00,309.777,310.113,309.678,310.084,5848
2021-11-02 12:40:00,310.103,310.118,309.802,309.955,6950
2021-11-02 12:45:00,310.163,310.36,310.143,310.271,4160
2021-11-02 12:50:00,310.181,310.459,310.181,310.4,2673
2021-11-02 12:55:00,310.449,310.519,310.301,310.4,5014
2021-11-02 13:00:00,310.435,310.687,310.281,310.578,7339
2021-11-02 13:05:00,310.524,310.524,310.271,310.271,2960
2021-11-02 13:10:00,310.281,310.618,310.281,310.311,5931
2021-11-02 13:15:00,310.281,310.479,310.281,310.469,5297
2021-11-02 13:20:00,310.301,310.41,310.153,310.41,4115
2021-11-02 13:25:00,310.364,310.707,310.364,310.657,5765
2021-11-02 13:30:00,310.548,310.548,310.143,310.143,5871
2021-11-02 13:35:00,310.36,310.479,310.222,310.242,5757
2021-11-02 13:40:00,310.222,310.276,310.074,310.153,6265
2021-11-02 13:45:00,310.054,310.242,310.054,310.242,3071
2021-11-02 13:50:00,310.242,310.257,309.828,310.202,9380
2021-11-02 13:55:00,310.163,310.192,309.985,310.113,3865
2021-11-02 14:00:00,310.232,310.321,310.093,310.163,6753
2021-11-02 14:05:00,310.064,310.242,310.044,310.113,5811
2021-11-02 14:10:00,309.975,310.044,309.708,309.708,12088
2021-11-02 14:15:00,309.708,309.807,309.54,309.559,6279
2021-11-02 14:20:00,309.51,309.733,309.48,309.678,9016
2021-11-02 14:25:00,309.668,309.688,309.372,309.372,3536
2021-11-02 14:30:00,309.302,309.421,309.194,309.278,12523
2021-11-02 14:35:00,309.208,309.208,308.66,308.669,13068
2021-11-02 14:40:00,308.729,308.739,308.6,308.61,10952
2021-11-02 14:45:00,308.64,308.763,308.373,308.531,13171
2021-11-02 14:50:00,308.64,309.025,308.62,309.006,5801
2021-11-02 14:55:00,309.085,309.312,308.897,309.223,15205
2021-11-02 15:00:00,309.075,309.388,308.887,309.085,8177
2021-11-02 15:05:00,309.203,309.431,309.203,309.302,7083
2021-11-02 15:10:00,309.332,309.461,309.243,309.322,8169
2021-11-02 15:15:00,309.421,309.421,308.887,309.035,9177
2021-11-02 15:20:00,309.129,309.258,309.065,309.153,8753
2021-11-02 15:25:00,309.174,309.223,308.946,309.179,8186
2021-11-02 15:30:00,309.233,309.535,309.194,309.47,9671
2021-11-02 15:35:00,309.461,309.559,309.263,309.446,13394
2021-11-02 15:40:00,309.391,309.609,309.337,309.49,11310
2021-11-02 15:45:00,309.401,309.807,309.381,309.787,14749
2021-11-02 15:50:00,309.787,310.084,309.777,309.935,17737
2021-11-02 15:55:00,309.866,309.866,309.223,309.609,36727
2021-11-02 16:00:00,309.54,309.648,309.174,309.49,111385
2021-11-02 16:05:00,309.322,309.322,309.322,309.322,6520
2021-11-03 09:35:00,310.736,310.943,310.687,310.687,11537
2021-11-03 09:40:00,311.31,311.31,310.538,310.538,4273
2021-11-03 09:45:00,311.033,311.033,309.733,310.123,3146
2021-11-03 09:50:00,310.014,310.301,309.164,309.317,6680
2021-11-03 09:55:00,309.238,309.362,308.61,309.362,9458
2021-11-03 10:00:00,309.579,309.797,308.847,309.342,7518
2021-11-03 10:05:00,309.53,309.807,308.946,309.149,10967
2021-11-03 10:10:00,309.085,309.1,307.275,307.428,9112
2021-11-03 10:15:00,307.552,308.106,307.3,307.868,4532
2021-11-03 10:20:00,308.051,308.917,307.621,308.753,6098
2021-11-03 10:25:00,308.62,308.897,308.304,308.897,4949
2021-11-03 10:30:00,308.897,309.095,308.294,308.294,17123
2021-11-03 10:35:00,308.284,308.427,308.056,308.422,6051
2021-11-03 10:40:00,308.368,308.368,307.779,307.779,2234
2021-11-03 10:45:00,307.809,308.541,307.809,308.541,14919
2021-11-03 10:50:00,308.442,308.541,308.165,308.185,5079
2021-11-03 10:55:00,308.412,308.491,308.175,308.402,7524
2021-11-03 11:00:00,308.353,308.6,308.343,308.442,8964
2021-11-03 11:05:00,308.323,308.323,307.918,307.987,5371
2021-11-03 11:10:00,307.972,308.116,307.789,308.017,5803
2021-11-03 11:15:00,308.046,308.135,307.903,307.903,9563
2021-11-03 11:20:00,307.938,308.066,307.473,307.473,11948
2021-11-03 11:25:00,307.458,307.512,307.137,307.453,9735
2021-11-03 11:30:00,307.305,307.671,307.285,307.473,7424
2021-11-03 11:35:00,307.393,307.641,307.265,307.478,8575
2021-11-03 11:40:00,307.359,307.542,307.295,307.315,8565
2021-11-03 11:45:00,307.394,307.572,307.344,307.389,8460
2021-11-03 11:50:00,307.453,307.592,307.077,307.077,13261
2021-11-03 11:55:00,307.067,307.176,306.89,306.89,9559
2021-11-03 12:00:00,307.018,307.285,306.889,306.889,4492
2021-11-03 12:05:00,307.018,307.235,306.959,306.959,9573
2021-11-03 12:10:00,306.83,307.433,306.83,307.423,5257
2021-11-03 12:15:00,307.468,307.468,307.146,307.206,6392
2021-11-03 12:20:00,307.315,307.542,307.255,307.461,4901
2021-11-03 12:25:00,307.433,307.532,307.216,307.469,4484
2021-11-03 12:30:00,307.384,307.503,307.295,307.453,4238
2021-11-03 12:35:00,307.384,307.572,307.067,307.572,11464
2021-11-03 12:40:00,307.325,307.592,307.275,307.404,7868
2021-11-03 12:45:00,307.423,307.542,307.364,307.394,6593
2021-11-03 12:50:00,307.379,307.641,307.315,307.443,7514
2021-11-03 12:55:00,307.453,307.76,307.404,307.681,15790
2021-11-03 13:00:00,307.641,307.651,307.31,307.31,8948
2021-11-03 13:05:00,307.315,307.671,307.315,307.562,9809
2021-11-03 13:10:00,307.562,307.977,307.364,307.977,35271
2021-11-03 13:15:00,307.977,308.595,307.977,308.249,8038
2021-11-03 13:20:00,308.373,308.6,308.373,308.571,5322
2021-11-03 13:25:00,308.541,308.689,308.472,308.521,10990
2021-11-03 13:30:00,308.531,308.66,308.353,308.501,10982
2021-11-03 13:35:00,308.521,308.615,308.452,308.59,11330
2021-11-03 13:40:00,308.531,308.679,308.373,308.373,13033
2021-11-03 13:45:00,308.393,308.551,308.323,308.551,4848
2021-11-03 13:50:00,308.58,308.645,308.442,308.486,11736
2021-11-03 13:55:00,308.571,308.61,308.269,308.546,11401
2021-11-03 14:00:00,308.571,308.61,308.412,308.551,4789
2021-11-03 14:05:00,308.323,309.08,308.224,308.62,17502
2021-11-03 14:10:00,308.62,308.62,308.234,308.452,5005
2021-11-03 14:15:00,308.462,308.462,307.854,308.007,6871
2021-11-03 14:20:00,308.056,308.343,307.77,308.323,7999
2021-11-03 14:25:00,308.373,308.462,308.116,308.229,9636
2021-11-03 14:30:00,308.116,308.195,307.468,307.896,17368
2021-11-03 14:35:00,307.948,308.046,307.69,307.888,3496
2021-11-03 14:40:00,307.957,308.046,307.779,308.046,7979
2021-11-03 14:45:00,308.076,308.62,307.898,308.561,6226
2021-11-03 14:50:00,308.62,308.808,308.491,308.714,18838
2021-11-03 14:55:00,308.887,309.174,308.68,308.828,24560
2021-11-03 15:00:00,308.847,309.5,308.511,309.386,28300
2021-11-03 15:05:00,309.401,309.401,308.946,309.124,14871
2021-11-03 15:10:00,309.194,309.243,308.956,309.179,6603
2021-11-03 15:15:00,309.213,309.233,309.03,309.144,9623
2021-11-03 15:20:00,309.122,309.283,308.946,309.144,11412
2021-11-03 15:25:00,309.194,309.559,309.144,309.535,16847
2021-11-03 15:30:00,309.594,310.232,309.53,310.232,13833
2021-11-03 15:35:00,310.182,310.36,309.96,310.252,19954
2021-11-03 15:40:00,310.257,310.257,309.896,309.945,17898
2021-11-03 15:45:00,309.975,310.548,309.935,310.548,25420
2021-11-03 15:50:00,310.558,311.438,310.558,311.428,28422
2021-11-03 15:55:00,311.359,311.424,310.385,310.494,55659
2021-11-03 16:00:00,310.459,310.776,309.915,310.618,148029
2021-11-03 16:05:00,310.776,310.776,310.776,310.776,26602
2021-11-03 16:10:00,310.776,310.776,310.776,310.776,1322
2021-11-04 09:35:00,309.53,310.163,309.48,310.024,13127
2021-11-04 09:40:00,310.301,311.458,310.301,310.529,6465
2021-11-04 09:45:00,311.072,311.112,310.301,311.016,13711
2021-11-04 09:50:00,311.018,312.437,311.018,312.437,6165
2021-11-04 09:55:00,312.348,313.96,312.348,313.723,8229
2021-11-04 10:00:00,313.456,313.743,313.446,313.743,3364
2021-11-04 10:05:00,313.772,313.772,312.526,312.724,8966
2021-11-04 10:10:00,312.942,313.98,312.877,313.891,3800
2021-11-04 10:15:00,313.886,313.96,313.644,313.676,5728
2021-11-04 10:20:00,313.757,313.93,313.565,313.574,2829
2021-11-04 10:25:00,313.446,314.168,313.446,314.168,3540
2021-11-04 10:30:00,313.99,314.272,313.871,314.272,3894
2021-11-04 10:35:00,314.464,314.484,314.059,314.059,5830
2021-11-04 10:40:00,314.227,314.692,314.148,314.553,7138
2021-11-04 10:45:00,314.553,314.583,313.891,314.019,15449
2021-11-04 10:50:00,314.158,314.178,313.99,314.178,7342
2021-11-04 10:55:00,314.104,314.104,313.683,313.683,1998
2021-11-04 11:00:00,313.851,313.95,313.772,313.921,2547
2021-11-04 11:05:00,313.822,313.841,313.317,313.505,7483
2021-11-04 11:10:00,313.594,313.792,313.476,313.723,5335
2021-11-04 11:15:00,313.728,313.911,313.228,313.367,6052
2021-11-04 11:20:00,313.362,313.446,312.828,312.87,8562
2021-11-04 11:25:00,312.912,312.942,312.141,312.202,23440
2021-11-04 11:30:00,312.388,312.961,312.388,312.675,12004
2021-11-04 11:35:00,312.886,312.981,312.319,312.408,15851
2021-11-04 11:40:00,312.437,312.917,312.437,312.872,29610
2021-11-04 11:45:00,312.813,312.991,312.22,312.22,7685
2021-11-04 11:50:00,312.289,312.294,311.775,311.844,12942
2021-11-04 11:55:00,311.794,311.967,311.676,311.74,4805
2021-11-04 12:00:00,311.938,312.121,311.903,312.012,6886
2021-11-04 12:05:00,312.052,312.076,311.463,311.676,16546
2021-11-04 12:10:00,311.705,312.081,311.705,311.844,9413
2021-11-04 12:15:00,311.844,312.032,311.478,311.992,15921
2021-11-04 12:20:00,311.913,312.254,311.913,312.249,5636
2021-11-04 12:25:00,312.239,312.497,312.19,312.368,5131
2021-11-04 12:30:00,312.412,313.683,312.412,313.555,7633
2021-11-04 12:35:00,313.485,313.762,313.129,313.703,6987
2021-11-04 12:40:00,313.772,314.0,313.767,313.851,5512
2021-11-04 12:45:00,313.925,314.039,313.871,314.005,4098
2021-11-04 12:50:00,314.227,314.227,313.822,314.128,5862
2021-11-04 12:55:00,314.138,314.306,314.108,314.197,4478
2021-11-04 13:00:00,314.059,314.395,314.059,314.331,3131
2021-11-04 13:05:00,314.306,314.366,314.247,314.257,3944
2021-11-04 13:10:00,314.267,314.712,313.436,313.436,29152
2021-11-04 13:15:00,313.515,313.97,313.515,313.93,5975
2021-11-04 13:20:00,313.866,314.039,313.866,314.039,2700
2021-11-04 13:25:00,313.94,314.138,313.94,314.099,5312
2021-11-04 13:30:00,314.158,314.356,314.158,314.262,4872
2021-11-04 13:35:00,314.217,314.277,314.084,314.108,8102
2021-11-04 13:40:00,314.118,314.405,313.99,314.405,13459
2021-11-04 13:45:00,314.445,314.702,314.435,314.702,5709
2021-11-04 13:50:00,314.667,314.949,314.667,314.781,10365
2021-11-04 13:55:00,314.989,315.087,314.919,315.087,2578
2021-11-04 14:00:00,315.068,315.068,314.731,314.809,5903
2021-11-04 14:05:00,314.722,314.731,314.262,314.262,18307
2021-11-04 14:10:00,314.193,314.277,314.037,314.108,3560
2021-11-04 14:15:00,314.138,314.504,314.138,314.361,3785
2021-11-04 14:20:00,314.296,314.544,314.286,314.544,3824
2021-11-04 14:25:00,314.549,314.672,314.395,314.647,3819
2021-11-04 14:30:00,314.791,314.791,314.425,314.484,2670
2021-11-04 14:35:00,314.405,314.642,314.405,314.608,5616
2021-11-04 14:40:00,314.672,314.672,314.346,314.435,8680
2021-11-04 14:45:00,314.474,314.581,314.474,314.539,3671
2021-11-04 14:50:00,314.435,314.722,314.435,314.504,4552
2021-11-04 14:55:00,314.534,314.573,313.624,313.782,28212
2021-11-04 15:00:00,313.891,314.225,313.891,314.225,7230
2021-11-04 15:05:00,314.158,314.252,313.975,314.252,6313
2021-11-04 15:10:00,314.257,314.771,314.128,314.603,15038
2021-11-04 15:15:00,314.736,314.736,313.683,314.163,29438
2021-11-04 15:20:00,314.415,315.008,314.316,314.761,16320
2021-11-04 15:25:00,314.751,315.374,314.751,315.275,20364
2021-11-04 15:30:00,315.261,315.261,314.464,314.464,9253
2021-11-04 15:35:00,314.534,314.583,314.217,314.445,15173
2021-11-04 15:40:00,314.445,314.623,314.435,314.524,15887
2021-11-04 15:45:00,314.563,314.623,314.336,314.524,16026
2021-11-04 15:50:00,314.514,314.727,314.435,314.623,14735
2021-11-04 15:55:00,314.623,315.028,314.603,314.989,47182
2021-11-04 16:00:00,314.979,315.305,314.82,314.998,86434
2021-11-04 16:05:00,315.058,315.058,315.058,315.058,45090
2021-11-05 08:10:00,316.205,316.205,316.205,316.205,100
2021-11-05 08:25:00,316.205,316.205,316.205,316.205,100
2021-11-05 08:40:00,316.205,316.205,316.205,316.205,100
2021-11-05 09:35:00,315.384,317.115,314.069,317.115,43965
2021-11-05 09:40:00,317.08,317.767,316.373,317.723,11154
2021-11-05 09:45:00,317.985,318.756,317.224,317.639,23513
2021-11-05 09:50:00,317.624,317.624,315.958,316.348,36760
2021-11-05 09:55:00,316.363,316.363,315.206,316.17,18306
2021-11-05 10:00:00,316.23,317.441,316.007,317.431,30248
2021-11-05 10:05:00,317.313,317.669,317.024,317.669,7681
2021-11-05 10:10:00,317.51,317.639,317.016,317.016,10974
2021-11-05 10:15:00,317.233,317.362,316.343,316.897,21463
2021-11-05 10:20:00,316.818,317.411,316.67,317.233,29560
2021-11-05 10:25:00,317.381,317.847,316.986,316.986,18392
2021-11-05 10:30:00,316.986,317.649,316.957,316.966,14494
2021-11-05 10:35:00,316.565,316.937,316.24,316.274,11076
2021-11-05 10:40:00,316.383,316.66,316.126,316.254,18455
2021-11-05 10:45:00,316.146,316.591,316.096,316.373,12383
2021-11-05 10:50:00,316.591,316.741,314.949,314.969,12105
2021-11-05 10:55:00,315.092,315.74,314.801,315.285,12121
2021-11-05 11:00:00,315.117,316.047,314.959,316.047,12341
2021-11-05 11:05:00,315.987,316.531,315.879,316.312,4038
2021-11-05 11:10:00,316.284,316.788,315.948,316.274,16446
2021-11-05 11:15:00,316.24,316.363,315.79,315.869,5815
2021-11-05 11:20:00,315.773,315.898,315.32,315.374,22628
2021-11-05 11:25:00,315.691,316.185,315.691,315.869,12663
2021-11-05 11:30:00,315.777,315.908,315.325,315.908,7543
2021-11-05 11:35:00,315.73,315.898,315.305,315.75,7466
2021-11-05 11:40:00,315.691,315.799,315.414,315.463,8393
2021-11-05 11:45:00,315.399,315.73,315.266,315.579,9169
2021-11-05 11:50:00,315.434,315.72,315.147,315.493,8898
2021-11-05 11:55:00,315.374,315.79,315.295,315.325,46393
2021-11-05 12:00:00,315.256,315.384,314.682,314.682,6643
2021-11-05 12:05:00,314.652,315.186,314.652,315.097,5297
2021-11-05 12:10:00,315.275,315.275,314.563,314.84,9371
2021-11-05 12:15:00,314.687,315.275,314.573,315.256,5277
2021-11-05 12:20:00,315.453,315.552,315.038,315.186,43157
2021-11-05 12:25:00,314.998,315.246,314.998,315.157,3852
2021-11-05 12:30:00,315.246,315.483,315.157,315.483,2877
2021-11-05 12:35:00,315.483,315.785,315.483,315.621,6668
2021-11-05 12:40:00,315.701,315.715,315.443,315.646,5233
2021-11-05 12:45:00,315.532,315.631,315.354,315.552,5524
2021-11-05 12:50:00,315.345,315.483,315.305,315.374,4654
2021-11-05 12:55:00,315.523,315.691,315.414,315.691,6659
2021-11-05 13:00:00,315.829,315.834,315.473,315.75,4674
2021-11-05 13:05:00,315.631,315.829,315.305,315.473,25507
2021-11-05 13:10:00,315.621,315.676,315.038,315.157,5896
2021-11-05 13:15:00,315.147,315.453,315.087,315.443,5441
2021-11-05 13:20:00,315.176,315.409,315.058,315.31,6614
2021-11-05 13:25:00,315.315,315.641,315.078,315.078,4865
2021-11-05 13:30:00,314.884,314.969,314.217,314.217,7213
2021-11-05 13:35:00,314.346,314.909,314.346,314.89,5068
2021-11-05 13:40:00,314.88,314.88,314.504,314.603,4018
2021-11-05 13:45:00,314.544,314.682,314.346,314.563,8458
2021-11-05 13:50:00,314.563,314.563,313.906,313.916,8044
2021-11-05 13:55:00,313.792,314.652,313.792,314.652,11287
2021-11-05 14:00:00,314.514,314.532,314.279,314.45,4730
2021-11-05 14:05:00,314.375,314.682,314.375,314.445,9165
2021-11-05 14:10:00,314.46,314.84,314.326,314.677,10197
2021-11-05 14:15:00,314.727,315.038,314.642,315.038,3886
2021-11-05 14:20:00,314.939,314.964,314.692,314.692,2030
2021-11-05 14:25:00,314.662,314.994,314.628,314.801,6659
2021-11-05 14:30:00,314.86,315.186,314.697,315.038,7269
2021-11-05 14:35:00,315.186,315.671,314.909,315.424,13052
2021-11-05 14:40:00,315.335,315.463,315.097,315.335,6497
2021-11-05 14:45:00,315.473,315.473,315.058,315.097,4924
2021-11-05 14:50:00,315.078,315.671,315.078,315.582,7495
2021-11-05 14:55:00,315.565,315.631,315.463,315.532,6473
2021-11-05 15:00:00,315.597,315.681,315.453,315.661,4977
2021-11-05 15:05:00,315.513,315.681,315.172,315.473,14103
2021-11-05 15:10:00,315.404,315.612,315.305,315.612,17623
2021-11-05 15:15:00,315.71,315.859,315.285,315.443,6097
2021-11-05 15:20:00,315.295,315.345,315.092,315.092,4987
2021-11-05 15:25:00,314.989,315.483,314.979,315.409,8874
2021-11-05 15:30:00,315.463,315.503,315.247,315.247,7248
2021-11-05 15:35:00,315.256,315.493,315.186,315.423,15610
2021-11-05 15:40:00,315.453,315.79,315.453,315.671,9771
2021-11-05 15:45:00,315.552,315.572,314.979,315.073,9453
2021-11-05 15:50:00,314.979,315.463,314.979,315.236,17412
2021-11-05 15:55:00,315.364,315.73,315.29,315.389,23103
2021-11-05 16:00:00,315.325,315.582,315.117,315.463,69894
2021-11-05 16:05:00,315.493,315.493,315.493,315.493,10835
2021-11-05 17:15:00,315.493,315.493,315.493,315.493,333
2021-11-08 09:35:00,316.769,318.43,315.879,317.535,25288
2021-11-08 09:40:00,317.896,318.331,316.026,316.61,8889
2021-11-08 09:45:00,316.61,318.42,316.027,318.331,21305
2021-11-08 09:50:00,318.331,318.905,318.252,318.786,8082
2021-11-08 09:55:00,318.682,318.835,317.599,317.936,5266
2021-11-08 10:00:00,317.669,318.568,317.416,317.748,7523
2021-11-08 10:05:00,317.164,317.718,316.937,317.233,8597
2021-11-08 10:10:00,317.461,317.807,316.694,317.016,5436
2021-11-08 10:15:00,316.492,318.025,316.492,318.025,8015
2021-11-08 10:20:00,317.797,317.97,317.481,317.58,4225
2021-11-08 10:25:00,317.317,318.45,317.317,318.143,10261
2021-11-08 10:30:00,318.163,318.44,317.906,318.381,6824
2021-11-08 10:35:00,318.301,318.46,318.01,318.277,4933
2021-11-08 10:40:00,318.163,318.381,317.683,317.827,6964
2021-11-08 10:45:00,317.723,318.131,317.367,317.644,11194
2021-11-08 10:50:00,317.644,318.232,317.52,317.945,8455
2021-11-08 10:55:00,317.782,317.936,317.154,317.184,15274
2021-11-08 11:00:00,317.273,317.411,316.889,316.947,9314
2021-11-08 11:05:00,317.085,317.352,316.68,317.194,7605
2021-11-08 11:10:00,317.174,317.189,316.779,316.779,4692
2021-11-08 11:15:00,316.818,317.777,316.818,317.619,10220
2021-11-08 11:20:00,317.758,317.787,317.476,317.787,5399
2021-11-08 11:25:00,317.847,317.886,317.56,317.762,15410
2021-11-08 11:30:00,317.772,318.094,317.772,317.975,5897
2021-11-08 11:35:00,317.955,318.025,317.847,317.906,6044
2021-11-08 11:40:00,317.965,317.965,317.718,317.787,5942
2021-11-08 11:45:00,317.827,317.842,317.53,317.589,5493
2021-11-08 11:50:00,317.584,318.034,317.491,317.995,8011
2021-11-08 11:55:00,317.876,317.985,317.876,317.936,7434
2021-11-08 12:00:00,317.955,318.104,317.758,318.044,8417
2021-11-08 12:05:00,318.041,318.094,317.659,317.669,3733
2021-11-08 12:10:00,317.629,317.738,317.011,317.011,4967
2021-11-08 12:15:00,317.154,317.639,317.046,317.639,7355
2021-11-08 12:20:00,317.57,317.916,317.57,317.589,5274
2021-11-08 12:25:00,317.441,317.58,317.421,317.55,3205
2021-11-08 12:30:00,317.604,317.698,317.481,317.481,3107
2021-11-08 12:35:00,317.589,317.589,317.421,317.421,3491
2021-11-08 12:40:00,317.441,317.451,316.897,316.897,4045
2021-11-08 12:45:00,316.729,317.253,316.699,317.253,4645
2021-11-08 12:50:00,317.016,317.09,316.927,317.065,3069
2021-11-08 12:55:00,316.947,317.451,316.927,317.214,7501
2021-11-08 13:00:00,317.144,317.431,317.115,317.431,3759
2021-11-08 13:05:00,317.441,317.589,317.392,317.446,5018
2021-11-08 13:10:00,317.446,317.51,317.125,317.125,3631
2021-11-08 13:15:00,317.233,317.629,317.233,317.476,6964
2021-11-08 13:20:00,317.402,317.503,317.174,317.174,3391
2021-11-08 13:25:00,317.273,317.431,316.897,316.897,5284
2021-11-08 13:30:00,316.897,317.036,316.749,316.749,2473
2021-11-08 13:35:00,316.61,316.907,316.61,316.788,3830
2021-11-08 13:40:00,316.877,316.877,316.581,316.581,4292
2021-11-08 13:45:00,316.645,316.719,316.521,316.719,5392
2021-11-08 13:50:00,316.665,317.016,316.581,316.976,9225
2021-11-08 13:55:00,317.011,317.036,316.858,316.932,2752
2021-11-08 14:00:00,316.917,317.104,316.838,317.104,4395
2021-11-08 14:05:00,317.07,317.085,316.971,316.971,3057
2021-11-08 14:10:00,316.971,317.52,316.971,317.52,7259
2021-11-08 14:15:00,317.629,317.728,317.233,317.233,5206
2021-11-08 14:20:00,317.164,317.313,317.006,317.258,7792
2021-11-08 14:25:00,317.214,317.313,316.853,316.996,6466
2021-11-08 14:30:00,317.016,317.164,316.982,317.164,2870
2021-11-08 14:35:00,317.006,317.085,316.808,316.808,3809
2021-11-08 14:40:00,316.803,316.917,316.581,316.694,4728
2021-11-08 14:45:00,316.694,316.788,316.571,316.788,4579
2021-11-08 14:50:00,316.749,316.749,316.521,316.635,1510
2021-11-08 14:55:00,316.615,316.615,316.492,316.526,2887
2021-11-08 15:00:00,316.442,316.868,316.442,316.853,8131
2021-11-08 15:05:00,316.858,316.927,316.66,316.66,8245
2021-11-08 15:10:00,316.66,317.253,316.655,317.036,7859
2021-11-08 15:15:00,317.105,317.224,316.966,317.174,15567
2021-11-08 15:20:00,317.184,317.283,317.006,317.006,6189
2021-11-08 15:25:00,317.055,317.308,317.006,317.115,23957
2021-11-08 15:30:00,317.164,317.392,317.016,317.12,13226
2021-11-08 15:35:00,317.016,317.156,316.324,316.324,15047
2021-11-08 15:40:00,316.423,316.887,316.333,316.61,18509
2021-11-08 15:45:00,316.615,316.872,316.541,316.551,14004
2021-11-08 15:50:00,316.615,316.787,316.472,316.69,14311
2021-11-08 15:55:00,316.67,317.055,316.67,316.981,18341
2021-11-08 16:00:00,316.957,317.322,316.868,317.253,66108
2021-11-08 16:05:00,317.243,317.243,317.243,317.243,14918
2021-11-09 09:35:00,317.065,317.916,315.818,317.916,13438
2021-11-09 09:40:00,318.257,318.499,317.649,317.649,7898
2021-11-09 09:45:00,318.099,318.519,318.099,318.519,1553
2021-11-09 09:50:00,318.163,319.923,318.163,319.923,14838
2021-11-09 09:55:00,320.22,320.378,319.926,320.141,3852
2021-11-09 10:00:00,320.067,320.556,319.785,320.339,17444
2021-11-09 10:05:00,320.358,320.576,319.419,319.725,15195
2021-11-09 10:10:00,319.449,319.864,319.439,319.666,1532
2021-11-09 10:15:00,319.162,319.429,319.053,319.282,3790
2021-11-09 10:20:00,318.628,319.449,318.628,318.807,5896
2021-11-09 10:25:00,318.934,319.182,318.727,319.063,4926
2021-11-09 10:30:00,319.122,319.439,318.964,319.419,6160
2021-11-09 10:35:00,319.493,319.869,319.409,319.869,127117
2021-11-09 10:40:00,319.745,319.933,319.444,319.528,13481
2021-11-09 10:45:00,319.528,319.795,319.093,319.142,7185
2021-11-09 10:50:00,319.33,319.419,318.964,319.419,5017
2021-11-09 10:55:00,319.34,319.419,318.728,318.728,5037
2021-11-09 11:00:00,318.608,319.112,318.588,319.112,3964
2021-11-09 11:05:00,319.093,319.449,319.013,319.449,4387
2021-11-09 11:10:00,319.271,319.409,318.509,318.628,5747
2021-11-09 11:15:00,318.618,318.845,317.916,318.212,27852
2021-11-09 11:20:00,318.282,319.196,318.282,319.172,6524
2021-11-09 11:25:00,319.32,319.34,318.885,319.177,3674
2021-11-09 11:30:00,319.177,319.597,319.177,319.379,8654
2021-11-09 11:35:00,319.369,319.449,319.083,319.449,6853
2021-11-09 11:40:00,319.458,319.666,319.389,319.419,3644
2021-11-09 11:45:00,319.369,319.498,319.323,319.399,5217
2021-11-09 11:50:00,319.33,319.498,319.211,319.295,4924
2021-11-09 11:55:00,319.409,319.468,319.093,319.32,6643
2021-11-09 12:00:00,319.32,319.557,319.182,319.478,4163
2021-11-09 12:05:00,319.528,319.528,319.28,319.36,8445
2021-11-09 12:10:00,319.374,319.547,319.369,319.429,2386
2021-11-09 12:15:00,319.498,320.299,319.402,320.106,7989
2021-11-09 12:20:00,320.116,320.279,319.745,319.745,5870
2021-11-09 12:25:00,319.533,319.725,319.533,319.627,1684
2021-11-09 12:30:00,319.602,319.602,319.3,319.602,4853
2021-11-09 12:35:00,319.745,319.755,319.646,319.721,2314
2021-11-09 12:40:00,319.786,319.786,319.419,319.498,3246
2021-11-09 12:45:00,319.499,319.765,319.449,319.592,6631
2021-11-09 12:50:00,319.592,319.691,319.28,319.651,17882
2021-11-09 12:55:00,319.706,320.032,319.706,319.854,1685
2021-11-09 13:00:00,319.864,320.062,319.864,320.042,1503
2021-11-09 13:05:00,320.032,320.21,319.824,320.012,7058
2021-11-09 13:10:00,320.022,320.586,320.022,320.586,4661
2021-11-09 13:15:00,320.428,320.675,320.348,320.601,5508
2021-11-09 13:20:00,320.591,320.834,320.467,320.834,4934
2021-11-09 13:25:00,320.734,320.981,320.706,320.887,6704
2021-11-09 13:30:00,321.041,321.041,320.536,320.62,3853
2021-11-09 13:35:00,320.517,320.517,320.072,320.072,2374
2021-11-09 13:40:00,319.978,319.978,319.676,319.913,3606
2021-11-09 13:45:00,320.012,320.136,319.923,319.938,2762
2021-11-09 13:50:00,320.002,320.072,319.676,319.765,3400
2021-11-09 13:55:00,319.716,319.716,319.389,319.449,3632
2021-11-09 14:00:00,319.429,319.483,319.206,319.389,4504
2021-11-09 14:05:00,319.498,319.632,319.439,319.627,1754
2021-11-09 14:10:00,319.508,319.508,319.371,319.371,3004
2021-11-09 14:15:00,319.31,319.458,318.994,319.399,6552
2021-11-09 14:20:00,319.439,319.676,319.439,319.651,1673
2021-11-09 14:25:00,319.785,319.913,319.661,319.666,3129
2021-11-09 14:30:00,319.656,319.874,319.582,319.874,3661
2021-11-09 14:35:00,319.973,320.304,319.963,320.161,6417
2021-11-09 14:40:00,320.091,320.151,320.012,320.151,839
2021-11-09 14:45:00,320.151,320.378,320.151,320.344,5935
2021-11-09 14:50:00,320.414,320.414,320.081,320.18,2866
2021-11-09 14:55:00,320.18,320.2,320.012,320.2,2216
2021-11-09 15:00:00,320.21,320.269,319.894,319.894,5852
2021-11-09 15:05:00,319.854,319.992,319.854,319.978,4207
2021-11-09 15:10:00,319.978,320.329,319.948,320.289,6332
2021-11-09 15:15:00,320.319,320.358,320.23,320.358,7744
2021-11-09 15:20:00,320.309,320.437,320.18,320.18,7240
2021-11-09 15:25:00,320.259,320.477,320.259,320.348,5835
2021-11-09 15:30:00,320.418,320.784,320.21,320.784,9099
2021-11-09 15:35:00,320.665,320.784,320.062,320.101,14284
2021-11-09 15:40:00,320.161,320.161,319.612,319.824,7066
2021-11-09 15:45:00,319.854,320.507,319.854,320.408,18196
2021-11-09 15:50:00,320.517,320.803,320.111,320.21,14870
2021-11-09 15:55:00,320.255,320.408,320.032,320.348,23090
2021-11-09 16:00:00,320.279,320.635,320.24,320.576,48726
2021-11-09 16:05:00,320.457,320.457,320.457,320.457,6336
2021-11-10 09:35:00,319.725,321.609,319.725,321.357,18301
2021-11-10 09:40:00,320.606,320.606,319.807,320.467,5217
2021-11-10 09:45:00,320.863,321.357,320.66,321.278,3906
2021-11-10 09:50:00,321.288,321.545,320.695,320.912,8867
2021-11-10 09:55:00,321.169,321.525,320.843,321.214,4358
2021-11-10 10:00:00,320.942,321.545,320.902,321.407,9494
2021-11-10 10:05:00,321.397,321.545,321.253,321.545,54147
2021-11-10 10:10:00,321.486,321.545,321.14,321.214,4621
2021-11-10 10:15:00,321.318,321.545,320.991,321.387,9366
2021-11-10 10:20:00,321.545,321.545,321.219,321.289,2354
2021-11-10 10:25:00,321.184,321.535,321.184,321.431,10218
2021-11-10 10:30:00,321.169,321.253,321.011,321.08,2150
2021-11-10 10:35:00,320.873,320.878,320.384,320.873,7704
2021-11-10 10:40:00,320.942,321.407,320.774,321.179,12571
2021-11-10 10:45:00,321.248,321.392,321.011,321.347,7613
2021-11-10 10:50:00,321.328,321.347,320.922,321.209,3821
2021-11-10 10:55:00,321.159,321.387,320.813,321.328,4377
2021-11-10 11:00:00,321.229,321.397,321.192,321.377,5492
2021-11-10 11:05:00,321.545,321.545,321.15,321.15,9741
2021-11-10 11:10:00,321.229,321.436,320.853,321.436,17758
2021-11-10 11:15:00,321.441,321.486,321.169,321.288,3811
2021-11-10 11:20:00,321.332,321.545,321.308,321.412,7966
2021-11-10 11:25:00,321.506,321.723,321.412,321.723,7895
2021-11-10 11:30:00,321.644,321.654,321.486,321.555,4997
2021-11-10 11:35:00,321.545,321.763,321.377,321.639,5003
2021-11-10 11:40:00,321.515,321.57,320.734,321.095,5475
2021-11-10 11:45:00,321.169,321.357,321.145,321.229,5570
2021-11-10 11:50:00,321.239,321.347,321.001,321.011,2981
2021-11-10 11:55:00,321.12,321.209,320.967,321.07,4405
2021-11-10 12:00:00,321.258,321.258,320.843,320.991,4621
2021-11-10 12:05:00,320.942,320.942,320.467,320.467,3362
2021-11-10 12:10:00,320.428,320.428,320.072,320.101,1913
2021-11-10 12:15:00,320.101,320.388,320.101,320.161,6406
2021-11-10 12:20:00,320.24,320.398,320.24,320.398,386
2021-11-10 12:25:00,320.378,320.526,320.378,320.457,3419
2021-11-10 12:30:00,320.408,320.408,320.24,320.24,1654
2021-11-10 12:35:00,320.418,320.69,320.324,320.69,4604
2021-11-10 12:40:00,320.784,320.897,320.541,320.774,6816
2021-11-10 12:45:00,320.897,320.962,320.695,320.882,7210
2021-11-10 12:50:00,320.793,321.436,320.774,321.387,9729
2021-11-10 12:55:00,321.407,321.773,321.357,321.595,14951
2021-11-10 13:00:00,321.505,321.926,321.387,321.476,12550
2021-11-10 13:05:00,321.476,321.54,321.1,321.125,13929
2021-11-10 13:10:00,321.11,321.575,321.022,321.506,25327
2021-11-10 13:15:00,321.476,321.723,321.169,321.169,12634
2021-11-10 13:20:00,321.051,321.179,320.645,320.769,9112
2021-11-10 13:25:00,320.853,321.09,320.665,320.998,5617
2021-11-10 13:30:00,321.046,321.303,320.952,321.303,4128
2021-11-10 13:35:00,321.288,321.328,321.199,321.328,1681
2021-11-10 13:40:00,321.301,321.387,321.179,321.229,8122
2021-11-10 13:45:00,321.26,321.654,321.219,321.634,9257
2021-11-10 13:50:00,321.654,321.842,321.471,321.684,11626
2021-11-10 13:55:00,321.693,321.812,321.466,321.595,5070
2021-11-10 14:00:00,321.782,322.069,321.555,321.854,6299
2021-11-10 14:05:00,321.812,321.871,321.42,321.42,3589
2021-11-10 14:10:00,321.258,321.604,321.258,321.53,14804
2021-11-10 14:15:00,321.634,321.763,321.145,321.145,15358
2021-11-10 14:20:00,321.011,321.619,321.011,321.407,13045
2021-11-10 14:25:00,321.441,321.466,321.071,321.071,5609
2021-11-10 14:30:00,321.051,321.555,321.041,321.174,13947
2021-11-10 14:35:00,321.174,321.535,321.061,321.308,12412
2021-11-10 14:40:00,321.179,321.565,321.13,321.199,11898
2021-11-10 14:45:00,321.258,321.476,321.169,321.288,10054
2021-11-10 14:50:00,321.278,321.703,321.278,321.525,19435
2021-11-10 14:55:00,321.486,321.866,321.357,321.693,10610
2021-11-10 15:00:00,321.644,322.03,321.585,321.743,20907
2021-11-10 15:05:00,321.654,321.664,321.298,321.313,11096
2021-11-10 15:10:00,321.318,321.679,321.278,321.555,16534
2021-11-10 15:15:00,321.595,321.634,321.535,321.589,7859
2021-11-10 15:20:00,321.654,321.852,321.515,321.634,9775
2021-11-10 15:25:00,321.614,321.624,321.407,321.604,16942
2021-11-10 15:30:00,321.644,321.941,321.644,321.748,7293
2021-11-10 15:35:00,321.822,321.822,320.882,320.882,11007
2021-11-10 15:40:00,320.892,321.397,320.833,321.347,21576
2021-11-10 15:45:00,321.466,321.496,321.268,321.337,24058
2021-11-10 15:50:00,321.387,321.387,320.833,321.11,23290
2021-11-10 15:55:00,321.219,321.802,321.219,321.525,25366
2021-11-10 16:00:00,321.476,321.649,321.001,321.061,76678
2021-11-10 16:05:00,321.011,321.011,321.011,321.011,11179
2021-11-11 09:35:00,320.358,320.981,319.931,320.754,11573
2021-11-11 09:40:00,320.259,320.843,320.081,320.284,5138
2021-11-11 09:45:00,319.943,320.922,319.943,320.19,4220
2021-11-11 09:50:00,319.706,320.348,319.597,320.114,12239
2021-11-11 09:55:00,319.716,320.319,319.666,320.19,6250
2021-11-11 10:00:00,320.2,320.477,319.953,320.378,7731
2021-11-11 10:05:00,320.141,320.457,320.022,320.457,5599
2021-11-11 10:10:00,320.309,320.368,319.419,320.368,8117
2021-11-11 10:15:00,320.2,320.398,319.795,320.329,8613
2021-11-11 10:20:00,320.289,320.695,320.22,320.378,4936
2021-11-11 10:25:00,320.408,320.408,320.136,320.195,9334
2021-11-11 10:30:00,320.141,320.7,320.121,320.7,4754
2021-11-11 10:35:00,320.67,320.67,320.161,320.552,7936
2021-11-11 10:40:00,320.348,320.912,320.19,320.512,7323
2021-11-11 10:45:00,320.358,320.615,320.319,320.546,4885
2021-11-11 10:50:00,320.62,320.902,320.477,320.902,5793
2021-11-11 10:55:00,320.815,321.041,320.815,320.962,2117
2021-11-11 11:00:00,320.991,321.204,320.922,321.204,4272
2021-11-11 11:05:00,321.214,321.525,321.214,321.387,4669
2021-11-11 11:10:00,321.308,321.595,321.199,321.362,7372
2021-11-11 11:15:00,321.466,321.753,321.308,321.753,7842
2021-11-11 11:20:00,321.703,321.832,321.599,321.688,7411
2021-11-11 11:25:00,321.832,322.148,321.555,322.074,7682
2021-11-11 11:30:00,321.97,321.99,321.501,321.506,2533
2021-11-11 11:35:00,321.476,321.761,321.242,321.761,12134
2021-11-11 11:40:00,321.664,321.832,321.545,321.753,3068
2021-11-11 11:45:00,321.535,321.634,321.535,321.634,738
2021-11-11 11:50:00,321.476,321.639,321.313,321.639,3720
2021-11-11 11:55:00,321.58,321.743,321.58,321.624,988
2021-11-11 12:00:00,321.624,321.733,321.515,321.595,9826
2021-11-11 12:05:00,321.684,321.763,321.476,321.476,2625
2021-11-11 12:10:00,321.525,321.98,321.496,321.807,4935
2021-11-11 12:15:00,321.763,321.871,321.733,321.871,1811
2021-11-11 12:20:00,321.733,322.02,321.525,321.871,9111
2021-11-11 12:25:00,321.817,321.817,321.426,321.431,3499
2021-11-11 12:30:00,321.565,321.684,321.407,321.56,8435
2021-11-11 12:35:00,321.56,321.56,321.347,321.496,3070
2021-11-11 12:40:00,321.547,321.802,321.337,321.496,3284
2021-11-11 12:45:00,321.397,321.585,321.288,321.424,4833
2021-11-11 12:50:00,321.506,322.01,321.397,321.743,2957
2021-11-11 12:55:00,321.852,321.857,321.852,321.857,497
2021-11-11 13:00:00,321.792,321.852,321.644,321.812,2815
2021-11-11 13:05:00,321.753,321.753,321.461,321.53,3974
2021-11-11 13:10:00,321.614,321.634,321.332,321.332,2655
2021-11-11 13:15:00,321.387,321.565,321.362,321.407,3331
2021-11-11 13:20:00,321.456,321.812,321.456,321.614,3867
2021-11-11 13:25:00,321.713,321.735,321.595,321.735,2989
2021-11-11 13:30:00,321.852,322.099,321.782,321.96,6906
2021-11-11 13:35:00,321.951,321.99,321.881,321.921,4253
2021-11-11 13:40:00,321.946,321.98,321.876,321.891,3520
2021-11-11 13:45:00,321.941,322.312,321.842,322.218,5741
2021-11-11 13:50:00,322.168,322.168,321.679,321.679,5110
2021-11-11 13:55:00,321.773,321.773,321.491,321.491,3023
2021-11-11 14:00:00,321.595,321.693,321.436,321.436,7130
2021-11-11 14:05:00,321.466,321.634,321.451,321.575,1878
2021-11-11 14:10:00,321.545,321.723,321.545,321.723,16168
2021-11-11 14:15:00,321.614,321.733,321.476,321.595,8824
2021-11-11 14:20:00,321.688,321.713,321.659,321.659,1242
2021-11-11 14:25:00,321.753,321.807,321.664,321.723,2262
2021-11-11 14:30:00,321.679,321.866,321.599,321.619,5383
2021-11-11 14:35:00,321.644,321.644,321.362,321.644,8904
2021-11-11 14:40:00,321.565,321.644,321.436,321.614,4673
2021-11-11 14:45:00,321.536,321.649,321.342,321.634,11043
2021-11-11 14:50:00,321.634,321.941,321.595,321.822,8715
2021-11-11 14:55:00,321.782,321.782,321.491,321.491,1340
2021-11-11 15:00:00,321.471,321.654,321.397,321.506,5539
2021-11-11 15:05:00,321.436,321.545,321.347,321.426,3420
2021-11-11 15:10:00,321.436,321.664,321.318,321.318,5656
2021-11-11 15:15:00,321.308,321.412,321.308,321.412,3163
2021-11-11 15:20:00,321.337,321.515,321.337,321.426,4296
2021-11-11 15:25:00,321.367,321.525,321.367,321.525,3310
2021-11-11 15:30:00,321.555,321.763,321.555,321.595,5822
2021-11-11 15:35:00,321.599,321.654,321.426,321.446,8290
2021-11-11 15:40:00,321.496,321.782,321.456,321.782,11365
2021-11-11 15:45:00,321.822,322.094,321.822,322.02,11007
2021-11-11 15:50:00,322.02,322.198,321.951,322.089,21365
2021-11-11 15:55:00,322.02,322.148,321.97,322.02,17472
2021-11-11 16:00:00,322.0,322.494,321.99,322.376,59836
2021-11-11 16:05:00,322.386,322.386,322.386,322.386,12618
2021-11-11 17:40:00,322.386,322.386,322.386,322.386,100
2021-11-12 09:30:00,322.386,322.386,322.386,322.386,3646
2021-11-12 09:35:00,323.424,323.424,322.386,322.618,27162
2021-11-12 09:40:00,322.88,323.414,322.415,323.414,3908
2021-11-12 09:45:00,323.375,323.75,322.752,323.75,4300
2021-11-12 09:50:00,323.622,323.829,323.384,323.394,12870
2021-11-12 09:55:00,323.444,323.829,322.979,323.394,15160
2021-11-12 10:00:00,323.513,323.8,323.375,323.488,12703
2021-11-12 10:05:00,323.384,323.899,323.038,323.108,20477
2021-11-12 10:10:00,323.078,323.45,322.909,323.45,3608
2021-11-12 10:15:00,322.98,323.81,322.89,323.464,13088
2021-11-12 10:20:00,323.651,324.077,323.444,324.077,2670
2021-11-12 10:25:00,324.047,324.048,323.889,323.947,3629
2021-11-12 10:30:00,324.007,324.007,323.701,323.973,5417
2021-11-12 10:35:00,323.839,324.047,323.76,323.829,9203
2021-11-12 10:40:00,323.8,324.462,323.8,324.245,8421
2021-11-12 10:45:00,324.344,325.095,324.344,324.986,8665
2021-11-12 10:50:00,324.838,324.838,324.314,324.403,3201
2021-11-12 10:55:00,324.551,324.63,324.462,324.627,2847
2021-11-12 11:00:00,324.482,324.577,324.457,324.541,1849
2021-11-12 11:05:00,324.611,324.739,324.541,324.631,6427
2021-11-12 11:10:00,324.705,324.705,324.363,324.541,4604
2021-11-12 11:15:00,324.67,324.902,324.393,324.462,6861
2021-11-12 11:20:00,324.541,325.056,324.541,324.942,3497
2021-11-12 11:25:00,325.082,325.174,324.741,324.741,2619
2021-11-12 11:30:00,324.66,324.71,324.334,324.354,8466
2021-11-12 11:35:00,324.439,324.561,324.225,324.23,11626
2021-11-12 11:40:00,324.403,324.69,324.294,324.69,17439
2021-11-12 11:45:00,324.64,324.729,324.522,324.725,8304
2021-11-12 11:50:00,324.729,324.729,324.47,324.536,2933
2021-11-12 11:55:00,324.556,325.085,324.539,325.085,3400
2021-11-12 12:00:00,325.169,325.59,325.169,325.466,6203
2021-11-12 12:05:00,325.699,325.735,325.59,325.728,3304
2021-11-12 12:10:00,325.639,325.639,325.456,325.521,7919
2021-11-12 12:15:00,325.535,325.995,325.535,325.946,3969
2021-11-12 12:20:00,325.985,325.985,325.654,325.778,11212
2021-11-12 12:25:00,325.778,326.045,325.778,326.035,3153
2021-11-12 12:30:00,325.946,326.025,325.906,325.956,3697
2021-11-12 12:35:00,325.966,326.134,325.956,326.124,2763
2021-11-12 12:40:00,326.149,326.149,326.035,326.035,2013
2021-11-12 12:45:00,326.079,326.223,326.079,326.213,3661
2021-11-12 12:50:00,326.144,326.163,326.124,326.124,1345
2021-11-12 12:55:00,326.05,326.223,325.995,326.173,4033
2021-11-12 13:00:00,326.213,326.242,325.935,326.114,5810
2021-11-12 13:05:00,326.114,326.129,325.837,325.916,3190
2021-11-12 13:10:00,325.916,326.055,325.899,326.03,3484
2021-11-12 13:15:00,326.005,326.145,326.005,326.145,1319
2021-11-12 13:20:00,326.109,326.163,325.916,326.094,28869
2021-11-12 13:25:00,326.104,326.104,325.985,326.015,1238
2021-11-12 13:30:00,325.98,326.183,325.975,326.134,9442
2021-11-12 13:35:00,326.139,326.193,326.005,326.163,2347
2021-11-12 13:40:00,326.163,326.193,325.946,326.005,4373
2021-11-12 13:45:00,326.005,326.163,326.005,326.153,2037
2021-11-12 13:50:00,326.035,326.124,325.951,326.124,4079
2021-11-12 13:55:00,326.119,326.183,326.119,326.183,1447
2021-11-12 14:00:00,326.262,326.262,326.223,326.237,1810
2021-11-12 14:05:00,326.272,326.272,326.035,326.035,3512
2021-11-12 14:10:00,326.124,326.144,325.966,326.005,3531
2021-11-12 14:15:00,326.084,326.237,326.064,326.237,3657
2021-11-12 14:20:00,326.173,326.173,325.995,326.025,3715
2021-11-12 14:25:00,326.015,326.074,325.985,326.074,3262
2021-11-12 14:30:00,326.104,326.173,326.035,326.163,4442
2021-11-12 14:35:00,326.233,326.242,326.094,326.181,4436
2021-11-12 14:40:00,326.242,326.242,326.005,326.025,14143
2021-11-12 14:45:00,326.025,326.282,325.98,326.272,3757
2021-11-12 14:50:00,326.218,326.668,326.218,326.618,10386
2021-11-12 14:55:00,326.628,326.776,326.628,326.658,3879
2021-11-12 15:00:00,326.816,326.816,326.529,326.529,4176
2021-11-12 15:05:00,326.48,326.618,326.422,326.618,4657
2021-11-12 15:10:00,326.638,326.707,326.371,326.509,4845
2021-11-12 15:15:00,326.44,326.534,326.371,326.519,5086
2021-11-12 15:20:00,326.519,326.589,326.45,326.579,4977
2021-11-12 15:25:00,326.559,326.905,326.559,326.905,3787
2021-11-12 15:30:00,326.88,326.88,326.42,326.47,13460
2021-11-12 15:35:00,326.598,327.142,326.554,327.142,9664
2021-11-12 15:40:00,327.093,327.617,327.043,327.419,10566
2021-11-12 15:45:00,327.38,327.548,327.261,327.434,16395
2021-11-12 15:50:00,327.434,327.469,327.241,327.33,18751
2021-11-12 15:55:00,327.429,327.666,327.429,327.558,20409
2021-11-12 16:00:00,327.538,327.825,327.35,327.548,84698
2021-11-12 16:05:00,327.726,327.726,327.726,327.726,227052
2021-11-12 16:10:00,327.528,327.528,326.836,326.836,1471
2021-11-12 17:45:00,327.726,327.726,327.726,327.726,766
2021-11-12 18:45:00,326.836,326.836,326.836,326.836,151
2021-11-12 19:45:00,326.836,326.836,326.836,326.836,300
2021-11-15 09:35:00,326.618,326.949,324.492,326.089,37594
2021-11-15 09:40:00,326.168,326.569,324.71,324.858,13490
2021-11-15 09:45:00,324.601,325.837,324.22,325.397,12181
2021-11-15 09:50:00,325.352,326.945,325.352,326.554,11915
2021-11-15 09:55:00,326.707,327.172,325.966,327.172,10600
2021-11-15 10:00:00,326.806,327.241,326.742,326.94,5172
2021-11-15 10:05:00,326.796,327.686,326.292,327.686,36834
2021-11-15 10:10:00,327.429,327.479,326.804,327.479,6825
2021-11-15 10:15:00,327.568,327.726,327.182,327.474,8612
2021-11-15 10:20:00,327.627,327.8,327.123,327.241,13587
2021-11-15 10:25:00,327.36,327.498,327.093,327.498,14109
2021-11-15 10:30:00,327.528,328.141,327.528,327.661,7307
2021-11-15 10:35:00,327.825,328.072,327.627,327.815,5385
2021-11-15 10:40:00,327.775,328.319,327.459,328.25,11692
2021-11-15 10:45:00,328.349,328.393,327.835,327.84,6658
2021-11-15 10:50:00,327.825,327.933,327.577,327.933,5767
2021-11-15 10:55:00,327.805,327.835,327.35,327.755,4909
2021-11-15 11:00:00,327.795,327.973,327.548,327.775,5467
2021-11-15 11:05:00,327.943,328.408,327.84,328.289,3468
2021-11-15 11:10:00,328.191,328.2,327.844,328.042,2922
2021-11-15 11:15:00,328.072,328.477,327.815,328.413,9129
2021-11-15 11:20:00,328.517,328.715,328.517,328.606,4088
2021-11-15 11:25:00,328.398,328.497,328.339,328.423,5056
2021-11-15 11:30:00,328.378,328.418,328.126,328.275,4716
2021-11-15 11:35:00,328.369,328.566,328.131,328.403,12095
2021-11-15 11:40:00,328.477,328.626,328.359,328.403,4030
2021-11-15 11:45:00,328.289,328.289,327.508,327.508,3565
2021-11-15 11:50:00,327.459,327.716,327.434,327.587,4508
2021-11-15 11:55:00,327.597,327.993,327.479,327.943,5797
2021-11-15 12:00:00,327.993,328.191,327.864,328.013,8891
2021-11-15 12:05:00,328.074,328.586,328.042,328.517,10034
2021-11-15 12:10:00,328.492,328.912,328.492,328.912,4492
2021-11-15 12:15:00,328.912,328.912,328.764,328.893,6556
2021-11-15 12:20:00,328.764,328.972,328.764,328.972,3774
2021-11-15 12:25:00,329.011,329.041,328.922,329.041,2770
2021-11-15 12:30:00,328.942,329.041,328.853,328.863,4725
2021-11-15 12:35:00,328.863,328.903,328.517,328.542,5303
2021-11-15 12:40:00,328.527,328.695,328.23,328.349,6799
2021-11-15 12:45:00,328.329,328.369,328.013,328.314,5496
2021-11-15 12:50:00,328.289,328.517,328.27,328.423,3861
2021-11-15 12:55:00,328.467,328.853,328.458,328.626,6288
2021-11-15 13:00:00,328.725,328.853,328.665,328.715,4282
2021-11-15 13:05:00,328.636,328.636,328.319,328.413,3612
2021-11-15 13:10:00,328.408,328.467,328.285,328.393,7324
2021-11-15 13:15:00,328.393,328.467,328.329,328.343,1525
2021-11-15 13:20:00,328.319,328.655,328.151,328.151,7423
2021-11-15 13:25:00,328.166,328.309,327.874,328.289,7335
2021-11-15 13:30:00,328.304,328.408,328.23,328.329,3754
2021-11-15 13:35:00,328.294,328.329,328.151,328.166,11499
2021-11-15 13:40:00,328.151,328.586,328.151,328.309,6871
2021-11-15 13:45:00,328.418,328.418,328.309,328.403,2062
2021-11-15 13:50:00,328.477,328.576,328.448,328.536,3756
2021-11-15 13:55:00,328.566,328.645,328.477,328.596,3040
2021-11-15 14:00:00,328.517,328.586,328.349,328.586,4521
2021-11-15 14:05:00,328.576,328.655,328.477,328.636,5858
2021-11-15 14:10:00,328.606,328.616,328.2,328.413,8346
2021-11-15 14:15:00,328.319,328.388,328.116,328.319,8482
2021-11-15 14:20:00,328.27,328.329,328.111,328.151,3462
2021-11-15 14:25:00,328.111,328.354,328.013,328.354,7209
2021-11-15 14:30:00,328.24,328.28,327.973,328.121,5063
2021-11-15 14:35:00,328.27,328.596,328.141,328.566,5744
2021-11-15 14:40:00,328.571,328.853,328.556,328.853,2062
2021-11-15 14:45:00,328.833,329.11,328.566,329.011,8449
2021-11-15 14:50:00,329.097,329.097,328.952,328.987,2328
2021-11-15 14:55:00,328.962,329.179,328.942,328.952,10824
2021-11-15 15:00:00,329.031,329.273,328.942,329.268,7192
2021-11-15 15:05:00,329.239,329.239,328.858,328.992,5303
2021-11-15 15:10:00,328.952,329.09,328.814,328.814,5573
2021-11-15 15:15:00,328.819,328.952,328.73,328.858,5156
2021-11-15 15:20:00,328.873,328.873,328.616,328.645,5233
2021-11-15 15:25:00,328.685,328.794,328.616,328.685,5581
2021-11-15 15:30:00,328.69,328.774,328.344,328.418,10465
2021-11-15 15:35:00,328.339,328.734,328.22,328.566,13114
2021-11-15 15:40:00,328.477,328.636,328.453,328.453,7553
2021-11-15 15:45:00,328.319,328.705,328.25,328.665,18100
2021-11-15 15:50:00,328.556,329.1,328.547,329.031,17757
2021-11-15 15:55:00,328.962,328.962,328.586,328.705,21107
2021-11-15 16:00:00,328.665,329.308,328.378,329.209,63429
2021-11-15 16:05:00,329.16,329.16,329.16,329.16,11041
2021-11-15 16:40:00,329.16,329.16,329.16,329.16,6790
2021-11-16 09:35:00,329.684,331.553,329.184,331.053,26190
2021-11-16 09:40:00,331.098,331.592,330.94,330.94,8760
2021-11-16 09:45:00,331.128,331.78,331.128,331.741,4024
2021-11-16 09:50:00,331.761,332.972,331.553,332.972,14076
2021-11-16 09:55:00,332.715,333.244,329.684,333.244,80856
2021-11-16 10:00:00,332.927,333.12,332.146,332.443,18381
2021-11-16 10:05:00,332.146,332.908,332.057,332.126,25173
2021-11-16 10:10:00,332.344,333.842,332.275,333.501,19079
2021-11-16 10:15:00,333.59,333.857,333.372,333.625,12210
2021-11-16 10:20:00,333.511,334.559,333.511,334.005,36210
2021-11-16 10:25:00,334.055,334.431,333.363,333.363,24976
2021-11-16 10:30:00,333.402,333.402,332.463,332.982,15810
2021-11-16 10:35:00,332.982,333.372,332.957,333.308,19340
2021-11-16 10:40:00,333.313,334.08,333.264,334.08,9885
2021-11-16 10:45:00,334.055,334.411,333.788,334.292,11353
2021-11-16 10:50:00,334.144,334.619,334.144,334.569,11155
2021-11-16 10:55:00,334.619,334.777,334.45,334.678,10724
2021-11-16 11:00:00,334.633,335.064,334.52,334.965,20134
2021-11-16 11:05:00,334.871,334.989,334.737,334.915,14056
2021-11-16 11:10:00,334.777,334.876,334.47,334.495,9627
2021-11-16 11:15:00,334.515,334.747,333.679,333.738,13582
2021-11-16 11:20:00,333.798,334.195,333.704,334.084,6172
2021-11-16 11:25:00,334.342,334.579,334.183,334.183,8184
2021-11-16 11:30:00,334.233,334.994,334.233,334.737,12411
2021-11-16 11:35:00,334.737,334.747,334.579,334.705,4105
2021-11-16 11:40:00,334.678,335.113,334.628,334.984,5470
2021-11-16 11:45:00,334.984,335.242,334.89,335.133,6920
2021-11-16 11:50:00,335.034,335.172,334.955,334.955,4121
2021-11-16 11:55:00,335.073,335.301,335.054,335.301,4351
2021-11-16 12:00:00,335.291,335.607,335.291,335.607,8516
2021-11-16 12:05:00,335.469,335.627,334.965,335.034,13138
2021-11-16 12:10:00,334.708,334.841,334.678,334.747,4074
2021-11-16 12:15:00,334.846,334.846,334.678,334.688,2614
2021-11-16 12:20:00,334.683,335.103,334.683,335.024,12740
2021-11-16 12:25:00,335.192,335.34,334.638,334.658,7673
2021-11-16 12:30:00,334.628,334.836,334.589,334.757,8262
2021-11-16 12:35:00,334.866,335.103,334.856,335.029,4082
2021-11-16 12:40:00,334.945,335.054,334.698,334.797,11477
2021-11-16 12:45:00,334.708,335.4,334.708,335.335,7560
2021-11-16 12:50:00,335.331,335.489,335.073,335.306,6145
2021-11-16 12:55:00,335.227,335.406,335.014,335.291,7739
2021-11-16 13:00:00,335.331,335.449,334.797,334.895,8242
2021-11-16 13:05:00,334.984,335.35,334.984,335.34,2145
2021-11-16 13:10:00,335.331,335.588,335.271,335.528,10131
2021-11-16 13:15:00,335.499,335.687,335.499,335.657,2979
2021-11-16 13:20:00,335.667,335.667,335.34,335.42,4284
2021-11-16 13:25:00,335.251,335.756,335.242,335.756,9815
2021-11-16 13:30:00,335.756,335.756,335.459,335.479,8004
2021-11-16 13:35:00,335.509,335.696,335.469,335.696,7298
2021-11-16 13:40:00,335.706,336.181,335.627,335.993,8135
2021-11-16 13:45:00,335.993,336.122,335.914,336.122,14825
2021-11-16 13:50:00,336.082,336.3,335.924,335.924,11005
2021-11-16 13:55:00,335.983,336.161,335.4,335.642,11256
2021-11-16 14:00:00,335.642,335.642,335.133,335.41,5194
2021-11-16 14:05:00,335.42,335.795,335.182,335.766,18255
2021-11-16 14:10:00,335.835,335.894,335.588,335.776,9295
2021-11-16 14:15:00,335.756,335.894,335.667,335.835,8942
2021-11-16 14:20:00,335.825,335.894,335.454,335.578,11977
2021-11-16 14:25:00,335.446,335.805,335.35,335.716,13566
2021-11-16 14:30:00,335.795,336.013,335.783,336.013,11515
2021-11-16 14:35:00,336.043,336.062,335.901,335.966,2740
2021-11-16 14:40:00,335.856,335.934,335.696,335.825,14020
2021-11-16 14:45:00,335.84,335.993,335.835,335.934,18310
2021-11-16 14:50:00,335.795,335.973,335.568,335.622,22057
2021-11-16 14:55:00,335.554,335.736,335.518,335.637,7318
2021-11-16 15:00:00,335.588,335.726,335.578,335.726,4341
2021-11-16 15:05:00,335.578,335.667,335.489,335.588,6905
2021-11-16 15:10:00,335.637,335.637,334.97,334.97,5305
2021-11-16 15:15:00,335.034,335.242,335.034,335.103,14847
2021-11-16 15:20:00,335.251,335.36,335.143,335.36,7201
2021-11-16 15:25:00,335.515,335.588,335.172,335.227,13107
2021-11-16 15:30:00,335.162,335.35,335.133,335.34,10805
2021-11-16 15:35:00,335.36,335.667,335.36,335.627,11778
2021-11-16 15:40:00,335.647,335.963,335.607,335.666,28104
2021-11-16 15:45:00,335.726,335.726,335.434,335.627,20391
2021-11-16 15:50:00,335.667,335.667,335.42,335.459,29705
2021-11-16 15:55:00,335.449,335.845,335.182,335.479,53913
2021-11-16 16:00:00,335.479,335.657,334.866,335.014,104968
2021-11-16 16:05:00,334.886,334.886,334.886,334.886,11149
2021-11-16 16:35:00,334.886,334.886,334.886,334.886,3946
2021-11-17 09:35:00,334.282,336.675,334.059,336.675,26787
2021-11-17 09:40:00,335.835,336.341,335.123,336.341,6821
2021-11-17 09:45:00,336.567,336.567,334.945,334.945,4284
2021-11-17 09:50:00,335.044,336.23,335.044,335.073,4812
2021-11-17 09:55:00,334.856,335.321,334.45,334.49,6864
2021-11-17 10:00:00,334.683,334.683,334.144,334.144,6392
2021-11-17 10:05:00,333.877,334.945,333.659,334.767,6464
2021-11-17 10:10:00,334.648,334.727,333.931,333.931,10873
2021-11-17 10:15:00,334.065,334.151,333.303,333.58,15006
2021-11-17 10:20:00,333.793,333.798,333.343,333.432,6164
2021-11-17 10:25:00,333.442,333.58,332.987,333.056,9414
2021-11-17 10:30:00,333.135,333.135,332.591,332.927,8412
2021-11-17 10:35:00,332.893,333.118,332.7,333.118,17503
2021-11-17 10:40:00,333.165,333.468,333.007,333.372,18097
2021-11-17 10:45:00,333.244,333.412,332.749,333.016,12937
2021-11-17 10:50:00,333.091,333.338,332.927,333.313,8074
2021-11-17 10:55:00,333.353,333.442,333.224,333.442,8192
2021-11-17 11:00:00,333.55,333.679,333.382,333.442,5402
2021-11-17 11:05:00,333.501,333.62,333.234,333.234,10066
2021-11-17 11:10:00,333.402,333.56,333.204,333.56,2823
2021-11-17 11:15:00,333.521,333.679,333.244,333.244,5774
2021-11-17 11:20:00,333.274,333.274,332.913,332.913,5154
2021-11-17 11:25:00,332.913,333.046,332.651,332.69,5858
2021-11-17 11:30:00,332.71,332.977,332.433,332.433,7812
2021-11-17 11:35:00,332.527,332.527,331.85,331.85,7828
2021-11-17 11:40:00,331.934,332.022,331.583,331.726,9136
2021-11-17 11:45:00,331.707,332.166,331.523,331.563,23533
2021-11-17 11:50:00,331.636,331.78,331.424,331.78,8806
2021-11-17 11:55:00,331.77,331.84,331.583,331.652,7213
2021-11-17 12:00:00,331.622,331.711,331.286,331.498,11250
2021-11-17 12:05:00,331.365,331.649,331.251,331.597,6732
2021-11-17 12:10:00,331.652,331.662,331.088,331.187,9364
2021-11-17 12:15:00,331.355,331.429,331.019,331.409,10290
2021-11-17 12:20:00,331.365,331.405,330.93,331.088,7052
2021-11-17 12:25:00,330.979,331.157,330.92,330.974,11402
2021-11-17 12:30:00,330.92,331.494,330.811,331.379,8562
2021-11-17 12:35:00,331.345,331.711,331.128,331.197,10260
2021-11-17 12:40:00,331.217,331.919,331.217,331.919,10809
2021-11-17 12:45:00,331.939,331.958,331.751,331.899,4048
2021-11-17 12:50:00,331.889,332.225,331.889,332.225,3959
2021-11-17 12:55:00,332.304,332.304,332.087,332.137,4492
2021-11-17 13:00:00,332.215,332.7,332.21,332.522,9323
2021-11-17 13:05:00,332.473,332.641,332.374,332.443,10583
2021-11-17 13:10:00,332.749,333.036,332.641,333.036,6925
2021-11-17 13:15:00,333.007,333.353,332.72,332.927,15280
2021-11-17 13:20:00,332.913,332.913,332.67,332.895,9171
2021-11-17 13:25:00,332.932,332.942,332.668,332.668,3149
2021-11-17 13:30:00,332.789,332.809,332.186,332.265,9379
2021-11-17 13:35:00,332.206,332.334,331.711,331.711,11515
2021-11-17 13:40:00,331.711,331.909,331.316,331.513,11550
2021-11-17 13:45:00,331.701,331.8,331.296,331.513,11388
2021-11-17 13:50:00,331.454,331.508,331.325,331.335,10528
2021-11-17 13:55:00,331.246,331.365,331.039,331.157,9220
2021-11-17 14:00:00,331.236,331.286,330.989,330.999,11252
2021-11-17 14:05:00,330.989,331.305,330.841,331.068,17150
2021-11-17 14:10:00,331.078,331.503,331.068,331.207,12515
2021-11-17 14:15:00,331.187,331.187,330.811,330.92,11521
2021-11-17 14:20:00,330.915,330.92,330.297,330.821,13887
2021-11-17 14:25:00,330.826,330.846,330.524,330.601,10422
2021-11-17 14:30:00,330.524,330.613,330.0,330.203,18853
2021-11-17 14:35:00,330.129,330.337,330.129,330.168,13631
2021-11-17 14:40:00,330.159,330.243,329.872,329.882,10100
2021-11-17 14:45:00,329.901,330.248,329.891,330.089,13621
2021-11-17 14:50:00,330.119,330.683,330.05,330.579,16711
2021-11-17 14:55:00,330.544,330.564,330.307,330.426,8880
2021-11-17 15:00:00,330.366,330.366,330.07,330.124,11275
2021-11-17 15:05:00,330.079,330.416,330.079,330.396,10584
2021-11-17 15:10:00,330.317,330.327,329.842,329.862,13744
2021-11-17 15:15:00,329.951,329.951,329.575,329.575,9843
2021-11-17 15:20:00,329.674,330.07,329.575,329.976,10915
2021-11-17 15:25:00,329.985,330.272,329.931,330.03,18667
2021-11-17 15:30:00,330.0,330.401,329.891,330.302,14413
2021-11-17 15:35:00,330.267,330.327,329.853,329.936,17361
2021-11-17 15:40:00,329.941,330.307,329.872,330.178,25867
2021-11-17 15:45:00,330.243,330.376,330.0,330.0,20234
2021-11-17 15:50:00,329.98,330.257,329.486,329.535,41353
2021-11-17 15:55:00,329.55,329.704,329.348,329.575,53557
2021-11-17 16:00:00,329.476,329.615,329.269,329.545,92454
2021-11-17 16:05:00,329.466,329.466,329.466,329.466,22199
2021-11-17 16:15:00,329.466,329.466,329.466,329.466,1631
2021-11-17 16:25:00,329.308,329.308,329.308,329.308,200
2021-11-17 16:30:00,329.466,329.466,329.466,329.466,445
2021-11-17 18:55:00,328.922,328.922,328.922,328.922,100
2021-11-18 09:25:00,331.837,331.837,331.837,331.837,299
2021-11-18 09:35:00,330.232,330.232,327.696,328.558,19471
2021-11-18 09:40:00,328.664,329.568,328.664,329.004,7525
2021-11-18 09:45:00,329.479,329.608,328.679,329.41,8803
2021-11-18 09:50:00,329.588,330.232,329.41,329.568,49459
2021-11-18 09:55:00,329.662,329.841,328.865,328.865,10515
2021-11-18 10:00:00,328.731,329.856,328.518,329.856,7817
2021-11-18 10:05:00,329.757,329.977,329.36,329.544,4476
2021-11-18 10:10:00,329.717,329.965,329.509,329.93,8154
2021-11-18 10:15:00,329.925,330.054,329.875,329.984,4828
2021-11-18 10:20:00,329.979,330.093,329.598,329.598,5479
2021-11-18 10:25:00,329.707,330.009,329.558,329.628,5483
2021-11-18 10:30:00,329.618,329.917,329.459,329.648,5298
2021-11-18 10:35:00,329.707,330.039,329.628,330.019,9938
2021-11-18 10:40:00,329.984,330.391,329.935,330.391,5858
2021-11-18 10:45:00,330.371,331.034,330.351,330.678,14637
2021-11-18 10:50:00,330.519,330.663,330.396,330.604,6227
2021-11-18 10:55:00,330.673,330.96,330.44,330.96,21632
2021-11-18 11:00:00,330.916,331.817,330.916,331.619,53738
2021-11-18 11:05:00,331.629,331.966,331.49,331.966,6213
2021-11-18 11:10:00,332.055,332.124,331.698,331.723,7277
2021-11-18 11:15:00,331.738,332.322,331.738,332.089,8888
2021-11-18 11:20:00,332.0,332.0,331.589,331.673,3257
2021-11-18 11:25:00,331.678,331.678,331.322,331.356,2057
2021-11-18 11:30:00,331.45,332.075,331.431,331.49,6359
2021-11-18 11:35:00,331.465,331.688,331.133,331.46,5223
2021-11-18 11:40:00,331.545,331.55,331.353,331.421,3598
2021-11-18 11:45:00,331.55,331.733,331.52,331.53,3364
2021-11-18 11:50:00,331.307,331.307,330.916,331.084,2003
2021-11-18 11:55:00,331.228,331.233,331.034,331.188,1784
2021-11-18 12:00:00,331.034,331.049,330.658,331.029,4771
2021-11-18 12:05:00,330.975,331.332,330.975,331.054,5254
2021-11-18 12:10:00,331.005,331.133,330.658,330.658,5891
2021-11-18 12:15:00,330.579,330.678,330.371,330.589,10103
2021-11-18 12:20:00,330.554,330.589,330.074,330.074,6054
2021-11-18 12:25:00,329.984,330.212,329.905,330.143,4729
2021-11-18 12:30:00,330.183,330.816,329.856,330.529,21785
2021-11-18 12:35:00,330.599,330.737,330.539,330.594,5849
2021-11-18 12:40:00,330.688,330.896,330.381,330.579,7668
2021-11-18 12:45:00,330.628,330.698,330.529,330.529,3684
2021-11-18 12:50:00,330.599,330.737,330.48,330.688,10211
2021-11-18 12:55:00,330.608,330.608,330.361,330.559,11207
2021-11-18 13:00:00,330.807,330.807,330.41,330.559,4022
2021-11-18 13:05:00,330.608,330.772,330.519,330.524,4443
2021-11-18 13:10:00,330.519,330.678,330.48,330.638,5208
2021-11-18 13:15:00,330.628,330.797,330.48,330.797,7888
2021-11-18 13:20:00,330.747,330.797,329.727,329.737,14426
2021-11-18 13:25:00,329.727,329.806,329.321,329.321,8122
2021-11-18 13:30:00,329.35,329.35,328.85,328.855,8079
2021-11-18 13:35:00,328.944,329.033,328.692,328.692,8799
2021-11-18 13:40:00,328.776,328.776,328.37,328.37,8144
2021-11-18 13:45:00,328.449,328.845,328.291,328.835,7517
2021-11-18 13:50:00,328.776,328.905,328.682,328.682,5561
2021-11-18 13:55:00,328.637,328.766,328.459,328.731,6866
2021-11-18 14:00:00,328.677,328.677,328.414,328.419,7533
2021-11-18 14:05:00,328.667,328.667,327.775,327.775,19658
2021-11-18 14:10:00,327.795,328.122,327.657,327.904,12035
2021-11-18 14:15:00,327.835,327.835,327.518,327.637,8430
2021-11-18 14:20:00,327.567,327.795,327.498,327.508,8138
2021-11-18 14:25:00,327.488,327.577,327.29,327.394,19187
2021-11-18 14:30:00,327.478,327.488,327.26,327.488,9146
2021-11-18 14:35:00,327.483,327.667,327.419,327.459,9134
2021-11-18 14:40:00,327.419,327.686,327.389,327.468,7564
2021-11-18 14:45:00,327.558,327.667,327.409,327.558,10367
2021-11-18 14:50:00,327.563,328.023,327.468,327.701,7948
2021-11-18 14:55:00,327.681,327.855,327.597,327.676,8207
2021-11-18 15:00:00,327.627,327.904,327.597,327.84,8460
2021-11-18 15:05:00,327.919,328.221,327.884,327.884,8481
2021-11-18 15:10:00,327.875,327.875,327.577,327.696,7069
2021-11-18 15:15:00,327.736,327.924,327.696,327.736,5178
2021-11-18 15:20:00,327.731,327.924,327.528,327.865,8671
2021-11-18 15:25:00,327.835,328.053,327.696,327.974,7559
2021-11-18 15:30:00,328.023,328.216,327.914,328.172,17541
2021-11-18 15:35:00,328.152,328.231,328.023,328.083,9174
2021-11-18 15:40:00,328.172,328.429,328.102,328.365,11120
2021-11-18 15:45:00,328.35,328.387,327.815,327.825,26597
2021-11-18 15:50:00,327.914,328.063,327.706,327.944,19213
2021-11-18 15:55:00,328.013,328.409,327.775,328.37,37226
2021-11-18 16:00:00,328.31,328.37,327.473,327.706,119689
2021-11-18 16:05:00,327.617,327.617,327.617,327.617,15226
2021-11-19 08:25:00,327.617,327.617,327.617,327.617,19083
2021-11-19 09:35:00,328.786,328.786,326.21,326.428,63827
2021-11-19 09:40:00,326.775,327.548,326.309,327.548,16192
2021-11-19 09:45:00,327.558,327.914,327.27,327.449,9368
2021-11-19 09:50:00,327.696,328.548,327.696,328.068,15081
2021-11-19 09:55:00,328.073,328.588,327.984,328.3,17057
2021-11-19 10:00:00,328.33,329.232,327.944,329.167,47657
2021-11-19 10:05:00,329.014,329.767,328.816,329.767,17178
2021-11-19 10:10:00,329.509,329.717,328.865,328.944,11621
2021-11-19 10:15:00,329.113,329.41,328.855,329.068,12341
2021-11-19 10:20:00,328.974,329.41,328.974,329.237,10148
2021-11-19 10:25:00,329.202,329.222,328.796,329.113,36548
2021-11-19 10:30:00,329.113,329.707,329.113,329.197,18916
2021-11-19 10:35:00,329.103,329.786,329.098,329.618,16931
2021-11-19 10:40:00,329.667,329.747,329.499,329.633,9046
2021-11-19 10:45:00,329.633,329.633,329.251,329.251,9933
2021-11-19 10:50:00,329.251,329.648,329.162,329.529,27828
2021-11-19 10:55:00,329.598,330.064,329.395,330.064,15554
2021-11-19 11:00:00,330.331,331.034,330.173,330.891,14162
2021-11-19 11:05:00,330.891,330.891,330.351,330.549,9644
2021-11-19 11:10:00,330.648,331.173,330.47,330.767,44339
2021-11-19 11:15:00,330.752,331.064,330.684,330.916,20007
2021-11-19 11:20:00,330.955,331.054,330.787,330.787,24164
2021-11-19 11:25:00,330.787,330.846,330.658,330.737,11932
2021-11-19 11:30:00,330.732,330.856,330.613,330.658,12285
2021-11-19 11:35:00,330.628,330.816,330.242,330.242,12402
2021-11-19 11:40:00,330.306,330.801,330.306,330.549,7245
2021-11-19 11:45:00,330.539,330.608,330.41,330.529,9451
2021-11-19 11:50:00,330.524,330.608,330.391,330.46,8371
2021-11-19 11:55:00,330.47,330.628,330.42,330.549,5071
2021-11-19 12:00:00,330.48,330.618,330.4,330.569,4761
2021-11-19 12:05:00,330.569,330.727,330.43,330.529,8204
2021-11-19 12:10:00,330.604,330.678,330.549,330.584,5538
2021-11-19 12:15:00,330.529,330.628,330.509,330.509,3723
2021-11-19 12:20:00,330.584,330.767,330.529,330.712,10811
2021-11-19 12:25:00,330.712,330.777,330.5,330.708,8288
2021-11-19 12:30:00,330.717,330.886,330.579,330.678,12893
2021-11-19 12:35:00,330.658,331.133,330.658,330.787,19771
2021-11-19 12:40:00,330.856,331.133,330.856,331.084,14538
2021-11-19 12:45:00,331.094,331.292,331.025,331.079,18552
2021-11-19 12:50:00,331.064,331.371,331.034,331.371,8120
2021-11-19 12:55:00,331.327,331.421,331.322,331.401,7870
2021-11-19 13:00:00,331.52,331.609,331.45,331.535,4782
2021-11-19 13:05:00,331.569,331.569,331.292,331.361,5036
2021-11-19 13:10:00,331.361,331.46,331.203,331.203,7458
2021-11-19 13:15:00,331.247,331.322,330.896,331.208,13797
2021-11-19 13:20:00,331.178,331.322,331.099,331.183,17683
2021-11-19 13:25:00,331.173,331.406,331.168,331.346,9288
2021-11-19 13:30:00,331.371,331.371,330.628,330.663,8592
2021-11-19 13:35:00,330.628,330.628,330.153,330.455,11842
2021-11-19 13:40:00,330.45,330.519,330.227,330.227,3667
2021-11-19 13:45:00,330.311,330.311,330.034,330.143,8435
2021-11-19 13:50:00,330.143,330.232,329.717,329.717,5161
2021-11-19 13:55:00,329.781,329.999,329.781,329.983,3374
2021-11-19 14:00:00,329.915,329.97,329.712,329.97,20687
2021-11-19 14:05:00,329.955,330.044,329.717,329.89,9294
2021-11-19 14:10:00,329.89,330.054,329.767,329.925,5787
2021-11-19 14:15:00,330.044,330.074,329.806,329.994,10297
2021-11-19 14:20:00,329.984,330.259,329.905,330.143,4510
2021-11-19 14:25:00,330.222,330.272,329.984,329.984,5638
2021-11-19 14:30:00,329.999,330.153,329.965,329.965,7828
2021-11-19 14:35:00,330.044,330.044,329.677,329.796,6386
2021-11-19 14:40:00,329.866,329.889,329.727,329.796,3447
2021-11-19 14:45:00,329.836,330.074,329.796,329.875,8593
2021-11-19 14:50:00,329.895,329.895,329.286,329.35,7052
2021-11-19 14:55:00,329.425,329.771,329.341,329.771,3636
2021-11-19 15:00:00,329.757,329.786,329.643,329.697,4704
2021-11-19 15:05:00,329.757,329.984,329.757,329.915,5476
2021-11-19 15:10:00,329.806,330.103,329.806,330.034,6303
2021-11-19 15:15:00,329.945,330.292,329.945,330.272,5076
2021-11-19 15:20:00,330.321,330.321,330.168,330.311,8929
2021-11-19 15:25:00,330.381,330.475,330.257,330.42,7222
2021-11-19 15:30:00,330.509,330.965,330.509,330.965,10232
2021-11-19 15:35:00,330.881,331.262,330.881,331.262,12203
2021-11-19 15:40:00,331.262,331.322,330.886,330.886,16141
2021-11-19 15:45:00,330.916,330.916,330.272,330.272,16958
2021-11-19 15:50:00,330.277,330.351,330.113,330.212,15092
2021-11-19 15:55:00,330.093,330.143,329.459,329.558,30299
2021-11-19 16:00:00,329.499,329.519,328.944,329.261,130737
2021-11-19 16:05:00,329.113,329.113,329.113,329.113,10794
2021-11-22 09:35:00,329.549,330.311,327.984,329.142,23114
2021-11-22 09:40:00,329.321,330.653,329.222,329.856,10917
2021-11-22 09:45:00,330.376,330.698,329.786,330.361,6246
2021-11-22 09:50:00,330.509,331.411,330.069,330.871,8358
2021-11-22 09:55:00,330.886,331.698,330.747,331.53,12182
2021-11-22 10:00:00,331.668,332.174,331.599,331.599,7127
2021-11-22 10:05:00,331.574,332.337,331.381,332.065,8815
2021-11-22 10:10:00,332.292,332.292,331.322,331.54,14024
2021-11-22 10:15:00,331.421,331.441,330.445,330.445,30067
2021-11-22 10:20:00,330.549,330.911,330.45,330.589,6127
2021-11-22 10:25:00,330.524,330.925,330.524,330.886,5308
2021-11-22 10:30:00,330.866,330.925,330.199,330.199,5017
2021-11-22 10:35:00,330.301,330.539,330.055,330.504,6911
2021-11-22 10:40:00,330.351,330.871,330.113,330.871,5260
2021-11-22 10:45:00,330.866,331.143,330.539,330.916,4455
2021-11-22 10:50:00,330.816,331.0,330.757,330.767,5857
2021-11-22 10:55:00,330.757,331.025,330.698,330.698,3695
2021-11-22 11:00:00,330.995,331.936,330.708,331.792,5934
2021-11-22 11:05:00,331.855,331.866,331.629,331.777,2976
2021-11-22 11:10:00,331.639,331.639,330.737,330.757,10169
2021-11-22 11:15:00,330.896,331.569,330.896,331.569,1390
2021-11-22 11:20:00,331.557,331.557,331.223,331.436,5527
2021-11-22 11:25:00,331.312,331.46,330.945,331.203,4612
2021-11-22 11:30:00,331.411,331.619,331.341,331.48,6408
2021-11-22 11:35:00,331.536,331.713,331.536,331.599,3034
2021-11-22 11:40:00,331.341,331.738,331.341,331.738,5378
2021-11-22 11:45:00,331.678,332.084,331.678,331.985,29899
2021-11-22 11:50:00,331.758,331.876,331.589,331.723,2616
2021-11-22 11:55:00,331.589,331.589,331.034,331.133,3913
2021-11-22 12:00:00,331.034,331.034,329.945,330.252,3681
2021-11-22 12:05:00,330.361,330.896,330.351,330.896,4347
2021-11-22 12:10:00,330.944,331.044,330.539,330.846,11811
2021-11-22 12:15:00,330.846,331.005,330.47,330.549,4617
2021-11-22 12:20:00,330.727,330.985,330.49,330.49,6345
2021-11-22 12:25:00,330.678,330.787,330.519,330.628,3572
2021-11-22 12:30:00,330.46,330.663,330.45,330.637,2592
2021-11-22 12:35:00,330.727,330.777,330.391,330.777,2490
2021-11-22 12:40:00,330.653,330.911,330.564,330.836,20192
2021-11-22 12:45:00,330.846,330.906,330.708,330.827,3855
2021-11-22 12:50:00,330.846,330.876,330.549,330.549,9400
2021-11-22 12:55:00,330.569,330.569,330.252,330.351,6421
2021-11-22 13:00:00,330.361,330.43,329.856,329.856,7558
2021-11-22 13:05:00,329.856,329.955,329.826,329.836,3160
2021-11-22 13:10:00,329.955,330.044,329.841,329.841,3872
2021-11-22 13:15:00,329.856,329.984,329.767,329.856,5153
2021-11-22 13:20:00,329.806,329.895,329.806,329.866,4109
2021-11-22 13:25:00,329.89,330.123,329.875,330.024,5924
2021-11-22 13:30:00,330.183,330.183,329.975,330.108,7584
2021-11-22 13:35:00,330.103,330.183,329.945,329.945,6940
2021-11-22 13:40:00,329.747,330.054,329.747,329.856,5849
2021-11-22 13:45:00,329.885,330.232,329.727,330.232,3729
2021-11-22 13:50:00,330.396,330.529,330.183,330.396,7704
2021-11-22 13:55:00,330.43,330.511,330.261,330.391,6011
2021-11-22 14:00:00,330.45,330.703,330.365,330.703,2996
2021-11-22 14:05:00,330.569,330.757,330.48,330.757,6891
2021-11-22 14:10:00,330.767,330.935,330.668,330.935,7512
2021-11-22 14:15:00,330.846,330.857,330.242,330.27,7768
2021-11-22 14:20:00,330.321,330.48,330.242,330.351,7699
2021-11-22 14:25:00,330.351,330.539,330.222,330.292,7940
2021-11-22 14:30:00,330.242,330.604,330.232,330.604,3655
2021-11-22 14:35:00,330.599,330.628,330.4,330.4,3689
2021-11-22 14:40:00,330.604,330.648,329.826,330.014,8518
2021-11-22 14:45:00,330.014,330.039,329.975,330.034,1822
2021-11-22 14:50:00,330.049,330.123,329.994,330.059,1294
2021-11-22 14:55:00,330.074,330.153,329.945,330.034,5945
2021-11-22 15:00:00,330.108,330.529,329.915,330.529,10017
2021-11-22 15:05:00,330.653,330.747,330.381,330.43,6593
2021-11-22 15:10:00,330.341,330.41,330.262,330.262,5834
2021-11-22 15:15:00,330.366,330.44,330.282,330.361,7262
2021-11-22 15:20:00,330.356,330.43,329.925,330.014,5832
2021-11-22 15:25:00,329.925,330.014,329.747,329.757,6802
2021-11-22 15:30:00,329.836,329.895,329.499,329.894,7401
2021-11-22 15:35:00,329.861,329.861,329.539,329.598,9540
2021-11-22 15:40:00,329.499,329.875,329.499,329.875,11920
2021-11-22 15:45:00,329.88,329.885,329.063,329.063,13413
2021-11-22 15:50:00,329.187,329.187,328.617,328.617,13578
2021-11-22 15:55:00,328.528,328.568,327.736,327.795,33530
2021-11-22 16:00:00,327.835,327.855,326.656,326.666,132276
2021-11-22 16:05:00,326.696,326.696,326.696,326.696,80512
2021-11-22 16:40:00,326.696,326.696,326.696,326.696,833
2021-11-23 09:35:00,325.893,327.191,324.913,326.115,28285
2021-11-23 09:40:00,325.621,326.508,324.903,325.467,11260
2021-11-23 09:45:00,325.151,326.329,324.893,326.29,7141
2021-11-23 09:50:00,326.349,327.151,326.151,327.092,9083
2021-11-23 09:55:00,327.25,327.855,326.785,327.518,10275
2021-11-23 10:00:00,327.379,328.122,326.755,326.755,9578
2021-11-23 10:05:00,327.047,327.35,326.29,326.765,5695
2021-11-23 10:10:00,326.844,327.102,325.933,326.012,6830
2021-11-23 10:15:00,325.715,326.389,325.676,326.072,7942
2021-11-23 10:20:00,326.577,326.577,326.072,326.135,5877
2021-11-23 10:25:00,326.062,326.22,325.537,326.072,5376
2021-11-23 10:30:00,326.062,326.062,325.25,325.458,2973
2021-11-23 10:35:00,325.359,325.784,325.061,325.061,9659
2021-11-23 10:40:00,325.012,325.21,324.665,324.819,8440
2021-11-23 10:45:00,324.903,324.972,324.338,324.457,14434
2021-11-23 10:50:00,324.675,325.141,324.17,324.507,13750
2021-11-23 10:55:00,324.517,324.616,323.803,323.803,11633
2021-11-23 11:00:00,323.77,323.77,323.06,323.15,16483
2021-11-23 11:05:00,323.011,323.61,323.011,323.318,6574
2021-11-23 11:10:00,323.417,323.621,323.07,323.348,9234
2021-11-23 11:15:00,323.585,324.348,323.417,324.318,11367
2021-11-23 11:20:00,324.289,325.032,324.289,324.437,14389
2021-11-23 11:25:00,324.209,324.447,324.15,324.239,9233
2021-11-23 11:30:00,324.318,324.834,324.318,324.566,9378
2021-11-23 11:35:00,324.754,325.567,324.655,324.873,10960
2021-11-23 11:40:00,324.685,324.95,324.219,324.734,9151
2021-11-23 11:45:00,324.744,325.101,324.635,325.062,13117
2021-11-23 11:50:00,324.942,325.21,324.942,325.032,4811
2021-11-23 11:55:00,325.16,325.19,325.071,325.126,4427
2021-11-23 12:00:00,325.091,325.091,324.824,324.843,4949
2021-11-23 12:05:00,324.725,325.01,324.63,324.903,18487
2021-11-23 12:10:00,325.002,325.042,324.715,324.728,8141
2021-11-23 12:15:00,324.903,324.972,324.497,324.497,4189
2021-11-23 12:20:00,324.655,324.952,324.655,324.952,1221
2021-11-23 12:25:00,324.903,325.666,324.903,325.591,4820
2021-11-23 12:30:00,326.101,326.101,325.8,325.923,1381
2021-11-23 12:35:00,325.884,326.156,325.695,325.819,5177
2021-11-23 12:40:00,325.859,326.116,325.725,326.042,3306
2021-11-23 12:45:00,325.938,326.087,325.938,325.973,2757
2021-11-23 12:50:00,326.042,326.141,325.884,325.884,7408
2021-11-23 12:55:00,326.111,326.141,325.804,325.903,5739
2021-11-23 13:00:00,325.903,325.933,325.685,325.923,3708
2021-11-23 13:05:00,325.843,325.963,325.843,325.864,2690
2021-11-23 13:10:00,325.685,326.032,325.656,325.933,5988
2021-11-23 13:15:00,325.913,325.913,325.725,325.874,2567
2021-11-23 13:20:00,325.893,326.002,325.666,325.735,4650
2021-11-23 13:25:00,325.735,325.735,325.151,325.292,7408
2021-11-23 13:30:00,325.25,325.339,324.933,325.22,6152
2021-11-23 13:35:00,325.091,325.334,324.952,324.992,6716
2021-11-23 13:40:00,325.002,325.032,324.834,324.908,7788
2021-11-23 13:45:00,324.794,324.962,324.764,324.918,5703
2021-11-23 13:50:00,324.857,325.121,324.794,324.997,9592
2021-11-23 13:55:00,324.952,325.418,324.903,325.279,24169
2021-11-23 14:00:00,325.329,325.507,325.032,325.032,11599
2021-11-23 14:05:00,325.091,325.121,324.853,324.952,7047
2021-11-23 14:10:00,324.933,325.329,324.933,325.235,6863
2021-11-23 14:15:00,325.195,325.299,325.071,325.111,10084
2021-11-23 14:20:00,325.111,325.25,324.834,324.942,5987
2021-11-23 14:25:00,324.878,324.878,324.665,324.665,3458
2021-11-23 14:30:00,324.665,324.834,324.537,324.537,6110
2021-11-23 14:35:00,324.695,324.794,324.467,324.507,7831
2021-11-23 14:40:00,324.596,324.749,324.467,324.467,7065
2021-11-23 14:45:00,324.715,324.794,324.596,324.626,7935
2021-11-23 14:50:00,324.621,325.151,324.606,325.146,15073
2021-11-23 14:55:00,325.155,325.255,324.903,325.042,18120
2021-11-23 15:00:00,325.022,325.259,325.022,325.027,10225
2021-11-23 15:05:00,325.071,325.111,324.794,324.903,10168
2021-11-23 15:10:00,324.794,324.952,324.794,324.873,7036
2021-11-23 15:15:00,324.829,324.903,324.774,324.824,6278
2021-11-23 15:20:00,324.893,325.2,324.759,324.903,14391
2021-11-23 15:25:00,324.883,324.883,324.487,324.606,7624
2021-11-23 15:30:00,324.596,324.784,324.556,324.665,17039
2021-11-23 15:35:00,324.725,324.829,324.477,324.705,17507
2021-11-23 15:40:00,324.715,325.2,324.635,324.933,19859
2021-11-23 15:45:00,324.933,325.091,324.903,324.982,23094
2021-11-23 15:50:00,324.942,325.022,324.616,324.616,18296
2021-11-23 15:55:00,324.774,325.309,324.744,325.061,37576
2021-11-23 16:00:00,325.022,325.086,324.368,324.368,128315
2021-11-23 16:05:00,324.398,324.398,324.398,324.398,12852
2021-11-23 16:40:00,324.398,324.398,324.398,324.398,791
2021-11-24 08:55:00,323.912,323.912,323.516,323.516,541
2021-11-24 09:15:00,322.922,322.922,322.922,322.922,265
2021-11-24 09:35:00,323.912,324.784,323.219,324.455,21614
2021-11-24 09:40:00,324.477,325.269,324.021,324.507,15872
2021-11-24 09:45:00,324.462,324.903,324.011,324.596,4783
2021-11-24 09:50:00,324.883,325.339,323.912,324.289,21195
2021-11-24 09:55:00,324.061,324.318,323.219,323.219,7429
2021-11-24 10:00:00,323.417,324.229,323.377,324.17,18243
2021-11-24 10:05:00,323.952,324.596,323.655,324.398,17621
2021-11-24 10:10:00,324.591,324.591,323.863,324.041,5369
2021-11-24 10:15:00,324.16,324.16,323.219,323.338,5119
2021-11-24 10:20:00,323.189,323.813,323.179,323.645,5842
2021-11-24 10:25:00,323.655,324.081,323.615,323.714,13408
2021-11-24 10:30:00,323.717,324.16,323.643,324.091,5651
2021-11-24 10:35:00,324.058,324.18,323.803,323.893,4088
2021-11-24 10:40:00,324.14,324.229,323.942,324.13,6749
2021-11-24 10:45:00,324.178,324.408,323.952,324.408,4106
2021-11-24 10:50:00,324.289,324.551,324.021,324.115,5280
2021-11-24 10:55:00,324.061,324.227,324.061,324.187,2177
2021-11-24 11:00:00,324.165,324.363,323.992,324.318,9431
2021-11-24 11:05:00,324.17,324.477,323.962,324.427,7789
2021-11-24 11:10:00,324.398,324.794,324.338,324.774,4755
2021-11-24 11:15:00,324.814,325.051,324.695,324.858,9296
2021-11-24 11:20:00,324.952,325.056,324.843,324.853,5871
2021-11-24 11:25:00,324.853,324.853,324.725,324.829,1423
2021-11-24 11:30:00,324.744,324.774,324.576,324.774,3238
2021-11-24 11:35:00,324.903,325.051,324.853,324.89,3989
2021-11-24 11:40:00,324.843,325.051,324.784,324.893,8464
2021-11-24 11:45:00,324.992,325.022,324.846,325.022,5950
2021-11-24 11:50:00,325.01,325.378,324.853,324.873,18054
2021-11-24 11:55:00,324.834,325.121,324.814,324.838,10531
2021-11-24 12:00:00,324.893,324.992,324.824,324.834,4979
2021-11-24 12:05:00,324.982,325.24,324.913,325.032,11330
2021-11-24 12:10:00,325.032,325.458,325.032,325.19,11153
2021-11-24 12:15:00,325.071,325.151,324.903,324.983,5863
2021-11-24 12:20:00,325.022,325.131,324.591,324.591,6115
2021-11-24 12:25:00,324.458,324.65,324.348,324.65,3353
2021-11-24 12:30:00,324.586,324.586,324.467,324.565,1482
2021-11-24 12:35:00,324.725,324.873,324.725,324.863,1959
2021-11-24 12:40:00,324.903,325.027,324.863,324.883,7974
2021-11-24 12:45:00,324.784,324.893,324.764,324.878,5414
2021-11-24 12:50:00,324.903,324.962,324.675,324.874,6116
2021-11-24 12:55:00,324.883,325.04,324.873,325.012,4398
2021-11-24 13:00:00,324.972,324.982,324.734,324.945,5468
2021-11-24 13:05:00,324.903,325.002,324.834,324.893,5709
2021-11-24 13:10:00,324.883,324.942,324.794,324.903,2902
2021-11-24 13:15:00,324.913,324.982,324.873,324.894,3347
2021-11-24 13:20:00,324.883,325.012,324.784,324.784,5551
2021-11-24 13:25:00,324.754,324.824,324.617,324.824,3924
2021-11-24 13:30:00,324.933,324.942,324.65,324.65,6348
2021-11-24 13:35:00,324.685,324.695,324.507,324.635,2869
2021-11-24 13:40:00,324.556,324.556,324.437,324.556,4643
2021-11-24 13:45:00,324.567,324.567,324.061,324.12,5778
2021-11-24 13:50:00,324.11,324.269,324.081,324.081,7139
2021-11-24 13:55:00,324.036,324.071,323.823,323.868,2965
2021-11-24 14:00:00,323.764,323.902,323.615,323.902,2599
2021-11-24 14:05:00,324.19,324.2,323.863,323.932,5126
2021-11-24 14:10:00,323.853,323.853,323.346,323.714,3938
2021-11-24 14:15:00,323.417,323.491,323.159,323.491,2937
2021-11-24 14:20:00,323.447,323.922,323.447,323.922,4293
2021-11-24 14:25:00,323.962,324.2,323.962,324.2,3502
2021-11-24 14:30:00,324.18,324.269,323.833,323.952,4476
2021-11-24 14:35:00,323.992,324.309,323.992,324.309,4545
2021-11-24 14:40:00,324.331,324.378,324.17,324.299,2743
2021-11-24 14:45:00,324.264,324.264,324.081,324.259,2745
2021-11-24 14:50:00,324.284,324.408,324.13,324.13,3946
2021-11-24 14:55:00,324.259,324.695,324.259,324.566,6565
2021-11-24 15:00:00,324.556,324.695,324.417,324.417,4108
2021-11-24 15:05:00,324.309,324.388,324.219,324.279,4884
2021-11-24 15:10:00,324.358,324.566,324.259,324.566,3554
2021-11-24 15:15:00,324.517,324.63,324.487,324.606,4094
2021-11-24 15:20:00,324.63,324.695,324.502,324.695,2964
2021-11-24 15:25:00,324.715,324.784,324.526,324.586,4108
2021-11-24 15:30:00,324.526,324.7,324.507,324.586,6701
2021-11-24 15:35:00,324.576,324.635,324.378,324.378,8079
2021-11-24 15:40:00,324.486,324.804,324.486,324.739,8955
2021-11-24 15:45:00,324.675,324.784,324.477,324.507,10300
2021-11-24 15:50:00,324.497,324.497,324.269,324.413,8753
2021-11-24 15:55:00,324.378,324.972,324.378,324.933,22992
2021-11-24 16:00:00,324.933,325.032,324.606,324.923,50986
2021-11-24 16:05:00,324.923,324.923,324.923,324.923,5244
2021-11-26 08:05:00,316.599,316.599,316.599,316.599,100
2021-11-26 09:35:00,320.861,325.002,320.693,324.897,38193
2021-11-26 09:40:00,324.913,325.626,323.684,324.256,10754
2021-11-26 09:45:00,324.343,325.042,323.278,323.278,23898
2021-11-26 09:50:00,323.338,323.675,321.55,321.55,37747
2021-11-26 09:55:00,321.723,321.956,320.941,321.485,11850
2021-11-26 10:00:00,321.515,322.144,321.04,321.698,13886
2021-11-26 10:05:00,321.505,321.619,320.782,321.307,27205
2021-11-26 10:10:00,320.98,321.594,320.726,321.228,9428
2021-11-26 10:15:00,321.337,321.446,320.762,321.025,16261
2021-11-26 10:20:00,320.97,322.506,320.97,322.506,17010
2021-11-26 10:25:00,322.436,324.066,322.436,323.655,27600
2021-11-26 10:30:00,323.902,324.041,322.664,323.065,10837
2021-11-26 10:35:00,322.991,323.422,322.833,323.13,7437
2021-11-26 10:40:00,323.491,324.12,323.07,323.447,13883
2021-11-26 10:45:00,323.526,324.309,323.229,324.066,12229
2021-11-26 10:50:00,323.932,324.229,323.476,324.031,13202
2021-11-26 10:55:00,323.902,324.318,323.635,323.888,10827
2021-11-26 11:00:00,323.655,323.893,323.249,323.635,9310
2021-11-26 11:05:00,323.635,323.907,322.456,322.694,8908
2021-11-26 11:10:00,323.021,323.417,322.912,323.323,4155
2021-11-26 11:15:00,323.407,323.744,322.971,323.11,45755
2021-11-26 11:20:00,323.353,323.467,322.56,322.684,6828
2021-11-26 11:25:00,322.664,322.843,322.545,322.625,7711
2021-11-26 11:30:00,322.743,322.981,322.426,322.981,9975
2021-11-26 11:35:00,322.966,323.08,322.218,322.313,24622
2021-11-26 11:40:00,322.516,323.724,322.347,323.694,10780
2021-11-26 11:45:00,323.808,323.873,323.392,323.818,10421
2021-11-26 11:50:00,323.902,324.398,323.719,323.813,11331
2021-11-26 11:55:00,323.764,323.764,323.199,323.199,11088
2021-11-26 12:00:00,323.437,323.457,323.051,323.051,5877
2021-11-26 12:05:00,323.065,323.476,322.09,322.555,9982
2021-11-26 12:10:00,322.605,323.219,322.387,323.15,19815
2021-11-26 12:15:00,323.194,323.709,322.625,322.625,18682
2021-11-26 12:20:00,322.803,323.1,322.734,322.961,20240
2021-11-26 12:25:00,322.823,323.15,322.743,322.833,6497
2021-11-26 12:30:00,322.862,323.655,322.862,323.407,9725
2021-11-26 12:35:00,323.189,323.462,323.031,323.13,19057
2021-11-26 12:40:00,323.239,323.476,323.159,323.169,13476
2021-11-26 12:45:00,323.051,323.051,322.575,322.634,20967
2021-11-26 12:50:00,322.526,322.565,321.802,321.911,20116
2021-11-26 12:55:00,321.812,321.812,320.574,320.584,23883
2021-11-26 13:00:00,320.535,321.515,319.95,320.792,109107
2021-11-26 13:05:00,320.247,320.247,320.247,320.247,96121
2021-11-26 13:15:00,320.247,320.247,320.247,320.247,0
2021-11-26 15:35:00,320.247,320.247,320.247,320.247,0
2021-11-29 09:35:00,322.268,322.61,320.554,321.669,29144
2021-11-29 09:40:00,321.748,322.05,321.327,321.693,15221
2021-11-29 09:45:00,321.785,323.07,321.698,322.942,12201
2021-11-29 09:50:00,322.961,323.358,321.971,323.021,50271
2021-11-29 09:55:00,322.704,323.546,322.595,322.971,14870
2021-11-29 10:00:00,323.07,324.229,322.813,324.061,11750
2021-11-29 10:05:00,324.264,325.269,324.031,324.596,21467
2021-11-29 10:10:00,324.348,324.408,323.566,324.2,13168
2021-11-29 10:15:00,324.279,324.645,324.001,324.546,8133
2021-11-29 10:20:00,324.734,325.16,324.556,325.16,5781
2021-11-29 10:25:00,325.121,325.16,324.447,324.938,6855
2021-11-29 10:30:00,324.893,325.259,324.764,325.259,7364
2021-11-29 10:35:00,325.25,325.933,325.25,325.309,33666
2021-11-29 10:40:00,325.388,326.161,325.22,326.121,14259
2021-11-29 10:45:00,326.121,326.131,325.626,325.71,13067
2021-11-29 10:50:00,325.874,326.864,325.814,326.802,21386
2021-11-29 10:55:00,326.874,327.419,326.844,326.904,20656
2021-11-29 11:00:00,326.953,327.231,326.834,326.839,11754
2021-11-29 11:05:00,326.859,327.756,326.805,327.756,14158
2021-11-29 11:10:00,327.835,328.003,327.488,328.003,11691
2021-11-29 11:15:00,328.122,328.449,327.993,328.39,16499
2021-11-29 11:20:00,328.36,328.404,327.478,327.622,28608
2021-11-29 11:25:00,327.785,328.261,327.597,328.201,15012
2021-11-29 11:30:00,328.211,328.578,328.162,328.508,12824
2021-11-29 11:35:00,328.523,329.316,328.523,329.301,16618
2021-11-29 11:40:00,329.292,329.826,329.292,329.623,18671
2021-11-29 11:45:00,329.563,330.044,329.519,330.004,15289
2021-11-29 11:50:00,329.945,330.173,329.662,329.767,18050
2021-11-29 11:55:00,329.707,329.935,329.677,329.935,16400
2021-11-29 12:00:00,330.024,330.103,329.786,329.866,10780
2021-11-29 12:05:00,329.955,330.509,329.866,330.509,20338
2021-11-29 12:10:00,330.589,330.678,330.143,330.212,14548
2021-11-29 12:15:00,330.189,330.189,329.757,329.965,12984
2021-11-29 12:20:00,329.955,330.202,329.816,330.113,10804
2021-11-29 12:25:00,330.014,330.534,329.895,330.48,5168
2021-11-29 12:30:00,330.43,330.569,330.242,330.42,9183
2021-11-29 12:35:00,330.415,331.034,330.415,330.975,11344
2021-11-29 12:40:00,330.916,330.916,330.712,330.826,9667
2021-11-29 12:45:00,330.717,330.955,330.708,330.856,8675
2021-11-29 12:50:00,330.787,331.569,330.787,331.461,8146
2021-11-29 12:55:00,331.46,331.668,330.812,330.836,9989
2021-11-29 13:00:00,330.945,331.074,330.881,330.995,7123
2021-11-29 13:05:00,330.965,330.975,330.767,330.792,11885
2021-11-29 13:10:00,330.787,331.133,330.777,330.985,7820
2021-11-29 13:15:00,331.044,331.183,330.673,330.673,12004
2021-11-29 13:20:00,330.698,331.079,330.648,331.005,15083
2021-11-29 13:25:00,331.064,331.064,330.797,330.826,8165
2021-11-29 13:30:00,330.831,331.078,330.767,331.044,10404
2021-11-29 13:35:00,331.084,331.396,331.084,331.084,12516
2021-11-29 13:40:00,331.044,331.104,330.797,330.836,7311
2021-11-29 13:45:00,330.896,330.965,330.737,330.826,10972
2021-11-29 13:50:00,330.826,330.945,330.792,330.831,8431
2021-11-29 13:55:00,330.826,330.955,330.717,330.876,14914
2021-11-29 14:00:00,330.995,331.114,330.995,331.064,5403
2021-11-29 14:05:00,331.173,331.51,331.094,331.51,7073
2021-11-29 14:10:00,331.391,331.579,331.252,331.282,12066
2021-11-29 14:15:00,331.212,331.52,331.212,331.52,7090
2021-11-29 14:20:00,331.53,331.54,331.143,331.361,8362
2021-11-29 14:25:00,331.272,331.396,331.203,331.361,7516
2021-11-29 14:30:00,331.441,331.807,331.441,331.797,10281
2021-11-29 14:35:00,331.837,332.025,331.787,332.025,28993
2021-11-29 14:40:00,332.005,332.094,331.673,331.817,16283
2021-11-29 14:45:00,331.795,331.837,331.649,331.827,16422
2021-11-29 14:50:00,331.936,331.936,331.208,331.208,9940
2021-11-29 14:55:00,331.213,331.252,330.668,330.678,15198
2021-11-29 15:00:00,330.668,331.015,330.668,331.015,11649
2021-11-29 15:05:00,331.12,331.233,330.965,331.005,9421
2021-11-29 15:10:00,331.015,331.074,330.767,331.074,11993
2021-11-29 15:15:00,331.005,331.163,330.856,331.081,12289
2021-11-29 15:20:00,331.049,331.441,331.049,331.401,11493
2021-11-29 15:25:00,331.446,331.698,331.332,331.668,20464
2021-11-29 15:30:00,331.629,331.654,331.431,331.441,13621
2021-11-29 15:35:00,331.441,331.906,331.411,331.697,22223
2021-11-29 15:40:00,331.629,331.639,331.441,331.559,22927
2021-11-29 15:45:00,331.589,331.758,331.354,331.47,28661
2021-11-29 15:50:00,331.391,331.748,331.391,331.748,28570
2021-11-29 15:55:00,331.688,331.797,331.332,331.748,47568
2021-11-29 16:00:00,331.748,331.916,331.124,331.133,182402
2021-11-29 16:05:00,331.124,331.124,331.124,331.124,77542
2021-11-29 16:40:00,331.124,331.124,331.124,331.124,991
2021-11-30 09:25:00,331.837,331.837,331.837,331.837,500
2021-11-30 09:35:00,329.796,331.985,328.707,331.946,30701
2021-11-30 09:40:00,331.975,332.104,328.875,330.014,17754
2021-11-30 09:45:00,330.123,330.638,329.489,329.836,21632
2021-11-30 09:50:00,329.603,330.569,329.603,329.955,26167
2021-11-30 09:55:00,329.826,330.371,329.628,330.331,22683
2021-11-30 10:00:00,330.138,330.856,330.138,330.846,12852
2021-11-30 10:05:00,330.732,332.808,330.732,332.273,21838
2021-11-30 10:10:00,332.401,333.501,332.283,333.372,19173
2021-11-30 10:15:00,333.253,333.253,332.193,332.758,12167
2021-11-30 10:20:00,332.753,333.124,332.263,332.847,15228
2021-11-30 10:25:00,332.946,332.946,331.916,332.278,11810
2021-11-30 10:30:00,332.679,333.016,332.431,333.016,13260
2021-11-30 10:35:00,333.407,333.907,333.224,333.907,14284
2021-11-30 10:40:00,333.887,334.343,333.129,333.498,21467
2021-11-30 10:45:00,333.501,333.957,333.179,333.744,16987
2021-11-30 10:50:00,333.372,333.372,332.431,332.52,10639
2021-11-30 10:55:00,332.213,332.847,331.361,331.767,28574
2021-11-30 11:00:00,331.758,332.183,331.401,331.406,34347
2021-11-30 11:05:00,331.292,331.629,330.5,331.421,27651
2021-11-30 11:10:00,330.94,331.371,330.589,330.886,32784
2021-11-30 11:15:00,330.737,331.748,330.737,331.748,28325
2021-11-30 11:20:00,331.767,332.857,331.668,332.193,19332
2021-11-30 11:25:00,332.266,332.362,331.47,331.47,12397
2021-11-30 11:30:00,331.584,331.891,331.064,331.837,19268
2021-11-30 11:35:00,331.738,331.956,331.054,331.054,22555
2021-11-30 11:40:00,330.846,331.124,330.321,330.965,18539
2021-11-30 11:45:00,330.846,331.005,330.509,330.836,19036
2021-11-30 11:50:00,330.717,330.752,329.717,330.371,18312
2021-11-30 11:55:00,330.361,330.48,329.737,329.846,13261
2021-11-30 12:00:00,330.093,331.163,329.811,331.114,12710
2021-11-30 12:05:00,331.351,331.351,330.569,331.064,16571
2021-11-30 12:10:00,330.96,331.371,330.935,331.153,17898
2021-11-30 12:15:00,331.153,331.876,331.104,331.673,20650
2021-11-30 12:20:00,331.673,332.367,331.673,332.174,20389
2021-11-30 12:25:00,332.134,333.105,331.936,333.035,19339
2021-11-30 12:30:00,332.857,333.313,332.471,332.471,23766
2021-11-30 12:35:00,332.203,332.391,331.658,331.738,9194
2021-11-30 12:40:00,331.673,331.673,330.886,331.272,12133
2021-11-30 12:45:00,331.391,331.391,330.965,331.351,8854
2021-11-30 12:50:00,331.53,331.559,330.727,330.916,13609
2021-11-30 12:55:00,330.906,331.223,330.732,331.124,14521
2021-11-30 13:00:00,331.119,331.119,330.618,330.757,8295
2021-11-30 13:05:00,330.737,330.925,330.519,330.757,19608
2021-11-30 13:10:00,330.623,331.254,330.623,331.203,9444
2021-11-30 13:15:00,331.203,331.252,330.797,331.094,12793
2021-11-30 13:20:00,331.153,331.153,330.747,330.881,9436
2021-11-30 13:25:00,330.826,330.896,330.657,330.767,9543
2021-11-30 13:30:00,330.133,330.296,329.767,329.767,12421
2021-11-30 13:35:00,329.806,330.47,329.658,329.658,11269
2021-11-30 13:40:00,329.786,330.212,329.786,329.826,7564
2021-11-30 13:45:00,329.856,330.023,329.727,330.023,10516
2021-11-30 13:50:00,330.034,330.391,330.034,330.232,5975
2021-11-30 13:55:00,330.292,330.391,330.098,330.361,4734
2021-11-30 14:00:00,330.4,330.4,330.153,330.252,5863
2021-11-30 14:05:00,330.247,330.47,330.173,330.371,9735
2021-11-30 14:10:00,330.46,330.708,330.059,330.708,10595
2021-11-30 14:15:00,330.648,331.153,330.549,331.014,12040
2021-11-30 14:20:00,331.064,331.579,331.064,331.406,10655
2021-11-30 14:25:00,331.401,331.401,330.906,331.124,6523
2021-11-30 14:30:00,331.322,331.698,331.148,331.183,10850
2021-11-30 14:35:00,331.074,331.213,330.807,331.084,9150
2021-11-30 14:40:00,330.955,331.089,330.747,330.816,14214
2021-11-30 14:45:00,330.886,330.975,330.371,330.559,14211
2021-11-30 14:50:00,330.727,330.747,330.529,330.638,12963
2021-11-30 14:55:00,330.708,330.708,330.321,330.455,32342
2021-11-30 15:00:00,330.509,330.767,330.391,330.708,24573
2021-11-30 15:05:00,330.678,330.856,330.044,330.103,18839
2021-11-30 15:10:00,329.994,329.994,329.073,329.202,14216
2021-11-30 15:15:00,328.974,328.974,328.221,328.459,15047
2021-11-30 15:20:00,328.365,328.984,328.365,328.806,16893
2021-11-30 15:25:00,328.845,329.103,328.761,328.835,19200
2021-11-30 15:30:00,328.845,329.245,328.687,328.816,24226
2021-11-30 15:35:00,328.85,329.152,328.816,328.84,32406
2021-11-30 15:40:00,328.845,329.118,328.717,328.786,30658
2021-11-30 15:45:00,328.845,329.043,328.627,328.825,34494
2021-11-30 15:50:00,328.746,329.232,328.528,328.598,40715
2021-11-30 15:55:00,328.518,328.518,326.29,326.468,80997
2021-11-30 16:00:00,326.517,328.36,326.448,327.984,139783
2021-11-30 16:05:00,328.112,328.112,328.112,328.112,103979
2021-11-30 16:10:00,328.112,328.112,328.112,328.112,4000
2021-11-30 16:20:00,328.112,328.122,328.112,328.112,6843
2021-11-30 16:25:00,328.112,328.112,328.112,328.112,300
2021-11-30 16:30:00,328.112,328.162,328.112,328.162,500
2021-11-30 17:20:00,328.112,328.112,328.112,328.112,18141
2021-12-01 09:35:00,330.252,332.728,329.658,332.471,31427
2021-12-01 09:40:00,332.312,332.619,331.569,332.129,16620
2021-12-01 09:45:00,332.59,332.926,331.629,332.411,9283
2021-12-01 09:50:00,331.956,333.441,331.896,333.258,17755
2021-12-01 09:55:00,333.115,333.283,330.252,330.826,27747
2021-12-01 10:00:00,330.816,332.055,330.816,331.629,13172
2021-12-01 10:05:00,331.817,332.461,331.658,332.218,10778
2021-12-01 10:10:00,332.268,332.728,332.164,332.728,6586
2021-12-01 10:15:00,332.753,333.392,332.753,333.169,12495
2021-12-01 10:20:00,333.323,334.561,333.323,334.383,12864
2021-12-01 10:25:00,334.566,335.215,334.274,335.215,19483
2021-12-01 10:30:00,335.116,335.363,334.709,334.848,8815
2021-12-01 10:35:00,334.719,334.828,333.729,333.912,9505
2021-12-01 10:40:00,333.912,334.11,333.645,333.729,10462
2021-12-01 10:45:00,333.783,334.09,333.035,333.991,13680
2021-12-01 10:50:00,334.021,334.551,334.021,334.274,10549
2021-12-01 10:55:00,334.343,334.92,334.244,334.729,15466
2021-12-01 11:00:00,334.799,334.799,334.08,334.278,18401
2021-12-01 11:05:00,334.264,334.65,333.963,333.986,15184
2021-12-01 11:10:00,333.996,334.115,333.263,333.263,20359
2021-12-01 11:15:00,333.313,334.135,333.313,334.125,10644
2021-12-01 11:20:00,334.125,334.76,334.125,334.719,8494
2021-12-01 11:25:00,334.724,334.917,334.581,334.64,10035
2021-12-01 11:30:00,334.581,335.12,334.581,334.808,15058
2021-12-01 11:35:00,334.908,335.839,334.818,335.839,10883
2021-12-01 11:40:00,335.72,336.052,335.72,335.829,14553
2021-12-01 11:45:00,335.928,335.928,335.532,335.551,9274
2021-12-01 11:50:00,335.532,336.027,335.031,335.966,13570
2021-12-01 11:55:00,335.957,335.977,335.328,335.65,9737
2021-12-01 12:00:00,335.631,335.858,335.373,335.799,9855
2021-12-01 12:05:00,335.834,335.908,335.215,335.65,13429
2021-12-01 12:10:00,335.581,335.581,335.215,335.383,4154
2021-12-01 12:15:00,335.482,336.255,335.482,335.962,9622
2021-12-01 12:20:00,335.839,336.458,335.73,336.225,9426
2021-12-01 12:25:00,336.195,336.274,335.641,335.641,6044
2021-12-01 12:30:00,335.853,335.908,335.343,335.72,8248
2021-12-01 12:35:00,335.72,335.829,335.452,335.745,10362
2021-12-01 12:40:00,335.69,335.796,335.185,335.796,8009
2021-12-01 12:45:00,335.596,335.868,335.596,335.68,7197
2021-12-01 12:50:00,335.779,335.858,335.254,335.279,10282
2021-12-01 12:55:00,335.279,335.462,334.838,335.106,10602
2021-12-01 13:00:00,334.868,335.076,334.234,334.308,7525
2021-12-01 13:05:00,334.343,334.491,334.105,334.165,8333
2021-12-01 13:10:00,334.165,334.165,333.342,333.635,13556
2021-12-01 13:15:00,333.451,333.897,333.432,333.683,15956
2021-12-01 13:20:00,333.64,333.976,332.986,332.986,7657
2021-12-01 13:25:00,333.02,333.422,332.91,333.342,6204
2021-12-01 13:30:00,333.446,333.907,333.446,333.858,6031
2021-12-01 13:35:00,333.947,334.115,333.828,333.858,12060
2021-12-01 13:40:00,333.838,333.942,333.669,333.937,5820
2021-12-01 13:45:00,334.016,334.105,333.422,333.59,13548
2021-12-01 13:50:00,333.372,333.372,332.342,332.342,4981
2021-12-01 13:55:00,332.495,333.422,332.456,333.402,8295
2021-12-01 14:00:00,333.328,333.522,333.164,333.331,7042
2021-12-01 14:05:00,333.174,333.521,333.164,333.293,12556
2021-12-01 14:10:00,333.402,333.58,332.619,332.619,9511
2021-12-01 14:15:00,332.57,332.609,332.015,332.595,8375
2021-12-01 14:20:00,332.708,333.035,332.174,332.382,10342
2021-12-01 14:25:00,332.283,333.184,332.193,333.081,12757
2021-12-01 14:30:00,333.08,333.313,332.996,333.313,11304
2021-12-01 14:35:00,333.194,333.818,333.164,333.61,13073
2021-12-01 14:40:00,333.441,333.699,333.056,333.58,6038
2021-12-01 14:45:00,333.511,333.877,333.273,333.877,23313
2021-12-01 14:50:00,333.823,334.303,333.823,334.283,15341
2021-12-01 14:55:00,334.313,334.392,333.927,333.937,11631
2021-12-01 15:00:00,333.937,334.075,333.788,333.907,9862
2021-12-01 15:05:00,334.066,334.432,333.783,333.877,11167
2021-12-01 15:10:00,333.818,333.966,333.392,333.392,30157
2021-12-01 15:15:00,333.303,333.481,332.738,333.352,9638
2021-12-01 15:20:00,333.342,333.372,332.401,332.5,11971
2021-12-01 15:25:00,332.604,332.604,331.634,331.708,13271
2021-12-01 15:30:00,331.639,331.698,331.143,331.203,14687
2021-12-01 15:35:00,331.044,331.337,330.341,330.797,23952
2021-12-01 15:40:00,330.698,331.688,330.658,331.54,20893
2021-12-01 15:45:00,331.54,332.342,331.341,332.342,22822
2021-12-01 15:50:00,332.193,332.342,330.955,331.005,28720
2021-12-01 15:55:00,330.896,330.975,330.192,330.202,43093
2021-12-01 16:00:00,330.192,330.222,327.706,327.845,123518
2021-12-01 16:05:00,327.825,327.825,327.825,327.825,164936
2021-12-02 09:35:00,328.598,331.282,327.637,329.905,29923
2021-12-02 09:40:00,329.697,330.361,329.578,330.093,10529
2021-12-02 09:45:00,329.458,331.351,329.033,331.148,9500
2021-12-02 09:50:00,330.935,332.743,330.737,331.852,13035
2021-12-02 09:55:00,332.035,334.026,331.906,334.026,12534
2021-12-02 10:00:00,334.184,335.452,333.63,335.274,37421
2021-12-02 10:05:00,335.101,335.7,333.778,335.7,18081
2021-12-02 10:10:00,335.749,336.453,335.353,336.294,17915
2021-12-02 10:15:00,336.482,337.116,336.255,336.948,36510
2021-12-02 10:20:00,336.76,338.137,336.7,338.137,22156
2021-12-02 10:25:00,338.34,338.771,337.899,338.771,17342
2021-12-02 10:30:00,338.469,339.375,338.246,339.375,12582
2021-12-02 10:35:00,338.989,339.281,338.087,338.369,37900
2021-12-02 10:40:00,338.285,339.008,338.196,338.919,25245
2021-12-02 10:45:00,338.919,338.979,338.226,338.226,20587
2021-12-02 10:50:00,338.3,338.374,337.424,338.067,16982
2021-12-02 10:55:00,338.186,338.899,338.028,338.166,21804
2021-12-02 11:00:00,338.039,338.039,337.077,337.701,15085
2021-12-02 11:05:00,337.889,338.771,337.78,338.553,15282
2021-12-02 11:10:00,338.652,339.365,338.652,339.197,16733
2021-12-02 11:15:00,339.137,339.236,338.157,338.415,10263
2021-12-02 11:20:00,338.543,338.751,338.335,338.701,10326
2021-12-02 11:25:00,338.721,339.444,338.721,338.766,15380
2021-12-02 11:30:00,338.429,338.429,337.809,337.949,10867
2021-12-02 11:35:00,337.869,337.879,336.374,336.413,14336
2021-12-02 11:40:00,336.24,336.542,335.997,336.393,10414
2021-12-02 11:45:00,336.334,337.097,336.205,336.205,8777
2021-12-02 11:50:00,336.205,336.423,335.754,336.423,7194
2021-12-02 11:55:00,336.324,336.74,336.324,336.453,6488
2021-12-02 12:00:00,336.542,336.562,335.829,336.136,9538
2021-12-02 12:05:00,336.205,336.463,335.743,336.403,6551
2021-12-02 12:10:00,336.403,336.542,336.294,336.542,5056
2021-12-02 12:15:00,336.582,336.908,336.552,336.908,4783
2021-12-02 12:20:00,337.017,337.483,337.017,337.354,16100
2021-12-02 12:25:00,337.433,337.433,336.671,336.745,7868
2021-12-02 12:30:00,336.839,337.037,336.686,336.686,9144
2021-12-02 12:35:00,336.686,337.265,336.686,336.933,12456
2021-12-02 12:40:00,336.809,337.111,336.611,337.102,5176
2021-12-02 12:45:00,337.007,337.225,336.73,336.73,6613
2021-12-02 12:50:00,336.75,337.572,336.75,337.493,6980
2021-12-02 12:55:00,337.523,337.592,337.424,337.424,4125
2021-12-02 13:00:00,337.404,337.552,337.265,337.424,8330
2021-12-02 13:05:00,337.424,337.443,336.889,337.443,9410
2021-12-02 13:10:00,337.424,337.82,337.225,337.8,12080
2021-12-02 13:15:00,337.671,338.374,337.671,338.374,6336
2021-12-02 13:20:00,338.196,338.523,338.196,338.325,9584
2021-12-02 13:25:00,338.345,338.434,337.372,337.74,12898
2021-12-02 13:30:00,337.711,338.241,337.701,337.835,13270
2021-12-02 13:35:00,337.869,338.498,337.75,338.498,6302
2021-12-02 13:40:00,338.592,338.989,338.503,338.979,8837
2021-12-02 13:45:00,338.964,339.048,338.701,338.701,8002
2021-12-02 13:50:00,338.622,338.672,338.265,338.265,4332
2021-12-02 13:55:00,338.161,338.979,338.161,338.979,5644
2021-12-02 14:00:00,339.038,339.682,339.028,339.395,7564
2021-12-02 14:05:00,339.395,339.405,338.434,338.695,10711
2021-12-02 14:10:00,338.538,338.751,338.246,338.563,8141
2021-12-02 14:15:00,338.622,338.731,338.434,338.434,6333
2021-12-02 14:20:00,338.27,338.404,338.018,338.27,11342
2021-12-02 14:25:00,338.414,338.691,338.295,338.553,11580
2021-12-02 14:30:00,338.657,338.85,338.612,338.81,7052
2021-12-02 14:35:00,338.731,338.731,337.78,337.859,13962
2021-12-02 14:40:00,337.755,338.444,337.701,338.444,11067
2021-12-02 14:45:00,338.523,338.523,337.919,337.919,11205
2021-12-02 14:50:00,338.077,338.275,337.404,337.404,9371
2021-12-02 14:55:00,337.661,337.889,337.463,337.703,12590
2021-12-02 15:00:00,337.695,338.077,337.562,337.949,5661
2021-12-02 15:05:00,337.919,338.345,337.899,338.018,10654
2021-12-02 15:10:00,338.008,338.246,337.901,338.176,9697
2021-12-02 15:15:00,338.206,338.246,337.255,337.622,12219
2021-12-02 15:20:00,337.424,337.909,336.869,337.275,15887
2021-12-02 15:25:00,337.156,337.166,336.829,337.102,14638
2021-12-02 15:30:00,337.245,337.998,337.196,337.909,14760
2021-12-02 15:35:00,337.949,338.285,337.75,337.82,18383
2021-12-02 15:40:00,337.76,337.815,337.458,337.666,15628
2021-12-02 15:45:00,337.721,338.315,337.721,338.157,25337
2021-12-02 15:50:00,338.137,338.345,337.384,337.978,32738
2021-12-02 15:55:00,337.78,337.869,336.918,337.186,53675
2021-12-02 16:00:00,337.116,337.116,335.888,336.621,115422
2021-12-02 16:05:00,336.463,336.463,336.463,336.463,15628
2021-12-02 16:40:00,336.463,336.463,336.463,336.463,457
2021-12-03 09:30:00,337.047,337.78,335.858,337.602,3073
2021-12-03 09:35:00,336.948,341.703,336.948,340.727,72267
2021-12-03 09:40:00,340.316,343.51,339.875,342.807,32533
2021-12-03 09:45:00,342.713,343.426,341.039,341.772,23829
2021-12-03 09:50:00,341.945,341.945,340.375,340.41,18443
2021-12-03 09:55:00,340.212,340.89,339.989,340.841,16563
2021-12-03 10:00:00,340.841,341.495,340.242,340.549,27778
2021-12-03 10:05:00,340.474,341.143,339.93,340.276,18846
2021-12-03 10:10:00,340.494,341.693,340.321,341.227,16695
2021-12-03 10:15:00,340.861,341.069,339.811,340.019,20552
2021-12-03 10:20:00,339.826,341.47,339.826,341.019,9263
2021-12-03 10:25:00,341.198,341.703,340.732,341.703,9049
2021-12-03 10:30:00,341.425,343.763,341.326,343.486,29001
2021-12-03 10:35:00,343.307,343.307,341.465,341.807,23973
2021-12-03 10:40:00,341.812,341.831,340.851,341.069,16151
2021-12-03 10:45:00,341.173,341.183,339.87,340.162,27973
2021-12-03 10:50:00,340.187,340.425,339.474,339.796,22632
2021-12-03 10:55:00,339.605,339.979,338.85,339.311,19390
2021-12-03 11:00:00,339.296,339.89,339.216,339.345,25933
2021-12-03 11:05:00,339.216,339.93,338.89,339.603,13183
2021-12-03 11:10:00,339.692,339.722,338.196,338.464,21838
2021-12-03 11:15:00,339.127,339.504,338.741,339.504,14967
2021-12-03 11:20:00,339.365,339.632,339.093,339.603,10092
2021-12-03 11:25:00,339.395,340.583,339.236,340.554,19770
2021-12-03 11:30:00,340.573,341.703,340.573,341.673,13692
2021-12-03 11:35:00,341.675,342.096,341.217,341.891,27836
2021-12-03 11:40:00,341.911,341.911,340.45,341.249,10879
2021-12-03 11:45:00,341.351,341.351,339.821,340.554,10909
2021-12-03 11:50:00,340.603,341.247,340.593,340.702,13681
2021-12-03 11:55:00,340.603,341.247,340.257,340.455,9549
2021-12-03 12:00:00,340.638,340.717,339.87,340.039,43346
2021-12-03 12:05:00,340.157,340.157,339.157,339.301,11207
2021-12-03 12:10:00,339.137,339.662,339.127,339.568,4813
2021-12-03 12:15:00,339.583,339.647,338.771,338.771,9695
2021-12-03 12:20:00,338.612,339.246,338.578,338.776,8857
2021-12-03 12:25:00,338.85,339.463,338.256,339.107,28908
2021-12-03 12:30:00,339.038,339.187,338.85,339.142,8031
2021-12-03 12:35:00,338.959,338.964,338.424,338.434,21108
2021-12-03 12:40:00,338.474,339.712,338.474,339.207,18706
2021-12-03 12:45:00,339.315,339.969,339.286,339.652,10847
2021-12-03 12:50:00,339.613,339.613,338.909,339.137,5244
2021-12-03 12:55:00,339.048,339.632,339.048,339.286,6494
2021-12-03 13:00:00,339.266,339.32,338.804,339.107,5274
2021-12-03 13:05:00,339.117,339.202,337.939,338.117,15774
2021-12-03 13:10:00,338.305,338.394,338.057,338.236,9543
2021-12-03 13:15:00,338.29,338.994,338.218,338.325,16090
2021-12-03 13:20:00,338.478,338.587,337.899,338.587,17349
2021-12-03 13:25:00,338.469,338.706,338.305,338.662,8401
2021-12-03 13:30:00,338.691,339.088,338.241,338.241,10883
2021-12-03 13:35:00,338.374,338.444,337.315,337.315,11834
2021-12-03 13:40:00,337.582,337.77,337.027,337.364,10771
2021-12-03 13:45:00,337.275,337.939,337.116,337.939,13138
2021-12-03 13:50:00,337.78,338.008,336.359,336.691,24991
2021-12-03 13:55:00,336.859,337.364,336.75,337.111,11504
2021-12-03 14:00:00,336.839,336.948,336.304,336.502,10937
2021-12-03 14:05:00,336.502,336.745,335.65,336.74,38824
2021-12-03 14:10:00,336.671,336.671,336.245,336.245,5061
2021-12-03 14:15:00,336.487,336.601,336.007,336.195,10940
2021-12-03 14:20:00,336.255,336.443,335.571,335.814,19357
2021-12-03 14:25:00,335.769,336.7,335.492,336.522,17630
2021-12-03 14:30:00,336.636,336.636,336.007,336.245,12707
2021-12-03 14:35:00,336.245,336.383,335.472,335.631,9807
2021-12-03 14:40:00,335.611,335.705,334.808,334.898,13485
2021-12-03 14:45:00,334.838,335.403,334.789,335.373,10698
2021-12-03 14:50:00,335.442,335.655,335.096,335.096,10982
2021-12-03 14:55:00,335.096,335.532,334.729,334.729,7989
2021-12-03 15:00:00,334.541,334.714,334.145,334.274,14290
2021-12-03 15:05:00,334.249,334.343,333.709,334.333,12889
2021-12-03 15:10:00,334.184,335.269,334.001,334.16,13976
2021-12-03 15:15:00,334.174,334.927,334.17,334.927,9608
2021-12-03 15:20:00,335.383,335.581,334.472,334.937,20615
2021-12-03 15:25:00,335.284,335.705,335.205,335.69,10159
2021-12-03 15:30:00,335.631,336.156,335.532,335.819,10246
2021-12-03 15:35:00,335.844,336.849,335.844,336.755,19415
2021-12-03 15:40:00,336.819,336.839,335.125,335.125,20588
2021-12-03 15:45:00,335.229,336.175,335.007,335.839,35769
2021-12-03 15:50:00,335.779,336.438,335.541,336.438,41615
2021-12-03 15:55:00,336.562,339.523,336.562,338.399,85101
2021-12-03 16:00:00,338.513,339.741,338.429,339.147,137899
2021-12-03 16:05:00,339.167,339.167,339.167,339.167,9738
2021-12-03 16:35:00,339.167,339.167,339.167,339.167,6555
2021-12-03 16:50:00,339.167,339.167,339.167,339.167,218
2021-12-06 09:35:00,342.04,342.129,340.148,340.425,21075
2021-12-06 09:40:00,340.425,340.861,339.276,340.4,11290
2021-12-06 09:45:00,340.92,341.371,339.533,340.876,12791
2021-12-06 09:50:00,340.876,341.396,340.068,340.118,6966
2021-12-06 09:55:00,340.445,341.069,339.568,340.836,9982
2021-12-06 10:00:00,340.484,341.301,339.89,339.959,12520
2021-12-06 10:05:00,340.128,340.128,339.167,339.523,16980
2021-12-06 10:10:00,339.652,340.336,339.474,339.732,14213
2021-12-06 10:15:00,339.925,340.851,339.925,340.742,12312
2021-12-06 10:20:00,340.494,340.881,340.058,340.289,17216
2021-12-06 10:25:00,340.37,340.499,340.058,340.291,12045
2021-12-06 10:30:00,340.058,340.296,338.751,338.761,13612
2021-12-06 10:35:00,338.642,339.187,338.186,339.167,15417
2021-12-06 10:40:00,338.999,339.365,338.444,338.81,12840
2021-12-06 10:45:00,338.81,338.81,337.859,337.929,5824
2021-12-06 10:50:00,337.82,338.771,337.75,337.998,11812
2021-12-06 10:55:00,338.152,338.206,337.602,337.978,7910
2021-12-06 11:00:00,338.434,338.662,338.211,338.587,9581
2021-12-06 11:05:00,338.662,338.691,337.344,337.354,23247
2021-12-06 11:10:00,337.562,337.602,337.126,337.245,14723
2021-12-06 11:15:00,337.344,337.414,336.631,336.998,11509
2021-12-06 11:20:00,337.087,338.122,336.978,338.013,8366
2021-12-06 11:25:00,338.013,338.013,337.344,337.344,9869
2021-12-06 11:30:00,337.513,337.8,337.424,337.562,9063
2021-12-06 11:35:00,337.622,337.736,337.136,337.493,10939
2021-12-06 11:40:00,337.592,337.8,337.493,337.656,8145
2021-12-06 11:45:00,337.671,337.78,337.414,337.458,9899
2021-12-06 11:50:00,337.463,337.473,336.859,336.918,6095
2021-12-06 11:55:00,337.077,337.532,337.025,337.518,8680
2021-12-06 12:00:00,337.607,338.226,337.607,338.137,7539
2021-12-06 12:05:00,338.265,338.637,338.186,338.637,8716
2021-12-06 12:10:00,338.652,338.89,338.582,338.86,14833
2021-12-06 12:15:00,338.84,339.028,338.736,338.79,6574
2021-12-06 12:20:00,338.652,339.202,338.196,339.202,10039
2021-12-06 12:25:00,339.107,339.434,339.003,339.197,11742
2021-12-06 12:30:00,339.127,339.127,338.899,338.939,6796
2021-12-06 12:35:00,338.924,339.484,338.924,339.484,12270
2021-12-06 12:40:00,339.395,339.424,338.79,338.8,8324
2021-12-06 12:45:00,338.786,339.236,338.786,338.899,4369
2021-12-06 12:50:00,338.908,339.751,338.88,339.652,8930
2021-12-06 12:55:00,339.563,339.761,339.464,339.697,4072
2021-12-06 13:00:00,339.732,340.232,339.687,340.227,5729
2021-12-06 13:05:00,340.266,340.296,339.93,340.266,4850
2021-12-06 13:10:00,340.281,340.573,340.271,340.44,8693
2021-12-06 13:15:00,340.435,340.524,340.053,340.053,5763
2021-12-06 13:20:00,340.044,340.375,339.999,340.281,7022
2021-12-06 13:25:00,340.202,340.405,340.202,340.281,2692
2021-12-06 13:30:00,340.346,340.811,340.286,340.346,9963
2021-12-06 13:35:00,340.4,340.465,340.039,340.192,5045
2021-12-06 13:40:00,340.202,340.331,339.86,339.999,8141
2021-12-06 13:45:00,339.91,340.326,339.91,340.326,9028
2021-12-06 13:50:00,340.138,340.9,340.138,340.881,6617
2021-12-06 13:55:00,340.702,340.762,340.474,340.742,4234
2021-12-06 14:00:00,340.742,340.841,340.474,340.623,11900
2021-12-06 14:05:00,340.712,341.307,340.712,341.207,9388
2021-12-06 14:10:00,341.188,341.198,340.692,340.692,9258
2021-12-06 14:15:00,340.687,340.687,340.385,340.415,6438
2021-12-06 14:20:00,340.494,340.494,339.94,339.979,4560
2021-12-06 14:25:00,339.86,339.89,339.732,339.751,6641
2021-12-06 14:30:00,339.791,339.85,339.385,339.385,6446
2021-12-06 14:35:00,339.543,339.553,339.256,339.335,9090
2021-12-06 14:40:00,339.355,339.553,339.315,339.479,9523
2021-12-06 14:45:00,339.395,339.395,338.899,338.899,6634
2021-12-06 14:50:00,338.959,339.008,338.622,338.696,7124
2021-12-06 14:55:00,338.761,338.771,337.79,338.067,16585
2021-12-06 15:00:00,338.072,338.355,337.958,338.196,14566
2021-12-06 15:05:00,338.176,338.434,337.889,337.998,9629
2021-12-06 15:10:00,337.939,337.946,337.532,337.612,10054
2021-12-06 15:15:00,337.612,338.176,337.612,338.112,8468
2021-12-06 15:20:00,338.246,338.592,338.218,338.503,5952
2021-12-06 15:25:00,338.503,338.622,338.424,338.434,11571
2021-12-06 15:30:00,338.474,338.474,337.988,338.382,9998
2021-12-06 15:35:00,338.493,338.751,337.919,338.097,14440
2021-12-06 15:40:00,338.087,338.087,337.75,338.053,19095
2021-12-06 15:45:00,337.949,338.711,337.686,338.647,18164
2021-12-06 15:50:00,338.731,338.741,338.053,338.246,18727
2021-12-06 15:55:00,338.226,339.088,338.157,339.088,31109
2021-12-06 16:00:00,339.098,339.098,337.493,337.929,122355
2021-12-06 16:05:00,337.909,337.909,337.909,337.909,18521
2021-12-06 16:40:00,337.909,337.909,337.909,337.909,230
2021-12-07 09:35:00,341.366,342.475,339.315,341.297,20542
2021-12-07 09:40:00,342.465,342.555,341.693,341.714,6075
2021-12-07 09:45:00,341.212,341.475,340.306,340.385,5312
2021-12-07 09:50:00,340.871,340.871,339.86,339.885,8839
2021-12-07 09:55:00,339.94,340.554,339.771,340.554,11298
2021-12-07 10:00:00,340.415,340.415,339.85,340.088,6834
2021-12-07 10:05:00,340.286,341.366,340.286,340.474,15388
2021-12-07 10:10:00,340.375,340.385,339.91,339.91,9552
2021-12-07 10:15:00,339.865,340.633,339.865,340.177,10175
2021-12-07 10:20:00,340.356,341.029,340.341,340.613,8132
2021-12-07 10:25:00,340.573,340.831,340.138,340.138,13161
2021-12-07 10:30:00,340.128,340.405,339.642,339.702,7424
2021-12-07 10:35:00,340.039,340.356,339.791,339.979,12356
2021-12-07 10:40:00,339.969,340.682,339.969,340.217,19775
2021-12-07 10:45:00,340.286,340.648,340.157,340.564,10412
2021-12-07 10:50:00,340.633,341.009,340.613,340.881,25672
2021-12-07 10:55:00,340.92,341.113,340.732,341.113,9100
2021-12-07 11:00:00,341.217,341.544,340.99,341.331,27429
2021-12-07 11:05:00,341.346,341.594,341.267,341.304,9751
2021-12-07 11:10:00,341.207,341.515,341.049,341.396,7782
2021-12-07 11:15:00,341.48,341.564,341.198,341.198,8137
2021-12-07 11:20:00,341.148,341.158,340.9,340.905,5924
2021-12-07 11:25:00,340.811,340.811,340.276,340.276,8251
2021-12-07 11:30:00,340.266,340.474,340.118,340.148,14821
2021-12-07 11:35:00,340.197,340.365,340.128,340.365,11137
2021-12-07 11:40:00,340.439,340.475,340.078,340.078,4899
2021-12-07 11:45:00,340.078,340.162,339.632,339.693,8209
2021-12-07 11:50:00,339.736,340.361,339.692,340.361,6506
2021-12-07 11:55:00,340.37,340.37,339.92,339.935,11618
2021-12-07 12:00:00,339.86,339.935,339.39,339.39,3831
2021-12-07 12:05:00,339.375,340.138,339.375,340.138,9347
2021-12-07 12:10:00,340.118,340.504,339.732,339.796,11701
2021-12-07 12:15:00,339.791,339.947,339.434,339.434,7181
2021-12-07 12:20:00,339.504,339.504,338.454,338.682,17554
2021-12-07 12:25:00,338.86,338.899,338.543,338.83,9605
2021-12-07 12:30:00,338.805,339.345,338.771,339.345,14590
2021-12-07 12:35:00,339.271,339.811,339.216,339.509,7075
2021-12-07 12:40:00,339.444,339.682,339.236,339.439,11470
2021-12-07 12:45:00,339.573,339.623,339.177,339.301,10839
2021-12-07 12:50:00,339.224,339.286,339.078,339.271,4825
2021-12-07 12:55:00,339.271,339.365,338.781,338.781,6814
2021-12-07 13:00:00,338.919,339.088,338.627,338.701,15475
2021-12-07 13:05:00,338.711,339.276,338.404,339.276,17884
2021-12-07 13:10:00,339.315,339.593,339.315,339.454,7162
2021-12-07 13:15:00,339.514,339.632,339.335,339.533,6994
2021-12-07 13:20:00,339.464,339.504,339.137,339.137,5385
2021-12-07 13:25:00,339.129,339.129,338.88,338.939,7412
2021-12-07 13:30:00,338.919,338.974,338.721,338.8,6945
2021-12-07 13:35:00,338.83,339.306,338.8,339.276,4359
2021-12-07 13:40:00,339.385,339.415,339.058,339.266,9142
2021-12-07 13:45:00,339.177,339.39,339.177,339.266,5590
2021-12-07 13:50:00,339.187,339.38,339.147,339.197,7360
2021-12-07 13:55:00,339.246,339.405,339.018,339.172,9762
2021-12-07 14:00:00,339.197,339.266,338.87,339.068,7275
2021-12-07 14:05:00,338.974,338.974,338.553,338.553,8906
2021-12-07 14:10:00,338.523,338.523,338.127,338.127,14168
2021-12-07 14:15:00,338.166,338.335,338.127,338.236,12861
2021-12-07 14:20:00,338.236,338.493,338.211,338.325,16040
2021-12-07 14:25:00,338.285,338.622,338.206,338.533,7837
2021-12-07 14:30:00,338.474,338.474,338.216,338.246,10263
2021-12-07 14:35:00,338.211,338.523,338.067,338.434,9672
2021-12-07 14:40:00,338.498,339.078,338.493,339.078,10385
2021-12-07 14:45:00,339.078,339.464,339.068,339.157,15779
2021-12-07 14:50:00,339.187,339.365,338.84,339.344,12890
2021-12-07 14:55:00,339.286,339.395,339.256,339.266,9510
2021-12-07 15:00:00,339.315,339.365,338.909,339.345,18672
2021-12-07 15:05:00,339.315,339.405,339.107,339.127,12384
2021-12-07 15:10:00,339.236,339.335,339.127,339.137,15690
2021-12-07 15:15:00,339.137,339.157,338.86,338.914,12889
2021-12-07 15:20:00,339.028,339.117,338.959,339.058,18728
2021-12-07 15:25:00,339.038,339.048,338.652,338.8,17399
2021-12-07 15:30:00,338.691,338.83,338.246,338.543,15356
2021-12-07 15:35:00,338.508,338.999,338.508,338.761,18634
2021-12-07 15:40:00,338.662,338.776,338.389,338.523,13639
2021-12-07 15:45:00,338.543,338.87,338.493,338.622,19031
2021-12-07 15:50:00,338.563,338.721,338.008,338.602,19198
2021-12-07 15:55:00,338.444,338.672,337.869,338.592,32166
2021-12-07 16:00:00,338.503,338.815,338.434,338.553,120965
2021-12-07 16:05:00,338.543,338.543,338.543,338.543,16742
2021-12-07 16:40:00,338.543,338.543,338.543,338.543,2191
2021-12-08 09:35:00,339.266,340.608,338.8,340.37,20473
2021-12-08 09:40:00,340.574,340.831,340.128,340.266,5376
2021-12-08 09:45:00,340.058,340.271,338.84,338.84,11279
2021-12-08 09:50:00,339.306,339.712,338.573,338.726,6060
2021-12-08 09:55:00,338.82,339.266,338.087,339.028,12128
2021-12-08 10:00:00,339.187,339.311,338.582,338.82,4786
2021-12-08 10:05:00,338.781,339.157,338.682,338.686,9943
2021-12-08 10:10:00,338.854,338.854,337.939,338.196,5769
2021-12-08 10:15:00,338.028,338.067,337.503,337.503,11251
2021-12-08 10:20:00,337.681,338.057,337.513,337.641,6526
2021-12-08 10:25:00,337.825,338.057,337.651,337.988,8479
2021-12-08 10:30:00,337.958,337.988,336.185,336.235,12940
2021-12-08 10:35:00,336.344,336.938,336.344,336.7,8052
2021-12-08 10:40:00,336.651,336.681,335.946,336.131,15676
2021-12-08 10:45:00,336.111,336.591,336.111,336.473,7683
2021-12-08 10:50:00,336.502,336.948,336.502,336.948,7618
2021-12-08 10:55:00,336.988,337.394,336.918,337.087,7920
2021-12-08 11:00:00,337.136,337.235,336.77,336.799,14187
2021-12-08 11:05:00,336.829,337.215,336.829,337.215,5062
2021-12-08 11:10:00,337.191,337.339,336.691,337.107,11325
2021-12-08 11:15:00,337.206,337.324,336.948,337.196,9414
2021-12-08 11:20:00,337.206,337.206,336.542,337.102,10747
2021-12-08 11:25:00,336.998,337.196,336.879,336.933,7091
2021-12-08 11:30:00,336.933,337.047,336.775,336.928,8044
2021-12-08 11:35:00,336.918,336.918,336.175,336.205,7600
2021-12-08 11:40:00,336.304,336.473,335.878,336.059,25740
2021-12-08 11:45:00,336.017,336.775,336.017,336.626,11427
2021-12-08 11:50:00,336.691,337.265,336.646,337.225,5910
2021-12-08 11:55:00,337.156,337.622,337.156,337.523,9607
2021-12-08 12:00:00,337.721,337.785,337.414,337.785,7741
2021-12-08 12:05:00,337.681,337.681,337.057,337.057,6902
2021-12-08 12:10:00,337.087,337.295,337.087,337.265,4171
2021-12-08 12:15:00,337.31,337.443,337.305,337.349,2049
2021-12-08 12:20:00,337.443,337.513,337.305,337.404,6980
2021-12-08 12:25:00,337.368,337.404,337.017,337.315,6625
2021-12-08 12:30:00,337.463,337.463,337.329,337.329,3584
2021-12-08 12:35:00,337.404,337.572,337.295,337.562,6010
2021-12-08 12:40:00,337.651,337.671,337.186,337.206,8675
2021-12-08 12:45:00,337.186,337.503,337.136,337.404,7458
2021-12-08 12:50:00,337.369,337.691,337.315,337.592,6957
2021-12-08 12:55:00,337.632,337.632,337.285,337.582,6420
2021-12-08 13:00:00,337.641,338.201,337.572,337.619,9217
2021-12-08 13:05:00,337.612,338.087,337.542,338.087,4470
2021-12-08 13:10:00,338.127,338.424,338.059,338.059,5749
2021-12-08 13:15:00,338.157,338.196,338.112,338.112,2627
2021-12-08 13:20:00,338.117,338.573,338.087,338.121,8701
2021-12-08 13:25:00,338.157,338.157,337.681,337.894,11676
2021-12-08 13:30:00,337.899,338.087,337.75,338.077,8406
2021-12-08 13:35:00,338.057,338.057,337.721,337.84,5526
2021-12-08 13:40:00,337.77,338.087,337.681,338.087,7767
2021-12-08 13:45:00,338.048,338.236,338.048,338.236,2140
2021-12-08 13:50:00,338.335,338.384,337.929,337.929,6004
2021-12-08 13:55:00,337.82,337.997,337.775,337.924,6539
2021-12-08 14:00:00,337.998,338.087,337.76,337.76,3148
2021-12-08 14:05:00,337.661,337.988,337.661,337.949,6979
2021-12-08 14:10:00,337.859,338.137,337.8,337.889,5747
2021-12-08 14:15:00,337.83,337.988,337.414,337.443,10988
2021-12-08 14:20:00,337.265,337.483,337.265,337.483,6862
2021-12-08 14:25:00,337.334,337.671,337.334,337.671,4621
2021-12-08 14:30:00,337.755,337.939,337.718,337.939,5945
2021-12-08 14:35:00,337.909,337.968,337.755,337.755,4645
2021-12-08 14:40:00,337.81,337.988,337.81,337.988,5925
2021-12-08 14:45:00,337.963,338.335,337.963,338.293,5253
2021-12-08 14:50:00,338.236,338.295,338.097,338.097,5593
2021-12-08 14:55:00,338.077,338.186,338.028,338.097,6933
2021-12-08 15:00:00,338.216,338.305,338.147,338.147,4763
2021-12-08 15:05:00,338.246,338.414,338.127,338.414,5240
2021-12-08 15:10:00,338.454,338.672,338.424,338.454,6311
2021-12-08 15:15:00,338.503,338.553,338.394,338.483,3337
2021-12-08 15:20:00,338.543,338.781,338.543,338.573,6590
2021-12-08 15:25:00,338.523,339.026,338.523,338.919,10390
2021-12-08 15:30:00,338.942,338.979,338.761,338.979,8627
2021-12-08 15:35:00,338.984,339.335,338.939,339.335,9499
2021-12-08 15:40:00,339.271,339.434,339.088,339.395,8657
2021-12-08 15:45:00,339.395,339.86,339.395,339.781,9474
2021-12-08 15:50:00,339.821,340.078,339.781,339.781,12972
2021-12-08 15:55:00,339.92,339.969,339.603,339.763,25712
2021-12-08 16:00:00,339.761,339.761,338.949,339.048,64678
2021-12-08 16:05:00,338.989,338.989,338.989,338.989,14022
2021-12-08 16:40:00,338.989,338.989,338.989,338.989,586
2021-12-09 09:30:00,338.919,340.643,338.919,340.643,907
2021-12-09 09:35:00,340.643,342.148,339.88,342.04,21172
2021-12-09 09:40:00,341.865,342.456,341.445,341.911,5705
2021-12-09 09:45:00,341.614,342.416,340.524,341.985,15897
2021-12-09 09:50:00,342.208,342.208,340.93,341.113,6016
2021-12-09 09:55:00,341.425,341.931,341.289,341.767,8200
2021-12-09 10:00:00,341.673,341.713,341.351,341.396,4952
2021-12-09 10:05:00,341.376,342.485,341.128,342.248,13240
2021-12-09 10:10:00,342.327,342.327,341.95,341.95,3843
2021-12-09 10:15:00,342.049,342.426,342.04,342.307,6225
2021-12-09 10:20:00,342.406,342.614,342.269,342.416,5510
2021-12-09 10:25:00,342.562,342.562,341.861,341.871,2272
2021-12-09 10:30:00,341.574,342.079,341.574,341.964,4458
2021-12-09 10:35:00,341.896,341.971,341.544,341.921,5438
2021-12-09 10:40:00,341.881,341.94,341.346,341.46,7302
2021-12-09 10:45:00,341.336,341.703,341.336,341.44,5883
2021-12-09 10:50:00,341.46,341.653,341.455,341.599,2976
2021-12-09 10:55:00,341.599,341.792,341.326,341.792,4436
2021-12-09 11:00:00,341.732,341.732,341.123,341.247,6050
2021-12-09 11:05:00,341.336,341.822,341.336,341.822,3547
2021-12-09 11:10:00,341.792,341.802,341.698,341.713,4058
2021-12-09 11:15:00,341.683,341.94,341.663,341.802,4199
2021-12-09 11:20:00,341.643,341.96,341.643,341.807,4774
2021-12-09 11:25:00,341.901,341.901,341.673,341.836,3659
2021-12-09 11:30:00,341.772,341.807,341.742,341.742,3896
2021-12-09 11:35:00,341.732,342.307,341.732,342.148,4966
2021-12-09 11:40:00,342.228,342.411,342.198,342.361,3463
2021-12-09 11:45:00,342.515,342.773,342.5,342.773,4193
2021-12-09 11:50:00,342.614,342.683,342.327,342.327,5142
2021-12-09 11:55:00,342.129,342.178,342.049,342.153,2509
2021-12-09 12:00:00,342.158,342.416,342.02,342.327,6003
2021-12-09 12:05:00,342.252,342.252,342.119,342.192,4234
2021-12-09 12:10:00,342.218,342.475,342.218,342.386,3445
2021-12-09 12:15:00,342.406,342.438,342.064,342.218,7368
2021-12-09 12:20:00,342.218,342.317,342.094,342.094,2862
2021-12-09 12:25:00,342.109,342.307,342.109,342.129,1781
2021-12-09 12:30:00,342.223,342.396,342.089,342.307,2770
2021-12-09 12:35:00,342.243,342.337,342.168,342.337,2648
2021-12-09 12:40:00,342.267,342.5,342.188,342.426,2687
2021-12-09 12:45:00,342.396,342.574,342.361,342.411,3136
2021-12-09 12:50:00,342.411,342.535,342.317,342.535,2943
2021-12-09 12:55:00,342.624,342.782,342.535,342.673,3241
2021-12-09 13:00:00,342.673,343.268,342.649,343.228,6053
2021-12-09 13:05:00,343.119,343.228,343.08,343.129,4890
2021-12-09 13:10:00,343.233,343.545,343.233,343.545,5936
2021-12-09 13:15:00,343.492,343.666,343.367,343.436,6856
2021-12-09 13:20:00,343.436,343.654,343.436,343.585,3393
2021-12-09 13:25:00,343.456,343.803,343.456,343.803,3736
2021-12-09 13:30:00,343.842,343.902,343.766,343.793,3121
2021-12-09 13:35:00,343.674,343.961,343.624,343.867,6075
2021-12-09 13:40:00,343.857,344.031,343.808,344.031,1699
2021-12-09 13:45:00,343.842,343.907,343.575,343.664,5775
2021-12-09 13:50:00,343.719,343.793,343.565,343.723,3054
2021-12-09 13:55:00,343.634,343.897,343.538,343.538,5727
2021-12-09 14:00:00,343.54,343.793,343.54,343.664,2683
2021-12-09 14:05:00,343.545,343.605,343.208,343.208,4188
2021-12-09 14:10:00,343.065,343.377,342.951,343.278,5330
2021-12-09 14:15:00,343.273,343.273,343.05,343.154,4190
2021-12-09 14:20:00,343.154,343.154,342.787,342.787,3002
2021-12-09 14:25:00,342.634,342.782,342.505,342.782,3526
2021-12-09 14:30:00,342.703,342.743,342.545,342.624,4503
2021-12-09 14:35:00,342.673,342.673,342.505,342.574,2230
2021-12-09 14:40:00,342.456,342.54,342.188,342.277,3400
2021-12-09 14:45:00,342.238,342.238,341.693,341.831,5622
2021-12-09 14:50:00,341.866,342.069,341.752,341.782,3635
2021-12-09 14:55:00,341.703,342.02,341.663,342.02,5453
2021-12-09 15:00:00,341.911,341.99,341.643,341.841,4148
2021-12-09 15:05:00,341.886,342.198,341.693,342.069,5580
2021-12-09 15:10:00,342.148,342.148,341.792,341.851,4919
2021-12-09 15:15:00,341.881,341.901,341.515,341.643,7306
2021-12-09 15:20:00,341.614,341.911,341.574,341.713,13342
2021-12-09 15:25:00,341.713,341.95,341.604,341.752,5791
2021-12-09 15:30:00,341.693,341.861,341.574,341.841,4350
2021-12-09 15:35:00,341.911,342.525,341.812,342.267,13392
2021-12-09 15:40:00,342.337,342.703,342.317,342.594,10366
2021-12-09 15:45:00,342.505,342.604,341.812,341.903,12304
2021-12-09 15:50:00,341.896,341.896,341.019,341.019,15584
2021-12-09 15:55:00,341.009,341.569,340.89,341.297,25851
2021-12-09 16:00:00,341.386,341.485,340.534,340.742,60432
2021-12-09 16:05:00,340.623,340.623,340.623,340.623,16292
2021-12-09 16:40:00,340.623,340.623,340.623,340.623,1047
2021-12-10 09:35:00,343.139,344.05,342.178,343.659,22989
2021-12-10 09:40:00,343.605,343.654,342.877,343.525,6591
2021-12-10 09:45:00,343.525,344.833,343.525,344.06,9959
2021-12-10 09:50:00,343.545,343.723,342.728,342.971,7282
2021-12-10 09:55:00,343.139,343.139,342.356,342.426,5120
2021-12-10 10:00:00,342.436,342.723,341.97,342.099,5208
2021-12-10 10:05:00,342.178,342.456,342.0,342.456,5292
2021-12-10 10:10:00,342.465,342.555,342.307,342.307,4424
2021-12-10 10:15:00,342.307,342.307,341.742,341.762,2739
2021-12-10 10:20:00,341.732,341.802,341.356,341.356,11305
2021-12-10 10:25:00,341.247,341.891,340.831,341.678,7455
2021-12-10 10:30:00,341.901,342.446,341.901,342.446,2075
2021-12-10 10:35:00,342.565,342.733,341.762,341.762,6768
2021-12-10 10:40:00,341.921,341.921,340.772,340.772,8452
2021-12-10 10:45:00,340.95,341.079,340.648,340.663,5122
2021-12-10 10:50:00,340.92,341.485,340.9,341.267,5797
2021-12-10 10:55:00,340.98,341.069,340.92,341.069,3106
2021-12-10 11:00:00,340.97,341.049,340.544,340.999,3483
2021-12-10 11:05:00,341.158,341.817,341.158,341.643,5585
2021-12-10 11:10:00,341.574,341.732,341.445,341.445,4958
2021-12-10 11:15:00,341.604,342.168,341.495,341.495,7455
2021-12-10 11:20:00,341.658,341.772,341.188,341.277,8044
2021-12-10 11:25:00,341.207,341.9,341.198,341.9,4422
2021-12-10 11:30:00,341.851,341.98,341.703,341.98,4292
2021-12-10 11:35:00,341.877,341.881,341.564,341.713,6948
2021-12-10 11:40:00,341.713,342.322,341.629,342.322,4525
2021-12-10 11:45:00,342.412,342.412,342.035,342.277,3739
2021-12-10 11:50:00,342.332,342.683,342.332,342.446,2332
2021-12-10 11:55:00,342.396,342.396,341.931,341.931,1373
2021-12-10 12:00:00,341.817,342.654,341.817,342.654,3218
2021-12-10 12:05:00,342.337,342.456,342.267,342.287,2349
2021-12-10 12:10:00,342.332,342.535,342.158,342.495,3361
2021-12-10 12:15:00,342.366,342.723,342.366,342.594,3065
2021-12-10 12:20:00,342.574,342.719,342.535,342.535,3638
2021-12-10 12:25:00,342.545,342.599,342.436,342.599,2039
2021-12-10 12:30:00,342.624,342.733,342.545,342.594,2323
2021-12-10 12:35:00,342.609,342.688,342.307,342.584,7988
2021-12-10 12:40:00,342.565,342.723,342.555,342.723,2238
2021-12-10 12:45:00,342.812,342.812,342.584,342.71,4252
2021-12-10 12:50:00,342.683,342.822,342.634,342.822,3577
2021-12-10 12:55:00,342.862,342.971,342.832,342.971,1866
2021-12-10 13:00:00,343.029,343.223,342.961,343.223,3504
2021-12-10 13:05:00,343.426,343.446,343.258,343.441,3025
2021-12-10 13:10:00,343.466,343.733,343.466,343.733,2067
2021-12-10 13:15:00,343.694,343.694,343.43,343.491,4816
2021-12-10 13:20:00,343.623,343.644,343.347,343.644,4533
2021-12-10 13:25:00,343.679,343.679,343.228,343.347,2423
2021-12-10 13:30:00,343.223,343.317,343.198,343.288,1688
2021-12-10 13:35:00,343.411,343.674,343.387,343.57,4369
2021-12-10 13:40:00,343.565,343.813,343.545,343.714,6174
2021-12-10 13:45:00,343.753,344.09,343.704,344.09,6443
2021-12-10 13:50:00,344.021,344.031,343.525,343.664,7556
2021-12-10 13:55:00,343.624,343.902,343.624,343.902,3616
2021-12-10 14:00:00,343.803,343.917,343.714,343.714,8489
2021-12-10 14:05:00,343.773,343.882,343.615,343.704,3185
2021-12-10 14:10:00,343.763,343.793,343.624,343.694,2896
2021-12-10 14:15:00,343.624,343.664,343.397,343.616,5679
2021-12-10 14:20:00,343.446,343.684,343.446,343.615,3759
2021-12-10 14:25:00,343.61,343.728,343.466,343.535,5977
2021-12-10 14:30:00,343.545,343.634,343.288,343.367,7302
2021-12-10 14:35:00,343.367,343.471,342.644,342.644,5431
2021-12-10 14:40:00,342.802,342.859,342.545,342.708,6187
2021-12-10 14:45:00,342.644,342.654,342.416,342.416,5331
2021-12-10 14:50:00,342.485,342.525,342.0,342.069,7520
2021-12-10 14:55:00,341.921,342.02,341.683,341.683,6941
2021-12-10 15:00:00,341.802,341.97,341.455,341.505,8173
2021-12-10 15:05:00,341.633,341.802,341.415,341.475,8849
2021-12-10 15:10:00,341.475,341.732,341.455,341.693,7853
2021-12-10 15:15:00,341.663,341.812,341.524,341.812,5921
2021-12-10 15:20:00,341.752,341.802,341.628,341.723,7318
2021-12-10 15:25:00,341.727,342.03,341.574,341.742,12722
2021-12-10 15:30:00,341.623,341.703,340.871,340.89,21277
2021-12-10 15:35:00,340.911,342.375,340.911,342.366,10108
2021-12-10 15:40:00,342.411,342.812,342.349,342.654,11954
2021-12-10 15:45:00,342.664,342.664,342.129,342.376,13646
2021-12-10 15:50:00,342.332,342.743,342.332,342.723,10488
2021-12-10 15:55:00,342.822,343.149,342.781,342.842,17395
2021-12-10 16:00:00,342.792,343.416,342.515,343.07,50141
2021-12-10 16:05:00,343.189,343.189,343.189,343.189,9909
2021-12-10 17:45:00,343.189,343.189,343.189,343.189,297
2021-12-13 09:35:00,343.496,344.466,343.377,343.377,11768
2021-12-13 09:40:00,343.605,343.605,342.267,342.951,2918
2021-12-13 09:45:00,342.852,343.09,342.099,342.119,10190
2021-12-13 09:50:00,341.841,341.911,341.009,341.544,12903
2021-12-13 09:55:00,341.287,341.901,341.108,341.896,7222
2021-12-13 10:00:00,341.896,341.896,341.227,341.227,5186
2021-12-13 10:05:00,341.188,341.623,340.777,340.777,12402
2021-12-13 10:10:00,340.632,340.702,340.083,340.286,12619
2021-12-13 10:15:00,340.078,340.96,339.949,340.92,14530
2021-12-13 10:20:00,340.98,341.623,340.98,341.455,3628
2021-12-13 10:25:00,341.237,341.465,341.168,341.465,4597
2021-12-13 10:30:00,341.297,341.515,341.143,341.326,2207
2021-12-13 10:35:00,341.267,341.752,341.247,341.415,7097
2021-12-13 10:40:00,341.465,342.282,341.425,341.822,4953
2021-12-13 10:45:00,341.802,342.352,341.802,342.257,9354
2021-12-13 10:50:00,342.609,343.109,342.609,343.099,4986
2021-12-13 10:55:00,343.397,343.991,343.397,343.446,7177
2021-12-13 11:00:00,343.159,343.684,343.159,343.634,4468
2021-12-13 11:05:00,343.585,343.59,342.436,342.436,4545
2021-12-13 11:10:00,342.446,343.248,342.391,343.03,9381
2021-12-13 11:15:00,342.921,343.08,342.495,343.065,5406
2021-12-13 11:20:00,343.456,343.694,343.08,343.203,6998
2021-12-13 11:25:00,343.162,343.377,342.971,343.238,3780
2021-12-13 11:30:00,342.973,343.669,342.973,343.515,11239
2021-12-13 11:35:00,343.317,343.565,343.317,343.565,2326
2021-12-13 11:40:00,343.852,344.427,343.852,344.427,4633
2021-12-13 11:45:00,344.417,344.625,344.328,344.625,4613
2021-12-13 11:50:00,344.709,345.219,344.674,345.199,7046
2021-12-13 11:55:00,345.259,345.259,344.367,344.456,6502
2021-12-13 12:00:00,344.556,344.754,344.447,344.615,6825
2021-12-13 12:05:00,344.486,344.526,344.011,344.021,7440
2021-12-13 12:10:00,344.234,344.456,344.189,344.456,4807
2021-12-13 12:15:00,344.437,344.556,344.328,344.466,5727
2021-12-13 12:20:00,344.486,344.516,344.293,344.293,3188
2021-12-13 12:25:00,344.367,344.432,344.13,344.239,4435
2021-12-13 12:30:00,344.169,344.437,344.169,344.298,2742
2021-12-13 12:35:00,344.387,344.417,344.12,344.12,4190
2021-12-13 12:40:00,344.278,344.724,344.224,344.684,6025
2021-12-13 12:45:00,344.709,344.754,344.427,344.559,5493
2021-12-13 12:50:00,344.447,344.546,344.377,344.546,4761
2021-12-13 12:55:00,344.471,344.516,344.001,344.001,4556
2021-12-13 13:00:00,344.031,344.031,343.763,343.917,3048
2021-12-13 13:05:00,343.912,344.07,343.912,344.07,1402
2021-12-13 13:10:00,343.872,344.357,343.872,344.276,4481
2021-12-13 13:15:00,344.169,344.427,344.07,344.427,4466
2021-12-13 13:20:00,344.377,344.496,344.239,344.266,2811
2021-12-13 13:25:00,344.348,344.348,344.031,344.031,2811
2021-12-13 13:30:00,344.229,344.248,344.144,344.174,1107
2021-12-13 13:35:00,344.05,344.05,343.644,343.842,3488
2021-12-13 13:40:00,343.525,343.57,343.268,343.317,3309
2021-12-13 13:45:00,343.436,343.674,343.436,343.536,2398
2021-12-13 13:50:00,343.535,343.535,343.308,343.456,1923
2021-12-13 13:55:00,343.446,343.902,343.337,343.902,2678
2021-12-13 14:00:00,343.892,343.922,343.832,343.842,4914
2021-12-13 14:05:00,343.823,343.823,343.545,343.55,3986
2021-12-13 14:10:00,343.629,343.679,343.357,343.679,3989
2021-12-13 14:15:00,343.674,343.733,343.504,343.504,1781
2021-12-13 14:20:00,343.615,343.743,343.615,343.649,2275
2021-12-13 14:25:00,343.704,343.961,343.704,343.961,4519
2021-12-13 14:30:00,343.941,343.941,343.743,343.862,4402
2021-12-13 14:35:00,343.733,343.852,343.644,343.813,4935
2021-12-13 14:40:00,343.818,343.832,343.496,343.55,5044
2021-12-13 14:45:00,343.486,343.486,343.03,343.149,3282
2021-12-13 14:50:00,343.109,343.109,343.02,343.02,1783
2021-12-13 14:55:00,343.086,343.154,342.802,343.149,14650
2021-12-13 15:00:00,343.149,343.411,343.05,343.411,12233
2021-12-13 15:05:00,343.411,343.634,343.208,343.208,5603
2021-12-13 15:10:00,343.288,343.451,343.169,343.397,10699
2021-12-13 15:15:00,343.337,343.872,343.327,343.872,6327
2021-12-13 15:20:00,343.82,343.832,343.486,343.565,5292
2021-12-13 15:25:00,343.496,343.545,343.213,343.461,12596
2021-12-13 15:30:00,343.347,343.486,343.278,343.278,7069
2021-12-13 15:35:00,343.342,343.684,343.05,343.654,17032
2021-12-13 15:40:00,343.733,344.318,343.733,344.159,16930
2021-12-13 15:45:00,344.125,344.348,344.001,344.001,12392
2021-12-13 15:50:00,344.011,344.414,343.882,344.021,14284
2021-12-13 15:55:00,343.832,343.832,343.248,343.327,29762
2021-12-13 16:00:00,343.327,343.327,342.713,342.941,89291
2021-12-13 16:05:00,342.733,342.733,342.733,342.733,55679
2021-12-14 09:35:00,343.08,343.08,339.821,341.277,17884
2021-12-14 09:40:00,341.425,341.564,340.806,340.806,8488
2021-12-14 09:45:00,341.198,342.248,341.108,342.059,4947
2021-12-14 09:50:00,342.327,342.446,341.693,341.876,5148
2021-12-14 09:55:00,341.802,341.802,340.653,341.406,9476
2021-12-14 10:00:00,341.227,341.515,340.673,340.791,7532
2021-12-14 10:05:00,340.782,340.881,340.425,340.712,8105
2021-12-14 10:10:00,340.871,340.871,339.92,339.925,6906
2021-12-14 10:15:00,340.034,340.346,340.004,340.346,7894
2021-12-14 10:20:00,340.078,340.38,339.91,339.964,14422
2021-12-14 10:25:00,339.85,340.316,339.795,340.197,8071
2021-12-14 10:30:00,340.247,340.247,339.662,339.761,8127
2021-12-14 10:35:00,339.568,339.593,338.513,338.781,16325
2021-12-14 10:40:00,338.85,338.949,338.275,338.394,24336
2021-12-14 10:45:00,338.414,338.424,337.84,338.058,23367
2021-12-14 10:50:00,338.186,338.642,337.84,337.84,18226
2021-12-14 10:55:00,337.78,338.365,337.612,337.612,24404
2021-12-14 11:00:00,337.641,338.355,337.32,338.325,15603
2021-12-14 11:05:00,338.265,338.434,337.909,338.424,8951
2021-12-14 11:10:00,338.573,338.89,338.404,338.414,10082
2021-12-14 11:15:00,338.285,338.632,338.097,338.32,7923
2021-12-14 11:20:00,338.226,338.345,337.503,337.849,7272
2021-12-14 11:25:00,338.32,338.444,338.018,338.212,6576
2021-12-14 11:30:00,338.191,338.384,338.067,338.246,8520
2021-12-14 11:35:00,338.186,338.355,337.8,337.939,8030
2021-12-14 11:40:00,338.057,338.325,337.859,338.325,5527
2021-12-14 11:45:00,338.394,338.394,337.949,338.028,7001
2021-12-14 11:50:00,337.909,338.342,337.869,337.929,5413
2021-12-14 11:55:00,337.651,338.295,337.651,338.018,5435
2021-12-14 12:00:00,337.914,337.968,337.634,337.74,5425
2021-12-14 12:05:00,337.572,337.594,337.483,337.594,3678
2021-12-14 12:10:00,337.651,337.939,337.265,337.939,5710
2021-12-14 12:15:00,337.879,337.899,337.483,337.483,6397
2021-12-14 12:20:00,337.463,337.8,337.364,337.8,8012
2021-12-14 12:25:00,337.74,337.929,337.671,337.671,3546
2021-12-14 12:30:00,337.671,338.226,337.577,338.087,5510
2021-12-14 12:35:00,338.117,338.147,337.909,338.067,4910
2021-12-14 12:40:00,338.157,338.404,337.978,338.067,5156
2021-12-14 12:45:00,338.057,338.057,337.336,337.354,6019
2021-12-14 12:50:00,337.176,337.235,336.849,337.037,4045
2021-12-14 12:55:00,337.107,337.443,336.998,337.344,4058
2021-12-14 13:00:00,337.498,337.6,337.344,337.6,2103
2021-12-14 13:05:00,337.404,337.622,337.329,337.513,5940
2021-12-14 13:10:00,337.651,337.651,337.354,337.428,2964
2021-12-14 13:15:00,337.424,337.731,337.305,337.731,4603
2021-12-14 13:20:00,337.567,337.815,337.567,337.815,2350
2021-12-14 13:25:00,337.934,338.256,337.934,338.256,2147
2021-12-14 13:30:00,338.265,338.325,337.988,338.077,4109
2021-12-14 13:35:00,337.919,337.978,337.869,337.939,2001
2021-12-14 13:40:00,337.934,338.127,337.879,337.968,3055
2021-12-14 13:45:00,337.879,337.929,337.632,337.632,2620
2021-12-14 13:50:00,337.775,337.909,337.75,337.88,1903
2021-12-14 13:55:00,337.744,337.77,337.513,337.537,5097
2021-12-14 14:00:00,337.453,337.513,337.047,337.354,6282
2021-12-14 14:05:00,337.503,337.889,337.414,337.805,6094
2021-12-14 14:10:00,337.81,337.84,337.518,337.602,7345
2021-12-14 14:15:00,337.552,337.909,337.493,337.691,9871
2021-12-14 14:20:00,337.706,337.909,337.592,337.8,20695
2021-12-14 14:25:00,337.731,338.038,337.632,337.775,12885
2021-12-14 14:30:00,337.765,337.765,337.483,337.592,4757
2021-12-14 14:35:00,337.424,337.557,337.245,337.557,6116
2021-12-14 14:40:00,337.582,338.008,337.493,337.869,3491
2021-12-14 14:45:00,337.929,338.444,337.854,338.384,4183
2021-12-14 14:50:00,338.374,338.394,338.246,338.384,2538
2021-12-14 14:55:00,338.421,338.533,338.384,338.384,5930
2021-12-14 15:00:00,338.419,338.919,338.414,338.919,5823
2021-12-14 15:05:00,338.84,339.107,338.84,339.088,4757
2021-12-14 15:10:00,338.999,339.088,338.662,339.088,9171
2021-12-14 15:15:00,339.058,339.276,339.018,339.162,4942
2021-12-14 15:20:00,339.078,339.89,339.078,339.831,8919
2021-12-14 15:25:00,339.895,340.138,339.895,340.123,4615
2021-12-14 15:30:00,339.989,340.048,339.662,339.91,6611
2021-12-14 15:35:00,339.761,340.494,339.761,340.405,10991
2021-12-14 15:40:00,340.564,340.737,340.395,340.509,12383
2021-12-14 15:45:00,340.395,340.395,339.568,339.662,14115
2021-12-14 15:50:00,339.573,340.009,339.504,339.712,12329
2021-12-14 15:55:00,339.801,340.128,339.632,339.811,19032
2021-12-14 16:00:00,339.742,339.979,339.236,339.791,97458
2021-12-14 16:05:00,339.523,339.523,339.523,339.523,18203
2021-12-14 16:20:00,329.36,329.36,329.36,329.36,112
2021-12-15 09:25:00,333.709,333.709,333.709,333.709,321
2021-12-15 09:30:00,333.818,333.818,333.818,333.818,198
2021-12-15 09:35:00,335.591,337.156,334.908,337.156,5332
2021-12-15 09:40:00,336.413,338.166,335.73,338.166,41186
2021-12-15 09:45:00,337.869,338.563,337.186,338.295,11438
2021-12-15 09:50:00,338.548,338.751,337.477,337.587,17110
2021-12-15 09:55:00,337.632,338.077,337.136,337.359,14934
2021-12-15 10:00:00,337.369,338.142,336.899,336.968,15360
2021-12-15 10:05:00,337.102,337.968,337.067,337.8,6339
2021-12-15 10:10:00,338.092,338.092,337.582,337.795,14206
2021-12-15 10:15:00,338.038,338.761,337.632,338.256,19072
2021-12-15 10:20:00,338.176,338.865,337.919,338.553,8953
2021-12-15 10:25:00,338.474,338.731,337.919,338.157,15209
2021-12-15 10:30:00,338.117,338.513,338.107,338.285,4885
2021-12-15 10:35:00,338.335,338.88,338.295,338.374,13288
2021-12-15 10:40:00,338.355,338.454,337.731,337.983,18161
2021-12-15 10:45:00,337.973,338.062,337.632,337.914,12729
2021-12-15 10:50:00,337.914,337.978,337.513,337.513,11632
2021-12-15 10:55:00,337.275,337.349,336.339,336.948,12324
2021-12-15 11:00:00,336.978,337.215,336.572,336.913,21123
2021-12-15 11:05:00,336.913,337.305,336.874,337.102,14374
2021-12-15 11:10:00,337.047,337.215,336.958,337.166,5675
2021-12-15 11:15:00,337.116,337.265,336.621,336.799,10945
2021-12-15 11:20:00,336.671,336.988,336.512,336.512,4346
2021-12-15 11:25:00,336.542,337.058,336.542,336.542,4502
2021-12-15 11:30:00,336.567,336.889,336.497,336.889,4157
2021-12-15 11:35:00,336.572,337.022,336.413,336.77,13862
2021-12-15 11:40:00,336.913,337.458,336.641,337.097,7204
2021-12-15 11:45:00,337.007,337.394,337.007,337.255,4802
2021-12-15 11:50:00,337.235,337.374,336.988,337.057,10118
2021-12-15 11:55:00,337.052,337.344,336.918,337.176,5763
2021-12-15 12:00:00,337.329,337.374,337.057,337.196,8308
2021-12-15 12:05:00,337.196,337.447,337.136,337.146,7501
2021-12-15 12:10:00,337.28,337.364,337.131,337.25,9586
2021-12-15 12:15:00,337.186,337.592,337.186,337.592,3694
2021-12-15 12:20:00,337.597,337.597,337.374,337.433,4804
2021-12-15 12:25:00,337.399,337.582,337.399,337.443,3234
2021-12-15 12:30:00,337.479,338.256,337.464,338.186,7636
2021-12-15 12:35:00,338.181,338.181,337.562,337.859,8557
2021-12-15 12:40:00,337.83,338.028,337.641,337.721,11603
2021-12-15 12:45:00,337.671,337.958,337.622,337.681,19724
2021-12-15 12:50:00,337.651,337.988,337.622,337.81,8322
2021-12-15 12:55:00,337.84,338.226,337.711,338.062,16426
2021-12-15 13:00:00,338.097,338.206,337.973,338.142,7793
2021-12-15 13:05:00,338.067,338.142,337.889,338.077,13724
2021-12-15 13:10:00,338.077,338.092,337.958,338.008,6710
2021-12-15 13:15:00,337.949,337.949,337.671,337.805,15254
2021-12-15 13:20:00,337.711,338.166,337.711,337.889,10550
2021-12-15 13:25:00,337.968,337.968,337.75,337.879,5567
2021-12-15 13:30:00,337.676,337.76,337.493,337.651,9411
2021-12-15 13:35:00,337.681,338.632,337.681,338.444,9567
2021-12-15 13:40:00,338.365,338.464,338.057,338.152,6697
2021-12-15 13:45:00,338.018,338.394,337.939,338.308,7320
2021-12-15 13:50:00,338.305,338.374,338.077,338.087,7958
2021-12-15 13:55:00,338.157,338.166,337.483,337.589,8717
2021-12-15 14:00:00,337.532,337.701,337.532,337.542,3573
2021-12-15 14:05:00,337.414,337.542,336.681,337.532,9559
2021-12-15 14:10:00,337.691,338.305,337.592,337.721,12330
2021-12-15 14:15:00,337.83,338.607,337.721,338.483,12640
2021-12-15 14:20:00,338.474,338.984,338.474,338.672,15609
2021-12-15 14:25:00,338.553,338.582,337.949,338.166,7466
2021-12-15 14:30:00,337.77,337.889,337.285,337.711,5442
2021-12-15 14:35:00,337.671,337.76,337.27,337.552,10663
2021-12-15 14:40:00,337.523,337.968,337.305,337.946,12058
2021-12-15 14:45:00,337.864,338.246,337.78,337.968,9662
2021-12-15 14:50:00,337.944,338.404,337.889,338.087,10635
2021-12-15 14:55:00,337.899,338.632,337.899,338.171,10904
2021-12-15 15:00:00,338.186,338.434,337.634,337.78,17227
2021-12-15 15:05:00,337.77,338.107,337.696,337.869,14132
2021-12-15 15:10:00,337.859,339.135,337.75,339.053,15581
2021-12-15 15:15:00,338.959,339.365,338.84,339.345,22323
2021-12-15 15:20:00,339.405,340.167,339.315,339.672,23426
2021-12-15 15:25:00,339.717,340.009,339.623,339.86,13178
2021-12-15 15:30:00,339.969,340.867,339.801,340.867,16087
2021-12-15 15:35:00,340.881,340.881,339.99,340.044,13340
2021-12-15 15:40:00,340.108,340.94,340.108,340.94,12450
2021-12-15 15:45:00,340.92,341.188,340.237,340.296,16239
2021-12-15 15:50:00,340.058,340.346,339.613,339.613,22216
2021-12-15 15:55:00,339.672,341.901,339.672,341.901,35211
2021-12-15 16:00:00,341.861,342.436,341.505,342.139,117798
2021-12-15 16:05:00,342.376,342.376,342.376,342.376,24406
2021-12-15 17:15:00,343.664,343.664,343.664,343.664,222
2021-12-16 08:05:00,344.179,344.179,344.179,344.179,300
2021-12-16 09:30:00,344.179,344.179,344.179,344.179,286
2021-12-16 09:35:00,344.179,344.179,342.733,343.367,18763
2021-12-16 09:40:00,343.367,344.06,342.862,343.227,7961
2021-12-16 09:45:00,342.981,343.456,342.277,343.134,10579
2021-12-16 09:50:00,343.416,344.239,343.0,343.971,15883
2021-12-16 09:55:00,343.922,344.734,343.922,344.734,5500
2021-12-16 10:00:00,344.565,345.249,344.288,345.14,6340
2021-12-16 10:05:00,345.368,345.368,344.179,344.585,11665
2021-12-16 10:10:00,344.278,345.269,343.585,345.12,19359
2021-12-16 10:15:00,345.16,345.269,344.511,344.813,5722
2021-12-16 10:20:00,344.461,345.318,344.461,345.289,3299
2021-12-16 10:25:00,345.457,345.457,344.565,344.565,3330
2021-12-16 10:30:00,344.843,345.388,344.714,345.021,13317
2021-12-16 10:35:00,345.259,345.407,344.965,345.17,5674
2021-12-16 10:40:00,344.962,345.081,344.149,344.526,6316
2021-12-16 10:45:00,344.575,345.126,344.11,344.318,4637
2021-12-16 10:50:00,344.325,344.595,344.325,344.427,5830
2021-12-16 10:55:00,344.516,344.565,343.491,343.491,5300
2021-12-16 11:00:00,343.575,343.922,343.466,343.466,2657
2021-12-16 11:05:00,343.476,344.1,343.0,343.02,10727
2021-12-16 11:10:00,342.901,343.743,342.862,343.743,6767
2021-12-16 11:15:00,343.723,344.011,343.427,343.427,6400
2021-12-16 11:20:00,343.832,343.907,343.486,343.575,1878
2021-12-16 11:25:00,343.723,344.1,343.486,343.525,11234
2021-12-16 11:30:00,343.689,343.714,343.09,343.09,6539
2021-12-16 11:35:00,343.09,343.377,342.862,343.307,8126
2021-12-16 11:40:00,343.253,343.595,343.253,343.456,4040
2021-12-16 11:45:00,343.555,344.04,343.337,344.04,3076
2021-12-16 11:50:00,343.832,344.268,343.832,343.902,4557
2021-12-16 11:55:00,344.1,345.269,344.1,345.011,15027
2021-12-16 12:00:00,345.081,345.269,344.437,344.501,8048
2021-12-16 12:05:00,344.704,344.773,344.07,344.07,4364
2021-12-16 12:10:00,344.13,344.323,344.011,344.101,4584
2021-12-16 12:15:00,343.872,343.912,343.05,343.05,13395
2021-12-16 12:20:00,342.901,343.228,342.485,343.159,12045
2021-12-16 12:25:00,343.387,343.615,343.139,343.506,5440
2021-12-16 12:30:00,343.258,343.788,343.005,343.664,14740
2021-12-16 12:35:00,343.515,344.405,343.515,344.174,7009
2021-12-16 12:40:00,344.218,344.357,344.1,344.308,10761
2021-12-16 12:45:00,344.348,345.011,344.248,344.853,14680
2021-12-16 12:50:00,345.011,345.338,344.536,344.637,8268
2021-12-16 12:55:00,344.563,344.833,343.099,343.099,8823
2021-12-16 13:00:00,343.134,343.134,342.287,342.95,8664
2021-12-16 13:05:00,342.718,343.624,342.565,343.624,6469
2021-12-16 13:10:00,343.615,344.13,343.51,343.966,9346
2021-12-16 13:15:00,343.951,344.605,343.872,344.239,5441
2021-12-16 13:20:00,344.268,344.288,343.882,344.288,3200
2021-12-16 13:25:00,344.288,344.615,344.13,344.315,5505
2021-12-16 13:30:00,344.496,344.496,343.803,343.941,2055
2021-12-16 13:35:00,344.043,344.08,343.723,343.872,2678
2021-12-16 13:40:00,343.486,343.803,343.486,343.803,2769
2021-12-16 13:45:00,344.149,345.57,344.149,344.833,25307
2021-12-16 13:50:00,344.59,345.368,344.59,345.368,6241
2021-12-16 13:55:00,345.407,345.407,345.15,345.328,3003
2021-12-16 14:00:00,345.249,345.378,345.249,345.378,809
2021-12-16 14:05:00,345.398,345.546,344.972,345.368,8884
2021-12-16 14:10:00,345.18,345.18,344.664,344.664,6630
2021-12-16 14:15:00,344.59,345.021,344.59,344.684,5048
2021-12-16 14:20:00,345.041,345.041,344.674,345.011,4549
2021-12-16 14:25:00,345.199,345.576,345.13,345.457,10150
2021-12-16 14:30:00,345.427,346.418,345.269,345.289,29837
2021-12-16 14:35:00,344.932,345.17,344.749,345.081,8501
2021-12-16 14:40:00,345.021,345.348,344.863,344.863,10274
2021-12-16 14:45:00,345.001,345.001,344.536,344.536,3996
2021-12-16 14:50:00,344.219,344.219,343.278,343.278,5988
2021-12-16 14:55:00,343.387,343.456,343.149,343.149,7032
2021-12-16 15:00:00,342.921,343.768,342.921,343.664,5368
2021-12-16 15:05:00,343.787,343.961,343.476,343.961,6042
2021-12-16 15:10:00,343.981,344.258,343.456,343.456,8132
2021-12-16 15:15:00,343.337,343.476,342.584,343.129,7945
2021-12-16 15:20:00,343.278,344.085,343.129,343.917,9854
2021-12-16 15:25:00,344.09,344.328,344.09,344.161,5987
2021-12-16 15:30:00,344.112,345.1,344.11,344.853,7179
2021-12-16 15:35:00,345.199,345.566,344.754,345.532,8647
2021-12-16 15:40:00,345.298,345.913,345.298,345.878,10524
2021-12-16 15:45:00,345.883,346.289,345.189,345.293,12808
2021-12-16 15:50:00,345.259,345.437,344.615,344.615,11747
2021-12-16 15:55:00,344.833,345.913,344.813,345.14,26615
2021-12-16 16:00:00,345.269,345.576,344.873,344.873,47944
2021-12-16 16:05:00,344.962,344.962,344.962,344.962,25119
2021-12-16 16:35:00,344.962,344.962,344.962,344.962,1261
2021-12-17 09:35:00,343.387,343.387,340.247,340.544,302610
2021-12-17 09:40:00,341.891,341.891,338.394,338.81,47731
2021-12-17 09:45:00,338.81,339.661,338.315,339.177,28471
2021-12-17 09:50:00,339.018,340.167,338.741,339.89,43260
2021-12-17 09:55:00,339.786,340.019,338.166,338.166,19357
2021-12-17 10:00:00,338.216,339.67,338.216,339.306,24467
2021-12-17 10:05:00,339.058,339.514,337.344,337.414,24791
2021-12-17 10:10:00,337.537,338.137,337.107,338.137,20194
2021-12-17 10:15:00,337.849,338.35,337.641,337.864,9651
2021-12-17 10:20:00,338.008,338.008,336.542,337.523,11313
2021-12-17 10:25:00,337.146,337.84,337.126,337.795,12928
2021-12-17 10:30:00,337.75,338.265,336.557,336.631,31314
2021-12-17 10:35:00,336.482,336.908,335.482,336.849,21037
2021-12-17 10:40:00,337.255,338.404,337.196,337.82,9315
2021-12-17 10:45:00,337.949,338.578,337.78,338.578,17297
2021-12-17 10:50:00,338.573,339.85,338.573,339.791,9831
2021-12-17 10:55:00,339.722,340.722,339.697,340.276,14837
2021-12-17 11:00:00,340.257,340.261,339.428,339.632,11069
2021-12-17 11:05:00,339.523,339.578,338.464,338.516,17170
2021-12-17 11:10:00,338.533,339.375,338.533,338.756,13985
2021-12-17 11:15:00,338.909,339.489,338.617,339.355,17620
2021-12-17 11:20:00,339.405,340.92,339.405,340.92,10895
2021-12-17 11:25:00,341.098,341.227,340.702,340.702,10704
2021-12-17 11:30:00,340.465,340.465,339.732,339.741,10874
2021-12-17 11:35:00,339.771,339.771,338.79,338.79,10909
2021-12-17 11:40:00,338.84,338.939,337.949,338.166,10232
2021-12-17 11:45:00,338.018,338.107,337.047,337.126,6221
2021-12-17 11:50:00,337.127,337.384,336.73,337.245,8007
2021-12-17 11:55:00,337.503,337.77,337.146,337.146,10886
2021-12-17 12:00:00,337.151,337.151,336.552,337.017,8733
2021-12-17 12:05:00,337.007,337.017,336.304,336.428,5756
2021-12-17 12:10:00,336.418,336.78,336.21,336.681,9019
2021-12-17 12:15:00,336.671,336.819,336.017,336.344,13351
2021-12-17 12:20:00,336.562,337.265,336.562,336.869,13654
2021-12-17 12:25:00,336.894,337.161,336.631,336.75,13587
2021-12-17 12:30:00,336.601,338.444,336.537,338.097,10904
2021-12-17 12:35:00,338.206,339.662,338.087,339.226,11033
2021-12-17 12:40:00,339.32,339.692,339.147,339.692,14395
2021-12-17 12:45:00,339.578,339.578,338.989,338.989,10442
2021-12-17 12:50:00,338.984,339.088,338.771,338.873,4539
2021-12-17 12:55:00,338.969,339.098,338.503,338.662,7592
2021-12-17 13:00:00,338.781,338.989,338.672,338.691,5811
2021-12-17 13:05:00,338.355,338.543,338.028,338.157,9841
2021-12-17 13:10:00,338.077,338.107,337.75,337.949,8215
2021-12-17 13:15:00,338.038,338.711,337.919,338.498,10606
2021-12-17 13:20:00,338.573,338.711,338.414,338.706,7999
2021-12-17 13:25:00,338.711,338.771,337.929,337.934,9838
2021-12-17 13:30:00,337.773,338.444,337.632,338.444,10595
2021-12-17 13:35:00,338.582,338.806,338.414,338.711,5333
2021-12-17 13:40:00,338.81,339.22,338.781,338.949,10973
2021-12-17 13:45:00,338.87,339.652,338.87,339.652,6849
2021-12-17 13:50:00,339.839,339.91,339.697,339.91,8359
2021-12-17 13:55:00,339.89,340.004,339.771,340.004,7168
2021-12-17 14:00:00,339.94,340.296,339.86,340.207,8237
2021-12-17 14:05:00,340.187,340.187,339.335,339.504,12226
2021-12-17 14:10:00,339.563,339.83,339.246,339.395,13096
2021-12-17 14:15:00,339.454,340.034,339.454,339.677,7318
2021-12-17 14:20:00,339.687,339.89,339.687,339.85,7553
2021-12-17 14:25:00,339.801,339.89,339.652,339.781,7727
2021-12-17 14:30:00,339.652,339.652,338.305,338.518,15309
2021-12-17 14:35:00,338.607,338.999,337.968,338.048,9949
2021-12-17 14:40:00,338.048,338.077,337.285,337.622,10337
2021-12-17 14:45:00,337.909,338.196,337.83,338.077,8664
2021-12-17 14:50:00,338.246,338.909,338.246,338.657,6237
2021-12-17 14:55:00,338.502,338.731,338.384,338.464,13494
2021-12-17 15:00:00,338.295,338.582,338.127,338.533,13939
2021-12-17 15:05:00,338.573,339.286,338.573,338.632,4830
2021-12-17 15:10:00,338.622,338.989,338.563,338.573,7447
2021-12-17 15:15:00,338.602,338.979,338.602,338.949,9405
2021-12-17 15:20:00,338.949,339.088,338.513,338.672,7481
2021-12-17 15:25:00,338.732,339.385,338.632,339.296,8528
2021-12-17 15:30:00,339.147,339.147,337.889,338.077,16041
2021-12-17 15:35:00,338.102,338.102,337.384,337.542,13010
2021-12-17 15:40:00,337.542,337.731,337.334,337.721,12426
2021-12-17 15:45:00,337.81,338.632,337.701,337.909,15358
2021-12-17 15:50:00,337.82,337.949,336.532,336.562,26274
2021-12-17 15:55:00,336.651,337.206,336.383,336.79,47528
2021-12-17 16:00:00,336.74,337.879,336.589,337.107,119153
2021-12-17 16:05:00,337.225,337.225,337.225,337.225,102395
2021-12-17 16:10:00,337.225,337.225,337.225,337.225,8755
2021-12-20 07:05:00,337.225,337.225,337.225,337.225,280
2021-12-20 09:35:00,334.422,334.808,333.075,334.219,22556
2021-12-20 09:40:00,334.209,334.432,333.461,333.461,5705
2021-12-20 09:45:00,333.362,333.729,332.322,332.322,10650
2021-12-20 09:50:00,332.52,332.887,331.292,331.728,17386
2021-12-20 09:55:00,331.639,332.025,330.708,330.891,6304
2021-12-20 10:00:00,330.985,331.535,330.826,330.826,6181
2021-12-20 10:05:00,330.846,331.044,330.381,330.47,11129
2021-12-20 10:10:00,330.618,330.717,329.568,329.638,13577
2021-12-20 10:15:00,329.836,329.836,328.538,328.84,16476
2021-12-20 10:20:00,328.85,329.004,328.474,328.558,13095
2021-12-20 10:25:00,328.31,328.538,328.112,328.21,7375
2021-12-20 10:30:00,328.137,328.137,327.27,327.27,10778
2021-12-20 10:35:00,327.617,327.617,325.893,326.428,46018
2021-12-20 10:40:00,326.488,327.151,326.2,326.973,56370
2021-12-20 10:45:00,327.122,327.726,327.028,327.662,19009
2021-12-20 10:50:00,327.686,328.146,326.607,326.607,21160
2021-12-20 10:55:00,326.716,327.528,326.656,327.181,19377
2021-12-20 11:00:00,327.201,327.775,327.008,327.142,29738
2021-12-20 11:05:00,327.117,327.181,326.785,327.151,12490
2021-12-20 11:10:00,327.129,327.25,326.805,327.25,20822
2021-12-20 11:15:00,327.25,327.944,327.072,327.915,14072
2021-12-20 11:20:00,328.053,328.276,327.359,327.528,17815
2021-12-20 11:25:00,327.716,328.875,327.667,328.845,10635
2021-12-20 11:30:00,328.925,328.934,328.459,328.845,18227
2021-12-20 11:35:00,328.717,328.825,327.845,327.845,11546
2021-12-20 11:40:00,327.706,328.271,327.671,328.073,7258
2021-12-20 11:45:00,327.884,328.528,327.795,328.523,8790
2021-12-20 11:50:00,328.667,328.731,328.107,328.608,10721
2021-12-20 11:55:00,328.444,329.291,328.444,329.291,6956
2021-12-20 12:00:00,329.481,330.034,329.172,330.034,6991
2021-12-20 12:05:00,329.994,329.994,329.4,329.866,13169
2021-12-20 12:10:00,330.143,330.242,330.083,330.173,2177
2021-12-20 12:15:00,330.217,330.371,330.034,330.207,8075
2021-12-20 12:20:00,330.292,331.064,329.965,331.064,7931
2021-12-20 12:25:00,330.925,330.925,330.529,330.599,5814
2021-12-20 12:30:00,330.341,330.391,330.292,330.391,2406
2021-12-20 12:35:00,330.519,330.787,330.351,330.351,5344
2021-12-20 12:40:00,330.183,330.361,330.113,330.262,3256
2021-12-20 12:45:00,330.391,330.618,330.361,330.504,6207
2021-12-20 12:50:00,330.658,330.717,330.292,330.351,5120
2021-12-20 12:55:00,330.301,330.638,330.242,330.638,3618
2021-12-20 13:00:00,330.678,330.678,329.856,329.97,8212
2021-12-20 13:05:00,330.064,330.064,329.717,329.836,4047
2021-12-20 13:10:00,329.692,330.4,329.608,330.4,2996
2021-12-20 13:15:00,330.589,331.074,330.341,331.074,5290
2021-12-20 13:20:00,331.138,331.138,330.86,330.86,1360
2021-12-20 13:25:00,330.747,331.044,330.648,330.866,3341
2021-12-20 13:30:00,330.84,330.945,330.807,330.945,2401
2021-12-20 13:35:00,330.925,330.925,330.311,330.321,3316
2021-12-20 13:40:00,330.321,330.995,330.311,330.995,6035
2021-12-20 13:45:00,331.064,331.213,331.064,331.213,4403
2021-12-20 13:50:00,331.322,331.322,331.054,331.064,2425
2021-12-20 13:55:00,331.044,331.213,330.816,331.213,5149
2021-12-20 14:00:00,331.302,331.322,330.797,330.797,4045
2021-12-20 14:05:00,330.807,331.411,330.777,331.203,4570
2021-12-20 14:10:00,331.084,331.312,330.995,331.292,5114
2021-12-20 14:15:00,331.35,331.45,331.025,331.104,4039
2021-12-20 14:20:00,331.104,331.292,330.985,331.292,10444
2021-12-20 14:25:00,331.396,331.51,331.173,331.247,10426
2021-12-20 14:30:00,331.034,331.074,330.777,331.074,4648
2021-12-20 14:35:00,331.163,331.173,330.747,330.866,5682
2021-12-20 14:40:00,330.856,330.935,330.708,330.935,4078
2021-12-20 14:45:00,330.995,331.084,330.876,331.034,7022
2021-12-20 14:50:00,331.074,331.579,331.005,331.55,10527
2021-12-20 14:55:00,331.599,331.953,331.49,331.802,8758
2021-12-20 15:00:00,331.916,331.916,331.371,331.401,8927
2021-12-20 15:05:00,331.411,331.837,331.292,331.782,6552
2021-12-20 15:10:00,331.807,332.223,331.678,332.193,6866
2021-12-20 15:15:00,332.292,332.689,332.124,332.134,11437
2021-12-20 15:20:00,331.916,332.58,331.916,332.352,9623
2021-12-20 15:25:00,332.639,332.768,332.283,332.283,6743
2021-12-20 15:30:00,332.203,332.777,332.079,332.52,8714
2021-12-20 15:35:00,332.273,332.312,331.911,332.0,8505
2021-12-20 15:40:00,331.906,332.525,331.866,332.243,10983
2021-12-20 15:45:00,332.084,332.302,331.718,332.174,20916
2021-12-20 15:50:00,332.065,332.491,331.688,331.688,13193
2021-12-20 15:55:00,332.213,332.817,332.116,332.619,34757
2021-12-20 16:00:00,332.55,332.926,332.302,332.619,62547
2021-12-20 16:05:00,332.52,332.52,332.52,332.52,82084
2021-12-20 16:40:00,332.52,332.52,332.52,332.52,16224
2021-12-21 09:35:00,333.6,336.096,332.887,333.486,17786
2021-12-21 09:40:00,333.536,334.061,332.803,332.946,5005
2021-12-21 09:45:00,332.961,333.352,331.936,332.317,7750
2021-12-21 09:50:00,332.084,332.461,331.45,331.827,15740
2021-12-21 09:55:00,331.807,332.243,331.1,331.946,12156
2021-12-21 10:00:00,331.517,332.144,331.431,331.639,5861
2021-12-21 10:05:00,331.509,331.668,330.272,330.955,12546
2021-12-21 10:10:00,330.955,330.955,330.4,330.4,17818
2021-12-21 10:15:00,330.579,330.767,330.123,330.43,13204
2021-12-21 10:20:00,330.5,331.51,330.5,331.386,8848
2021-12-21 10:25:00,331.559,332.283,331.332,332.144,19125
2021-12-21 10:30:00,331.956,331.956,330.5,330.876,8375
2021-12-21 10:35:00,330.628,330.965,330.46,330.816,23404
2021-12-21 10:40:00,330.777,331.143,330.539,330.549,4200
2021-12-21 10:45:00,330.519,330.757,330.351,330.495,5908
2021-12-21 10:50:00,330.351,330.371,330.034,330.262,5164
2021-12-21 10:55:00,330.331,330.43,329.4,329.697,15432
2021-12-21 11:00:00,329.781,330.292,329.776,329.965,13276
2021-12-21 11:05:00,330.074,330.378,329.875,329.875,7136
2021-12-21 11:10:00,329.955,330.014,329.757,329.905,8308
2021-12-21 11:15:00,329.93,330.346,329.925,330.173,14668
2021-12-21 11:20:00,330.202,330.202,329.866,330.024,11231
2021-12-21 11:25:00,330.153,330.202,329.856,329.925,6087
2021-12-21 11:30:00,329.994,330.034,329.853,329.91,4555
2021-12-21 11:35:00,329.915,330.47,329.885,330.366,11339
2021-12-21 11:40:00,330.301,330.559,330.103,330.45,10706
2021-12-21 11:45:00,330.643,331.52,330.643,331.143,7184
2021-12-21 11:50:00,331.262,331.391,330.995,331.005,13593
2021-12-21 11:55:00,331.084,331.49,330.807,331.381,19589
2021-12-21 12:00:00,331.46,331.906,331.46,331.52,6252
2021-12-21 12:05:00,331.589,331.896,331.589,331.787,3219
2021-12-21 12:10:00,331.753,332.267,331.753,332.035,5426
2021-12-21 12:15:00,332.005,332.669,331.983,332.59,12946
2021-12-21 12:20:00,332.827,333.263,332.51,332.659,11250
2021-12-21 12:25:00,332.55,332.619,332.421,332.421,1582
2021-12-21 12:30:00,332.421,332.58,332.283,332.476,4425
2021-12-21 12:35:00,332.58,332.951,332.58,332.867,2114
2021-12-21 12:40:00,332.827,332.986,332.669,332.835,5736
2021-12-21 12:45:00,333.042,333.115,332.708,332.733,6541
2021-12-21 12:50:00,332.744,333.035,332.744,333.035,5000
2021-12-21 12:55:00,332.976,333.689,332.976,333.64,4398
2021-12-21 13:00:00,333.654,333.828,333.194,333.372,9081
2021-12-21 13:05:00,333.224,333.236,332.778,332.907,4131
2021-12-21 13:10:00,332.936,333.055,332.837,332.857,4034
2021-12-21 13:15:00,332.897,332.897,332.679,332.847,4301
2021-12-21 13:20:00,332.847,332.847,332.57,332.6,11345
2021-12-21 13:25:00,332.689,332.872,332.56,332.56,5268
2021-12-21 13:30:00,332.619,332.753,332.421,332.421,7002
2021-12-21 13:35:00,332.491,332.555,332.203,332.302,9098
2021-12-21 13:40:00,332.368,332.699,332.134,332.52,15590
2021-12-21 13:45:00,332.441,332.728,332.391,332.51,12934
2021-12-21 13:50:00,332.6,333.382,332.6,333.382,5910
2021-12-21 13:55:00,333.427,333.432,332.976,333.095,3015
2021-12-21 14:00:00,333.04,333.04,332.817,332.817,2463
2021-12-21 14:05:00,332.55,332.966,332.52,332.783,8955
2021-12-21 14:10:00,332.743,332.743,332.253,332.253,5025
2021-12-21 14:15:00,332.193,332.193,331.45,331.45,8448
2021-12-21 14:20:00,331.341,331.486,331.193,331.48,8173
2021-12-21 14:25:00,331.351,331.371,331.064,331.124,4465
2021-12-21 14:30:00,331.183,331.282,331.089,331.153,8357
2021-12-21 14:35:00,331.183,331.46,331.183,331.45,9485
2021-12-21 14:40:00,331.446,331.748,330.752,330.752,9070
2021-12-21 14:45:00,330.737,331.084,330.589,330.812,10753
2021-12-21 14:50:00,330.782,331.133,330.762,330.836,7920
2021-12-21 14:55:00,330.816,330.945,330.747,330.762,8082
2021-12-21 15:00:00,330.802,330.925,330.747,330.797,19169
2021-12-21 15:05:00,330.846,331.609,330.747,331.213,10934
2021-12-21 15:10:00,331.267,331.421,331.104,331.133,9224
2021-12-21 15:15:00,331.178,331.183,330.955,331.153,10299
2021-12-21 15:20:00,331.104,331.817,330.945,331.817,21572
2021-12-21 15:25:00,331.718,332.045,331.609,331.797,15187
2021-12-21 15:30:00,331.827,332.233,331.822,332.124,8447
2021-12-21 15:35:00,332.055,332.084,331.693,331.797,12858
2021-12-21 15:40:00,331.827,331.926,331.673,331.866,16420
2021-12-21 15:45:00,331.807,331.807,331.153,331.163,18102
2021-12-21 15:50:00,331.282,331.282,330.742,330.742,25718
2021-12-21 15:55:00,330.807,331.678,330.787,331.678,45598
2021-12-21 16:00:00,331.589,331.936,331.133,331.322,109369
2021-12-21 16:05:00,331.332,331.332,331.332,331.332,9621
2021-12-21 16:40:00,331.332,331.332,331.332,331.332,3718
2021-12-22 09:35:00,330.846,331.748,330.846,331.427,10964
2021-12-22 09:40:00,332.045,333.025,331.559,332.273,6811
2021-12-22 09:45:00,332.199,332.199,330.519,330.678,2814
2021-12-22 09:50:00,331.386,332.6,331.386,332.51,3103
2021-12-22 09:55:00,332.221,332.659,332.203,332.223,4153
2021-12-22 10:00:00,332.114,332.164,331.589,331.728,2898
2021-12-22 10:05:00,331.346,331.807,331.346,331.658,3103
2021-12-22 10:10:00,331.807,332.491,331.807,332.491,1575
2021-12-22 10:15:00,332.494,332.748,332.174,332.748,3402
2021-12-22 10:20:00,332.738,333.313,332.738,333.09,6095
2021-12-22 10:25:00,332.817,333.432,332.649,333.214,6812
2021-12-22 10:30:00,333.224,333.451,332.961,332.961,4388
2021-12-22 10:35:00,332.827,332.827,332.385,332.55,2772
2021-12-22 10:40:00,332.659,332.936,332.6,332.783,7281
2021-12-22 10:45:00,332.897,333.58,332.897,333.58,8408
2021-12-22 10:50:00,333.461,333.57,333.323,333.525,2512
2021-12-22 10:55:00,333.392,334.194,333.303,334.194,4277
2021-12-22 11:00:00,334.214,334.502,333.781,333.976,5404
2021-12-22 11:05:00,334.125,334.491,334.125,334.491,2674
2021-12-22 11:10:00,334.501,334.521,334.274,334.274,2606
2021-12-22 11:15:00,334.135,334.313,334.135,334.194,3548
2021-12-22 11:20:00,334.125,334.422,334.125,334.378,3102
2021-12-22 11:25:00,334.095,334.174,333.61,333.61,5835
2021-12-22 11:30:00,333.659,333.877,333.59,333.877,1772
2021-12-22 11:35:00,333.937,334.561,333.792,334.561,3301
2021-12-22 11:40:00,334.531,334.531,333.897,334.12,4012
2021-12-22 11:45:00,334.283,334.283,334.193,334.239,2323
2021-12-22 11:50:00,334.368,334.368,334.254,334.254,951
2021-12-22 11:55:00,334.298,334.387,334.298,334.387,1476
2021-12-22 12:00:00,334.432,334.64,334.432,334.63,2744
2021-12-22 12:05:00,334.704,334.704,334.462,334.588,1360
2021-12-22 12:10:00,334.65,334.908,334.65,334.868,1785
2021-12-22 12:15:00,334.997,335.036,334.789,334.818,3416
2021-12-22 12:20:00,334.561,334.6,334.313,334.511,3057
2021-12-22 12:25:00,334.422,334.462,333.749,333.758,4155
2021-12-22 12:30:00,333.877,333.927,333.669,333.783,4236
2021-12-22 12:35:00,333.777,333.777,333.62,333.62,885
2021-12-22 12:40:00,333.679,333.853,333.63,333.699,3817
2021-12-22 12:45:00,333.74,334.066,333.64,334.066,1298
2021-12-22 12:50:00,334.016,334.135,333.868,334.135,2441
2021-12-22 12:55:00,334.135,334.551,334.135,334.551,2093
2021-12-22 13:00:00,334.69,334.699,334.499,334.591,5351
2021-12-22 13:05:00,334.67,335.383,334.67,335.195,12117
2021-12-22 13:10:00,335.086,335.244,335.086,335.244,2930
2021-12-22 13:15:00,335.423,335.452,335.269,335.274,3283
2021-12-22 13:20:00,335.264,335.304,334.838,334.838,4814
2021-12-22 13:25:00,334.828,334.957,334.828,334.878,2112
2021-12-22 13:30:00,334.917,334.967,334.858,334.967,1885
2021-12-22 13:35:00,334.987,335.203,334.947,335.026,3273
2021-12-22 13:40:00,335.086,335.106,334.868,334.868,4294
2021-12-22 13:45:00,334.65,334.65,334.472,334.482,1649
2021-12-22 13:50:00,334.541,334.791,334.541,334.754,1898
2021-12-22 13:55:00,334.68,334.68,334.62,334.62,1043
2021-12-22 14:00:00,334.707,334.848,334.491,334.491,4757
2021-12-22 14:05:00,334.581,334.65,334.254,334.254,5496
2021-12-22 14:10:00,334.303,334.303,333.645,333.833,9807
2021-12-22 14:15:00,333.828,333.986,333.823,333.981,1772
2021-12-22 14:20:00,333.997,333.997,333.768,333.927,2168
2021-12-22 14:25:00,333.966,334.353,333.966,334.353,1323
2021-12-22 14:30:00,334.15,334.15,333.907,333.947,3016
2021-12-22 14:35:00,333.986,334.194,333.966,334.016,2779
2021-12-22 14:40:00,333.985,334.209,333.985,334.209,1706
2021-12-22 14:45:00,334.264,334.264,334.095,334.174,2818
2021-12-22 14:50:00,334.204,334.204,334.08,334.179,1736
2021-12-22 14:55:00,334.292,334.422,334.292,334.422,1289
2021-12-22 15:00:00,334.62,334.65,334.62,334.65,1135
2021-12-22 15:05:00,334.65,334.67,334.462,334.546,5697
2021-12-22 15:10:00,334.491,334.491,334.402,334.462,2333
2021-12-22 15:15:00,334.373,335.002,334.373,335.002,4097
2021-12-22 15:20:00,335.071,335.071,334.591,334.818,5955
2021-12-22 15:25:00,334.967,335.106,334.779,334.903,4011
2021-12-22 15:30:00,334.947,335.304,334.947,335.304,4158
2021-12-22 15:35:00,335.066,335.066,334.531,334.838,18222
2021-12-22 15:40:00,335.036,335.254,335.036,335.155,5570
2021-12-22 15:45:00,335.215,335.324,334.828,335.244,7833
2021-12-22 15:50:00,335.165,335.482,335.106,335.457,8909
2021-12-22 15:55:00,335.72,335.997,335.571,335.948,17622
2021-12-22 16:00:00,335.918,336.007,335.373,335.462,32320
2021-12-22 16:05:00,335.522,335.522,335.522,335.522,6997
2021-12-22 16:30:00,335.522,335.522,335.522,335.522,3302
2021-12-23 09:35:00,335.324,336.72,335.324,336.374,10337
2021-12-23 09:40:00,336.73,338.315,336.73,338.315,5018
2021-12-23 09:45:00,338.27,338.612,337.745,338.275,7199
2021-12-23 09:50:00,338.653,338.653,337.234,337.344,4208
2021-12-23 09:55:00,337.686,337.686,337.627,337.627,458
2021-12-23 10:00:00,337.53,338.741,337.53,338.384,6501
2021-12-23 10:05:00,338.434,338.899,338.424,338.682,5464
2021-12-23 10:10:00,338.474,338.85,338.474,338.85,3400
2021-12-23 10:15:00,338.513,338.513,337.929,338.345,6714
2021-12-23 10:25:00,338.523,338.771,337.79,338.265,16975
2021-12-23 10:30:00,337.978,338.158,337.215,338.158,7251
2021-12-23 10:35:00,338.122,338.122,337.315,337.315,3269
2021-12-23 10:40:00,337.344,337.369,336.908,336.908,3751
2021-12-23 10:45:00,337.146,337.493,336.948,337.443,1894
2021-12-23 10:50:00,337.537,337.701,337.503,337.597,2470
2021-12-23 10:55:00,337.854,338.177,337.854,338.177,3118
2021-12-23 11:00:00,338.196,338.295,338.117,338.117,2678
2021-12-23 11:05:00,338.048,338.102,337.81,337.889,3454
2021-12-23 11:10:00,337.899,338.267,337.899,338.267,2503
2021-12-23 11:15:00,338.166,338.226,337.79,337.83,4317
2021-12-23 11:20:00,337.958,338.077,337.671,337.944,2279
2021-12-23 11:25:00,337.661,337.661,337.315,337.344,3523
2021-12-23 11:30:00,337.285,337.285,337.215,337.285,1388
2021-12-23 11:35:00,337.186,337.315,336.799,336.799,5100
2021-12-23 11:40:00,337.077,337.136,336.948,336.948,1837
2021-12-23 11:45:00,337.003,337.003,336.839,336.9,2051
2021-12-23 11:50:00,336.975,337.473,336.975,337.334,2239
2021-12-23 11:55:00,337.562,337.562,337.463,337.463,2380
2021-12-23 12:00:00,337.424,337.557,336.958,336.958,9390
2021-12-23 12:05:00,336.968,337.097,336.839,337.097,4822
2021-12-23 12:10:00,336.839,336.937,336.75,336.75,2050
2021-12-23 12:15:00,336.79,336.79,336.146,336.195,6398
2021-12-23 12:20:00,336.066,336.433,335.957,336.195,7738
2021-12-23 12:25:00,336.106,336.195,335.977,335.977,4273
2021-12-23 12:30:00,335.849,335.957,335.799,335.858,2110
2021-12-23 12:35:00,335.882,335.882,335.527,335.717,3017
2021-12-23 12:40:00,335.73,335.987,335.7,335.788,35372
2021-12-23 12:45:00,335.74,335.878,335.68,335.712,3244
2021-12-23 12:50:00,335.72,335.72,335.443,335.443,2395
2021-12-23 12:55:00,335.423,335.502,335.264,335.264,13478
2021-12-23 13:00:00,335.304,335.304,334.947,334.947,6252
2021-12-23 13:05:00,334.947,335.383,334.937,335.383,2214
2021-12-23 13:10:00,335.16,335.254,334.692,335.007,11554
2021-12-23 13:15:00,335.056,335.205,334.917,334.917,4694
2021-12-23 13:20:00,334.888,335.096,334.719,334.769,6861
2021-12-23 13:25:00,334.709,334.927,334.571,334.927,16783
2021-12-23 13:30:00,335.021,335.172,334.828,335.016,3794
2021-12-23 13:35:00,334.997,334.997,334.739,334.749,5214
2021-12-23 13:40:00,334.739,334.903,334.68,334.903,4712
2021-12-23 13:45:00,334.868,335.086,334.868,334.937,3282
2021-12-23 13:50:00,334.947,335.358,334.937,335.358,4076
2021-12-23 13:55:00,335.403,335.487,335.284,335.413,4732
2021-12-23 14:00:00,335.74,335.819,335.532,335.67,4995
2021-12-23 14:05:00,335.72,336.181,335.71,335.977,10186
2021-12-23 14:10:00,336.017,336.284,335.957,336.274,5402
2021-12-23 14:15:00,336.274,336.274,335.858,335.938,7270
2021-12-23 14:20:00,336.116,336.274,335.948,336.136,6080
2021-12-23 14:25:00,336.245,336.478,336.245,336.478,2463
2021-12-23 14:30:00,336.383,336.507,336.106,336.106,6532
2021-12-23 14:35:00,336.116,336.195,336.007,336.007,4523
2021-12-23 14:40:00,335.997,336.047,335.858,336.047,3114
2021-12-23 14:45:00,335.948,336.007,335.586,335.586,3643
2021-12-23 14:50:00,335.72,335.878,335.601,335.878,4938
2021-12-23 14:55:00,335.878,336.225,335.878,336.057,6829
2021-12-23 15:00:00,335.997,336.265,335.977,336.175,4065
2021-12-23 15:05:00,336.205,336.215,335.96,335.96,3715
2021-12-23 15:10:00,335.977,336.304,335.977,336.284,4564
2021-12-23 15:15:00,336.284,336.299,336.116,336.235,4316
2021-12-23 15:20:00,336.205,336.413,336.205,336.366,3046
2021-12-23 15:25:00,336.235,336.443,336.057,336.086,7051
2021-12-23 15:30:00,336.017,336.156,335.878,336.017,7159
2021-12-23 15:35:00,335.898,336.106,335.482,335.482,7931
2021-12-23 15:40:00,335.423,335.863,335.423,335.581,10642
2021-12-23 15:45:00,335.522,335.908,335.512,335.908,10134
2021-12-23 15:50:00,335.853,335.987,335.581,335.898,13412
2021-12-23 15:55:00,335.898,336.136,335.749,335.749,21088
2021-12-23 16:00:00,335.71,335.73,335.106,335.125,62828
2021-12-23 16:05:00,335.185,335.185,335.185,335.185,8040
2021-12-23 16:35:00,335.185,335.185,335.185,335.185,327
2021-12-27 09:30:00,336.75,337.523,336.73,336.76,1014
2021-12-27 09:35:00,336.057,337.503,336.057,337.339,14271
2021-12-27 09:40:00,337.463,338.513,337.463,337.919,5495
2021-12-27 09:45:00,338.067,338.067,337.275,337.632,9569
2021-12-27 09:50:00,337.711,337.721,336.71,336.717,9160
2021-12-27 09:55:00,336.733,337.344,336.733,336.948,7495
2021-12-27 10:00:00,337.102,337.28,336.913,337.007,6685
2021-12-27 10:05:00,337.057,338.434,337.057,338.305,4436
2021-12-27 10:10:00,338.265,338.394,337.899,337.919,3968
2021-12-27 10:15:00,337.978,338.067,337.78,337.919,8587
2021-12-27 10:20:00,337.77,337.978,337.394,337.815,10720
2021-12-27 10:25:00,337.691,338.087,337.671,337.792,5902
2021-12-27 10:30:00,337.83,338.4,337.83,338.256,12358
2021-12-27 10:35:00,338.414,338.731,338.345,338.553,5453
2021-12-27 10:40:00,338.389,338.389,338.038,338.038,6024
2021-12-27 10:45:00,337.958,338.582,337.82,338.434,6057
2021-12-27 10:50:00,338.662,338.904,338.186,338.904,8320
2021-12-27 10:55:00,338.969,339.068,338.513,338.721,8611
2021-12-27 11:00:00,338.573,338.994,338.503,338.959,5059
2021-12-27 11:05:00,339.023,339.375,338.899,339.375,3252
2021-12-27 11:10:00,339.256,339.315,339.058,339.286,7438
2021-12-27 11:15:00,339.494,339.632,339.424,339.593,3697
2021-12-27 11:20:00,339.523,339.523,339.157,339.523,5815
2021-12-27 11:25:00,339.613,339.88,339.568,339.746,4542
2021-12-27 11:30:00,339.694,340.108,339.694,339.989,4686
2021-12-27 11:35:00,339.964,339.964,339.741,339.85,7203
2021-12-27 11:40:00,339.801,339.811,339.652,339.652,4752
2021-12-27 11:45:00,339.712,339.766,339.543,339.682,8533
2021-12-27 11:50:00,339.786,340.019,339.712,339.915,4543
2021-12-27 11:55:00,339.93,340.276,339.93,340.276,3997
2021-12-27 12:00:00,340.375,340.489,340.356,340.395,7015
2021-12-27 12:05:00,340.554,340.94,340.405,340.91,8267
2021-12-27 12:10:00,340.98,341.282,340.945,341.158,9946
2021-12-27 12:15:00,341.198,341.297,341.059,341.233,12852
2021-12-27 12:20:00,341.108,341.379,341.059,341.227,8011
2021-12-27 12:25:00,341.128,341.198,340.93,341.019,3727
2021-12-27 12:30:00,341.009,341.059,340.831,340.831,4013
2021-12-27 12:35:00,340.95,341.237,340.95,341.148,4733
2021-12-27 12:40:00,341.257,341.589,341.257,341.515,4036
2021-12-27 12:45:00,341.519,341.519,341.307,341.386,2512
2021-12-27 12:50:00,341.445,341.485,341.217,341.321,4196
2021-12-27 12:55:00,341.346,341.64,341.346,341.589,3933
2021-12-27 13:00:00,341.485,341.554,341.307,341.376,4462
2021-12-27 13:05:00,341.316,341.415,341.237,341.326,4971
2021-12-27 13:10:00,341.351,341.351,341.178,341.316,5039
2021-12-27 13:15:00,341.217,341.267,340.93,340.98,1845
2021-12-27 13:20:00,340.975,341.098,340.913,340.98,3358
2021-12-27 13:25:00,340.97,341.376,340.95,341.376,2430
2021-12-27 13:30:00,341.307,341.411,341.237,341.376,3716
2021-12-27 13:35:00,341.465,341.564,341.098,341.098,5193
2021-12-27 13:40:00,341.143,341.282,341.098,341.282,3323
2021-12-27 13:45:00,341.222,341.272,341.079,341.227,3331
2021-12-27 13:50:00,341.297,341.361,341.089,341.108,5835
2021-12-27 13:55:00,341.188,341.584,341.188,341.584,2781
2021-12-27 14:00:00,341.619,341.633,341.495,341.594,3001
2021-12-27 14:05:00,341.653,341.704,341.515,341.704,5971
2021-12-27 14:10:00,341.713,341.831,341.673,341.797,13330
2021-12-27 14:15:00,341.772,341.98,341.732,341.95,3762
2021-12-27 14:20:00,342.02,342.03,341.732,341.782,11411
2021-12-27 14:25:00,341.921,342.257,341.891,342.089,7202
2021-12-27 14:30:00,342.208,342.535,342.208,342.535,4614
2021-12-27 14:35:00,342.456,342.51,342.337,342.399,6511
2021-12-27 14:40:00,342.416,342.426,341.975,341.975,3995
2021-12-27 14:45:00,341.955,342.193,341.901,342.02,4987
2021-12-27 14:50:00,342.005,342.01,341.351,341.391,15183
2021-12-27 14:55:00,341.406,341.534,341.331,341.435,6607
2021-12-27 15:00:00,341.44,341.465,341.217,341.455,7307
2021-12-27 15:05:00,341.346,341.841,341.326,341.841,8756
2021-12-27 15:10:00,341.841,342.049,341.822,341.822,5090
2021-12-27 15:15:00,341.812,341.931,341.465,341.787,8422
2021-12-27 15:20:00,341.881,342.079,341.713,342.01,7920
2021-12-27 15:25:00,342.01,342.183,341.95,342.119,5426
2021-12-27 15:30:00,342.119,342.475,342.079,342.475,10067
2021-12-27 15:35:00,342.475,343.253,342.465,342.782,24228
2021-12-27 15:40:00,342.872,342.911,342.059,342.148,14009
2021-12-27 15:45:00,342.119,342.673,342.119,342.465,9884
2021-12-27 15:50:00,342.57,342.723,342.347,342.347,17854
2021-12-27 15:55:00,342.416,342.951,342.416,342.852,12166
2021-12-27 16:00:00,342.911,343.04,342.248,342.406,68629
2021-12-27 16:05:00,342.287,342.287,342.287,342.287,73892
2021-12-27 16:35:00,342.287,342.287,342.287,342.287,1472
2021-12-28 09:35:00,344.417,345.685,344.179,345.259,18280
2021-12-28 09:40:00,344.754,344.754,343.564,344.016,11464
2021-12-28 09:45:00,344.04,344.04,342.812,343.109,6832
2021-12-28 09:50:00,343.238,344.377,343.238,344.377,4566
2021-12-28 09:55:00,344.357,344.506,344.04,344.338,5767
2021-12-28 10:00:00,344.357,345.259,344.357,344.655,36060
2021-12-28 10:05:00,344.783,344.912,344.432,344.897,5747
2021-12-28 10:10:00,344.912,345.021,344.288,344.61,13552
2021-12-28 10:15:00,344.912,345.318,344.704,345.145,4123
2021-12-28 10:20:00,345.229,345.279,344.793,344.793,5708
2021-12-28 10:25:00,344.625,344.892,344.605,344.744,5691
2021-12-28 10:30:00,344.734,344.734,344.456,344.664,5094
2021-12-28 10:35:00,344.744,344.863,344.229,344.863,5377
2021-12-28 10:40:00,344.853,345.497,344.853,345.467,10093
2021-12-28 10:45:00,345.318,345.556,345.318,345.398,6834
2021-12-28 10:50:00,345.447,345.497,344.863,345.497,7119
2021-12-28 10:55:00,345.705,346.091,345.536,345.536,8767
2021-12-28 11:00:00,345.566,345.764,345.487,345.615,6212
2021-12-28 11:05:00,345.531,345.913,345.531,345.888,5506
2021-12-28 11:10:00,345.997,346.056,345.68,345.764,4417
2021-12-28 11:15:00,345.724,346.18,345.7,346.121,5660
2021-12-28 11:20:00,346.22,346.363,345.893,345.972,9017
2021-12-28 11:25:00,345.784,345.975,345.675,345.719,3494
2021-12-28 11:30:00,345.497,346.022,345.427,346.022,4887
2021-12-28 11:35:00,345.942,345.942,345.398,345.536,3728
2021-12-28 11:40:00,345.477,345.477,345.021,345.204,3494
2021-12-28 11:45:00,345.343,345.506,345.259,345.407,2874
2021-12-28 11:50:00,345.447,345.735,345.347,345.566,4966
2021-12-28 11:55:00,345.473,346.091,345.473,345.903,4766
2021-12-28 12:00:00,345.804,345.833,345.754,345.833,811
2021-12-28 12:05:00,345.774,345.893,345.69,345.893,2961
2021-12-28 12:10:00,345.784,345.804,345.586,345.586,2709
2021-12-28 12:15:00,345.71,345.714,345.487,345.487,2055
2021-12-28 12:20:00,345.437,345.546,345.407,345.407,1580
2021-12-28 12:25:00,345.318,345.318,345.14,345.167,1658
2021-12-28 12:30:00,345.175,345.328,344.991,344.991,4823
2021-12-28 12:35:00,344.877,344.877,344.605,344.873,3465
2021-12-28 12:40:00,344.694,345.021,344.625,344.853,8299
2021-12-28 12:45:00,344.853,345.189,344.829,345.17,5739
2021-12-28 12:50:00,345.189,345.398,344.734,345.016,13706
2021-12-28 12:55:00,344.902,345.506,344.902,345.506,3681
2021-12-28 13:00:00,345.546,345.922,345.526,345.526,5352
2021-12-28 13:05:00,345.516,345.526,345.189,345.427,5880
2021-12-28 13:10:00,345.318,345.348,345.199,345.348,1641
2021-12-28 13:15:00,345.368,345.505,345.298,345.505,3366
2021-12-28 13:20:00,345.506,345.615,345.328,345.328,3807
2021-12-28 13:25:00,345.313,345.497,345.313,345.398,1979
2021-12-28 13:30:00,345.388,345.388,345.237,345.343,2510
2021-12-28 13:35:00,345.437,345.497,345.308,345.368,2407
2021-12-28 13:40:00,345.368,345.368,344.897,344.897,3514
2021-12-28 13:45:00,344.897,345.1,344.843,345.041,4132
2021-12-28 13:50:00,345.041,345.388,345.026,345.313,2422
2021-12-28 13:55:00,345.293,345.7,345.293,345.452,5359
2021-12-28 14:00:00,345.556,345.913,345.556,345.685,8439
2021-12-28 14:05:00,345.685,345.744,345.457,345.497,7183
2021-12-28 14:10:00,345.467,345.477,345.078,345.078,4657
2021-12-28 14:15:00,345.235,345.235,344.397,344.466,2835
2021-12-28 14:20:00,344.546,344.967,344.546,344.764,6732
2021-12-28 14:25:00,344.724,345.269,344.724,345.269,3817
2021-12-28 14:30:00,345.17,345.17,344.773,344.962,2764
2021-12-28 14:35:00,344.863,345.041,344.754,344.897,2915
2021-12-28 14:40:00,344.877,345.011,344.833,345.011,2406
2021-12-28 14:45:00,345.011,345.229,344.664,344.664,5819
2021-12-28 14:50:00,344.664,344.962,344.605,344.858,6515
2021-12-28 14:55:00,344.848,344.952,344.724,344.952,5328
2021-12-28 15:00:00,344.828,345.001,344.744,344.967,1860
2021-12-28 15:05:00,344.932,344.942,344.694,344.853,5624
2021-12-28 15:10:00,344.793,345.042,344.565,345.042,3335
2021-12-28 15:15:00,345.061,345.061,344.868,344.981,3563
2021-12-28 15:20:00,344.991,344.991,344.615,344.694,4945
2021-12-28 15:25:00,344.749,344.863,344.367,344.536,3460
2021-12-28 15:30:00,344.655,344.684,344.377,344.551,5877
2021-12-28 15:35:00,344.541,344.541,344.085,344.298,8099
2021-12-28 15:40:00,344.169,344.605,344.149,344.546,13235
2021-12-28 15:45:00,344.546,344.734,344.496,344.724,7017
2021-12-28 15:50:00,344.704,345.219,344.704,345.011,10859
2021-12-28 15:55:00,345.199,345.199,344.575,344.873,20557
2021-12-28 16:00:00,344.882,345.15,344.486,345.15,53701
2021-12-28 16:05:00,345.11,345.11,345.11,345.11,5504
2021-12-29 09:35:00,344.486,345.046,344.466,345.046,6566
2021-12-29 09:40:00,345.13,345.848,344.704,345.848,3366
2021-12-29 09:45:00,346.18,346.566,346.16,346.408,2720
2021-12-29 09:50:00,346.695,347.553,346.626,347.553,14211
2021-12-29 09:55:00,347.542,347.755,347.111,347.299,6086
2021-12-29 10:00:00,347.359,347.656,347.101,347.656,2446
2021-12-29 10:05:00,347.379,347.889,347.379,347.473,5367
2021-12-29 10:10:00,347.517,348.0,347.517,347.542,5573
2021-12-29 10:15:00,347.651,347.715,346.145,346.145,10011
2021-12-29 10:20:00,346.121,346.821,345.843,346.408,4448
2021-12-29 10:25:00,346.398,346.745,346.329,346.675,3909
2021-12-29 10:30:00,346.742,346.742,346.111,346.111,3241
2021-12-29 10:35:00,346.081,346.587,346.002,346.587,5859
2021-12-29 10:40:00,346.589,347.022,346.472,346.794,6568
2021-12-29 10:45:00,347.081,347.151,347.042,347.151,1333
2021-12-29 10:50:00,347.181,347.298,346.784,347.27,7875
2021-12-29 10:55:00,347.369,347.398,347.022,347.186,3907
2021-12-29 11:00:00,347.022,347.205,346.873,347.062,9642
2021-12-29 11:05:00,347.171,347.389,346.982,347.027,3215
2021-12-29 11:10:00,346.969,346.969,346.309,346.636,4104
2021-12-29 11:15:00,346.507,346.556,346.2,346.2,3386
2021-12-29 11:20:00,346.378,346.953,346.378,346.953,1716
2021-12-29 11:25:00,347.19,347.19,346.764,346.814,2870
2021-12-29 11:30:00,347.105,347.359,347.105,347.359,3405
2021-12-29 11:35:00,347.359,347.587,347.359,347.468,1142
2021-12-29 11:45:00,347.522,347.656,347.467,347.646,1067
2021-12-29 11:50:00,347.418,347.532,347.418,347.532,427
2021-12-29 11:55:00,347.666,348.122,347.542,348.122,4032
2021-12-29 12:00:00,347.993,347.993,347.547,347.715,3041
2021-12-29 12:05:00,347.8,347.8,347.359,347.359,1265
2021-12-29 12:10:00,347.389,347.597,347.21,347.458,3447
2021-12-29 12:15:00,347.289,347.606,347.002,347.2,4440
2021-12-29 12:20:00,347.197,347.314,347.131,347.204,2968
2021-12-29 12:25:00,347.215,347.215,346.913,347.002,2699
2021-12-29 12:30:00,346.685,346.745,346.527,346.725,2323
2021-12-29 12:35:00,346.527,346.774,346.527,346.755,1991
2021-12-29 12:40:00,346.893,347.022,346.883,346.898,3371
2021-12-29 12:45:00,347.131,347.131,346.953,346.953,1970
2021-12-29 12:50:00,347.007,347.007,347.007,347.007,303
2021-12-29 12:55:00,347.28,347.458,347.2,347.458,1223
2021-12-29 13:00:00,347.686,347.884,347.676,347.826,3359
2021-12-29 13:05:00,347.822,348.191,347.822,348.191,2632
2021-12-29 13:10:00,348.229,348.229,348.052,348.128,3212
2021-12-29 13:15:00,348.067,348.067,347.884,347.884,1038
2021-12-29 13:20:00,347.894,347.894,347.755,347.755,819
2021-12-29 13:25:00,347.829,347.829,347.379,347.764,4150
2021-12-29 13:30:00,347.691,347.691,347.577,347.651,1328
2021-12-29 13:40:00,347.676,347.819,347.646,347.646,4182
2021-12-29 13:45:00,347.636,347.699,347.389,347.488,3550
2021-12-29 13:50:00,347.497,347.79,347.497,347.691,1801
2021-12-29 13:55:00,347.744,347.765,347.507,347.517,3474
2021-12-29 14:00:00,347.616,347.686,347.616,347.686,845
2021-12-29 14:05:00,347.636,347.745,347.606,347.666,2708
2021-12-29 14:10:00,347.671,347.671,347.587,347.587,807
2021-12-29 14:15:00,347.598,347.805,347.557,347.805,3516
2021-12-29 14:20:00,347.882,347.937,347.874,347.874,803
2021-12-29 14:25:00,347.824,347.839,347.438,347.443,3026
2021-12-29 14:30:00,347.443,347.537,347.309,347.458,2250
2021-12-29 14:35:00,347.319,347.485,346.859,347.305,4383
2021-12-29 14:40:00,347.141,347.25,346.997,347.19,3075
2021-12-29 14:45:00,347.2,347.2,346.898,347.131,3801
2021-12-29 14:50:00,347.101,347.21,347.037,347.146,1144
2021-12-29 14:55:00,347.101,347.203,346.918,347.203,3640
2021-12-29 15:00:00,347.349,347.349,347.052,347.24,6199
2021-12-29 15:05:00,347.438,347.596,347.176,347.398,1918
2021-12-29 15:10:00,347.418,347.933,347.418,347.755,5369
2021-12-29 15:15:00,348.022,348.196,347.973,348.196,1656
2021-12-29 15:20:00,348.419,348.567,348.23,348.567,4558
2021-12-29 15:25:00,348.458,348.528,348.389,348.528,3959
2021-12-29 15:30:00,348.488,348.676,348.458,348.488,6989
2021-12-29 15:35:00,348.478,348.825,348.419,348.795,8487
2021-12-29 15:40:00,348.755,348.755,348.34,348.34,5848
2021-12-29 15:45:00,348.399,348.656,348.295,348.409,9948
2021-12-29 15:50:00,348.32,349.043,348.312,348.914,14306
2021-12-29 15:55:00,349.023,349.043,348.557,348.637,13224
2021-12-29 16:00:00,348.637,348.656,348.032,348.042,32351
2021-12-29 16:05:00,348.042,348.042,348.042,348.042,6560
2021-12-29 16:15:00,348.042,348.042,348.042,348.042,1701
2021-12-30 09:35:00,348.726,349.667,348.191,349.097,6664
2021-12-30 09:40:00,349.172,350.806,348.934,349.498,15030
2021-12-30 09:45:00,349.558,349.558,348.538,349.528,5302
2021-12-30 09:50:00,349.112,349.37,348.864,349.3,3507
2021-12-30 09:55:00,348.726,348.726,348.33,348.676,4633
2021-12-30 10:00:00,348.825,348.983,348.508,348.983,2630
2021-12-30 10:05:00,348.656,348.726,347.706,347.904,5861
2021-12-30 10:10:00,348.191,348.656,347.983,348.656,4260
2021-12-30 10:15:00,348.557,348.676,348.29,348.32,5932
2021-12-30 10:20:00,348.795,348.795,348.409,348.755,4028
2021-12-30 10:25:00,348.785,348.785,348.126,348.126,2353
2021-12-30 10:30:00,348.339,348.339,347.71,347.71,2174
2021-12-30 10:35:00,347.874,347.914,347.567,347.701,5377
2021-12-30 10:40:00,347.567,347.768,347.26,347.359,5203
2021-12-30 10:45:00,347.2,347.26,346.992,346.992,4208
2021-12-30 10:50:00,347.121,347.19,346.68,347.101,6340
2021-12-30 10:55:00,347.141,347.161,346.552,347.161,7411
2021-12-30 11:00:00,346.814,346.903,346.556,346.824,2666
2021-12-30 11:05:00,346.566,347.101,346.566,347.003,1791
2021-12-30 11:10:00,346.834,347.012,346.804,346.849,3714
2021-12-30 11:15:00,346.725,347.299,346.725,347.299,3534
2021-12-30 11:20:00,347.428,347.587,347.349,347.349,2716
2021-12-30 11:25:00,347.299,347.537,347.121,347.537,1869
2021-12-30 11:30:00,347.483,347.626,347.121,347.21,4893
2021-12-30 11:35:00,347.289,347.329,347.022,347.022,1438
2021-12-30 11:40:00,346.972,347.339,346.972,347.285,1534
2021-12-30 11:45:00,347.2,347.2,346.972,347.052,1954
2021-12-30 11:50:00,346.925,346.963,346.814,346.824,1332
2021-12-30 11:55:00,346.868,346.868,346.527,346.705,4009
2021-12-30 12:00:00,346.496,346.814,346.496,346.814,601
2021-12-30 12:05:00,346.646,346.883,346.646,346.883,1587
2021-12-30 12:10:00,346.98,346.98,346.764,346.794,3259
2021-12-30 12:15:00,346.828,347.002,346.596,346.596,7698
2021-12-30 12:20:00,346.469,346.545,346.469,346.545,950
2021-12-30 12:25:00,346.616,346.646,346.527,346.636,677
2021-12-30 12:30:00,346.651,347.091,346.651,346.864,4559
2021-12-30 12:35:00,346.804,346.923,346.745,346.923,1110
2021-12-30 12:40:00,346.774,346.834,346.636,346.68,3032
2021-12-30 12:45:00,346.755,347.042,346.755,346.893,2339
2021-12-30 12:50:00,347.091,347.111,346.943,346.943,2696
2021-12-30 12:55:00,346.943,346.943,346.745,346.784,3339
2021-12-30 13:00:00,347.052,347.128,347.022,347.091,1518
2021-12-30 13:05:00,347.166,347.2,347.151,347.19,1563
2021-12-30 13:10:00,347.281,347.438,347.281,347.428,895
2021-12-30 13:15:00,347.27,347.27,347.032,347.21,5377
2021-12-30 13:20:00,347.289,347.289,347.289,347.289,216
2021-12-30 13:25:00,347.171,347.389,347.022,347.19,6366
2021-12-30 13:30:00,347.111,347.111,346.883,346.883,1435
2021-12-30 13:35:00,346.834,346.943,346.745,346.745,2124
2021-12-30 13:40:00,346.923,347.037,346.923,347.037,1636
2021-12-30 13:45:00,347.131,347.136,347.131,347.136,643
2021-12-30 13:50:00,347.225,347.418,347.225,347.418,2155
2021-12-30 13:55:00,347.577,347.745,347.488,347.745,3297
2021-12-30 14:00:00,347.854,347.854,347.458,347.622,4223
2021-12-30 14:05:00,347.527,347.567,347.379,347.479,3640
2021-12-30 14:10:00,347.497,347.567,347.319,347.567,3811
2021-12-30 14:15:00,347.488,347.488,347.418,347.418,672
2021-12-30 14:20:00,347.662,347.662,347.329,347.359,4921
2021-12-30 14:25:00,347.423,347.597,347.22,347.22,3555
2021-12-30 14:30:00,347.2,347.319,347.141,347.319,818
2021-12-30 14:35:00,347.349,347.572,347.349,347.572,1112
2021-12-30 14:40:00,347.656,347.755,347.597,347.636,4759
2021-12-30 14:45:00,347.775,348.032,347.775,348.032,4536
2021-12-30 14:50:00,348.032,348.087,347.824,347.923,3863
2021-12-30 14:55:00,347.983,347.983,347.844,347.844,2788
2021-12-30 15:00:00,347.963,348.23,347.963,348.181,3547
2021-12-30 15:05:00,348.171,348.379,348.032,348.221,4547
2021-12-30 15:10:00,348.131,348.538,348.131,348.448,2386
2021-12-30 15:15:00,348.32,348.577,348.171,348.33,4669
2021-12-30 15:20:00,348.389,348.518,348.384,348.432,3111
2021-12-30 15:25:00,348.448,348.736,348.171,348.171,5947
2021-12-30 15:30:00,348.166,348.23,347.953,348.052,5628
2021-12-30 15:35:00,348.191,348.191,347.795,347.864,5314
2021-12-30 15:40:00,347.914,348.265,347.824,348.265,5306
2021-12-30 15:45:00,348.29,348.29,347.864,348.151,5794
2021-12-30 15:50:00,348.032,348.32,347.715,347.953,8830
2021-12-30 15:55:00,347.542,347.923,347.359,347.646,11675
2021-12-30 16:00:00,347.686,347.696,346.903,347.101,41047
2021-12-30 16:05:00,347.052,347.052,347.052,347.052,11748
2021-12-30 16:30:00,347.052,347.052,347.052,347.052,314
2021-12-31 09:35:00,346.269,347.021,346.002,346.507,7494
2021-12-31 09:40:00,346.309,346.705,345.952,346.688,8765
2021-12-31 09:45:00,347.21,347.834,346.695,347.724,5813
2021-12-31 09:50:00,347.458,347.458,346.249,346.339,4985
2021-12-31 09:55:00,346.873,346.873,345.937,345.942,4907
2021-12-31 10:00:00,346.031,346.626,346.031,346.418,4961
2021-12-31 10:05:00,346.43,346.725,346.061,346.368,9579
2021-12-31 10:10:00,346.378,346.66,346.114,346.398,6260
2021-12-31 10:15:00,346.239,346.844,346.239,346.784,7846
2021-12-31 10:20:00,346.656,347.126,346.596,347.101,6697
2021-12-31 10:25:00,346.977,347.686,346.977,347.497,2533
2021-12-31 10:30:00,347.79,348.141,347.725,347.725,3041
2021-12-31 10:35:00,347.725,347.894,347.032,347.032,5371
2021-12-31 10:40:00,346.893,347.369,346.725,347.289,4331
2021-12-31 10:45:00,347.369,347.706,347.21,347.686,5708
2021-12-31 10:50:00,347.894,348.037,347.894,347.914,2969
2021-12-31 10:55:00,348.188,348.25,347.502,347.682,6296
2021-12-31 11:00:00,347.824,347.824,347.537,347.824,4492
2021-12-31 11:05:00,347.918,348.032,347.339,347.339,6111
2021-12-31 11:10:00,347.418,347.735,347.26,347.275,7161
2021-12-31 11:15:00,347.398,347.943,347.352,347.725,8173
2021-12-31 11:20:00,347.656,347.805,347.51,347.577,4896
2021-12-31 11:25:00,347.676,347.765,347.468,347.468,3743
2021-12-31 11:30:00,347.458,347.458,347.151,347.28,2449
2021-12-31 11:35:00,347.23,347.25,347.011,347.195,4021
2021-12-31 11:40:00,347.205,347.319,346.903,347.28,13505
2021-12-31 11:45:00,347.418,347.686,347.364,347.369,3114
2021-12-31 11:50:00,347.497,347.497,347.2,347.309,7413
2021-12-31 11:55:00,347.25,347.884,347.25,347.357,6912
2021-12-31 12:00:00,347.449,347.834,347.334,347.334,3062
2021-12-31 12:05:00,347.379,347.933,347.359,347.933,4972
2021-12-31 12:10:00,348.102,348.493,348.102,348.493,9239
2021-12-31 12:15:00,348.359,348.557,348.131,348.409,6871
2021-12-31 12:20:00,348.28,348.439,348.28,348.364,2248
2021-12-31 12:25:00,348.627,348.914,348.498,348.914,7242
2021-12-31 12:30:00,348.929,348.978,348.77,348.77,2553
2021-12-31 12:35:00,348.874,348.884,348.627,348.726,2858
2021-12-31 12:40:00,348.76,348.894,348.656,348.656,3460
2021-12-31 12:45:00,348.686,348.924,348.686,348.868,5764
2021-12-31 12:50:00,348.83,348.83,348.676,348.785,1512
2021-12-31 12:55:00,349.092,349.092,348.964,349.023,2617
2021-12-31 13:00:00,349.102,349.409,348.964,349.35,3686
2021-12-31 13:05:00,349.33,349.34,349.29,349.32,3567
2021-12-31 13:10:00,349.36,349.38,348.706,348.817,7892
2021-12-31 13:15:00,348.686,349.429,348.582,349.394,6128
2021-12-31 13:20:00,349.354,349.409,349.236,349.409,2087
2021-12-31 13:25:00,349.32,349.687,349.32,349.35,2380
2021-12-31 13:30:00,349.389,349.563,349.271,349.563,2878
2021-12-31 13:35:00,349.647,349.647,349.29,349.444,3604
2021-12-31 13:40:00,349.523,349.523,349.36,349.439,2373
2021-12-31 13:45:00,349.389,349.389,348.845,349.092,4698
2021-12-31 13:50:00,349.038,349.038,348.518,348.835,9581
2021-12-31 13:55:00,348.706,349.063,348.706,348.964,6182
2021-12-31 14:00:00,349.092,349.152,348.874,349.082,9804
2021-12-31 14:05:00,349.092,349.172,348.993,348.993,6802
2021-12-31 14:10:00,349.003,349.271,349.003,349.211,6898
2021-12-31 14:15:00,349.226,349.35,349.072,349.127,4006
2021-12-31 14:20:00,349.142,349.142,348.686,348.711,4267
2021-12-31 14:25:00,348.651,348.904,348.651,348.84,4421
2021-12-31 14:30:00,348.835,348.914,348.32,348.607,6226
2021-12-31 14:35:00,348.726,348.915,348.726,348.879,2806
2021-12-31 14:40:00,348.874,349.162,348.726,349.162,4232
2021-12-31 14:45:00,349.063,349.241,348.909,348.909,3033
2021-12-31 14:50:00,349.092,349.097,348.805,348.869,3864
2021-12-31 14:55:00,348.751,348.751,348.627,348.627,877
2021-12-31 15:00:00,348.696,348.874,348.518,348.736,8124
2021-12-31 15:05:00,348.924,349.271,348.924,349.266,3698
2021-12-31 15:10:00,349.112,349.172,348.929,348.929,5228
2021-12-31 15:15:00,348.954,349.201,348.835,348.921,5719
2021-12-31 15:20:00,348.864,349.419,348.835,349.31,14278
2021-12-31 15:25:00,349.162,349.266,349.063,349.191,4683
2021-12-31 15:30:00,349.31,349.578,349.295,349.32,6570
2021-12-31 15:35:00,349.335,349.464,349.122,349.28,9743
2021-12-31 15:40:00,349.3,349.3,348.973,349.172,13215
2021-12-31 15:45:00,349.142,349.667,349.142,349.419,21929
2021-12-31 15:50:00,349.479,349.934,349.479,349.706,15976
2021-12-31 15:55:00,349.588,349.751,348.993,349.023,39080
2021-12-31 16:00:00,348.954,348.954,348.448,348.765,47857
2021-12-31 16:05:00,348.835,348.835,348.835,348.835,7784
2021-12-31 16:35:00,348.835,348.835,348.835,348.835,403
2022-01-03 06:30:00,351.648,351.648,351.648,351.648,130
2022-01-03 08:40:00,351.648,351.648,351.648,351.648,147
2022-01-03 09:30:00,346.18,346.18,345.041,345.358,1098
2022-01-03 09:35:00,345.189,347.076,344.664,346.611,47319
2022-01-03 09:40:00,346.433,346.685,343.951,344.167,9198
2022-01-03 09:45:00,344.407,344.635,344.045,344.34,6788
2022-01-03 09:50:00,344.208,344.208,341.732,341.901,13061
2022-01-03 09:55:00,341.762,343.189,341.663,343.189,9461
2022-01-03 10:00:00,342.862,342.926,341.841,342.051,11575
2022-01-03 10:05:00,341.96,342.188,340.128,340.128,12690
2022-01-03 10:10:00,340.331,340.861,339.9,339.91,12483
2022-01-03 10:15:00,340.048,340.722,339.672,340.029,15442
2022-01-03 10:20:00,340.177,340.722,339.702,340.673,19479
2022-01-03 10:25:00,340.673,340.95,339.514,339.672,20745
2022-01-03 10:30:00,339.692,339.979,338.444,338.622,20195
2022-01-03 10:35:00,338.394,338.622,337.394,337.958,23828
2022-01-03 10:40:00,337.815,337.949,336.676,337.141,24488
2022-01-03 10:45:00,337.181,337.215,335.908,335.908,15652
2022-01-03 10:50:00,336.324,337.225,336.091,336.775,12894
2022-01-03 10:55:00,336.482,336.621,335.898,336.047,11884
2022-01-03 11:00:00,335.856,336.037,335.338,335.442,18552
2022-01-03 11:05:00,335.522,335.66,334.125,334.165,18368
2022-01-03 11:10:00,334.066,334.155,332.822,333.347,31882
2022-01-03 11:15:00,333.501,334.016,333.199,333.62,17003
2022-01-03 11:20:00,333.521,333.986,333.095,333.654,16008
2022-01-03 11:25:00,333.64,333.669,333.036,333.242,28139
2022-01-03 11:30:00,333.318,334.343,332.867,333.778,33451
2022-01-03 11:35:00,333.754,333.754,333.233,333.496,15284
2022-01-03 11:40:00,333.471,333.471,332.352,332.431,20937
2022-01-03 11:45:00,332.788,333.922,332.703,333.352,23100
2022-01-03 11:50:00,333.432,333.709,333.016,333.372,11738
2022-01-03 11:55:00,333.311,333.833,333.154,333.768,6952
2022-01-03 12:00:00,333.62,334.189,333.204,334.174,16122
2022-01-03 12:05:00,333.996,334.006,333.075,333.486,19149
2022-01-03 12:10:00,333.362,334.491,333.293,334.313,17555
2022-01-03 12:15:00,334.313,335.135,334.313,334.917,11112
2022-01-03 12:20:00,335.016,335.021,334.115,334.858,18709
2022-01-03 12:25:00,334.997,335.413,334.363,335.116,7431
2022-01-03 12:30:00,334.937,335.264,334.858,335.264,10536
2022-01-03 12:35:00,335.12,335.12,334.315,334.491,7364
2022-01-03 12:40:00,334.462,334.591,334.155,334.199,6633
2022-01-03 12:45:00,334.171,334.422,333.986,334.392,8905
2022-01-03 12:50:00,334.392,334.65,334.264,334.323,5494
2022-01-03 12:55:00,334.462,334.62,333.912,333.912,6151
2022-01-03 13:00:00,334.006,334.219,333.818,333.942,14140
2022-01-03 13:05:00,333.981,334.085,333.828,334.075,3488
2022-01-03 13:10:00,334.075,334.343,334.006,334.036,6479
2022-01-03 13:15:00,333.996,334.412,333.996,334.105,10431
2022-01-03 13:20:00,334.105,334.105,333.139,333.139,12894
2022-01-03 13:25:00,333.224,333.243,333.045,333.11,9099
2022-01-03 13:30:00,333.075,333.075,332.51,332.595,11033
2022-01-03 13:35:00,332.595,332.867,332.273,332.699,13509
2022-01-03 13:40:00,332.669,332.689,332.253,332.391,17465
2022-01-03 13:45:00,332.446,332.827,332.193,332.827,6647
2022-01-03 13:50:00,333.085,333.521,332.976,333.417,6699
2022-01-03 13:55:00,333.456,333.654,333.273,333.654,11564
2022-01-03 14:00:00,333.649,334.868,333.521,334.838,9433
2022-01-03 14:05:00,334.709,335.17,334.69,335.17,8781
2022-01-03 14:10:00,335.076,335.155,334.759,334.888,10715
2022-01-03 14:15:00,334.927,335.056,334.789,335.031,15648
2022-01-03 14:20:00,334.957,335.393,334.868,335.15,7886
2022-01-03 14:25:00,335.18,335.383,334.927,335.309,6191
2022-01-03 14:30:00,335.304,335.482,335.125,335.254,24361
2022-01-03 14:35:00,335.215,335.411,334.987,335.234,6146
2022-01-03 14:40:00,335.264,335.452,335.254,335.452,9078
2022-01-03 14:45:00,335.591,336.512,335.532,336.512,12750
2022-01-03 14:50:00,336.423,336.423,335.631,335.72,11538
2022-01-03 14:55:00,335.774,335.977,335.67,335.809,6487
2022-01-03 15:00:00,335.631,335.749,335.442,335.571,7951
2022-01-03 15:05:00,335.69,335.69,335.244,335.502,6300
2022-01-03 15:10:00,335.576,335.576,335.338,335.432,6468
2022-01-03 15:15:00,335.512,335.819,335.512,335.561,10103
2022-01-03 15:20:00,335.633,335.633,335.324,335.432,8115
2022-01-03 15:25:00,335.437,335.626,335.401,335.541,12077
2022-01-03 15:30:00,335.551,335.621,335.264,335.471,12148
2022-01-03 15:35:00,335.472,335.472,335.026,335.244,13313
2022-01-03 15:40:00,335.314,335.858,335.244,335.373,20450
2022-01-03 15:45:00,335.423,335.428,334.511,334.511,21230
2022-01-03 15:50:00,334.551,335.423,334.435,335.324,30116
2022-01-03 15:55:00,335.799,336.007,335.343,335.532,52270
2022-01-03 16:00:00,335.611,336.156,335.046,335.918,143051
2022-01-03 16:05:00,335.918,335.918,335.918,335.918,27088
2022-01-03 16:20:00,335.918,335.918,335.918,335.918,1800
2022-01-04 04:15:00,334.313,334.313,334.313,334.313,178
2022-01-04 07:30:00,331.341,331.341,331.341,331.341,179
2022-01-04 07:45:00,329.856,329.856,329.856,329.856,192
2022-01-04 08:35:00,329.856,329.856,329.856,329.856,763
2022-01-04 08:40:00,331.837,331.837,331.837,331.837,712
2022-01-04 08:45:00,331.837,331.837,331.837,331.837,311
2022-01-04 09:25:00,333.045,333.045,330.47,330.846,3037
2022-01-04 09:35:00,331.163,334.491,329.856,331.114,76104
2022-01-04 09:40:00,331.693,332.481,330.197,330.197,32567
2022-01-04 09:45:00,330.197,330.747,329.261,330.668,27002
2022-01-04 09:50:00,330.797,331.297,330.044,330.178,19598
2022-01-04 09:55:00,330.212,331.995,329.945,331.876,17918
2022-01-04 10:00:00,331.871,332.287,331.341,331.52,21884
2022-01-04 10:05:00,331.341,332.827,331.282,332.079,19008
2022-01-04 10:10:00,332.215,332.708,331.906,332.441,15221
2022-01-04 10:15:00,332.798,332.827,332.208,332.426,12848
2022-01-04 10:20:00,332.728,333.461,332.644,333.124,16423
2022-01-04 10:25:00,333.199,334.036,332.263,332.287,22194
2022-01-04 10:30:00,332.302,333.362,332.055,332.867,19910
2022-01-04 10:35:00,333.486,333.741,332.679,333.397,19032
2022-01-04 10:40:00,333.407,333.937,333.273,333.481,26127
2022-01-04 10:45:00,333.422,333.828,331.966,332.233,18015
2022-01-04 10:50:00,332.094,332.51,331.322,331.51,19078
2022-01-04 10:55:00,331.837,331.985,330.856,331.252,18170
2022-01-04 11:00:00,331.584,332.387,330.856,331.569,27171
2022-01-04 11:05:00,331.604,332.193,330.886,331.975,27000
2022-01-04 11:10:00,331.995,332.183,331.668,332.104,14830
2022-01-04 11:15:00,331.985,332.043,330.351,331.133,26200
2022-01-04 11:20:00,331.133,331.45,330.935,331.371,11443
2022-01-04 11:25:00,331.223,331.391,330.628,330.906,14827
2022-01-04 11:30:00,331.001,331.906,330.955,331.302,19548
2022-01-04 11:35:00,331.54,332.738,331.302,332.738,16444
2022-01-04 11:40:00,332.629,332.669,330.658,330.658,20172
2022-01-04 11:45:00,330.683,331.133,330.083,330.683,22117
2022-01-04 11:50:00,330.509,330.955,330.41,330.41,12807
2022-01-04 11:55:00,330.747,330.777,329.856,330.598,16136
2022-01-04 12:00:00,330.589,331.599,330.43,331.396,9498
2022-01-04 12:05:00,331.193,331.223,330.727,331.133,11249
2022-01-04 12:10:00,331.143,331.569,331.143,331.312,8897
2022-01-04 12:15:00,331.455,332.475,331.455,331.649,5588
2022-01-04 12:20:00,331.946,332.193,331.361,331.371,23673
2022-01-04 12:25:00,331.49,331.668,331.332,331.54,7577
2022-01-04 12:30:00,331.545,331.767,331.119,331.198,8240
2022-01-04 12:35:00,331.203,331.242,330.727,330.727,7819
2022-01-04 12:40:00,330.851,331.143,330.737,330.995,8009
2022-01-04 12:45:00,331.079,331.609,331.079,331.183,12422
2022-01-04 12:50:00,330.945,331.034,330.579,330.579,11326
2022-01-04 12:55:00,330.579,330.945,330.331,330.945,6979
2022-01-04 13:00:00,330.816,331.064,330.351,330.896,11658
2022-01-04 13:05:00,330.896,331.223,330.767,331.094,9242
2022-01-04 13:10:00,331.193,331.609,330.717,331.322,8084
2022-01-04 13:15:00,331.153,331.733,331.108,331.108,10102
2022-01-04 13:20:00,331.256,331.287,331.005,331.267,9648
2022-01-04 13:25:00,331.287,332.193,331.287,331.668,10033
2022-01-04 13:30:00,331.758,332.02,331.213,331.252,10824
2022-01-04 13:35:00,331.044,331.114,330.559,330.846,8042
2022-01-04 13:40:00,330.985,331.401,330.816,331.401,11990
2022-01-04 13:45:00,331.133,331.262,330.45,330.737,12363
2022-01-04 13:50:00,330.618,331.069,330.618,330.995,6166
2022-01-04 13:55:00,330.888,331.094,330.732,330.896,6703
2022-01-04 14:00:00,330.747,331.112,330.599,330.846,10251
2022-01-04 14:05:00,330.955,331.609,330.955,331.609,9262
2022-01-04 14:10:00,331.634,331.634,330.916,331.213,15363
2022-01-04 14:15:00,331.193,331.49,330.892,330.892,9913
2022-01-04 14:20:00,330.876,331.48,330.876,331.168,13288
2022-01-04 14:25:00,331.064,331.401,330.906,330.906,12285
2022-01-04 14:30:00,331.044,331.341,330.935,331.094,12158
2022-01-04 14:35:00,331.252,332.031,331.233,331.589,10062
2022-01-04 14:40:00,331.787,331.787,331.213,331.252,8698
2022-01-04 14:45:00,331.346,331.874,331.332,331.874,16088
2022-01-04 14:50:00,331.792,331.827,331.183,331.411,14790
2022-01-04 14:55:00,331.639,331.969,331.213,331.371,16501
2022-01-04 15:00:00,331.361,331.361,331.064,331.064,10659
2022-01-04 15:05:00,331.242,331.49,331.054,331.124,8478
2022-01-04 15:10:00,331.218,331.52,331.218,331.302,11835
2022-01-04 15:15:00,331.213,331.421,331.114,331.203,14752
2022-01-04 15:20:00,331.104,331.366,330.262,330.524,22675
2022-01-04 15:25:00,330.381,331.569,330.311,331.569,17239
2022-01-04 15:30:00,331.422,331.748,331.411,331.629,11423
2022-01-04 15:35:00,331.51,331.629,330.628,331.401,41352
2022-01-04 15:40:00,331.48,331.767,330.985,330.985,27042
2022-01-04 15:45:00,331.143,331.797,330.985,331.629,33200
2022-01-04 15:50:00,331.663,332.193,331.559,331.961,31314
2022-01-04 15:55:00,332.054,332.649,331.916,331.956,44133
2022-01-04 16:00:00,331.956,332.892,331.55,332.54,117218
2022-01-04 16:05:00,332.55,332.55,332.55,332.55,23341
2022-01-04 16:10:00,332.55,332.55,332.55,332.55,5982
2022-01-04 19:40:00,332.56,332.56,332.55,332.55,205
2022-01-05 09:35:00,333.352,334.432,332.243,333.105,19823
2022-01-05 09:40:00,333.065,333.065,330.836,331.891,8006
2022-01-05 09:45:00,332.471,332.565,331.406,332.387,9950
2022-01-05 09:50:00,332.461,332.827,331.262,332.228,6504
2022-01-05 09:55:00,332.832,333.352,332.134,332.877,38815
2022-01-05 10:00:00,333.035,333.441,332.51,332.758,15965
2022-01-05 10:05:00,332.867,333.06,331.748,332.723,9511
2022-01-05 10:10:00,333.055,333.184,332.639,332.639,8164
2022-01-05 10:15:00,332.54,333.461,332.297,333.273,21729
2022-01-05 10:20:00,333.541,334.5,333.333,333.962,15835
2022-01-05 10:25:00,334.11,334.491,333.659,333.947,35614
2022-01-05 10:30:00,334.135,335.116,333.828,334.888,18269
2022-01-05 10:35:00,335.031,335.948,334.908,335.908,25180
2022-01-05 10:40:00,335.997,336.18,335.581,335.943,14388
2022-01-05 10:45:00,336.126,336.403,335.581,335.769,25873
2022-01-05 10:50:00,335.73,336.007,335.541,335.868,10314
2022-01-05 10:55:00,335.987,336.265,335.749,336.235,7747
2022-01-05 11:00:00,336.255,336.879,336.255,336.71,12309
2022-01-05 11:05:00,336.795,336.899,336.522,336.75,6579
2022-01-05 11:10:00,336.879,336.998,336.314,336.998,9561
2022-01-05 11:15:00,336.809,337.315,336.79,337.146,11766
2022-01-05 11:20:00,337.255,338.246,337.255,338.067,7126
2022-01-05 11:25:00,337.951,338.166,337.77,337.889,6567
2022-01-05 11:30:00,337.879,338.107,337.673,337.874,7910
2022-01-05 11:35:00,337.958,337.958,337.651,337.651,5990
2022-01-05 11:40:00,337.651,337.736,337.007,337.394,8051
2022-01-05 11:45:00,337.364,337.414,336.651,336.928,7406
2022-01-05 11:50:00,336.993,337.448,336.993,337.448,3516
2022-01-05 11:55:00,337.305,337.666,337.116,337.493,6038
2022-01-05 12:00:00,337.513,338.097,337.295,337.968,8021
2022-01-05 12:05:00,337.978,338.379,337.978,338.226,4696
2022-01-05 12:10:00,338.327,338.345,338.057,338.122,4999
2022-01-05 12:15:00,338.117,338.523,338.117,338.285,5440
2022-01-05 12:20:00,338.295,339.128,338.246,339.003,22178
2022-01-05 12:25:00,338.989,339.335,338.612,338.612,14910
2022-01-05 12:30:00,338.83,339.127,338.672,338.924,7662
2022-01-05 12:35:00,339.231,339.231,339.018,339.167,9526
2022-01-05 12:40:00,339.147,339.147,338.553,338.83,8004
2022-01-05 12:45:00,338.573,338.632,338.305,338.394,7428
2022-01-05 12:50:00,338.374,338.374,338.137,338.295,6398
2022-01-05 12:55:00,338.454,339.028,338.414,339.028,4115
2022-01-05 13:00:00,339.107,339.107,338.573,338.573,6919
2022-01-05 13:05:00,338.424,338.969,338.369,338.899,5622
2022-01-05 13:10:00,339.078,339.078,338.622,338.622,5499
2022-01-05 13:15:00,338.543,338.597,338.295,338.295,5679
2022-01-05 13:20:00,338.414,338.474,337.77,337.81,6604
2022-01-05 13:25:00,337.889,338.161,337.889,338.057,5626
2022-01-05 13:30:00,337.889,337.914,337.572,337.641,5502
2022-01-05 13:35:00,337.83,338.038,337.305,337.364,13495
2022-01-05 13:40:00,337.265,337.78,337.225,337.78,6654
2022-01-05 13:45:00,337.958,338.181,337.849,337.859,5637
2022-01-05 13:50:00,337.79,337.978,337.691,337.82,5988
2022-01-05 13:55:00,337.949,337.981,337.75,337.78,6388
2022-01-05 14:00:00,337.83,337.993,337.622,337.75,7768
2022-01-05 14:05:00,337.825,338.345,337.324,337.557,13244
2022-01-05 14:10:00,337.453,337.503,336.433,336.601,7343
2022-01-05 14:15:00,336.468,336.705,335.641,335.948,15421
2022-01-05 14:20:00,336.076,336.443,335.888,336.131,6369
2022-01-05 14:25:00,336.156,336.453,336.061,336.066,9104
2022-01-05 14:30:00,336.071,336.354,335.601,335.868,11996
2022-01-05 14:35:00,335.749,336.175,335.324,335.324,10406
2022-01-05 14:40:00,335.193,335.762,334.739,335.046,8475
2022-01-05 14:45:00,335.135,335.135,334.264,334.417,11608
2022-01-05 14:50:00,334.69,335.195,334.521,334.908,9988
2022-01-05 14:55:00,334.892,334.892,333.957,334.224,32274
2022-01-05 15:00:00,334.115,334.521,333.867,334.511,16898
2022-01-05 15:05:00,334.462,334.541,333.729,333.729,14566
2022-01-05 15:10:00,333.808,333.957,332.986,333.313,15240
2022-01-05 15:15:00,333.313,333.837,332.892,333.006,13788
2022-01-05 15:20:00,332.996,333.422,332.649,333.422,30853
2022-01-05 15:25:00,333.303,333.412,332.471,332.892,18091
2022-01-05 15:30:00,332.758,334.016,332.758,333.828,14374
2022-01-05 15:35:00,333.61,333.957,333.402,333.64,19776
2022-01-05 15:40:00,333.719,334.105,333.323,334.016,18326
2022-01-05 15:45:00,334.075,334.283,333.818,333.887,14518
2022-01-05 15:50:00,333.768,333.858,333.253,333.387,20722
2022-01-05 15:55:00,333.432,334.026,333.352,333.808,29712
2022-01-05 16:00:00,333.799,333.867,333.115,333.313,86937
2022-01-05 16:05:00,333.174,333.174,333.174,333.174,24018
2022-01-05 16:10:00,332.373,332.373,332.373,332.373,173
2022-01-05 17:05:00,333.174,333.174,333.174,333.174,12345
2022-01-05 19:25:00,333.174,333.174,333.174,333.174,444
2022-01-06 09:35:00,332.689,333.422,330.787,331.55,22046
2022-01-06 09:40:00,331.688,332.441,331.658,332.134,7279
2022-01-06 09:45:00,332.773,333.374,332.471,332.961,10919
2022-01-06 09:50:00,332.852,332.857,330.46,330.46,16163
2022-01-06 09:55:00,330.536,332.302,330.536,331.961,16140
2022-01-06 10:00:00,332.203,332.203,330.341,330.737,12285
2022-01-06 10:05:00,331.054,331.52,330.747,331.094,18086
2022-01-06 10:10:00,331.044,332.322,330.975,332.154,5754
2022-01-06 10:15:00,332.421,332.956,332.104,332.946,11623
2022-01-06 10:20:00,333.416,334.125,332.886,332.886,12507
2022-01-06 10:25:00,333.075,333.352,332.129,332.129,10855
2022-01-06 10:30:00,331.946,332.718,331.946,332.322,6141
2022-01-06 10:35:00,332.441,333.224,332.441,332.644,8528
2022-01-06 10:40:00,332.451,333.124,332.144,332.996,11858
2022-01-06 10:45:00,333.194,334.115,332.996,333.942,4422
2022-01-06 10:50:00,334.105,334.278,333.57,334.125,9842
2022-01-06 10:55:00,333.749,333.931,333.372,333.446,2553
2022-01-06 11:00:00,333.446,333.947,332.56,332.56,11444
2022-01-06 11:05:00,332.684,332.684,332.174,332.372,3906
2022-01-06 11:10:00,332.411,332.411,331.208,331.718,12140
2022-01-06 11:15:00,331.599,332.233,331.47,332.233,6005
2022-01-06 11:20:00,332.263,332.738,331.322,331.322,6099
2022-01-06 11:25:00,331.629,332.183,331.629,331.985,12693
2022-01-06 11:30:00,331.787,332.401,331.758,332.401,4491
2022-01-06 11:35:00,332.5,332.52,332.208,332.391,7667
2022-01-06 11:40:00,332.441,332.966,332.431,332.588,4235
2022-01-06 11:45:00,332.679,333.194,332.679,333.035,4180
2022-01-06 11:50:00,332.922,333.055,332.134,332.273,7427
2022-01-06 11:55:00,332.223,332.362,331.658,332.342,5044
2022-01-06 12:00:00,332.223,332.857,332.035,332.857,9121
2022-01-06 12:05:00,332.52,332.639,332.243,332.382,6120
2022-01-06 12:10:00,332.253,332.481,331.822,332.411,12656
2022-01-06 12:15:00,332.164,332.164,331.688,331.995,6550
2022-01-06 12:20:00,331.911,332.065,331.698,331.698,2788
2022-01-06 12:25:00,331.731,332.396,331.728,332.253,4749
2022-01-06 12:30:00,332.381,332.54,331.995,332.342,2946
2022-01-06 12:35:00,332.332,332.647,332.332,332.647,3304
2022-01-06 12:40:00,332.619,332.684,332.233,332.233,5626
2022-01-06 12:45:00,332.233,332.6,332.233,332.54,3109
2022-01-06 12:50:00,332.738,333.402,332.738,333.402,6270
2022-01-06 12:55:00,333.293,333.59,332.916,333.59,3239
2022-01-06 13:00:00,333.496,333.64,333.115,333.362,6512
2022-01-06 13:05:00,333.422,333.61,333.065,333.333,4712
2022-01-06 13:10:00,333.689,333.689,333.243,333.402,3971
2022-01-06 13:15:00,333.521,333.521,333.134,333.372,6394
2022-01-06 13:20:00,333.253,333.283,332.733,333.124,8036
2022-01-06 13:25:00,333.224,333.224,332.539,332.649,3231
2022-01-06 13:30:00,332.59,332.629,332.065,332.065,7820
2022-01-06 13:35:00,332.005,332.005,331.133,331.217,12104
2022-01-06 13:40:00,331.247,331.391,330.192,330.514,8191
2022-01-06 13:45:00,330.519,330.688,330.247,330.534,10569
2022-01-06 13:50:00,330.475,330.658,330.004,330.034,8314
2022-01-06 13:55:00,329.994,330.704,329.994,330.599,3976
2022-01-06 14:00:00,330.47,330.836,330.391,330.708,7135
2022-01-06 14:05:00,330.608,330.717,330.4,330.564,8262
2022-01-06 14:10:00,330.688,331.044,330.579,331.044,6262
2022-01-06 14:15:00,331.039,331.431,330.925,331.079,6126
2022-01-06 14:20:00,331.025,331.252,330.847,330.925,5118
2022-01-06 14:25:00,330.836,331.049,330.698,331.049,4070
2022-01-06 14:30:00,331.074,331.599,331.074,331.431,3865
2022-01-06 14:35:00,331.589,331.678,331.203,331.411,8111
2022-01-06 14:40:00,331.569,331.985,331.47,331.629,3670
2022-01-06 14:45:00,331.51,331.708,331.233,331.579,7764
2022-01-06 14:50:00,331.599,331.802,331.55,331.698,7372
2022-01-06 14:55:00,331.708,331.896,331.579,331.832,6832
2022-01-06 15:00:00,331.936,332.164,331.896,331.896,5221
2022-01-06 15:05:00,331.985,332.223,331.876,332.005,9839
2022-01-06 15:10:00,331.966,332.084,331.698,331.698,8974
2022-01-06 15:15:00,331.708,331.926,331.589,331.708,10016
2022-01-06 15:20:00,331.609,331.646,330.935,331.272,9610
2022-01-06 15:25:00,331.163,331.233,330.886,330.916,8754
2022-01-06 15:30:00,330.96,331.064,330.816,330.916,7138
2022-01-06 15:35:00,330.876,330.935,330.415,330.891,16611
2022-01-06 15:40:00,330.891,331.074,330.539,330.816,15469
2022-01-06 15:45:00,330.757,331.104,329.955,330.485,32840
2022-01-06 15:50:00,330.554,330.857,330.43,330.43,14651
2022-01-06 15:55:00,330.301,330.826,330.252,330.5,24477
2022-01-06 16:00:00,330.544,330.544,329.707,330.41,95336
2022-01-06 16:05:00,330.41,330.41,330.41,330.41,21642
2022-01-07 09:35:00,329.856,330.029,326.904,328.484,17720
2022-01-07 09:40:00,328.419,328.419,327.27,327.974,5686
2022-01-07 09:45:00,328.291,328.291,326.547,327.231,11118
2022-01-07 09:50:00,327.231,327.468,325.933,326.443,13178
2022-01-07 09:55:00,326.319,326.409,325.17,325.68,20244
2022-01-07 10:00:00,325.671,325.834,324.913,325.235,14644
2022-01-07 10:05:00,325.378,325.893,325.282,325.893,4151
2022-01-07 10:10:00,325.775,325.814,325.079,325.497,9326
2022-01-07 10:15:00,325.507,325.507,325.002,325.002,7221
2022-01-07 10:20:00,325.245,325.245,324.427,324.908,11755
2022-01-07 10:25:00,325.091,325.475,324.462,324.576,12246
2022-01-07 10:30:00,324.447,324.626,324.2,324.586,13887
2022-01-07 10:35:00,324.725,325.22,324.669,324.804,8263
2022-01-07 10:40:00,324.814,324.923,324.576,324.655,9981
2022-01-07 10:45:00,324.764,325.284,324.437,324.645,17402
2022-01-07 10:50:00,324.576,324.685,324.066,324.18,6706
2022-01-07 10:55:00,323.982,324.209,323.665,324.13,8708
2022-01-07 11:00:00,324.328,324.417,323.932,323.962,9847
2022-01-07 11:05:00,324.219,325.359,324.219,324.507,8963
2022-01-07 11:10:00,324.635,324.635,323.992,324.487,12351
2022-01-07 11:15:00,324.239,324.249,323.803,324.13,9545
2022-01-07 11:20:00,324.2,324.2,323.179,323.199,13125
2022-01-07 11:25:00,323.402,324.445,323.402,323.546,6718
2022-01-07 11:30:00,323.536,324.294,323.249,324.14,7174
2022-01-07 11:35:00,324.239,324.239,323.447,323.774,8907
2022-01-07 11:40:00,323.576,323.684,323.556,323.644,3287
2022-01-07 11:45:00,323.546,323.635,323.14,323.397,10729
2022-01-07 11:50:00,323.769,323.957,323.447,323.957,4583
2022-01-07 11:55:00,323.992,324.15,323.873,324.15,13026
2022-01-07 12:00:00,324.475,324.824,324.219,324.219,7166
2022-01-07 12:05:00,324.487,324.526,324.328,324.378,3991
2022-01-07 12:10:00,324.497,324.497,324.18,324.427,6304
2022-01-07 12:15:00,324.14,324.155,323.843,323.883,6291
2022-01-07 12:20:00,323.962,324.051,323.605,323.863,5921
2022-01-07 12:25:00,323.803,323.982,323.689,323.689,3993
2022-01-07 12:30:00,323.645,323.645,323.021,323.348,11584
2022-01-07 12:35:00,323.219,323.219,322.179,322.327,20117
2022-01-07 12:40:00,322.258,322.679,321.476,321.684,29657
2022-01-07 12:45:00,321.911,322.01,321.565,321.565,8722
2022-01-07 12:50:00,321.585,322.159,321.565,321.966,11250
2022-01-07 12:55:00,322.008,322.238,321.931,322.209,7280
2022-01-07 13:00:00,322.228,322.228,321.783,322.218,10902
2022-01-07 13:05:00,322.08,322.08,321.575,321.753,5844
2022-01-07 13:10:00,321.713,321.931,321.545,321.931,4907
2022-01-07 13:15:00,322.03,322.417,321.941,322.159,14947
2022-01-07 13:20:00,322.1,322.129,321.76,321.842,9578
2022-01-07 13:25:00,321.882,322.109,321.545,321.743,11466
2022-01-07 13:30:00,321.812,321.981,321.594,321.981,12116
2022-01-07 13:35:00,321.971,322.258,321.743,321.837,19943
2022-01-07 13:40:00,321.892,322.238,321.713,321.817,13627
2022-01-07 13:45:00,321.817,322.293,321.793,322.07,9855
2022-01-07 13:50:00,322.03,322.236,322.03,322.144,5560
2022-01-07 13:55:00,322.02,322.278,321.842,322.139,8459
2022-01-07 14:00:00,322.09,322.248,321.996,322.025,8103
2022-01-07 14:05:00,322.025,322.09,321.793,321.832,9215
2022-01-07 14:10:00,321.773,322.268,321.753,321.966,13295
2022-01-07 14:15:00,322.03,322.09,321.862,321.862,7393
2022-01-07 14:20:00,321.842,321.842,321.188,321.416,18929
2022-01-07 14:25:00,321.396,321.535,321.134,321.317,10260
2022-01-07 14:30:00,321.238,321.644,321.129,321.466,13559
2022-01-07 14:35:00,321.406,321.56,321.258,321.268,7273
2022-01-07 14:40:00,321.228,321.614,321.198,321.614,9595
2022-01-07 14:45:00,321.693,322.119,321.689,322.02,8779
2022-01-07 14:50:00,322.159,322.625,322.114,322.486,12602
2022-01-07 14:55:00,322.268,322.496,322.258,322.471,6422
2022-01-07 15:00:00,322.526,322.664,322.471,322.664,6431
2022-01-07 15:05:00,322.654,322.833,322.55,322.565,9192
2022-01-07 15:10:00,322.585,322.585,322.278,322.387,9660
2022-01-07 15:15:00,322.446,322.446,321.892,321.981,11582
2022-01-07 15:20:00,321.971,322.139,321.743,322.06,10520
2022-01-07 15:25:00,322.06,322.119,321.793,321.793,9098
2022-01-07 15:30:00,321.763,321.921,321.391,321.575,13638
2022-01-07 15:35:00,321.456,321.733,321.238,321.372,16047
2022-01-07 15:40:00,321.367,321.812,321.352,321.614,12643
2022-01-07 15:45:00,321.624,321.916,321.456,321.456,18578
2022-01-07 15:50:00,321.414,321.446,321.03,321.188,43204
2022-01-07 15:55:00,321.218,321.218,320.336,320.406,51525
2022-01-07 16:00:00,320.455,320.584,319.643,320.178,167260
2022-01-07 16:05:00,320.168,320.168,320.168,320.168,17307
2022-01-07 16:35:00,320.168,320.168,320.168,320.168,172
2022-01-07 19:55:00,319.455,320.931,319.455,320.931,4098
2022-01-07 20:00:00,320.931,320.931,320.931,320.931,1600
2022-01-10 07:40:00,318.96,318.96,318.96,318.96,202
2022-01-10 09:35:00,319.257,319.554,316.216,316.602,43064
2022-01-10 09:40:00,316.701,317.692,316.226,317.177,13365
2022-01-10 09:45:00,316.899,317.345,316.235,317.127,11686
2022-01-10 09:50:00,316.731,316.731,314.502,314.677,35684
2022-01-10 09:55:00,314.482,315.938,314.076,315.938,21505
2022-01-10 10:00:00,315.71,316.812,315.522,316.652,12797
2022-01-10 10:05:00,316.572,317.573,316.478,317.573,12716
2022-01-10 10:10:00,317.711,318.742,317.345,318.425,19806
2022-01-10 10:15:00,318.4,318.415,317.127,317.127,13122
2022-01-10 10:20:00,317.038,318.137,316.721,317.612,17531
2022-01-10 10:25:00,317.88,318.514,317.82,318.514,16134
2022-01-10 10:30:00,318.841,319.029,318.583,318.91,15191
2022-01-10 10:35:00,318.821,319.405,318.811,318.836,7795
2022-01-10 10:40:00,318.662,319.514,318.662,318.682,18409
2022-01-10 10:45:00,318.534,318.534,317.543,317.622,13531
2022-01-10 10:50:00,317.632,317.89,316.612,317.097,16335
2022-01-10 10:55:00,317.201,317.849,317.196,317.474,11086
2022-01-10 11:00:00,317.593,318.108,317.261,317.766,7143
2022-01-10 11:05:00,317.82,317.91,316.899,317.127,11680
2022-01-10 11:10:00,317.251,318.053,317.196,318.053,6478
2022-01-10 11:15:00,317.969,319.088,317.929,318.9,28648
2022-01-10 11:20:00,318.811,319.405,318.494,318.96,10317
2022-01-10 11:25:00,318.89,319.801,318.89,319.801,10639
2022-01-10 11:30:00,319.712,320.247,319.584,319.846,21663
2022-01-10 11:35:00,319.821,319.99,318.088,318.088,9807
2022-01-10 11:40:00,318.207,318.405,317.573,317.88,12658
2022-01-10 11:45:00,317.746,317.746,317.206,317.484,6660
2022-01-10 11:50:00,317.305,317.305,316.929,317.241,6963
2022-01-10 11:55:00,317.409,317.424,316.335,316.444,9923
2022-01-10 12:00:00,316.191,317.226,316.077,317.226,11374
2022-01-10 12:05:00,317.211,317.335,316.909,316.964,9862
2022-01-10 12:10:00,316.973,316.973,316.335,316.502,10914
2022-01-10 12:15:00,316.483,316.503,316.037,316.463,11253
2022-01-10 12:20:00,316.354,316.701,316.325,316.637,5905
2022-01-10 12:25:00,316.473,317.489,316.444,317.484,9908
2022-01-10 12:30:00,317.493,317.771,317.216,317.68,8627
2022-01-10 12:35:00,317.642,317.817,317.157,317.157,3904
2022-01-10 12:40:00,317.226,317.276,317.008,317.008,4102
2022-01-10 12:45:00,316.919,317.984,316.869,317.665,7815
2022-01-10 12:50:00,317.682,318.137,317.682,317.959,5297
2022-01-10 12:55:00,318.028,319.197,317.939,318.742,7943
2022-01-10 13:00:00,318.88,318.979,318.435,318.444,4816
2022-01-10 13:05:00,318.603,318.95,318.593,318.613,5680
2022-01-10 13:10:00,318.752,318.992,318.514,318.524,6111
2022-01-10 13:15:00,318.781,318.94,318.756,318.86,3341
2022-01-10 13:20:00,318.753,318.851,318.454,318.553,6231
2022-01-10 13:25:00,318.776,319.39,318.568,319.207,7137
2022-01-10 13:30:00,319.088,319.366,318.86,319.232,7983
2022-01-10 13:35:00,319.078,319.093,318.127,318.316,11859
2022-01-10 13:40:00,318.384,318.415,318.098,318.207,3689
2022-01-10 13:45:00,318.217,318.761,318.207,318.761,3469
2022-01-10 13:50:00,318.91,319.098,318.667,318.977,7772
2022-01-10 13:55:00,319.039,319.306,318.801,319.301,9704
2022-01-10 14:00:00,319.221,319.613,318.781,319.177,14715
2022-01-10 14:05:00,318.989,319.593,318.95,319.524,6940
2022-01-10 14:10:00,319.485,319.613,319.227,319.603,14968
2022-01-10 14:15:00,319.62,319.925,319.267,319.925,10312
2022-01-10 14:20:00,319.811,320.287,319.693,319.99,9772
2022-01-10 14:25:00,319.99,319.99,319.286,319.584,8169
2022-01-10 14:30:00,319.48,320.0,319.385,319.851,9338
2022-01-10 14:35:00,319.683,319.861,319.257,319.366,11126
2022-01-10 14:40:00,319.356,319.385,318.999,319.163,11365
2022-01-10 14:45:00,319.257,320.069,319.257,319.821,41027
2022-01-10 14:50:00,319.881,319.98,319.439,319.439,10622
2022-01-10 14:55:00,319.41,319.653,319.014,319.059,7475
2022-01-10 15:00:00,319.197,319.91,319.177,319.806,7034
2022-01-10 15:05:00,319.841,320.079,319.613,319.693,9282
2022-01-10 15:10:00,319.693,319.693,318.88,319.158,15237
2022-01-10 15:15:00,319.306,319.648,319.049,319.138,8340
2022-01-10 15:20:00,319.049,319.296,318.831,318.989,9489
2022-01-10 15:25:00,318.999,319.138,318.613,318.9,21924
2022-01-10 15:30:00,318.851,319.098,318.761,319.029,20222
2022-01-10 15:35:00,318.92,319.217,318.583,319.059,16935
2022-01-10 15:40:00,319.059,319.168,318.682,318.682,25234
2022-01-10 15:45:00,318.613,318.92,317.919,318.266,27167
2022-01-10 15:50:00,318.256,318.86,318.227,318.841,26903
2022-01-10 15:55:00,318.92,319.182,318.722,319.118,59999
2022-01-10 16:00:00,319.148,320.406,319.148,320.128,123109
2022-01-10 16:05:00,320.247,320.247,320.247,320.247,14734
2022-01-11 08:25:00,336.202,336.202,336.202,336.202,300
2022-01-11 09:35:00,320.366,320.371,317.929,317.929,29088
2022-01-11 09:40:00,317.999,318.256,317.414,317.979,6731
2022-01-11 09:45:00,317.959,317.959,315.988,316.652,23952
2022-01-11 09:50:00,316.493,316.493,315.641,315.681,3613
2022-01-11 09:55:00,315.299,316.473,315.062,315.919,10149
2022-01-11 10:00:00,315.735,316.82,315.314,316.642,8162
2022-01-11 10:05:00,316.523,316.959,316.196,316.959,6873
2022-01-11 10:10:00,317.523,318.345,317.523,318.227,6100
2022-01-11 10:15:00,318.514,318.742,317.721,317.721,9591
2022-01-11 10:20:00,317.801,318.424,317.662,318.424,3723
2022-01-11 10:25:00,318.068,318.231,317.206,318.098,10634
2022-01-11 10:30:00,317.919,318.177,317.622,317.652,4336
2022-01-11 10:35:00,317.434,318.236,317.226,317.295,8456
2022-01-11 10:40:00,316.978,317.85,316.954,317.385,21168
2022-01-11 10:45:00,317.618,317.618,316.28,316.582,9118
2022-01-11 10:50:00,317.127,318.157,317.127,317.602,5721
2022-01-11 10:55:00,317.345,317.959,317.345,317.959,4300
2022-01-11 11:00:00,317.81,318.404,317.756,317.939,8258
2022-01-11 11:05:00,317.969,318.068,317.553,317.553,11750
2022-01-11 11:10:00,317.786,318.276,317.786,317.9,7982
2022-01-11 11:15:00,318.137,318.593,318.127,318.385,5683
2022-01-11 11:20:00,318.365,318.593,318.059,318.385,9647
2022-01-11 11:25:00,318.385,318.643,318.306,318.415,8438
2022-01-11 11:30:00,318.365,318.534,317.801,317.91,6586
2022-01-11 11:35:00,318.078,318.572,318.078,318.548,5887
2022-01-11 11:40:00,318.603,318.752,318.098,318.177,9260
2022-01-11 11:45:00,318.256,318.96,318.256,318.276,26003
2022-01-11 11:50:00,318.227,318.227,317.672,317.949,7682
2022-01-11 11:55:00,318.108,318.524,317.949,318.217,6417
2022-01-11 12:00:00,318.266,318.633,318.2,318.375,8854
2022-01-11 12:05:00,318.227,318.543,318.118,318.464,5232
2022-01-11 12:10:00,318.306,318.316,317.355,317.365,16680
2022-01-11 12:15:00,317.523,317.553,317.087,317.335,15555
2022-01-11 12:20:00,317.484,317.533,317.13,317.404,6952
2022-01-11 12:25:00,317.498,317.692,317.305,317.345,4874
2022-01-11 12:30:00,317.355,317.365,317.077,317.191,8709
2022-01-11 12:35:00,317.226,317.771,317.226,317.642,5466
2022-01-11 12:40:00,317.657,318.053,317.632,317.964,7043
2022-01-11 12:45:00,317.964,318.118,317.434,317.434,15531
2022-01-11 12:50:00,317.602,317.602,317.355,317.573,4878
2022-01-11 12:55:00,317.627,317.91,317.627,317.85,10740
2022-01-11 13:00:00,317.825,317.979,317.593,317.83,7177
2022-01-11 13:05:00,317.741,318.038,317.295,318.038,7290
2022-01-11 13:10:00,317.86,317.944,317.325,317.325,9976
2022-01-11 13:15:00,317.295,317.86,317.266,317.771,8740
2022-01-11 13:20:00,317.87,318.147,317.801,317.959,10780
2022-01-11 13:25:00,317.954,318.306,317.741,318.261,18849
2022-01-11 13:30:00,318.286,318.672,317.979,318.544,6593
2022-01-11 13:35:00,318.672,318.791,318.345,318.425,4305
2022-01-11 13:40:00,318.583,318.94,318.331,318.94,21991
2022-01-11 13:45:00,319.049,319.653,319.039,319.641,5042
2022-01-11 13:50:00,319.504,319.504,318.979,318.979,6256
2022-01-11 13:55:00,319.148,319.257,318.821,319.019,6847
2022-01-11 14:00:00,319.158,319.642,319.158,319.465,14995
2022-01-11 14:05:00,319.475,319.529,319.197,319.197,5919
2022-01-11 14:10:00,319.153,319.197,318.895,318.95,6991
2022-01-11 14:15:00,319.059,319.059,318.776,318.969,3203
2022-01-11 14:20:00,318.96,319.504,318.96,319.504,3585
2022-01-11 14:25:00,319.851,319.95,319.712,319.871,6798
2022-01-11 14:30:00,319.98,320.356,319.91,320.059,28119
2022-01-11 14:35:00,320.158,320.173,319.94,320.01,7342
2022-01-11 14:40:00,320.029,320.208,319.95,320.069,10468
2022-01-11 14:45:00,320.059,320.079,319.574,319.697,9503
2022-01-11 14:50:00,319.653,319.712,319.489,319.712,7686
2022-01-11 14:55:00,319.648,319.97,319.623,319.97,6712
2022-01-11 15:00:00,319.995,320.277,319.995,320.123,6302
2022-01-11 15:05:00,320.188,320.921,320.188,320.812,5011
2022-01-11 15:10:00,320.921,321.248,320.911,321.03,6950
2022-01-11 15:15:00,320.96,321.396,320.96,321.396,6253
2022-01-11 15:20:00,321.436,321.599,321.01,321.129,24213
2022-01-11 15:25:00,321.129,321.228,320.743,320.743,6183
2022-01-11 15:30:00,320.881,320.99,320.589,320.856,7394
2022-01-11 15:35:00,321.0,321.218,320.648,320.648,12393
2022-01-11 15:40:00,320.663,320.723,320.227,320.297,11312
2022-01-11 15:45:00,320.346,320.782,320.346,320.396,15085
2022-01-11 15:50:00,320.49,320.643,320.247,320.564,34494
2022-01-11 15:55:00,320.564,320.782,320.099,320.634,31275
2022-01-11 16:00:00,320.634,321.585,320.564,321.466,76487
2022-01-11 16:05:00,321.436,321.436,321.436,321.436,16515
2022-01-12 09:30:00,321.951,321.951,321.951,321.951,220
2022-01-12 09:35:00,322.278,322.932,321.981,322.639,23944
2022-01-12 09:40:00,322.763,322.763,321.01,322.01,10159
2022-01-12 09:45:00,321.862,321.924,320.782,321.426,4214
2022-01-12 09:50:00,321.862,322.664,321.842,322.654,5810
2022-01-12 09:55:00,322.892,322.892,321.376,321.376,10571
2022-01-12 10:00:00,321.5,321.5,320.218,320.307,13172
2022-01-12 10:05:00,320.604,321.198,319.94,320.881,19782
2022-01-12 10:10:00,320.792,321.5,320.376,321.129,38197
2022-01-12 10:15:00,321.0,321.0,319.95,319.98,30589
2022-01-12 10:20:00,320.039,320.574,320.039,320.257,24914
2022-01-12 10:25:00,320.604,320.733,319.95,320.069,25364
2022-01-12 10:30:00,320.163,320.227,319.009,319.054,23790
2022-01-12 10:35:00,319.306,319.489,318.246,319.138,31143
2022-01-12 10:40:00,319.227,319.762,318.826,318.826,8018
2022-01-12 10:45:00,319.068,319.088,318.286,318.494,10205
2022-01-12 10:50:00,318.811,319.138,318.425,318.425,7198
2022-01-12 10:55:00,318.028,318.355,317.236,318.345,19284
2022-01-12 11:00:00,318.098,318.286,317.058,317.508,34109
2022-01-12 11:05:00,317.508,318.92,317.375,317.612,14324
2022-01-12 11:10:00,317.771,317.801,316.28,317.043,21002
2022-01-12 11:15:00,317.043,318.108,317.028,318.088,18629
2022-01-12 11:20:00,318.058,318.692,318.058,318.246,12102
2022-01-12 11:25:00,318.187,318.197,317.37,318.078,9852
2022-01-12 11:30:00,317.692,317.989,317.503,317.979,13510
2022-01-12 11:35:00,317.89,318.583,317.89,318.335,8435
2022-01-12 11:40:00,318.355,318.672,317.94,318.367,23385
2022-01-12 11:45:00,318.118,318.662,317.632,318.662,30420
2022-01-12 11:50:00,318.537,318.652,318.078,318.177,9598
2022-01-12 11:55:00,318.266,318.425,318.167,318.276,7099
2022-01-12 12:00:00,318.256,318.385,318.088,318.187,11338
2022-01-12 12:05:00,318.435,318.593,317.969,317.989,11577
2022-01-12 12:10:00,318.137,318.573,317.548,318.098,14069
2022-01-12 12:15:00,318.088,318.147,318.009,318.147,3145
2022-01-12 12:20:00,318.185,318.461,318.185,318.405,4042
2022-01-12 12:25:00,318.316,318.472,318.137,318.207,5469
2022-01-12 12:30:00,318.296,318.781,318.296,318.781,4962
2022-01-12 12:35:00,318.657,318.791,318.469,318.603,5370
2022-01-12 12:40:00,318.682,319.049,318.583,318.583,3042
2022-01-12 12:45:00,318.524,318.543,318.335,318.345,3769
2022-01-12 12:50:00,318.248,318.371,317.474,317.786,16080
2022-01-12 12:55:00,317.969,318.227,317.969,318.118,5142
2022-01-12 13:00:00,318.078,318.563,318.014,318.563,6532
2022-01-12 13:05:00,318.509,318.603,318.058,318.236,9089
2022-01-12 13:10:00,318.182,318.182,318.078,318.078,2584
2022-01-12 13:15:00,318.108,318.108,317.662,317.662,6928
2022-01-12 13:20:00,317.662,318.018,317.593,317.954,8606
2022-01-12 13:25:00,317.999,318.038,317.523,317.523,4854
2022-01-12 13:30:00,317.642,317.865,317.533,317.533,5319
2022-01-12 13:35:00,317.36,317.602,317.36,317.551,3298
2022-01-12 13:40:00,317.741,317.741,317.527,317.692,3816
2022-01-12 13:45:00,317.692,317.761,317.677,317.761,1695
2022-01-12 13:50:00,317.702,317.979,317.622,317.796,8692
2022-01-12 13:55:00,317.776,318.014,317.771,318.014,5230
2022-01-12 14:00:00,317.959,318.028,317.598,317.88,7766
2022-01-12 14:05:00,317.929,318.563,317.736,318.494,10061
2022-01-12 14:10:00,318.425,318.553,318.236,318.479,4816
2022-01-12 14:15:00,318.583,318.593,318.454,318.543,4002
2022-01-12 14:20:00,318.643,319.177,318.541,319.098,6114
2022-01-12 14:25:00,319.166,319.376,319.158,319.197,4127
2022-01-12 14:30:00,319.237,319.584,319.237,319.405,6144
2022-01-12 14:35:00,319.569,319.569,318.925,319.009,10483
2022-01-12 14:40:00,319.014,319.182,318.875,319.182,8478
2022-01-12 14:45:00,319.217,319.485,319.177,319.376,4342
2022-01-12 14:50:00,319.442,319.442,318.955,319.019,8291
2022-01-12 14:55:00,319.059,319.247,319.059,319.237,4453
2022-01-12 15:00:00,319.257,319.331,319.068,319.068,3433
2022-01-12 15:05:00,319.088,319.267,318.722,318.742,8810
2022-01-12 15:10:00,318.752,318.752,318.395,318.395,5655
2022-01-12 15:15:00,318.464,318.692,318.464,318.603,8996
2022-01-12 15:20:00,318.633,318.811,318.601,318.682,8509
2022-01-12 15:25:00,318.665,318.761,318.613,318.712,6481
2022-01-12 15:30:00,318.662,318.742,318.593,318.717,6157
2022-01-12 15:35:00,318.677,318.752,318.38,318.38,11077
2022-01-12 15:40:00,318.435,318.638,318.296,318.385,11198
2022-01-12 15:45:00,318.306,318.811,318.306,318.791,15627
2022-01-12 15:50:00,318.712,319.113,318.623,318.791,26354
2022-01-12 15:55:00,318.791,319.415,318.791,319.262,32432
2022-01-12 16:00:00,319.207,319.286,318.345,318.811,100311
2022-01-12 16:05:00,318.553,318.553,318.553,318.553,18307
2022-01-13 08:25:00,318.553,318.553,318.553,318.553,210
2022-01-13 09:35:00,319.197,319.455,318.286,319.158,15340
2022-01-13 09:40:00,319.633,320.584,319.128,320.416,8527
2022-01-13 09:45:00,320.416,320.465,319.415,319.633,5891
2022-01-13 09:50:00,319.841,321.436,319.831,321.272,7192
2022-01-13 09:55:00,321.253,321.436,320.336,320.733,8895
2022-01-13 10:00:00,320.931,320.941,320.128,320.218,7043
2022-01-13 10:05:00,320.307,320.307,319.336,319.371,4464
2022-01-13 10:10:00,318.969,320.054,318.969,319.43,12402
2022-01-13 10:15:00,319.482,319.762,319.217,319.623,5756
2022-01-13 10:20:00,319.356,319.885,319.217,319.831,6090
2022-01-13 10:25:00,319.831,319.95,319.217,319.361,14193
2022-01-13 10:30:00,319.237,319.485,318.969,319.385,5647
2022-01-13 10:35:00,319.504,319.683,318.355,318.425,16294
2022-01-13 10:40:00,318.296,318.296,317.825,318.152,7210
2022-01-13 10:45:00,318.018,318.137,317.662,317.84,12997
2022-01-13 10:50:00,317.935,318.345,317.622,317.83,11728
2022-01-13 10:55:00,317.731,317.969,317.276,317.464,12354
2022-01-13 11:00:00,317.454,318.023,317.454,318.023,10735
2022-01-13 11:05:00,318.038,318.286,317.533,317.87,12583
2022-01-13 11:10:00,317.721,318.157,317.474,318.038,9043
2022-01-13 11:15:00,318.009,318.009,317.394,317.82,8449
2022-01-13 11:20:00,317.746,317.87,317.365,317.493,12119
2022-01-13 11:25:00,317.404,317.9,317.285,317.781,6083
2022-01-13 11:30:00,318.038,318.519,317.98,318.385,8880
2022-01-13 11:35:00,318.623,318.623,318.276,318.425,21295
2022-01-13 11:40:00,318.623,318.781,318.405,318.781,7582
2022-01-13 11:45:00,318.702,318.702,318.499,318.623,1981
2022-01-13 11:50:00,318.499,318.697,317.939,317.939,11359
2022-01-13 11:55:00,317.89,318.504,317.82,318.43,8593
2022-01-13 12:00:00,318.454,318.454,318.088,318.385,3391
2022-01-13 12:05:00,318.344,318.344,317.86,317.86,7454
2022-01-13 12:10:00,317.84,317.88,317.662,317.705,4564
2022-01-13 12:15:00,317.652,317.652,316.79,316.79,9027
2022-01-13 12:20:00,316.488,316.959,316.117,316.691,14481
2022-01-13 12:25:00,316.523,316.81,316.305,316.78,7463
2022-01-13 12:30:00,316.721,316.899,316.612,316.78,4144
2022-01-13 12:35:00,316.642,317.246,316.503,317.018,4578
2022-01-13 12:40:00,317.048,317.593,316.988,317.593,4014
2022-01-13 12:45:00,317.355,317.429,316.998,316.998,3491
2022-01-13 12:50:00,317.167,317.256,316.78,317.077,6537
2022-01-13 12:55:00,316.879,317.285,316.81,316.85,6590
2022-01-13 13:00:00,316.998,316.998,316.83,316.914,2559
2022-01-13 13:05:00,316.869,317.157,316.582,316.783,6576
2022-01-13 13:10:00,316.993,317.167,316.79,316.874,10733
2022-01-13 13:15:00,316.83,316.919,316.523,316.889,6550
2022-01-13 13:20:00,316.8,317.3,316.79,317.3,6213
2022-01-13 13:25:00,317.256,317.266,316.77,316.77,15004
2022-01-13 13:30:00,316.79,316.83,316.027,316.047,14344
2022-01-13 13:35:00,316.027,316.216,315.914,315.958,16296
2022-01-13 13:40:00,315.869,316.136,315.8,315.965,13971
2022-01-13 13:45:00,315.938,315.938,315.334,315.334,11560
2022-01-13 13:50:00,315.483,315.79,315.364,315.582,15509
2022-01-13 13:55:00,315.542,315.562,315.176,315.294,12342
2022-01-13 14:00:00,315.334,315.78,315.166,315.78,8028
2022-01-13 14:05:00,315.646,315.78,315.493,315.597,19844
2022-01-13 14:10:00,315.602,315.691,315.354,315.691,9810
2022-01-13 14:15:00,315.775,315.775,315.304,315.304,7234
2022-01-13 14:20:00,315.106,315.215,314.869,314.921,11599
2022-01-13 14:25:00,314.938,314.938,314.393,314.393,10516
2022-01-13 14:30:00,314.289,314.517,314.007,314.007,12911
2022-01-13 14:35:00,313.908,314.284,313.65,314.076,14648
2022-01-13 14:40:00,314.223,314.244,313.848,313.848,16296
2022-01-13 14:45:00,314.007,314.651,313.994,314.651,11091
2022-01-13 14:50:00,314.661,314.867,314.334,314.819,16529
2022-01-13 14:55:00,314.7,315.037,314.7,315.037,12409
2022-01-13 15:00:00,314.997,315.285,314.908,315.285,5227
2022-01-13 15:05:00,315.255,315.255,314.462,314.542,8381
2022-01-13 15:10:00,314.74,314.74,314.522,314.651,5693
2022-01-13 15:15:00,314.532,314.819,314.452,314.809,8324
2022-01-13 15:20:00,314.799,315.453,314.715,315.146,8112
2022-01-13 15:25:00,315.324,315.324,314.888,314.888,7737
2022-01-13 15:30:00,314.987,315.141,314.879,314.908,10925
2022-01-13 15:35:00,314.987,315.255,314.67,314.893,19395
2022-01-13 15:40:00,314.789,315.002,314.571,314.571,12041
2022-01-13 15:45:00,314.611,315.136,314.522,314.75,13969
2022-01-13 15:50:00,314.76,314.898,314.121,314.215,23192
2022-01-13 15:55:00,314.304,314.799,314.096,314.363,43390
2022-01-13 16:00:00,314.304,314.611,313.7,314.334,80818
2022-01-13 16:05:00,314.393,314.393,314.393,314.393,36353
2022-01-13 16:40:00,314.393,314.393,314.393,314.393,1381
2022-01-14 07:05:00,312.026,313.898,307.37,307.37,3013
2022-01-14 07:10:00,306.082,306.082,305.092,306.082,829
2022-01-14 07:15:00,306.082,306.082,306.082,306.082,445
2022-01-14 07:20:00,304.002,304.101,304.002,304.101,484
2022-01-14 07:30:00,304.101,304.101,304.101,304.101,582
2022-01-14 08:05:00,312.026,312.026,297.167,297.167,527
2022-01-14 08:10:00,300.436,300.436,297.167,297.167,1254
2022-01-14 08:15:00,298.158,298.158,298.158,298.158,553
2022-01-14 08:20:00,298.158,298.158,298.158,298.158,1013
2022-01-14 08:25:00,300.139,300.139,300.139,300.139,135
2022-01-14 08:35:00,302.12,302.318,301.129,302.12,12963
2022-01-14 08:40:00,304.349,304.349,304.349,304.349,600
2022-01-14 08:50:00,304.755,304.755,304.755,304.755,347
2022-01-14 09:00:00,303.121,303.121,303.121,303.121,250
2022-01-14 09:05:00,304.596,304.596,304.596,304.596,989
2022-01-14 09:10:00,305.092,305.092,305.092,305.092,602
2022-01-14 09:15:00,305.092,305.092,305.092,305.092,230
2022-01-14 09:20:00,305.27,306.082,305.27,306.082,610
2022-01-14 09:25:00,306.082,306.082,306.082,306.082,200
2022-01-14 09:30:00,306.082,306.082,305.339,306.082,3692
2022-01-14 09:35:00,307.311,309.807,304.339,305.315,157111
2022-01-14 09:40:00,304.616,306.805,304.616,306.513,66429
2022-01-14 09:45:00,306.553,306.984,304.844,305.924,43491
2022-01-14 09:50:00,305.745,306.83,305.736,306.062,34401
2022-01-14 09:55:00,305.944,307.677,305.508,307.073,110064
2022-01-14 10:00:00,306.865,308.509,306.498,308.341,81909
2022-01-14 10:05:00,308.44,308.519,307.578,308.519,27478
2022-01-14 10:10:00,308.598,310.49,308.509,309.237,54109
2022-01-14 10:15:00,309.257,309.257,308.367,308.509,51367
2022-01-14 10:20:00,308.489,308.717,307.35,308.583,52865
2022-01-14 10:25:00,308.143,308.296,307.053,307.053,16944
2022-01-14 10:30:00,307.073,307.34,306.711,307.073,31681
2022-01-14 10:35:00,307.013,307.583,306.221,307.39,29470
2022-01-14 10:40:00,307.439,307.637,306.087,306.087,30848
2022-01-14 10:45:00,306.168,306.168,305.141,305.399,33075
2022-01-14 10:50:00,305.399,305.632,304.656,304.943,55574
2022-01-14 10:55:00,304.829,305.384,304.577,305.022,27304
2022-01-14 11:00:00,305.022,305.022,304.17,304.478,30405
2022-01-14 11:05:00,304.572,304.973,303.903,303.933,19284
2022-01-14 11:10:00,303.913,304.141,303.19,303.74,22188
2022-01-14 11:15:00,303.728,303.735,302.932,303.041,27352
2022-01-14 11:20:00,303.021,303.101,301.892,302.12,33854
2022-01-14 11:25:00,302.12,302.328,301.674,302.209,29732
2022-01-14 11:30:00,301.981,302.011,301.129,301.308,31383
2022-01-14 11:35:00,301.476,302.519,301.476,301.882,24039
2022-01-14 11:40:00,302.09,302.922,301.645,302.105,20739
2022-01-14 11:45:00,302.264,303.021,302.264,303.021,12239
2022-01-14 11:50:00,303.041,303.873,302.654,303.725,11808
2022-01-14 11:55:00,303.715,303.787,303.002,303.671,25286
2022-01-14 12:00:00,303.754,304.448,303.467,304.339,16575
2022-01-14 12:05:00,304.294,304.398,303.685,304.27,24749
2022-01-14 12:10:00,304.151,304.369,303.74,303.943,14509
2022-01-14 12:15:00,303.893,304.378,303.537,303.616,19255
2022-01-14 12:20:00,303.695,304.091,303.695,304.042,16030
2022-01-14 12:25:00,304.007,304.042,303.745,303.891,12882
2022-01-14 12:30:00,303.834,304.884,303.745,304.695,18212
2022-01-14 12:35:00,304.676,304.765,304.329,304.765,8248
2022-01-14 12:40:00,304.824,305.23,304.691,305.112,25274
2022-01-14 12:45:00,305.012,305.29,304.824,304.988,13155
2022-01-14 12:50:00,304.988,305.201,304.676,304.735,24039
2022-01-14 12:55:00,304.804,304.904,303.794,303.913,19991
2022-01-14 13:00:00,303.918,304.042,303.596,304.042,16198
2022-01-14 13:05:00,304.027,304.101,303.787,303.962,12451
2022-01-14 13:10:00,303.953,303.972,303.745,303.754,20232
2022-01-14 13:15:00,303.745,304.542,303.745,304.319,32849
2022-01-14 13:20:00,304.141,304.215,303.695,303.967,8911
2022-01-14 13:25:00,303.967,304.012,303.71,303.851,27543
2022-01-14 13:30:00,303.764,304.23,303.646,304.23,14950
2022-01-14 13:35:00,304.012,304.396,303.606,303.784,13702
2022-01-14 13:40:00,303.982,304.26,303.834,303.834,10494
2022-01-14 13:45:00,303.888,304.943,303.754,304.686,12091
2022-01-14 13:50:00,304.676,304.676,304.002,304.22,9772
2022-01-14 13:55:00,304.161,304.656,304.027,304.042,16444
2022-01-14 14:00:00,304.071,304.923,304.062,304.854,11873
2022-01-14 14:05:00,304.96,305.369,304.765,305.369,14141
2022-01-14 14:10:00,305.557,305.557,304.973,305.191,17773
2022-01-14 14:15:00,305.22,305.473,305.072,305.423,13387
2022-01-14 14:20:00,305.537,305.537,305.121,305.32,7866
2022-01-14 14:25:00,305.206,305.567,305.126,305.567,16112
2022-01-14 14:30:00,305.627,305.671,304.904,305.235,15249
2022-01-14 14:35:00,305.389,306.151,305.339,306.097,14706
2022-01-14 14:40:00,306.013,306.34,305.567,305.775,19826
2022-01-14 14:45:00,305.805,306.221,305.617,306.048,17515
2022-01-14 14:50:00,306.023,306.31,306.003,306.061,13693
2022-01-14 14:55:00,306.033,306.518,306.033,306.201,16758
2022-01-14 15:00:00,306.35,306.493,305.795,306.043,11839
2022-01-14 15:05:00,306.092,306.32,306.062,306.102,14813
2022-01-14 15:10:00,306.152,306.241,305.617,305.716,14060
2022-01-14 15:15:00,305.815,306.28,305.815,305.949,23866
2022-01-14 15:20:00,306.033,306.429,305.825,306.241,23637
2022-01-14 15:25:00,306.28,306.508,306.112,306.464,24284
2022-01-14 15:30:00,306.389,306.568,306.31,306.419,25889
2022-01-14 15:35:00,306.419,306.533,305.859,305.954,34678
2022-01-14 15:40:00,305.963,306.053,305.707,305.929,32093
2022-01-14 15:45:00,305.97,306.657,305.835,306.607,42443
2022-01-14 15:50:00,306.647,306.751,305.983,306.261,39087
2022-01-14 15:55:00,306.29,306.795,305.983,306.028,73843
2022-01-14 16:00:00,306.013,306.102,305.359,305.508,195503
2022-01-14 16:05:00,305.547,305.547,305.547,305.547,25485
2022-01-14 16:15:00,305.547,305.547,305.547,305.547,840
2022-01-14 16:40:00,305.547,305.547,305.547,305.547,2379
2022-01-18 04:05:00,300.139,300.139,300.139,300.139,303
2022-01-18 05:15:00,299.148,299.148,299.148,299.148,132
2022-01-18 08:35:00,300.099,300.099,300.099,300.099,100
2022-01-18 09:30:00,297.623,297.623,297.623,297.623,115
2022-01-18 09:35:00,297.871,298.623,297.365,297.816,91673
2022-01-18 09:40:00,298.004,298.287,297.326,297.915,29081
2022-01-18 09:45:00,297.544,297.752,295.761,296.305,56429
2022-01-18 09:50:00,296.305,296.84,294.968,296.84,55035
2022-01-18 09:55:00,296.613,296.617,295.226,295.998,58322
2022-01-18 10:00:00,295.974,297.435,295.612,297.281,39613
2022-01-18 10:05:00,297.346,298.118,296.424,296.424,29379
2022-01-18 10:10:00,296.414,297.222,296.355,296.563,30325
2022-01-18 10:15:00,296.464,297.167,296.038,296.83,36387
2022-01-18 10:20:00,297.068,297.316,296.315,296.9,38024
2022-01-18 10:25:00,296.865,297.38,296.821,296.9,28045
2022-01-18 10:30:00,296.895,298.287,296.771,297.445,34261
2022-01-18 10:35:00,297.682,297.88,297.326,297.826,25304
2022-01-18 10:40:00,297.821,298.653,297.544,298.123,33638
2022-01-18 10:45:00,298.088,298.316,297.474,297.663,38703
2022-01-18 10:50:00,297.821,297.831,297.147,297.147,11344
2022-01-18 10:55:00,297.088,297.504,296.86,297.261,26120
2022-01-18 11:00:00,297.197,297.345,296.88,297.177,27389
2022-01-18 11:05:00,297.177,297.727,297.063,297.314,24610
2022-01-18 11:10:00,297.217,297.935,297.009,297.935,124784
2022-01-18 11:15:00,297.96,299.0,297.781,298.871,59118
2022-01-18 11:20:00,298.911,300.119,298.703,299.36,52755
2022-01-18 11:25:00,299.485,300.486,299.485,299.971,39301
2022-01-18 11:30:00,300.01,300.798,299.871,300.05,26168
2022-01-18 11:35:00,300.03,300.357,299.921,300.208,20189
2022-01-18 11:40:00,300.268,301.57,300.268,301.451,22531
2022-01-18 11:45:00,301.437,302.105,301.437,301.664,33743
2022-01-18 11:50:00,301.734,301.853,301.318,301.654,19460
2022-01-18 11:55:00,301.625,301.887,300.7,301.09,71993
2022-01-18 12:00:00,301.09,301.962,300.961,301.803,12157
2022-01-18 12:05:00,301.882,302.288,301.724,302.175,22424
2022-01-18 12:10:00,302.105,302.12,301.664,301.947,19395
2022-01-18 12:15:00,301.902,302.199,301.793,302.199,13834
2022-01-18 12:20:00,302.358,302.648,302.14,302.407,14537
2022-01-18 12:25:00,302.361,302.912,302.279,302.353,14753
2022-01-18 12:30:00,302.358,302.541,301.947,302.011,13131
2022-01-18 12:35:00,301.942,302.615,301.694,302.487,21564
2022-01-18 12:40:00,302.437,302.487,302.036,302.397,10274
2022-01-18 12:45:00,302.397,302.417,301.347,301.555,13108
2022-01-18 12:50:00,301.516,301.714,300.684,300.743,19989
2022-01-18 12:55:00,300.733,301.08,300.659,300.668,14249
2022-01-18 13:00:00,300.709,300.882,300.441,300.456,22365
2022-01-18 13:05:00,300.481,300.793,300.307,300.783,14110
2022-01-18 13:10:00,300.783,300.842,300.248,300.466,17767
2022-01-18 13:15:00,300.476,300.948,300.322,300.902,14957
2022-01-18 13:20:00,300.902,301.09,300.238,300.307,17859
2022-01-18 13:25:00,300.307,300.446,299.802,300.104,25689
2022-01-18 13:30:00,300.129,300.337,300.01,300.268,18383
2022-01-18 13:35:00,300.253,300.535,299.891,300.198,20325
2022-01-18 13:40:00,300.312,300.624,300.124,300.382,10306
2022-01-18 13:45:00,300.258,300.446,300.094,300.446,10798
2022-01-18 13:50:00,300.456,300.674,300.456,300.58,12041
2022-01-18 13:55:00,300.58,300.882,300.446,300.54,18418
2022-01-18 14:00:00,300.545,301.496,300.545,301.496,14072
2022-01-18 14:05:00,301.635,301.674,301.288,301.377,14184
2022-01-18 14:10:00,301.362,301.675,301.129,301.22,11617
2022-01-18 14:15:00,301.219,301.273,300.931,301.129,12107
2022-01-18 14:20:00,301.075,301.28,301.075,301.12,9778
2022-01-18 14:25:00,301.164,301.164,300.832,300.832,7009
2022-01-18 14:30:00,300.818,300.981,300.595,300.892,19401
2022-01-18 14:35:00,300.926,301.714,300.897,301.397,12905
2022-01-18 14:40:00,301.412,301.476,301.219,301.248,9742
2022-01-18 14:45:00,301.263,301.488,301.189,301.224,9588
2022-01-18 14:50:00,301.214,301.486,301.214,301.437,11237
2022-01-18 14:55:00,301.437,301.709,301.417,301.506,13729
2022-01-18 15:00:00,301.511,301.585,301.268,301.318,155598
2022-01-18 15:05:00,301.288,301.694,301.199,301.318,27336
2022-01-18 15:10:00,301.397,301.645,301.268,301.496,16211
2022-01-18 15:15:00,301.456,301.674,301.367,301.476,17895
2022-01-18 15:20:00,301.338,301.506,301.04,301.318,41815
2022-01-18 15:25:00,301.278,301.615,301.278,301.555,21774
2022-01-18 15:30:00,301.486,301.724,301.446,301.605,19235
2022-01-18 15:35:00,301.476,301.991,301.418,301.734,52283
2022-01-18 15:40:00,301.739,303.428,301.739,303.338,48666
2022-01-18 15:45:00,303.348,303.418,302.368,302.566,51932
2022-01-18 15:50:00,302.501,303.725,302.427,303.725,70571
2022-01-18 15:55:00,303.804,304.052,302.645,302.645,103758
2022-01-18 16:00:00,302.903,303.368,302.566,303.329,157700
2022-01-18 16:05:00,303.329,303.329,303.329,303.329,11828
2022-01-18 16:35:00,303.329,303.329,303.329,303.329,8255
2022-01-18 16:50:00,303.329,303.329,303.329,303.329,592
2022-01-19 07:05:00,305.389,305.389,305.389,305.389,163
2022-01-19 09:15:00,305.379,305.379,305.379,305.379,150
2022-01-19 09:35:00,303.764,305.389,302.952,303.116,42365
2022-01-19 09:40:00,303.17,305.27,303.044,304.715,23904
2022-01-19 09:45:00,304.606,304.715,303.428,304.636,226051
2022-01-19 09:50:00,304.695,305.656,303.844,304.547,51594
2022-01-19 09:55:00,304.438,304.953,303.616,304.101,39295
2022-01-19 10:00:00,304.23,304.527,303.229,303.541,32138
2022-01-19 10:05:00,303.541,304.151,303.15,303.65,36390
2022-01-19 10:10:00,303.537,303.606,302.298,302.546,25336
2022-01-19 10:15:00,302.455,302.774,302.14,302.279,32820
2022-01-19 10:20:00,302.338,302.516,301.446,302.516,39322
2022-01-19 10:25:00,302.556,302.903,302.457,302.546,16375
2022-01-19 10:30:00,302.447,303.2,301.853,302.774,54537
2022-01-19 10:35:00,302.952,303.655,302.764,303.581,10962
2022-01-19 10:40:00,303.586,303.616,302.764,303.007,20388
2022-01-19 10:45:00,303.14,303.546,302.853,303.085,37449
2022-01-19 10:50:00,302.962,303.566,302.744,302.853,17637
2022-01-19 10:55:00,302.813,303.621,302.813,303.621,10561
2022-01-19 11:00:00,303.754,304.27,303.368,304.032,22214
2022-01-19 11:05:00,303.958,304.329,303.437,303.685,43726
2022-01-19 11:10:00,303.735,304.25,303.517,303.517,13313
2022-01-19 11:15:00,303.546,303.546,302.863,302.873,9527
2022-01-19 11:20:00,302.744,303.685,302.744,303.338,12758
2022-01-19 11:25:00,303.418,303.754,303.238,303.754,15893
2022-01-19 11:30:00,303.794,304.339,303.794,304.081,29292
2022-01-19 11:35:00,304.23,304.478,303.685,303.774,17760
2022-01-19 11:40:00,303.764,304.369,303.626,304.369,7189
2022-01-19 11:45:00,304.309,304.478,304.091,304.428,9190
2022-01-19 11:50:00,304.359,304.884,304.257,304.814,15317
2022-01-19 11:55:00,304.77,305.26,304.468,305.25,13957
2022-01-19 12:00:00,305.042,305.042,304.636,304.755,13498
2022-01-19 12:05:00,305.012,305.954,304.904,305.805,24354
2022-01-19 12:10:00,305.859,306.28,305.745,306.043,17121
2022-01-19 12:15:00,305.988,306.127,305.463,305.77,11505
2022-01-19 12:20:00,305.716,305.835,305.23,305.409,15960
2022-01-19 12:25:00,305.394,305.914,305.22,305.914,9740
2022-01-19 12:30:00,305.864,306.053,305.587,305.597,10503
2022-01-19 12:35:00,305.706,305.943,305.627,305.646,12092
2022-01-19 12:40:00,305.547,305.547,305.31,305.394,7423
2022-01-19 12:45:00,305.3,305.3,304.68,305.136,9085
2022-01-19 12:50:00,305.146,305.845,305.141,305.463,8572
2022-01-19 12:55:00,305.567,305.676,305.151,305.201,13146
2022-01-19 13:00:00,305.201,305.686,305.201,305.656,10577
2022-01-19 13:05:00,305.523,305.775,305.24,305.706,6826
2022-01-19 13:10:00,305.701,306.181,305.619,305.825,22944
2022-01-19 13:15:00,305.884,305.934,305.537,305.795,9623
2022-01-19 13:20:00,305.825,305.835,305.201,305.592,14203
2022-01-19 13:25:00,305.597,305.597,304.762,304.844,10680
2022-01-19 13:30:00,304.854,305.077,304.636,304.686,12176
2022-01-19 13:35:00,304.567,304.735,304.339,304.487,9749
2022-01-19 13:40:00,304.487,304.487,303.754,303.923,9260
2022-01-19 13:45:00,303.834,304.101,303.408,303.715,9971
2022-01-19 13:50:00,303.556,303.675,303.21,303.358,14032
2022-01-19 13:55:00,303.2,303.215,302.734,303.021,9705
2022-01-19 14:00:00,303.021,303.229,302.744,302.903,10773
2022-01-19 14:05:00,302.873,303.259,302.873,303.101,9494
2022-01-19 14:10:00,303.051,303.101,302.675,302.912,12071
2022-01-19 14:15:00,303.002,303.012,302.437,302.447,9670
2022-01-19 14:20:00,302.536,303.358,302.536,303.061,17102
2022-01-19 14:25:00,303.036,303.19,302.685,303.175,12713
2022-01-19 14:30:00,303.185,303.239,302.898,303.031,14131
2022-01-19 14:35:00,302.962,303.418,302.903,303.388,14188
2022-01-19 14:40:00,303.447,303.566,303.096,303.096,8681
2022-01-19 14:45:00,303.071,303.655,303.021,303.581,10045
2022-01-19 14:50:00,303.477,303.685,303.012,303.111,9125
2022-01-19 14:55:00,303.16,303.522,303.091,303.428,5578
2022-01-19 15:00:00,303.576,303.948,303.418,303.502,11668
2022-01-19 15:05:00,303.447,303.75,303.378,303.509,13116
2022-01-19 15:10:00,303.616,303.834,303.388,303.566,12287
2022-01-19 15:15:00,303.616,303.695,303.299,303.368,16101
2022-01-19 15:20:00,303.368,303.368,302.912,302.992,11104
2022-01-19 15:25:00,303.101,303.329,302.962,303.329,17158
2022-01-19 15:30:00,303.259,303.413,302.823,303.041,15699
2022-01-19 15:35:00,302.912,303.22,302.536,302.64,17512
2022-01-19 15:40:00,302.675,302.962,302.432,302.487,24726
2022-01-19 15:45:00,302.343,302.536,302.184,302.283,21027
2022-01-19 15:50:00,302.249,302.283,302.021,302.17,25729
2022-01-19 15:55:00,301.962,301.971,301.159,301.546,49235
2022-01-19 16:00:00,301.625,301.635,300.704,301.011,101226
2022-01-19 16:05:00,300.921,300.921,300.921,300.921,21986
2022-01-19 16:40:00,300.921,300.921,300.921,300.921,8487
2022-01-19 19:15:00,300.921,300.921,300.921,300.921,200
2022-01-20 09:35:00,302.437,302.903,300.931,301.427,23423
2022-01-20 09:40:00,301.456,301.946,300.941,301.843,9919
2022-01-20 09:45:00,301.724,303.556,301.387,303.259,8817
2022-01-20 09:50:00,303.205,304.309,303.205,304.161,12229
2022-01-20 09:55:00,304.161,304.314,302.506,302.506,11848
2022-01-20 10:00:00,302.932,304.101,302.908,303.948,8168
2022-01-20 10:05:00,303.665,304.296,303.041,304.23,13322
2022-01-20 10:10:00,304.383,304.383,303.437,304.151,16443
2022-01-20 10:15:00,303.972,304.666,303.695,303.992,14567
2022-01-20 10:20:00,303.784,304.141,302.843,303.18,10489
2022-01-20 10:25:00,303.279,303.804,303.21,303.695,9968
2022-01-20 10:30:00,303.418,303.675,302.813,303.467,11971
2022-01-20 10:35:00,303.532,304.071,303.21,303.373,15628
2022-01-20 10:40:00,303.675,303.893,302.308,302.863,11725
2022-01-20 10:45:00,303.244,303.305,302.615,303.031,7761
2022-01-20 10:50:00,303.031,303.428,302.932,303.428,15115
2022-01-20 10:55:00,303.358,303.398,302.927,303.2,12266
2022-01-20 11:00:00,303.398,303.403,302.596,302.704,11722
2022-01-20 11:05:00,303.111,303.457,302.883,303.101,10025
2022-01-20 11:10:00,303.2,303.2,302.576,302.744,7562
2022-01-20 11:15:00,302.625,302.838,302.199,302.199,8605
2022-01-20 11:20:00,302.274,302.711,302.12,302.711,11017
2022-01-20 11:25:00,302.586,302.952,302.487,302.655,11089
2022-01-20 11:30:00,302.912,303.225,302.873,303.111,8116
2022-01-20 11:35:00,303.125,303.22,302.972,303.051,7959
2022-01-20 11:40:00,303.15,303.19,302.714,302.714,8315
2022-01-20 11:45:00,302.903,302.942,302.318,302.368,6611
2022-01-20 11:50:00,302.487,302.843,302.061,302.11,8376
2022-01-20 11:55:00,302.269,302.709,302.269,302.293,6641
2022-01-20 12:00:00,302.298,302.799,302.14,302.7,9031
2022-01-20 12:05:00,302.744,302.838,302.536,302.675,6417
2022-01-20 12:10:00,302.65,302.794,302.165,302.536,6547
2022-01-20 12:15:00,302.427,302.665,302.313,302.665,5422
2022-01-20 12:20:00,302.487,302.779,302.487,302.516,9266
2022-01-20 12:25:00,302.437,302.878,302.437,302.878,7671
2022-01-20 12:30:00,302.932,303.381,302.903,303.358,8761
2022-01-20 12:35:00,303.418,303.844,303.22,303.234,13655
2022-01-20 12:40:00,303.418,303.418,302.992,303.121,6872
2022-01-20 12:45:00,303.358,303.646,302.912,303.056,7547
2022-01-20 12:50:00,303.036,303.036,302.625,302.714,6258
2022-01-20 12:55:00,302.605,302.615,302.184,302.328,8495
2022-01-20 13:00:00,302.259,302.378,301.882,301.892,8847
2022-01-20 13:05:00,301.803,301.834,301.05,301.05,11613
2022-01-20 13:10:00,301.1,301.1,300.535,300.788,15784
2022-01-20 13:15:00,300.912,301.342,300.837,301.159,9465
2022-01-20 13:20:00,301.159,301.159,300.248,300.327,12207
2022-01-20 13:25:00,300.238,300.565,300.06,300.372,8271
2022-01-20 13:30:00,300.456,300.694,299.782,300.035,10647
2022-01-20 13:35:00,300.035,300.436,299.763,299.763,15960
2022-01-20 13:40:00,299.822,299.971,299.396,299.753,16010
2022-01-20 13:45:00,299.713,299.802,299.485,299.485,15648
2022-01-20 13:50:00,299.555,300.119,299.366,299.792,9952
2022-01-20 13:55:00,299.792,300.01,299.673,299.899,11229
2022-01-20 14:00:00,299.896,300.089,299.535,299.654,13135
2022-01-20 14:05:00,299.881,300.03,299.644,299.871,17770
2022-01-20 14:10:00,299.802,299.99,299.703,299.723,13411
2022-01-20 14:15:00,299.772,300.159,298.782,299.044,21395
2022-01-20 14:20:00,299.054,299.683,299.054,299.49,10419
2022-01-20 14:25:00,299.678,299.678,299.406,299.445,7004
2022-01-20 14:30:00,299.441,299.604,299.143,299.46,13587
2022-01-20 14:35:00,299.396,299.431,299.069,299.346,15004
2022-01-20 14:40:00,299.475,299.495,299.129,299.238,8550
2022-01-20 14:45:00,299.178,299.693,298.97,299.693,13985
2022-01-20 14:50:00,299.758,299.772,299.158,299.584,16264
2022-01-20 14:55:00,299.515,299.802,299.351,299.584,8640
2022-01-20 15:00:00,299.535,299.644,299.332,299.465,9444
2022-01-20 15:05:00,299.46,299.698,299.109,299.208,13564
2022-01-20 15:10:00,299.213,299.277,298.445,298.465,43677
2022-01-20 15:15:00,298.564,298.921,298.118,298.21,20518
2022-01-20 15:20:00,298.192,298.41,298.118,298.232,19295
2022-01-20 15:25:00,298.178,298.232,297.435,297.435,20816
2022-01-20 15:30:00,297.405,297.474,296.949,297.152,23640
2022-01-20 15:35:00,297.152,297.296,296.9,296.989,25142
2022-01-20 15:40:00,296.92,296.959,296.296,296.761,24371
2022-01-20 15:45:00,296.87,297.237,295.85,296.058,29230
2022-01-20 15:50:00,296.028,296.177,295.265,295.295,48876
2022-01-20 15:55:00,295.186,295.919,294.622,294.76,76757
2022-01-20 16:00:00,294.76,295.077,293.949,294.879,199654
2022-01-20 16:05:00,294.849,295.147,294.849,295.147,17687
2022-01-20 16:35:00,294.849,294.849,294.849,294.849,13337
2022-01-21 09:35:00,294.849,295.359,293.466,294.316,90003
2022-01-21 09:40:00,294.602,295.632,294.404,295.632,29003
2022-01-21 09:45:00,295.731,296.533,295.612,296.147,25700
2022-01-21 09:50:00,296.201,297.316,296.068,296.276,35221
2022-01-21 09:55:00,296.414,296.454,295.424,295.701,9945
2022-01-21 10:00:00,295.701,296.068,295.394,295.83,21904
2022-01-21 10:05:00,296.246,296.375,295.513,295.553,60799
2022-01-21 10:10:00,295.543,296.672,295.137,296.563,15157
2022-01-21 10:15:00,296.504,296.504,294.374,294.567,21824
2022-01-21 10:20:00,294.83,295.838,294.493,295.275,16211
2022-01-21 10:25:00,295.168,295.572,294.156,294.919,22703
2022-01-21 10:30:00,295.434,296.44,295.226,295.805,16113
2022-01-21 10:35:00,295.894,296.9,295.78,296.9,23055
2022-01-21 10:40:00,296.771,297.227,295.979,295.979,20140
2022-01-21 10:45:00,295.8,296.489,295.483,296.365,20849
2022-01-21 10:50:00,296.375,296.702,295.909,296.662,17096
2022-01-21 10:55:00,296.811,297.186,296.622,297.026,32672
2022-01-21 11:00:00,296.731,297.861,296.494,297.851,19803
2022-01-21 11:05:00,298.272,298.287,297.192,297.583,14378
2022-01-21 11:10:00,297.455,299.0,297.455,298.237,9885
2022-01-21 11:15:00,298.148,298.623,297.895,298.029,15338
2022-01-21 11:20:00,298.197,298.485,297.539,298.316,16139
2022-01-21 11:25:00,298.405,298.812,297.89,298.128,16152
2022-01-21 11:30:00,298.088,298.396,297.742,298.138,17353
2022-01-21 11:35:00,298.069,298.069,297.261,297.638,10085
2022-01-21 11:40:00,297.742,297.752,296.702,296.771,15713
2022-01-21 11:45:00,296.9,297.029,296.276,296.662,10311
2022-01-21 11:50:00,296.424,296.662,295.86,296.345,13059
2022-01-21 11:55:00,296.613,296.613,295.889,295.889,6022
2022-01-21 12:00:00,296.127,296.325,295.939,296.117,11300
2022-01-21 12:05:00,295.998,296.365,295.622,295.84,17044
2022-01-21 12:10:00,295.887,296.286,295.483,296.236,11130
2022-01-21 12:15:00,296.405,296.405,295.632,296.107,9422
2022-01-21 12:20:00,295.949,296.261,295.563,295.88,7427
2022-01-21 12:25:00,295.83,295.969,295.572,295.761,16905
2022-01-21 12:30:00,295.84,295.979,295.107,295.166,12787
2022-01-21 12:35:00,295.246,295.919,295.19,295.795,7263
2022-01-21 12:40:00,295.988,296.246,295.216,295.572,10215
2022-01-21 12:45:00,295.761,295.78,294.879,295.087,11133
2022-01-21 12:50:00,295.077,295.563,294.602,294.775,9683
2022-01-21 12:55:00,294.612,295.107,294.612,294.939,8950
2022-01-21 13:00:00,294.76,295.533,294.73,295.038,9846
2022-01-21 13:05:00,295.127,295.364,294.617,295.008,6178
2022-01-21 13:10:00,295.216,295.394,294.374,294.691,12515
2022-01-21 13:15:00,294.859,295.533,294.859,295.374,14274
2022-01-21 13:20:00,295.364,295.364,294.612,294.889,13120
2022-01-21 13:25:00,294.77,294.77,293.946,294.542,14457
2022-01-21 13:30:00,294.513,294.839,294.285,294.721,8875
2022-01-21 13:35:00,294.81,295.231,294.582,294.706,13141
2022-01-21 13:40:00,294.631,295.047,294.245,294.978,15667
2022-01-21 13:45:00,295.023,295.127,294.668,294.76,12528
2022-01-21 13:50:00,294.899,295.038,294.394,294.81,12112
2022-01-21 13:55:00,294.939,294.939,294.215,294.622,22272
2022-01-21 14:00:00,294.75,294.75,293.621,293.78,17465
2022-01-21 14:05:00,293.893,293.958,293.651,293.809,13196
2022-01-21 14:10:00,293.889,294.027,293.552,293.879,25595
2022-01-21 14:15:00,293.928,294.037,293.542,293.72,17556
2022-01-21 14:20:00,293.715,294.196,293.621,293.842,15647
2022-01-21 14:25:00,293.804,294.285,293.497,294.057,21339
2022-01-21 14:30:00,294.017,294.037,292.918,293.106,18062
2022-01-21 14:35:00,293.146,293.175,292.809,292.819,15377
2022-01-21 14:40:00,292.938,293.468,292.938,293.344,33370
2022-01-21 14:45:00,293.26,293.393,292.67,292.908,29916
2022-01-21 14:50:00,292.829,293.116,292.739,293.056,21947
2022-01-21 14:55:00,293.027,293.039,292.442,292.576,15865
2022-01-21 15:00:00,292.65,292.878,292.022,292.117,16641
2022-01-21 15:05:00,292.234,292.512,291.997,292.021,18460
2022-01-21 15:10:00,291.967,292.304,291.868,292.148,24078
2022-01-21 15:15:00,292.145,292.422,291.885,292.205,21687
2022-01-21 15:20:00,292.165,292.918,291.947,292.422,19887
2022-01-21 15:25:00,292.333,292.715,291.967,292.318,29217
2022-01-21 15:30:00,292.354,292.354,291.15,291.609,29867
2022-01-21 15:35:00,291.521,291.868,291.016,291.264,33575
2022-01-21 15:40:00,291.244,291.724,290.768,291.056,57882
2022-01-21 15:45:00,291.09,291.828,290.996,291.105,113839
2022-01-21 15:50:00,290.996,291.689,290.63,291.169,64516
2022-01-21 15:55:00,291.372,291.372,290.065,290.184,90733
2022-01-21 16:00:00,290.184,291.095,289.996,290.075,180679
2022-01-21 16:05:00,290.085,290.085,289.867,290.085,16503
2022-01-21 16:25:00,289.916,289.916,289.916,289.916,240
2022-01-21 16:40:00,290.085,290.085,290.085,290.085,1850
2022-01-21 18:30:00,290.085,290.085,290.085,290.085,11400
2022-01-24 08:55:00,286.261,286.261,286.261,286.261,109
2022-01-24 09:20:00,284.28,284.28,284.28,284.28,110
2022-01-24 09:25:00,284.171,284.28,283.299,284.28,504
2022-01-24 09:30:00,284.27,284.973,284.27,284.973,1029
2022-01-24 09:35:00,284.538,285.796,282.963,284.211,83252
2022-01-24 09:40:00,284.394,285.835,283.715,285.132,48420
2022-01-24 09:45:00,285.281,285.865,283.418,283.765,35421
2022-01-24 09:50:00,283.527,285.667,283.359,284.889,46959
2022-01-24 09:55:00,284.647,285.825,283.785,285.573,31719
2022-01-24 10:00:00,285.221,285.528,284.042,284.498,27506
2022-01-24 10:05:00,284.255,284.785,283.706,283.775,56846
2022-01-24 10:10:00,284.028,285.37,283.587,284.295,42095
2022-01-24 10:15:00,284.171,284.448,283.181,283.935,53113
2022-01-24 10:20:00,284.032,284.032,282.467,282.765,39375
2022-01-24 10:25:00,282.749,283.295,282.21,283.181,31794
2022-01-24 10:30:00,283.626,285.063,283.329,284.548,30233
2022-01-24 10:35:00,284.419,285.622,284.32,285.33,27438
2022-01-24 10:40:00,285.231,286.053,284.964,285.687,28384
2022-01-24 10:45:00,285.647,286.103,285.147,285.835,49269
2022-01-24 10:50:00,285.885,285.885,283.958,284.473,24765
2022-01-24 10:55:00,285.003,285.994,284.24,285.731,27467
2022-01-24 11:00:00,285.75,285.801,284.191,284.409,34741
2022-01-24 11:05:00,284.369,284.874,284.161,284.874,18523
2022-01-24 11:10:00,284.973,284.973,284.181,284.399,24060
2022-01-24 11:15:00,284.399,284.647,283.874,283.904,21957
2022-01-24 11:20:00,284.102,284.845,283.897,284.845,19986
2022-01-24 11:25:00,285.023,285.548,284.548,284.548,31796
2022-01-24 11:30:00,284.775,285.231,284.349,284.839,26680
2022-01-24 11:35:00,285.048,285.514,284.647,285.112,14434
2022-01-24 11:40:00,285.211,285.528,283.904,284.33,23940
2022-01-24 11:45:00,284.255,284.429,283.24,284.132,79233
2022-01-24 11:50:00,284.082,284.513,282.665,282.779,21976
2022-01-24 11:55:00,282.913,284.865,282.913,284.865,29646
2022-01-24 12:00:00,284.696,285.439,284.557,285.404,64132
2022-01-24 12:05:00,285.409,285.538,284.785,284.973,21132
2022-01-24 12:10:00,285.102,285.845,284.904,284.904,22222
2022-01-24 12:15:00,284.934,285.281,284.29,284.845,21029
2022-01-24 12:20:00,284.835,284.855,284.023,284.354,25080
2022-01-24 12:25:00,284.32,285.414,284.191,284.912,22548
2022-01-24 12:30:00,284.884,285.513,284.448,285.261,19492
2022-01-24 12:35:00,285.32,285.538,284.661,285.162,24511
2022-01-24 12:40:00,285.092,285.191,284.409,285.191,17115
2022-01-24 12:45:00,285.013,286.113,284.676,285.449,35296
2022-01-24 12:50:00,285.548,285.598,285.172,285.404,36759
2022-01-24 12:55:00,285.251,286.776,285.152,286.4,45719
2022-01-24 13:00:00,286.469,286.95,286.182,286.737,14688
2022-01-24 13:05:00,286.955,287.034,286.315,286.743,15287
2022-01-24 13:10:00,286.895,287.985,286.34,287.797,15755
2022-01-24 13:15:00,287.935,288.673,287.717,288.47,11681
2022-01-24 13:20:00,288.548,289.5,288.548,289.139,23463
2022-01-24 13:25:00,289.159,289.51,288.51,289.05,32488
2022-01-24 13:30:00,288.985,289.629,288.698,289.302,28829
2022-01-24 13:35:00,289.292,290.288,288.772,290.134,23774
2022-01-24 13:40:00,290.175,290.54,289.798,290.531,21636
2022-01-24 13:45:00,290.501,290.63,289.837,289.911,31041
2022-01-24 13:50:00,290.095,291.145,290.095,291.135,15078
2022-01-24 13:55:00,291.244,291.303,290.531,291.026,15755
2022-01-24 14:00:00,290.937,291.779,290.639,291.779,19490
2022-01-24 14:05:00,291.67,292.637,291.62,292.096,24257
2022-01-24 14:10:00,292.175,292.284,291.244,292.195,26861
2022-01-24 14:15:00,292.026,292.383,290.778,291.125,44043
2022-01-24 14:20:00,291.026,291.432,290.392,290.808,48585
2022-01-24 14:25:00,290.362,291.283,289.936,290.204,47151
2022-01-24 14:30:00,290.263,290.996,290.134,290.268,42631
2022-01-24 14:35:00,290.431,291.236,290.332,290.937,44163
2022-01-24 14:40:00,290.937,291.065,289.906,289.906,42341
2022-01-24 14:45:00,289.837,290.015,288.738,288.738,19088
2022-01-24 14:50:00,288.54,290.025,288.54,290.015,30971
2022-01-24 14:55:00,290.342,290.679,289.991,290.382,18747
2022-01-24 15:00:00,290.362,291.927,290.342,291.66,19269
2022-01-24 15:05:00,291.6,292.739,291.561,292.076,17389
2022-01-24 15:10:00,291.977,292.165,291.521,291.987,13895
2022-01-24 15:15:00,291.947,292.947,291.888,292.947,19104
2022-01-24 15:20:00,292.779,293.205,292.16,292.462,39543
2022-01-24 15:25:00,292.581,293.146,292.581,292.908,14877
2022-01-24 15:30:00,292.957,293.383,292.254,292.947,28013
2022-01-24 15:35:00,292.858,293.997,292.343,293.864,37270
2022-01-24 15:40:00,293.884,294.716,293.71,294.503,23678
2022-01-24 15:45:00,294.721,295.345,293.393,293.839,37379
2022-01-24 15:50:00,293.997,295.602,293.898,295.265,44291
2022-01-24 15:55:00,295.374,296.811,295.335,295.8,70877
2022-01-24 16:00:00,295.815,295.988,294.909,295.86,160760
2022-01-24 16:05:00,295.701,295.701,295.701,295.701,19906
2022-01-24 16:15:00,295.701,295.701,295.701,295.701,110
2022-01-24 16:40:00,295.701,295.701,295.701,295.701,15941
2022-01-25 09:35:00,291.729,293.324,291.224,292.021,52267
2022-01-25 09:40:00,292.021,292.14,290.313,290.659,41426
2022-01-25 09:45:00,291.026,291.749,290.412,291.328,32604
2022-01-25 09:50:00,291.452,292.254,290.58,291.709,58826
2022-01-25 09:55:00,291.709,291.878,290.59,291.036,65809
2022-01-25 10:00:00,290.639,292.452,290.639,291.472,46293
2022-01-25 10:05:00,291.501,292.462,291.07,291.174,33351
2022-01-25 10:10:00,291.169,291.62,290.838,291.363,76125
2022-01-25 10:15:00,291.244,291.68,290.877,291.68,18328
2022-01-25 10:20:00,291.759,292.199,291.283,291.541,13872
2022-01-25 10:25:00,291.273,291.501,290.729,291.224,21414
2022-01-25 10:30:00,291.67,292.269,291.63,292.269,9129
2022-01-25 10:35:00,292.076,292.432,291.412,292.076,15962
2022-01-25 10:40:00,291.868,292.046,291.006,291.422,13956
2022-01-25 10:45:00,291.725,291.858,291.085,291.442,22681
2022-01-25 10:50:00,291.504,291.937,291.164,291.937,40552
2022-01-25 10:55:00,291.511,291.66,289.248,289.629,75480
2022-01-25 11:00:00,289.634,290.63,289.481,290.233,159307
2022-01-25 11:05:00,290.184,291.051,289.867,290.937,53627
2022-01-25 11:10:00,290.808,290.981,289.352,289.679,77253
2022-01-25 11:15:00,289.966,290.283,289.451,290.085,17744
2022-01-25 11:20:00,290.07,290.739,289.659,290.531,47982
2022-01-25 11:25:00,290.857,291.264,290.402,291.036,20949
2022-01-25 11:30:00,291.254,291.387,290.253,291.036,35581
2022-01-25 11:35:00,290.897,290.897,288.787,288.876,17766
2022-01-25 11:40:00,288.748,288.797,287.777,288.708,46079
2022-01-25 11:45:00,288.762,289.04,287.896,288.79,31834
2022-01-25 11:50:00,288.609,289.282,288.371,289.183,14557
2022-01-25 11:55:00,288.906,289.243,288.579,289.243,22331
2022-01-25 12:00:00,289.243,289.698,288.569,289.58,59783
2022-01-25 12:05:00,289.58,289.807,288.82,289.594,105648
2022-01-25 12:10:00,289.857,290.818,289.788,290.818,10388
2022-01-25 12:15:00,290.501,290.729,290.124,290.729,10692
2022-01-25 12:20:00,290.778,291.125,290.065,290.55,15811
2022-01-25 12:25:00,290.412,291.155,290.412,290.887,7540
2022-01-25 12:30:00,291.036,291.036,290.332,290.521,7633
2022-01-25 12:35:00,290.342,290.55,290.065,290.243,19399
2022-01-25 12:40:00,290.199,290.243,289.49,289.857,8515
2022-01-25 12:45:00,289.966,289.966,289.292,289.798,5962
2022-01-25 12:50:00,289.798,289.834,288.881,289.02,6305
2022-01-25 12:55:00,289.193,289.54,288.827,289.446,17322
2022-01-25 13:00:00,289.431,290.035,289.421,289.921,35905
2022-01-25 13:05:00,289.986,290.205,289.728,289.986,47172
2022-01-25 13:10:00,289.986,290.55,289.718,290.288,47973
2022-01-25 13:15:00,290.273,290.491,289.986,290.392,12792
2022-01-25 13:20:00,290.134,290.63,289.986,290.62,28895
2022-01-25 13:25:00,290.511,291.046,290.332,291.046,17370
2022-01-25 13:30:00,291.036,292.036,290.877,291.922,19066
2022-01-25 13:35:00,291.922,292.482,291.709,292.294,16792
2022-01-25 13:40:00,292.363,292.52,291.593,292.289,20317
2022-01-25 13:45:00,292.165,292.591,291.561,292.333,21017
2022-01-25 13:50:00,292.214,292.888,291.729,292.888,22744
2022-01-25 13:55:00,292.888,293.136,292.541,292.888,14531
2022-01-25 14:00:00,292.69,293.7,292.601,293.453,13108
2022-01-25 14:05:00,293.512,293.7,292.69,292.967,24930
2022-01-25 14:10:00,292.839,293.502,292.482,293.195,19712
2022-01-25 14:15:00,293.373,294.166,293.373,294.077,10320
2022-01-25 14:20:00,293.928,294.156,293.532,294.146,24692
2022-01-25 14:25:00,294.166,294.483,293.423,293.428,12759
2022-01-25 14:30:00,293.294,293.948,293.225,293.73,20960
2022-01-25 14:35:00,293.78,293.849,293.106,293.433,21415
2022-01-25 14:40:00,293.255,294.017,293.255,293.978,20449
2022-01-25 14:45:00,293.968,295.305,293.948,295.186,28445
2022-01-25 14:50:00,295.087,295.186,294.542,294.542,19506
2022-01-25 14:55:00,294.656,295.528,294.656,295.389,13066
2022-01-25 15:00:00,295.275,296.018,295.186,295.919,22411
2022-01-25 15:05:00,295.899,296.127,294.75,294.899,53381
2022-01-25 15:10:00,294.904,295.137,294.087,294.106,13393
2022-01-25 15:15:00,294.037,294.354,293.66,294.082,36202
2022-01-25 15:20:00,294.146,294.443,293.988,294.305,16216
2022-01-25 15:25:00,294.215,294.215,292.868,292.878,25191
2022-01-25 15:30:00,292.908,292.908,292.006,292.006,23227
2022-01-25 15:35:00,291.878,292.284,291.095,291.387,41173
2022-01-25 15:40:00,291.363,292.244,291.224,292.036,40695
2022-01-25 15:45:00,292.086,292.601,292.086,292.106,38932
2022-01-25 15:50:00,292.383,292.482,291.462,291.6,59773
2022-01-25 15:55:00,291.13,291.472,290.808,291.372,70899
2022-01-25 16:00:00,291.372,291.917,291.372,291.422,160327
2022-01-25 16:05:00,291.481,291.699,291.481,291.699,72153
2022-01-25 16:35:00,291.481,291.481,291.481,291.481,2580
2022-01-26 09:30:00,293.938,293.997,293.235,293.235,2415
2022-01-26 09:35:00,292.214,294.74,292.2,294.671,71679
2022-01-26 09:40:00,295.057,296.088,294.061,294.354,25631
2022-01-26 09:45:00,293.621,294.007,293.621,293.621,10806
2022-01-26 09:50:00,294.057,295.028,293.704,294.721,20820
2022-01-26 09:55:00,294.77,294.973,294.493,294.77,16937
2022-01-26 10:00:00,294.691,296.088,294.661,295.85,14572
2022-01-26 10:05:00,295.86,297.048,295.681,297.048,23754
2022-01-26 10:10:00,296.845,297.157,295.226,296.023,35217
2022-01-26 10:15:00,295.444,295.444,293.849,294.919,21525
2022-01-26 10:20:00,294.76,294.988,293.864,294.414,36072
2022-01-26 10:25:00,294.384,295.345,294.186,295.275,34551
2022-01-26 10:30:00,295.087,295.186,294.146,294.612,80503
2022-01-26 10:35:00,294.49,294.646,292.918,293.106,31952
2022-01-26 10:40:00,292.928,293.383,292.214,292.314,45106
2022-01-26 10:45:00,292.432,293.223,292.304,292.561,24321
2022-01-26 10:50:00,292.581,292.824,292.343,292.66,24700
2022-01-26 10:55:00,292.66,292.888,292.65,292.799,28944
2022-01-26 11:00:00,292.739,292.739,291.962,292.442,49843
2022-01-26 11:05:00,292.314,292.7,292.135,292.7,15930
2022-01-26 11:10:00,292.834,293.482,292.561,293.309,16993
2022-01-26 11:15:00,293.393,293.77,293.225,293.354,13967
2022-01-26 11:20:00,293.205,293.68,293.079,293.403,17805
2022-01-26 11:25:00,293.482,293.601,293.165,293.492,11383
2022-01-26 11:30:00,293.572,293.72,293.017,293.255,44572
2022-01-26 11:35:00,293.304,293.68,293.091,293.314,30350
2022-01-26 11:40:00,293.373,293.685,293.017,293.334,35252
2022-01-26 11:45:00,293.482,294.164,293.482,294.164,11348
2022-01-26 11:50:00,294.077,294.305,293.398,293.522,12911
2022-01-26 11:55:00,293.423,293.562,292.819,293.205,19134
2022-01-26 12:00:00,293.274,293.562,293.086,293.463,15975
2022-01-26 12:05:00,293.631,293.819,293.032,293.106,15323
2022-01-26 12:10:00,293.066,293.344,293.047,293.324,24849
2022-01-26 12:15:00,293.294,293.463,293.056,293.463,14141
2022-01-26 12:20:00,293.245,293.425,293.086,293.156,25069
2022-01-26 12:25:00,293.215,293.314,293.027,293.255,19891
2022-01-26 12:30:00,293.255,293.442,292.977,293.106,20662
2022-01-26 12:35:00,293.165,293.552,293.056,293.446,22008
2022-01-26 12:40:00,293.433,293.433,292.957,293.383,29593
2022-01-26 12:45:00,293.354,293.512,292.997,293.427,14784
2022-01-26 12:50:00,293.443,293.443,293.106,293.304,16479
2022-01-26 12:55:00,293.304,293.631,293.255,293.393,24003
2022-01-26 13:00:00,293.383,293.581,293.205,293.304,24256
2022-01-26 13:05:00,293.403,293.512,293.255,293.304,46947
2022-01-26 13:10:00,293.284,293.69,293.245,293.69,15902
2022-01-26 13:15:00,293.74,293.74,293.344,293.542,10302
2022-01-26 13:20:00,293.601,293.631,293.264,293.304,17878
2022-01-26 13:25:00,293.304,293.611,293.23,293.611,30739
2022-01-26 13:30:00,293.552,293.76,293.357,293.562,10902
2022-01-26 13:35:00,293.334,293.621,293.334,293.522,11531
2022-01-26 13:40:00,293.385,293.579,293.304,293.512,27635
2022-01-26 13:45:00,293.482,293.645,293.423,293.517,4861
2022-01-26 13:50:00,293.433,293.522,293.24,293.393,31133
2022-01-26 13:55:00,293.334,293.75,293.334,293.724,11654
2022-01-26 14:00:00,293.7,293.968,293.542,293.958,9838
2022-01-26 14:05:00,294.295,295.681,293.68,294.196,32573
2022-01-26 14:10:00,294.126,294.75,294.126,294.522,9662
2022-01-26 14:15:00,293.948,294.037,291.637,292.64,45703
2022-01-26 14:20:00,292.749,293.086,291.719,292.571,26355
2022-01-26 14:25:00,292.601,293.225,292.526,292.908,38083
2022-01-26 14:30:00,292.72,293.581,292.72,293.205,16549
2022-01-26 14:35:00,293.156,293.423,291.779,291.779,45157
2022-01-26 14:40:00,291.729,293.789,291.501,293.532,119037
2022-01-26 14:45:00,293.591,293.631,291.759,291.759,42687
2022-01-26 14:50:00,291.426,291.452,290.065,290.897,96552
2022-01-26 14:55:00,290.877,292.125,290.778,291.264,42521
2022-01-26 15:00:00,291.075,291.709,290.877,291.551,55934
2022-01-26 15:05:00,291.62,292.234,291.234,292.125,98284
2022-01-26 15:10:00,292.011,292.056,291.328,291.719,118913
2022-01-26 15:15:00,291.729,291.967,290.332,291.452,166113
2022-01-26 15:20:00,291.531,291.566,291.065,291.065,125895
2022-01-26 15:25:00,290.966,291.075,290.273,290.758,129041
2022-01-26 15:30:00,290.877,291.481,290.729,290.729,83381
2022-01-26 15:35:00,290.729,291.442,290.679,290.838,94768
2022-01-26 15:40:00,290.729,290.768,289.372,289.718,51833
2022-01-26 15:45:00,289.684,290.362,288.965,290.065,63336
2022-01-26 15:50:00,290.164,290.798,289.322,289.986,96026
2022-01-26 15:55:00,289.728,291.006,288.975,290.788,156992
2022-01-26 16:00:00,290.669,291.372,289.57,289.986,134777
2022-01-26 16:05:00,289.986,289.986,289.986,289.986,30275
2022-01-26 16:35:00,289.986,289.986,289.986,289.986,2260
2022-01-26 17:00:00,290.243,290.243,290.243,290.243,200
2022-01-26 19:10:00,290.233,290.233,290.233,290.233,1000
2022-01-27 07:15:00,288.351,288.351,288.252,288.252,1009
2022-01-27 08:40:00,281.318,281.318,281.318,281.318,186
2022-01-27 09:20:00,281.16,281.318,281.16,281.318,340
2022-01-27 09:25:00,280.328,281.318,280.328,281.318,1328
2022-01-27 09:35:00,287.539,287.539,283.636,285.875,82178
2022-01-27 09:40:00,285.83,290.986,285.553,289.847,86301
2022-01-27 09:45:00,290.387,292.155,289.788,291.204,34760
2022-01-27 09:50:00,291.026,291.026,287.45,287.46,34828
2022-01-27 09:55:00,287.539,288.525,286.885,287.559,40130
2022-01-27 10:00:00,287.608,288.411,287.014,288.401,50426
2022-01-27 10:05:00,288.609,288.609,286.856,287.549,46255
2022-01-27 10:10:00,287.47,289.144,287.227,288.715,34501
2022-01-27 10:15:00,288.733,288.733,287.698,287.965,28827
2022-01-27 10:20:00,287.955,288.728,287.955,288.292,18999
2022-01-27 10:25:00,288.421,289.154,287.955,288.123,14524
2022-01-27 10:30:00,288.168,288.569,287.41,287.44,43825
2022-01-27 10:35:00,287.42,287.598,284.577,284.855,24496
2022-01-27 10:40:00,285.073,285.073,282.986,283.28,24492
2022-01-27 10:45:00,283.299,283.795,282.477,283.602,47891
2022-01-27 10:50:00,283.547,284.216,283.067,284.032,48779
2022-01-27 10:55:00,283.894,284.29,282.695,282.814,112870
2022-01-27 11:00:00,282.943,284.567,282.685,284.567,86929
2022-01-27 11:05:00,284.874,286.303,284.855,285.033,46787
2022-01-27 11:10:00,284.874,285.053,283.706,283.706,26871
2022-01-27 11:15:00,283.859,284.29,283.616,283.914,31442
2022-01-27 11:20:00,283.795,283.805,280.863,281.814,70586
2022-01-27 11:25:00,281.635,282.566,281.259,282.457,84357
2022-01-27 11:30:00,282.225,283.953,282.111,283.339,62726
2022-01-27 11:35:00,283.339,285.984,283.339,285.583,16879
2022-01-27 11:40:00,285.888,286.241,284.419,284.577,18925
2022-01-27 11:45:00,284.498,284.845,283.646,284.042,22533
2022-01-27 11:50:00,284.161,284.884,283.943,284.884,20390
2022-01-27 11:55:00,284.993,285.399,284.429,285.276,28632
2022-01-27 12:00:00,285.261,285.281,284.32,284.34,26718
2022-01-27 12:05:00,284.384,284.612,283.874,284.31,42845
2022-01-27 12:10:00,284.31,284.424,283.111,283.146,43295
2022-01-27 12:15:00,283.299,283.656,282.507,283.399,69529
2022-01-27 12:20:00,283.369,283.795,283.245,283.795,86387
2022-01-27 12:25:00,283.795,283.795,282.685,282.903,38829
2022-01-27 12:30:00,282.893,283.067,282.73,282.893,70630
2022-01-27 12:35:00,282.978,283.121,282.824,282.854,28878
2022-01-27 12:40:00,282.854,282.973,282.143,282.557,93381
2022-01-27 12:45:00,282.537,282.854,282.487,282.621,49710
2022-01-27 12:50:00,282.557,282.557,280.377,280.863,55606
2022-01-27 12:55:00,280.982,281.784,280.823,281.68,23064
2022-01-27 13:00:00,281.784,282.416,281.734,282.279,32728
2022-01-27 13:05:00,282.309,282.517,281.566,281.566,22959
2022-01-27 13:10:00,281.66,281.804,280.724,280.754,106956
2022-01-27 13:15:00,280.605,280.605,278.926,278.926,52803
2022-01-27 13:20:00,279.09,279.407,278.158,278.342,25804
2022-01-27 13:25:00,278.342,278.584,277.822,277.822,107490
2022-01-27 13:30:00,277.891,278.238,277.386,277.445,27209
2022-01-27 13:35:00,277.604,278.267,277.534,277.965,19050
2022-01-27 13:40:00,278.119,279.199,278.119,278.634,21876
2022-01-27 13:45:00,278.693,279.466,278.287,278.614,30682
2022-01-27 13:50:00,278.683,278.723,277.916,278.347,23273
2022-01-27 13:55:00,278.178,278.515,277.683,277.683,16595
2022-01-27 14:00:00,277.762,278.802,277.752,278.669,16486
2022-01-27 14:05:00,278.644,279.337,278.466,279.278,28861
2022-01-27 14:10:00,279.288,279.337,278.743,279.199,25963
2022-01-27 14:15:00,279.179,279.357,278.906,279.08,18743
2022-01-27 14:20:00,279.199,279.199,278.357,278.406,19948
2022-01-27 14:25:00,278.525,278.753,278.094,278.129,14785
2022-01-27 14:30:00,278.173,278.337,277.752,277.772,13980
2022-01-27 14:35:00,277.698,278.079,277.168,277.297,24115
2022-01-27 14:40:00,277.396,277.921,277.396,277.622,13994
2022-01-27 14:45:00,277.752,278.674,277.752,278.674,25637
2022-01-27 14:50:00,278.634,279.355,278.604,279.075,16929
2022-01-27 14:55:00,278.971,279.05,278.198,278.525,17333
2022-01-27 15:00:00,278.426,279.169,278.094,279.04,19473
2022-01-27 15:05:00,279.099,279.852,278.921,279.852,42233
2022-01-27 15:10:00,279.714,280.328,279.525,279.525,26995
2022-01-27 15:15:00,279.724,279.743,278.436,278.507,27262
2022-01-27 15:20:00,278.545,279.466,278.139,279.466,30409
2022-01-27 15:25:00,279.585,279.872,278.815,279.506,15275
2022-01-27 15:30:00,279.644,280.367,279.446,280.13,13766
2022-01-27 15:35:00,280.13,281.006,280.001,280.774,27328
2022-01-27 15:40:00,280.778,280.892,279.565,279.738,30171
2022-01-27 15:45:00,279.823,280.605,279.52,280.313,25272
2022-01-27 15:50:00,280.437,281.041,280.001,280.249,48177
2022-01-27 15:55:00,280.011,280.575,279.872,280.189,51547
2022-01-27 16:00:00,280.219,280.655,280.149,280.585,130030
2022-01-27 16:05:00,280.496,280.496,280.496,280.496,19154
2022-01-27 16:50:00,280.328,280.328,280.328,280.328,111
2022-01-28 09:35:00,279.714,279.714,276.851,278.213,66804
2022-01-28 09:40:00,277.901,278.386,273.612,274.186,83458
2022-01-28 09:45:00,274.067,274.632,272.245,272.354,55059
2022-01-28 09:50:00,272.344,279.714,271.512,271.69,64079
2022-01-28 09:55:00,271.69,272.869,271.195,272.572,41438
2022-01-28 10:00:00,272.453,274.533,272.448,274.533,28372
2022-01-28 10:05:00,274.701,275.395,273.939,274.464,74321
2022-01-28 10:10:00,274.345,275.603,274.345,275.073,44398
2022-01-28 10:15:00,275.117,276.316,275.117,275.722,42177
2022-01-28 10:20:00,275.846,277.579,275.846,277.579,30028
2022-01-28 10:25:00,277.624,277.851,276.227,276.41,15146
2022-01-28 10:30:00,276.593,276.821,275.85,276.638,18123
2022-01-28 10:35:00,276.791,276.99,275.722,275.722,13386
2022-01-28 10:40:00,275.811,278.233,275.811,277.554,32205
2022-01-28 10:45:00,277.198,277.237,275.91,276.029,13320
2022-01-28 10:50:00,276.306,277.381,275.454,277.381,15187
2022-01-28 10:55:00,277.401,277.96,277.208,277.96,22557
2022-01-28 11:00:00,277.871,277.871,276.891,277.321,16785
2022-01-28 11:05:00,277.445,277.861,277.039,277.287,36813
2022-01-28 11:10:00,277.455,277.782,277.287,277.653,13745
2022-01-28 11:15:00,277.633,278.158,277.604,278.129,11765
2022-01-28 11:20:00,278.188,280.115,278.188,280.115,40144
2022-01-28 11:25:00,280.189,280.249,279.238,279.852,17856
2022-01-28 11:30:00,279.823,280.625,279.377,279.496,21717
2022-01-28 11:35:00,279.813,280.13,278.812,279.352,15462
2022-01-28 11:40:00,279.644,280.452,279.525,280.031,17552
2022-01-28 11:45:00,279.902,280.521,279.763,279.783,11694
2022-01-28 11:50:00,279.922,280.328,279.431,280.11,13407
2022-01-28 11:55:00,280.12,281.051,279.837,280.625,13775
2022-01-28 12:00:00,280.521,281.477,280.521,280.684,16177
2022-01-28 12:05:00,280.709,281.378,280.407,281.14,13779
2022-01-28 12:10:00,281.041,281.284,280.699,281.249,13202
2022-01-28 12:15:00,281.299,281.546,280.496,280.952,16967
2022-01-28 12:20:00,280.927,281.239,280.833,281.021,14805
2022-01-28 12:25:00,280.922,281.051,280.536,281.011,13828
2022-01-28 12:30:00,281.18,281.229,280.1,280.1,19087
2022-01-28 12:35:00,280.031,280.427,279.882,280.288,15389
2022-01-28 12:40:00,280.328,280.338,279.743,279.922,11850
2022-01-28 12:45:00,279.902,281.318,279.823,281.17,59006
2022-01-28 12:50:00,281.071,281.269,280.501,281.081,11305
2022-01-28 12:55:00,280.823,280.823,280.179,280.316,13215
2022-01-28 13:00:00,280.278,280.932,279.941,280.476,15761
2022-01-28 13:05:00,280.541,280.894,280.229,280.405,15143
2022-01-28 13:10:00,280.397,281.11,280.357,281.11,7467
2022-01-28 13:15:00,280.962,281.041,280.823,280.897,10217
2022-01-28 13:20:00,281.03,281.378,281.03,281.18,9615
2022-01-28 13:25:00,281.041,281.041,280.457,280.59,10569
2022-01-28 13:30:00,280.645,280.783,280.14,280.783,11817
2022-01-28 13:35:00,280.774,281.645,280.754,281.358,17225
2022-01-28 13:40:00,281.358,281.576,280.823,281.204,31881
2022-01-28 13:45:00,280.991,281.378,280.823,281.358,8193
2022-01-28 13:50:00,281.556,281.942,281.209,281.883,16875
2022-01-28 13:55:00,281.932,282.7,281.734,282.527,13489
2022-01-28 14:00:00,282.378,282.735,281.843,282.517,20938
2022-01-28 14:05:00,282.695,282.814,281.824,282.111,11038
2022-01-28 14:10:00,281.883,282.071,281.566,281.566,15892
2022-01-28 14:15:00,281.685,281.774,281.378,281.378,14266
2022-01-28 14:20:00,281.467,281.873,281.204,281.368,17514
2022-01-28 14:25:00,281.378,281.616,281.1,281.14,28068
2022-01-28 14:30:00,281.13,281.437,280.902,281.11,54664
2022-01-28 14:35:00,280.972,280.991,279.649,279.813,22850
2022-01-28 14:40:00,279.684,280.1,279.64,279.813,31618
2022-01-28 14:45:00,280.001,281.833,279.872,281.833,51261
2022-01-28 14:50:00,281.824,282.141,281.14,282.111,22650
2022-01-28 14:55:00,281.982,282.041,281.031,281.274,26860
2022-01-28 15:00:00,281.199,281.447,281.13,281.308,24007
2022-01-28 15:05:00,281.393,281.804,281.001,281.734,32674
2022-01-28 15:10:00,281.824,282.418,281.804,282.245,12194
2022-01-28 15:15:00,282.23,282.378,281.942,282.15,14816
2022-01-28 15:20:00,282.349,282.616,282.101,282.423,14171
2022-01-28 15:25:00,282.299,283.21,282.279,283.101,27711
2022-01-28 15:30:00,283.27,283.339,282.646,282.68,23398
2022-01-28 15:35:00,282.586,282.596,281.299,281.616,86122
2022-01-28 15:40:00,281.576,282.913,281.511,282.755,39358
2022-01-28 15:45:00,282.784,282.933,282.462,282.665,29708
2022-01-28 15:50:00,282.601,283.468,282.497,283.458,42870
2022-01-28 15:55:00,283.943,284.221,283.498,284.221,61763
2022-01-28 16:00:00,284.062,285.132,283.77,284.993,152351
2022-01-28 16:05:00,284.983,284.983,284.983,284.983,31782
2022-01-28 16:15:00,284.983,284.983,284.983,284.983,109
2022-01-31 09:35:00,284.29,286.172,283.329,285.726,41583
2022-01-31 09:40:00,285.716,286.008,284.488,284.909,11726
2022-01-31 09:45:00,284.914,285.518,284.379,284.756,14216
2022-01-31 09:50:00,284.429,284.429,283.309,283.661,9433
2022-01-31 09:55:00,283.616,284.453,283.488,284.26,13103
2022-01-31 10:00:00,284.221,284.899,284.023,284.423,24955
2022-01-31 10:05:00,284.577,284.924,283.844,284.072,16114
2022-01-31 10:10:00,283.904,284.993,283.894,284.993,20423
2022-01-31 10:15:00,285.122,285.281,284.369,284.374,12471
2022-01-31 10:20:00,284.518,284.706,283.646,283.894,13277
2022-01-31 10:25:00,283.963,284.865,283.963,284.231,37108
2022-01-31 10:30:00,284.28,284.557,283.943,284.097,21577
2022-01-31 10:35:00,284.211,284.577,284.117,284.211,14786
2022-01-31 10:40:00,284.003,284.191,283.131,283.339,11925
2022-01-31 10:45:00,283.349,283.379,282.745,283.032,17412
2022-01-31 10:50:00,283.056,283.285,282.358,282.462,11969
2022-01-31 10:55:00,282.467,282.978,282.24,282.765,12696
2022-01-31 11:00:00,282.824,282.933,281.576,281.853,10173
2022-01-31 11:05:00,282.091,282.576,281.962,281.962,10764
2022-01-31 11:10:00,282.007,282.007,280.902,281.011,18069
2022-01-31 11:15:00,280.853,281.299,280.605,281.056,9322
2022-01-31 11:20:00,280.912,280.991,280.585,280.991,9873
2022-01-31 11:25:00,280.922,280.991,280.526,280.615,6971
2022-01-31 11:30:00,280.625,281.526,280.625,281.338,9241
2022-01-31 11:35:00,281.526,282.695,281.497,282.497,10194
2022-01-31 11:40:00,282.695,282.735,281.814,281.814,19124
2022-01-31 11:45:00,281.883,282.091,281.843,281.972,13265
2022-01-31 11:50:00,282.212,282.398,281.675,282.051,24727
2022-01-31 11:55:00,282.149,283.428,282.149,283.428,5878
2022-01-31 12:00:00,283.438,283.686,283.27,283.339,14599
2022-01-31 12:05:00,283.23,283.23,282.17,282.309,17106
2022-01-31 12:10:00,282.413,283.471,282.319,282.997,14315
2022-01-31 12:15:00,282.982,283.696,282.467,282.467,31663
2022-01-31 12:20:00,282.616,283.042,282.477,282.903,11311
2022-01-31 12:25:00,283.032,283.25,282.457,282.606,34528
2022-01-31 12:30:00,282.596,283.072,282.18,282.903,43724
2022-01-31 12:35:00,282.903,283.299,282.755,282.814,27346
2022-01-31 12:40:00,282.814,282.883,282.557,282.793,18539
2022-01-31 12:45:00,283.002,283.389,282.923,283.091,12587
2022-01-31 12:50:00,283.101,283.671,283.052,283.25,46561
2022-01-31 12:55:00,283.25,283.25,282.963,283.22,29217
2022-01-31 13:00:00,283.122,283.171,282.636,282.656,7824
2022-01-31 13:05:00,282.507,282.616,282.121,282.537,10498
2022-01-31 13:10:00,282.467,282.844,282.467,282.656,12666
2022-01-31 13:15:00,282.636,282.636,282.329,282.482,11153
2022-01-31 13:20:00,282.492,282.594,282.259,282.418,15391
2022-01-31 13:25:00,282.482,282.665,282.462,282.665,5291
2022-01-31 13:30:00,282.69,282.745,282.18,282.18,17933
2022-01-31 13:35:00,282.051,282.527,282.051,282.349,9827
2022-01-31 13:40:00,282.418,282.874,282.33,282.695,34539
2022-01-31 13:45:00,282.69,282.755,282.675,282.695,23405
2022-01-31 13:50:00,282.755,283.607,282.725,282.854,26849
2022-01-31 13:55:00,282.854,282.854,282.502,282.631,20251
2022-01-31 14:00:00,282.636,282.705,282.596,282.685,14068
2022-01-31 14:05:00,282.705,282.804,282.705,282.784,19448
2022-01-31 14:10:00,282.765,282.804,282.596,282.661,19751
2022-01-31 14:15:00,282.675,283.547,282.675,283.438,14935
2022-01-31 14:20:00,283.715,284.409,283.676,284.141,10499
2022-01-31 14:25:00,284.28,284.424,284.146,284.181,10194
2022-01-31 14:30:00,284.062,284.062,283.547,283.973,45114
2022-01-31 14:35:00,284.042,284.151,283.626,283.676,19526
2022-01-31 14:40:00,283.666,283.745,283.547,283.666,9883
2022-01-31 14:45:00,283.815,284.003,283.507,283.507,13526
2022-01-31 14:50:00,283.438,283.478,282.745,283.186,36065
2022-01-31 14:55:00,283.195,283.864,283.195,283.29,17176
2022-01-31 15:00:00,283.369,283.656,283.329,283.636,10630
2022-01-31 15:05:00,283.616,283.874,283.438,283.438,16021
2022-01-31 15:10:00,283.493,283.498,283.007,283.181,18795
2022-01-31 15:15:00,283.181,283.27,282.695,282.695,40288
2022-01-31 15:20:00,282.784,282.903,282.21,282.368,37173
2022-01-31 15:25:00,282.517,283.26,282.477,283.22,23383
2022-01-31 15:30:00,283.22,283.58,282.799,283.197,43567
2022-01-31 15:35:00,283.062,283.567,282.804,283.567,43282
2022-01-31 15:40:00,283.616,283.874,283.121,283.29,40458
2022-01-31 15:45:00,283.29,283.537,282.765,283.121,49677
2022-01-31 15:50:00,283.29,283.418,282.992,283.181,92482
2022-01-31 15:55:00,283.181,284.944,283.181,284.577,136416
2022-01-31 16:00:00,284.538,285.018,283.75,283.795,324352
2022-01-31 16:05:00,283.805,283.805,283.805,283.805,52225
2022-01-31 16:10:00,283.805,283.805,283.805,283.805,6757
2022-01-31 16:15:00,283.805,283.805,283.805,283.805,1874
2022-01-31 16:25:00,283.805,283.805,283.805,283.805,474
2022-01-31 16:40:00,283.805,283.805,283.805,283.805,100
2022-01-31 16:50:00,284.29,284.29,284.29,284.29,100
2022-02-01 08:35:00,280.526,280.526,280.526,280.526,300
2022-02-01 08:50:00,281.814,282.012,281.814,282.012,450
2022-02-01 09:35:00,286.004,286.241,284.349,284.686,43201
2022-02-01 09:40:00,285.107,286.311,284.419,285.394,57146
2022-02-01 09:45:00,285.503,285.895,283.255,284.3,18940
2022-02-01 09:50:00,284.31,285.399,283.854,285.399,24571
2022-02-01 09:55:00,285.548,285.578,284.805,285.261,28903
2022-02-01 10:00:00,284.993,285.186,284.637,284.934,49791
2022-02-01 10:05:00,284.835,284.894,283.299,283.646,18398
2022-02-01 10:10:00,283.339,283.676,282.824,283.309,24052
2022-02-01 10:15:00,283.408,284.498,283.379,283.993,39385
2022-02-01 10:20:00,283.993,284.161,282.022,282.081,147669
2022-02-01 10:25:00,282.002,284.201,282.002,284.201,28597
2022-02-01 10:30:00,284.122,284.369,283.715,283.715,35275
2022-02-01 10:35:00,283.834,284.686,283.423,284.369,35584
2022-02-01 10:40:00,284.369,284.548,284.037,284.037,20936
2022-02-01 10:45:00,284.052,284.3,283.349,283.854,14945
2022-02-01 10:50:00,283.646,283.963,283.25,283.25,17413
2022-02-01 10:55:00,283.805,284.31,283.805,284.181,12000
2022-02-01 11:00:00,284.221,284.835,283.844,284.349,44370
2022-02-01 11:05:00,284.419,284.986,284.369,284.795,37783
2022-02-01 11:10:00,284.795,285.924,284.736,285.662,28196
2022-02-01 11:15:00,285.662,286.37,285.29,285.915,29057
2022-02-01 11:20:00,286.023,286.865,285.776,286.648,29311
2022-02-01 11:25:00,286.737,287.014,286.35,286.459,18929
2022-02-01 11:30:00,286.413,286.628,286.004,286.301,28490
2022-02-01 11:35:00,286.301,286.301,285.281,285.815,23622
2022-02-01 11:40:00,285.823,286.004,285.528,285.855,21470
2022-02-01 11:45:00,285.885,286.578,285.874,286.548,10812
2022-02-01 11:50:00,286.687,286.915,286.42,286.53,17317
2022-02-01 11:55:00,286.598,286.895,286.34,286.415,13499
2022-02-01 12:00:00,286.509,286.667,286.44,286.489,14776
2022-02-01 12:05:00,286.57,286.713,286.44,286.44,15567
2022-02-01 12:10:00,286.489,286.875,286.489,286.568,11731
2022-02-01 12:15:00,286.583,286.994,286.509,286.994,9984
2022-02-01 12:20:00,286.984,287.643,286.915,287.628,16322
2022-02-01 12:25:00,287.648,288.034,287.559,288.034,14512
2022-02-01 12:30:00,287.955,288.193,287.757,288.193,16203
2022-02-01 12:35:00,288.223,288.678,288.183,288.198,20190
2022-02-01 12:40:00,288.381,288.807,288.331,288.639,6268
2022-02-01 12:45:00,288.787,288.916,288.44,288.49,12029
2022-02-01 12:50:00,288.331,288.371,287.747,287.901,8713
2022-02-01 12:55:00,288.024,288.213,287.633,287.876,11989
2022-02-01 13:00:00,287.915,288.391,287.915,288.391,11188
2022-02-01 13:05:00,288.45,288.45,287.604,287.668,6465
2022-02-01 13:10:00,287.569,288.015,287.45,287.476,8091
2022-02-01 13:15:00,287.792,288.327,287.792,288.132,6868
2022-02-01 13:20:00,287.955,288.143,287.688,287.806,10156
2022-02-01 13:25:00,287.955,288.302,287.955,288.015,9970
2022-02-01 13:30:00,287.915,288.203,287.767,288.203,11422
2022-02-01 13:35:00,288.262,288.619,288.262,288.569,8910
2022-02-01 13:40:00,288.331,288.767,288.074,288.668,10560
2022-02-01 13:45:00,288.965,289.173,288.698,288.842,11199
2022-02-01 13:50:00,288.797,289.193,288.777,288.777,6680
2022-02-01 13:55:00,288.916,289.124,288.639,288.965,9581
2022-02-01 14:00:00,288.926,288.936,288.358,288.936,10557
2022-02-01 14:05:00,288.865,289.164,288.698,288.748,10104
2022-02-01 14:10:00,288.787,289.54,288.787,289.451,18270
2022-02-01 14:15:00,289.441,289.728,288.975,289.708,23277
2022-02-01 14:20:00,289.649,289.807,289.203,289.485,16096
2022-02-01 14:25:00,289.411,289.52,288.832,288.96,25536
2022-02-01 14:30:00,289.015,289.114,288.886,288.99,16478
2022-02-01 14:35:00,289.035,289.104,288.817,288.995,13207
2022-02-01 14:40:00,288.995,289.273,288.738,289.144,9297
2022-02-01 14:45:00,289.362,289.362,288.847,289.084,8124
2022-02-01 14:50:00,289.164,289.49,289.144,289.243,15197
2022-02-01 14:55:00,289.401,289.421,289.064,289.173,11672
2022-02-01 15:00:00,289.169,289.352,289.124,289.292,9754
2022-02-01 15:05:00,289.342,289.723,289.144,289.629,11757
2022-02-01 15:10:00,289.53,290.085,289.302,289.857,24082
2022-02-01 15:15:00,289.758,290.134,289.702,290.07,16626
2022-02-01 15:20:00,290.154,290.491,289.897,290.332,21189
2022-02-01 15:25:00,290.491,290.61,290.283,290.481,21945
2022-02-01 15:30:00,290.63,290.848,290.55,290.798,17720
2022-02-01 15:35:00,290.739,291.086,290.659,290.996,35161
2022-02-01 15:40:00,291.075,291.135,290.263,290.352,34370
2022-02-01 15:45:00,290.441,290.996,290.431,290.679,34131
2022-02-01 15:50:00,290.679,291.402,290.679,291.293,43066
2022-02-01 15:55:00,291.447,291.521,290.788,291.204,55000
2022-02-01 16:00:00,291.209,291.402,290.124,290.144,171537
2022-02-01 16:05:00,290.323,290.828,290.323,290.323,26203
2022-02-01 16:35:00,290.323,290.323,290.323,290.323,69010
2022-02-02 08:20:00,290.323,290.323,290.323,290.323,9196
2022-02-02 08:25:00,290.323,290.323,290.323,290.323,11680
2022-02-02 09:20:00,290.323,290.323,290.323,290.323,507
2022-02-02 09:35:00,290.927,291.412,289.322,289.322,24225
2022-02-02 09:40:00,289.213,289.49,287.43,289.461,21609
2022-02-02 09:45:00,289.074,290.075,288.312,288.663,10143
2022-02-02 09:50:00,288.401,289.094,288.401,289.03,11908
2022-02-02 09:55:00,289.089,289.243,288.223,288.698,13827
2022-02-02 10:00:00,288.688,289.282,288.322,289.282,12228
2022-02-02 10:05:00,289.282,290.748,289.273,289.956,10874
2022-02-02 10:10:00,289.946,290.085,289.188,290.085,9284
2022-02-02 10:15:00,289.827,290.134,288.807,288.807,12132
2022-02-02 10:20:00,288.975,289.164,288.609,289.164,9652
2022-02-02 10:25:00,289.154,289.381,288.936,289.134,12578
2022-02-02 10:30:00,288.956,289.381,288.792,289.381,10667
2022-02-02 10:35:00,289.253,289.253,288.698,288.748,6540
2022-02-02 10:40:00,288.817,289.55,288.817,289.55,3404
2022-02-02 10:45:00,289.827,290.114,289.431,290.114,9639
2022-02-02 10:50:00,290.114,290.475,290.045,290.323,4351
2022-02-02 10:55:00,290.223,290.263,289.451,289.451,8534
2022-02-02 11:00:00,289.641,290.184,289.641,290.015,9549
2022-02-02 11:05:00,290.174,290.293,289.57,289.718,11445
2022-02-02 11:10:00,289.703,290.382,289.57,290.332,8788
2022-02-02 11:15:00,290.268,290.793,290.268,290.332,7835
2022-02-02 11:20:00,290.55,291.016,290.441,291.016,7729
2022-02-02 11:25:00,291.026,291.244,290.857,291.145,7544
2022-02-02 11:30:00,291.244,291.581,291.244,291.244,8371
2022-02-02 11:35:00,291.224,291.709,291.085,291.531,11075
2022-02-02 11:40:00,291.486,291.868,291.031,291.283,9417
2022-02-02 11:45:00,291.293,291.66,290.976,291.402,13227
2022-02-02 11:50:00,291.026,291.372,290.857,291.105,8889
2022-02-02 11:55:00,291.145,291.422,291.135,291.422,3826
2022-02-02 12:00:00,291.273,291.273,290.927,291.046,7132
2022-02-02 12:05:00,290.999,291.174,290.788,291.174,9003
2022-02-02 12:10:00,291.229,291.838,291.125,291.838,7811
2022-02-02 12:15:00,291.739,291.917,291.6,291.878,6235
2022-02-02 12:20:00,291.769,291.947,291.368,291.521,7901
2022-02-02 12:25:00,291.6,291.868,291.59,291.811,5479
2022-02-02 12:30:00,291.852,292.195,291.749,291.987,9647
2022-02-02 12:35:00,291.798,292.353,291.709,292.353,6613
2022-02-02 12:40:00,292.165,292.264,291.818,292.264,4597
2022-02-02 12:45:00,292.294,292.294,291.68,291.759,6549
2022-02-02 12:50:00,291.769,292.482,291.759,292.214,11645
2022-02-02 12:55:00,292.314,292.535,292.294,292.294,6728
2022-02-02 13:00:00,292.452,292.566,292.343,292.482,8644
2022-02-02 13:05:00,292.621,292.957,292.621,292.68,12282
2022-02-02 13:10:00,292.685,292.685,292.036,292.17,9051
2022-02-02 13:15:00,292.264,292.373,291.907,292.101,7862
2022-02-02 13:20:00,292.101,292.304,292.026,292.185,8290
2022-02-02 13:25:00,292.2,292.2,291.907,292.056,9018
2022-02-02 13:30:00,291.997,291.997,291.333,291.486,8989
2022-02-02 13:35:00,291.571,291.571,291.234,291.308,8271
2022-02-02 13:40:00,291.363,291.531,291.244,291.392,8111
2022-02-02 13:45:00,291.368,291.372,290.986,291.105,9013
2022-02-02 13:50:00,290.996,291.145,290.768,290.838,6201
2022-02-02 13:55:00,290.887,290.937,290.679,290.917,6191
2022-02-02 14:00:00,290.947,290.947,290.719,290.867,7354
2022-02-02 14:05:00,290.848,291.729,290.848,291.571,7051
2022-02-02 14:10:00,291.571,291.729,291.264,291.62,13535
2022-02-02 14:15:00,291.947,291.957,291.62,291.64,6613
2022-02-02 14:20:00,291.729,291.848,291.521,291.798,7745
2022-02-02 14:25:00,291.709,291.912,291.581,291.581,12950
2022-02-02 14:30:00,291.541,291.67,291.198,291.506,7499
2022-02-02 14:35:00,291.541,291.66,291.392,291.66,7001
2022-02-02 14:40:00,291.858,291.907,291.501,291.907,8028
2022-02-02 14:45:00,292.016,292.135,291.838,292.016,6138
2022-02-02 14:50:00,292.036,292.185,291.868,291.868,7563
2022-02-02 14:55:00,291.997,292.333,291.997,292.18,8572
2022-02-02 15:00:00,292.145,292.353,292.002,292.106,12585
2022-02-02 15:05:00,292.125,292.482,291.947,292.398,13413
2022-02-02 15:10:00,292.323,292.363,291.858,291.927,7836
2022-02-02 15:15:00,291.828,291.937,291.729,291.927,11289
2022-02-02 15:20:00,292.006,292.399,291.743,292.343,14665
2022-02-02 15:25:00,292.254,292.292,291.927,292.214,9764
2022-02-02 15:30:00,292.224,292.353,291.907,292.145,12643
2022-02-02 15:35:00,292.249,292.522,292.165,292.522,15014
2022-02-02 15:40:00,292.462,292.522,291.897,292.036,26617
2022-02-02 15:45:00,292.109,292.205,291.729,291.897,18222
2022-02-02 15:50:00,291.927,292.016,291.194,291.392,39493
2022-02-02 15:55:00,291.407,291.719,291.179,291.407,48943
2022-02-02 16:00:00,291.561,291.719,291.224,291.541,106290
2022-02-02 16:05:00,291.541,291.541,291.541,291.541,27114
2022-02-03 09:35:00,288.757,291.308,288.252,288.757,25266
2022-02-03 09:40:00,289.055,290.679,289.055,290.412,12139
2022-02-03 09:45:00,290.969,290.969,289.867,289.867,2399
2022-02-03 09:50:00,288.985,289.332,288.252,288.341,7968
2022-02-03 09:55:00,288.193,288.46,287.776,287.866,11190
2022-02-03 10:00:00,287.856,288.024,286.93,288.024,14066
2022-02-03 10:05:00,288.104,288.762,287.95,288.282,6681
2022-02-03 10:10:00,288.44,288.599,288.133,288.381,5758
2022-02-03 10:15:00,288.48,288.619,288.173,288.619,4216
2022-02-03 10:20:00,288.668,288.668,288.143,288.356,6799
2022-02-03 10:25:00,288.361,288.891,288.143,288.173,7128
2022-02-03 10:30:00,288.272,288.475,287.767,287.901,10057
2022-02-03 10:35:00,287.846,288.371,287.791,288.232,8630
2022-02-03 10:40:00,288.302,288.965,288.302,288.965,5230
2022-02-03 10:45:00,288.975,289.084,288.807,289.059,6636
2022-02-03 10:50:00,288.916,289.084,288.341,288.46,8074
2022-02-03 10:55:00,288.559,288.975,288.559,288.975,3629
2022-02-03 11:00:00,289.169,289.208,288.639,288.827,4811
2022-02-03 11:05:00,288.718,289.064,288.579,288.896,6504
2022-02-03 11:10:00,288.936,288.965,288.683,288.683,6850
2022-02-03 11:15:00,288.738,289.114,288.738,288.896,8442
2022-02-03 11:20:00,288.98,288.98,288.619,288.619,3349
2022-02-03 11:25:00,288.549,288.549,287.995,288.064,9138
2022-02-03 11:30:00,288.183,288.351,287.688,287.886,9249
2022-02-03 11:35:00,287.871,288.292,287.618,288.272,12372
2022-02-03 11:40:00,288.331,288.331,287.732,287.826,4394
2022-02-03 11:45:00,287.797,287.797,287.569,287.727,4369
2022-02-03 11:50:00,287.767,287.777,287.034,287.262,5513
2022-02-03 11:55:00,287.321,287.638,286.984,287.081,4814
2022-02-03 12:00:00,287.029,287.341,286.657,286.737,12386
2022-02-03 12:05:00,286.856,287.212,286.519,286.846,16668
2022-02-03 12:10:00,286.806,287.088,286.618,286.856,7821
2022-02-03 12:15:00,286.777,286.777,286.182,286.489,9783
2022-02-03 12:20:00,286.44,286.648,286.093,286.222,5686
2022-02-03 12:25:00,285.924,286.558,285.924,286.281,4949
2022-02-03 12:30:00,286.816,287.093,286.618,286.667,8238
2022-02-03 12:35:00,286.499,286.697,285.578,285.736,17573
2022-02-03 12:40:00,285.627,286.178,285.578,285.875,10526
2022-02-03 12:45:00,285.726,286.141,285.31,285.31,10461
2022-02-03 12:50:00,285.399,285.528,285.17,285.31,8095
2022-02-03 12:55:00,285.632,285.885,285.459,285.766,6140
2022-02-03 13:00:00,285.687,285.924,285.449,285.766,6866
2022-02-03 13:05:00,285.845,285.845,285.404,285.736,5094
2022-02-03 13:10:00,285.687,285.825,285.013,285.013,5642
2022-02-03 13:15:00,285.053,285.865,285.013,285.865,7758
2022-02-03 13:20:00,285.811,286.261,285.647,286.063,8743
2022-02-03 13:25:00,286.123,286.321,286.073,286.073,5159
2022-02-03 13:30:00,285.984,286.222,285.954,286.053,4648
2022-02-03 13:35:00,286.078,286.519,286.078,286.519,5184
2022-02-03 13:40:00,286.291,286.42,286.043,286.36,7421
2022-02-03 13:45:00,286.172,286.232,285.974,285.974,7759
2022-02-03 13:50:00,286.132,286.479,285.954,286.479,4560
2022-02-03 13:55:00,286.291,286.359,285.954,285.954,4292
2022-02-03 14:00:00,285.919,286.232,285.919,286.232,3672
2022-02-03 14:05:00,286.232,286.37,286.033,286.31,4707
2022-02-03 14:10:00,286.321,286.321,286.023,286.073,3940
2022-02-03 14:15:00,286.132,286.232,286.014,286.232,5537
2022-02-03 14:20:00,286.281,286.706,286.172,286.706,8144
2022-02-03 14:25:00,286.598,286.623,286.162,286.281,4613
2022-02-03 14:30:00,286.241,286.271,285.875,285.875,7923
2022-02-03 14:35:00,285.815,286.033,285.815,285.89,4955
2022-02-03 14:40:00,286.083,286.083,285.33,285.459,7250
2022-02-03 14:45:00,285.34,285.518,285.261,285.429,6571
2022-02-03 14:50:00,285.231,285.905,285.231,285.776,18140
2022-02-03 14:55:00,285.776,285.895,285.766,285.806,6416
2022-02-03 15:00:00,285.924,286.019,285.607,285.607,7965
2022-02-03 15:05:00,285.677,285.835,285.568,285.716,20104
2022-02-03 15:10:00,285.806,285.875,285.657,285.721,8399
2022-02-03 15:15:00,285.746,285.924,285.578,285.776,9221
2022-02-03 15:20:00,285.82,286.461,285.82,286.321,16576
2022-02-03 15:25:00,286.311,286.717,286.271,286.271,8569
2022-02-03 15:30:00,286.261,286.532,286.202,286.444,12894
2022-02-03 15:35:00,286.469,286.469,285.657,285.715,14369
2022-02-03 15:40:00,285.578,285.994,285.578,285.944,27986
2022-02-03 15:45:00,285.905,286.073,285.825,286.048,22411
2022-02-03 15:50:00,285.915,286.023,285.112,285.667,38423
2022-02-03 15:55:00,285.489,285.518,284.795,284.97,42743
2022-02-03 16:00:00,284.969,285.599,284.686,285.122,131147
2022-02-03 16:05:00,285.112,285.112,285.112,285.112,15500
2022-02-03 16:35:00,285.112,285.112,285.112,285.112,3027
2022-02-04 09:35:00,283.319,283.399,282.378,282.438,34819
2022-02-04 09:40:00,282.854,282.943,281.303,281.72,14742
2022-02-04 09:45:00,281.744,283.369,281.645,282.834,13050
2022-02-04 09:50:00,282.928,282.928,281.231,281.65,18022
2022-02-04 09:55:00,281.942,281.992,280.938,281.586,20086
2022-02-04 10:00:00,281.699,281.992,280.714,280.793,19701
2022-02-04 10:05:00,281.071,281.457,280.627,280.962,12155
2022-02-04 10:10:00,280.996,281.824,280.783,281.011,49803
2022-02-04 10:15:00,280.665,281.001,280.531,280.635,22535
2022-02-04 10:20:00,280.625,280.665,280.06,280.437,10224
2022-02-04 10:25:00,280.293,280.605,280.199,280.476,30963
2022-02-04 10:30:00,280.466,280.526,279.139,279.238,16966
2022-02-04 10:35:00,279.367,279.961,279.367,279.481,19725
2022-02-04 10:40:00,279.347,279.476,278.644,279.099,25870
2022-02-04 10:45:00,279.03,279.235,278.248,278.347,7481
2022-02-04 10:50:00,278.267,278.594,277.96,278.594,35412
2022-02-04 10:55:00,278.515,278.911,278.411,278.891,10715
2022-02-04 11:00:00,278.991,279.238,278.753,279.159,14104
2022-02-04 11:05:00,279.159,279.922,279.06,279.626,10466
2022-02-04 11:10:00,279.545,279.991,279.486,279.575,7550
2022-02-04 11:15:00,279.377,279.684,279.199,279.199,5130
2022-02-04 11:20:00,279.218,280.199,279.208,279.991,6891
2022-02-04 11:25:00,279.991,279.991,279.407,279.728,7869
2022-02-04 11:30:00,279.763,280.442,279.763,280.442,6636
2022-02-04 11:35:00,280.774,281.051,280.575,281.051,7216
2022-02-04 11:40:00,280.972,281.16,280.672,280.672,9056
2022-02-04 11:45:00,280.783,280.982,280.556,280.793,5731
2022-02-04 11:50:00,280.932,281.125,280.635,280.635,3395
2022-02-04 11:55:00,280.625,280.736,280.457,280.575,6549
2022-02-04 12:00:00,280.694,280.982,280.407,280.407,6901
2022-02-04 12:05:00,280.397,280.397,279.951,280.031,6117
2022-02-04 12:10:00,280.159,280.229,279.724,279.894,5835
2022-02-04 12:15:00,279.793,280.288,279.407,280.05,11084
2022-02-04 12:20:00,280.115,280.169,279.932,279.932,3503
2022-02-04 12:25:00,279.842,279.842,279.397,279.466,3452
2022-02-04 12:30:00,279.565,280.06,279.476,279.733,13001
2022-02-04 12:35:00,279.951,279.951,279.327,279.476,6919
2022-02-04 12:40:00,279.565,279.813,279.238,279.813,4404
2022-02-04 12:45:00,279.867,280.031,279.753,280.031,6154
2022-02-04 12:50:00,279.833,280.001,279.684,279.872,6093
2022-02-04 12:55:00,279.823,279.897,279.555,279.793,5114
2022-02-04 13:00:00,279.797,280.179,279.724,280.179,5259
2022-02-04 13:05:00,280.199,280.501,280.14,280.451,8426
2022-02-04 13:10:00,280.655,281.091,280.655,281.071,9074
2022-02-04 13:15:00,281.041,281.1,280.724,280.833,8497
2022-02-04 13:20:00,280.833,280.882,280.615,280.882,7086
2022-02-04 13:25:00,280.897,281.051,280.783,281.051,6078
2022-02-04 13:30:00,281.071,281.081,280.645,280.674,7696
2022-02-04 13:35:00,280.833,281.031,280.674,280.927,7550
2022-02-04 13:40:00,280.927,281.14,280.863,281.056,14509
2022-02-04 13:45:00,281.239,281.581,281.239,281.398,10115
2022-02-04 13:50:00,281.407,281.472,280.972,281.328,19954
2022-02-04 13:55:00,281.348,281.576,281.348,281.487,3806
2022-02-04 14:00:00,281.576,281.774,281.264,281.536,9874
2022-02-04 14:05:00,281.635,281.705,281.041,281.12,8539
2022-02-04 14:10:00,281.061,281.15,280.892,281.031,5630
2022-02-04 14:15:00,281.115,281.115,280.496,280.858,10213
2022-02-04 14:20:00,280.764,280.793,280.575,280.63,13695
2022-02-04 14:25:00,280.585,280.803,280.496,280.496,9912
2022-02-04 14:30:00,280.556,281.19,280.486,280.902,11490
2022-02-04 14:35:00,280.754,281.274,280.754,281.133,5379
2022-02-04 14:40:00,281.071,281.214,280.863,281.026,9315
2022-02-04 14:45:00,281.041,281.269,280.754,280.907,10273
2022-02-04 14:50:00,280.843,280.902,280.531,280.793,8079
2022-02-04 14:55:00,280.754,280.947,280.546,280.774,5640
2022-02-04 15:00:00,280.714,280.803,280.486,280.665,9367
2022-02-04 15:05:00,280.699,280.823,280.585,280.803,11408
2022-02-04 15:10:00,280.803,281.487,280.734,281.328,17620
2022-02-04 15:15:00,281.318,282.002,281.318,281.923,9967
2022-02-04 15:20:00,281.913,281.962,281.541,281.541,8023
2022-02-04 15:25:00,281.616,281.942,281.616,281.853,12226
2022-02-04 15:30:00,281.923,282.16,281.586,281.705,11883
2022-02-04 15:35:00,281.665,281.972,281.289,281.873,15013
2022-02-04 15:40:00,281.724,281.899,281.274,281.338,19243
2022-02-04 15:45:00,281.313,281.504,281.219,281.318,31954
2022-02-04 15:50:00,281.259,281.358,280.209,280.459,40984
2022-02-04 15:55:00,280.516,281.031,279.684,279.911,43799
2022-02-04 16:00:00,279.773,279.803,278.911,279.268,225487
2022-02-04 16:05:00,279.07,279.674,279.07,279.07,18488
2022-02-04 16:35:00,279.07,279.07,279.07,279.07,656
2022-02-04 17:45:00,279.347,279.347,279.347,279.347,152
2022-02-07 09:35:00,279.486,280.011,279.194,279.664,18102
2022-02-07 09:40:00,279.02,279.139,277.751,278.555,13496
2022-02-07 09:45:00,278.773,279.337,278.079,278.183,9839
2022-02-07 09:50:00,278.337,279.486,278.277,278.931,43344
2022-02-07 09:55:00,278.733,279.674,278.733,279.114,7992
2022-02-07 10:00:00,279.109,279.109,278.238,278.787,8530
2022-02-07 10:05:00,278.783,278.783,278.317,278.442,7187
2022-02-07 10:10:00,278.753,278.753,278.267,278.327,10109
2022-02-07 10:15:00,278.584,278.664,278.089,278.644,12671
2022-02-07 10:20:00,278.644,278.802,278.109,278.109,14480
2022-02-07 10:25:00,278.104,278.802,278.104,278.802,9355
2022-02-07 10:30:00,278.475,278.822,278.475,278.807,4003
2022-02-07 10:35:00,278.914,279.555,278.862,279.555,7417
2022-02-07 10:40:00,279.605,279.629,279.07,279.07,7380
2022-02-07 10:45:00,278.981,278.981,278.446,278.775,4280
2022-02-07 10:50:00,278.991,279.199,278.178,278.287,17060
2022-02-07 10:55:00,278.347,278.723,278.168,278.723,5141
2022-02-07 11:00:00,278.436,279.139,278.436,279.08,13329
2022-02-07 11:05:00,278.852,279.08,278.416,278.416,8780
2022-02-07 11:10:00,278.594,278.644,278.248,278.456,8334
2022-02-07 11:15:00,278.565,278.723,278.347,278.347,3543
2022-02-07 11:20:00,278.287,278.733,278.248,278.436,7982
2022-02-07 11:25:00,278.644,278.964,278.376,278.961,4956
2022-02-07 11:30:00,279.01,279.199,278.555,278.555,8146
2022-02-07 11:35:00,278.565,278.961,278.287,278.515,13024
2022-02-07 11:40:00,278.644,278.683,278.262,278.357,18786
2022-02-07 11:45:00,278.386,278.386,278.025,278.025,11688
2022-02-07 11:50:00,278.025,278.515,278.025,278.515,12916
2022-02-07 11:55:00,278.416,278.713,278.322,278.416,8008
2022-02-07 12:00:00,278.433,278.926,278.433,278.926,1382
2022-02-07 12:05:00,278.921,278.961,278.238,278.347,6264
2022-02-07 12:10:00,278.376,278.475,278.327,278.347,6168
2022-02-07 12:15:00,278.347,278.565,278.307,278.426,4472
2022-02-07 12:20:00,278.485,278.594,278.366,278.456,3847
2022-02-07 12:25:00,278.525,278.802,278.347,278.466,5839
2022-02-07 12:30:00,278.297,278.376,277.564,277.733,11774
2022-02-07 12:35:00,277.604,278.079,277.505,277.995,4615
2022-02-07 12:40:00,277.921,278.049,277.685,277.752,7056
2022-02-07 12:45:00,277.728,278.124,277.673,278.124,5453
2022-02-07 12:50:00,278.0,278.238,277.812,278.058,5320
2022-02-07 12:55:00,278.238,278.391,278.059,278.386,5286
2022-02-07 13:00:00,278.327,278.376,278.02,278.2,6974
2022-02-07 13:05:00,278.287,278.832,278.248,278.802,5218
2022-02-07 13:10:00,278.807,279.06,278.584,279.0,5610
2022-02-07 13:15:00,278.991,279.134,278.703,279.06,5254
2022-02-07 13:20:00,278.916,279.129,278.594,278.609,7698
2022-02-07 13:25:00,278.599,278.674,278.307,278.485,9063
2022-02-07 13:30:00,278.545,279.02,278.545,278.852,6151
2022-02-07 13:35:00,278.971,279.263,278.634,278.634,5574
2022-02-07 13:40:00,278.693,278.891,278.485,278.842,8814
2022-02-07 13:45:00,278.837,279.07,278.574,278.584,6391
2022-02-07 13:50:00,278.614,278.683,278.262,278.317,17529
2022-02-07 13:55:00,278.292,278.466,278.29,278.456,8368
2022-02-07 14:00:00,278.466,278.713,278.337,278.337,8315
2022-02-07 14:05:00,278.366,278.495,278.099,278.396,16846
2022-02-07 14:10:00,278.277,278.297,278.01,278.02,9531
2022-02-07 14:15:00,278.049,278.218,278.049,278.069,7106
2022-02-07 14:20:00,278.139,278.466,278.139,278.446,11614
2022-02-07 14:25:00,278.357,278.436,278.213,278.337,5606
2022-02-07 14:30:00,278.267,278.495,278.267,278.475,6252
2022-02-07 14:35:00,278.654,278.654,278.258,278.614,10065
2022-02-07 14:40:00,278.55,278.634,278.277,278.357,6664
2022-02-07 14:45:00,278.386,278.614,278.297,278.565,11150
2022-02-07 14:50:00,278.505,278.599,278.337,278.337,9045
2022-02-07 14:55:00,278.376,278.703,278.376,278.703,5856
2022-02-07 15:00:00,278.525,278.649,278.15,278.248,9207
2022-02-07 15:05:00,278.149,278.683,278.069,278.683,13458
2022-02-07 15:10:00,278.743,278.822,278.357,278.693,7569
2022-02-07 15:15:00,278.664,279.154,278.664,279.07,23826
2022-02-07 15:20:00,278.928,279.021,278.565,278.629,13878
2022-02-07 15:25:00,278.683,278.693,277.98,278.178,45752
2022-02-07 15:30:00,278.178,278.267,277.614,277.822,12187
2022-02-07 15:35:00,278.0,278.172,277.683,277.683,23336
2022-02-07 15:40:00,277.752,277.98,277.356,277.455,31729
2022-02-07 15:45:00,277.376,277.683,277.376,277.619,24328
2022-02-07 15:50:00,277.525,277.673,277.049,277.049,47830
2022-02-07 15:55:00,277.376,277.802,276.955,276.955,69574
2022-02-07 16:00:00,276.905,277.406,276.583,276.831,212492
2022-02-07 16:05:00,276.583,276.583,276.583,276.583,20385
2022-02-08 09:35:00,277.455,278.347,277.455,277.554,16955
2022-02-08 09:40:00,277.158,277.534,276.861,277.158,4519
2022-02-08 09:45:00,276.97,276.97,275.712,275.712,6680
2022-02-08 09:50:00,275.89,276.95,275.89,276.105,13063
2022-02-08 09:55:00,276.306,277.396,276.306,277.396,4381
2022-02-08 10:00:00,276.92,278.248,276.891,277.614,4734
2022-02-08 10:05:00,277.356,277.356,276.331,276.673,7091
2022-02-08 10:10:00,276.638,277.643,276.623,277.445,7769
2022-02-08 10:15:00,277.272,277.277,276.702,276.747,9644
2022-02-08 10:20:00,276.643,276.811,276.202,276.202,7688
2022-02-08 10:25:00,276.326,276.752,276.158,276.237,9175
2022-02-08 10:30:00,276.375,276.514,276.148,276.148,12548
2022-02-08 10:35:00,276.202,276.623,276.202,276.405,5555
2022-02-08 10:40:00,276.286,276.623,276.029,276.524,12134
2022-02-08 10:45:00,276.415,276.633,275.979,276.435,16532
2022-02-08 10:50:00,276.702,277.019,276.405,276.881,4476
2022-02-08 10:55:00,276.712,277.237,276.554,277.029,10362
2022-02-08 11:00:00,276.92,277.381,276.593,277.019,9826
2022-02-08 11:05:00,276.94,277.752,276.94,277.733,19207
2022-02-08 11:10:00,278.02,278.02,277.356,277.97,7929
2022-02-08 11:15:00,277.95,277.95,277.401,277.851,14786
2022-02-08 11:20:00,277.782,278.025,277.312,277.312,5529
2022-02-08 11:25:00,277.495,277.713,277.118,277.222,3622
2022-02-08 11:30:00,277.118,277.326,276.965,277.262,11918
2022-02-08 11:35:00,277.376,277.921,277.376,277.703,4664
2022-02-08 11:40:00,277.802,277.812,277.534,277.594,7837
2022-02-08 11:45:00,277.871,277.95,277.581,277.609,5918
2022-02-08 11:50:00,277.737,277.737,277.584,277.629,3896
2022-02-08 11:55:00,277.505,277.643,277.232,277.386,3708
2022-02-08 12:00:00,277.371,277.713,277.247,277.643,9272
2022-02-08 12:05:00,277.683,277.931,277.624,277.663,4737
2022-02-08 12:10:00,277.723,277.901,277.455,277.762,4382
2022-02-08 12:15:00,277.766,277.802,277.435,277.485,5461
2022-02-08 12:20:00,277.366,277.683,277.326,277.653,4653
2022-02-08 12:25:00,277.658,277.723,277.406,277.406,4212
2022-02-08 12:30:00,277.396,277.752,277.336,277.475,4259
2022-02-08 12:35:00,277.683,277.921,277.683,277.792,6251
2022-02-08 12:40:00,277.901,278.149,277.772,278.129,5376
2022-02-08 12:45:00,278.218,278.337,278.069,278.079,7184
2022-02-08 12:50:00,278.149,278.337,278.149,278.149,4587
2022-02-08 12:55:00,278.02,278.317,277.98,278.02,8907
2022-02-08 13:00:00,278.129,278.129,277.445,277.485,7847
2022-02-08 13:05:00,277.554,277.683,277.376,277.376,3482
2022-02-08 13:10:00,277.376,277.485,277.198,277.396,5051
2022-02-08 13:15:00,277.277,277.515,277.019,277.099,5346
2022-02-08 13:20:00,277.009,277.009,276.167,276.514,8556
2022-02-08 13:25:00,276.405,276.683,276.326,276.504,5166
2022-02-08 13:30:00,276.41,276.622,276.247,276.564,7269
2022-02-08 13:35:00,276.494,276.821,276.494,276.623,5263
2022-02-08 13:40:00,276.712,276.98,276.613,276.791,7568
2022-02-08 13:45:00,276.9,276.93,276.296,276.366,6316
2022-02-08 13:50:00,276.331,276.494,276.177,276.479,9049
2022-02-08 13:55:00,276.425,276.504,276.227,276.346,4560
2022-02-08 14:00:00,276.346,276.494,276.158,276.42,7984
2022-02-08 14:05:00,276.336,276.336,275.89,276.266,8211
2022-02-08 14:10:00,276.356,276.46,276.165,276.165,5186
2022-02-08 14:15:00,276.138,276.321,276.128,276.306,7103
2022-02-08 14:20:00,276.336,276.44,276.098,276.336,6897
2022-02-08 14:25:00,276.266,276.276,275.652,275.87,29390
2022-02-08 14:30:00,275.811,276.068,275.801,276.019,7211
2022-02-08 14:35:00,276.058,276.167,275.92,276.088,6811
2022-02-08 14:40:00,276.138,276.197,275.712,275.712,11185
2022-02-08 14:45:00,275.821,275.989,275.737,275.969,9063
2022-02-08 14:50:00,276.019,276.098,275.746,275.746,7533
2022-02-08 14:55:00,275.801,276.093,275.761,275.93,8681
2022-02-08 15:00:00,275.93,275.959,275.692,275.751,7239
2022-02-08 15:05:00,275.652,275.741,275.358,275.623,10236
2022-02-08 15:10:00,275.613,275.948,275.501,275.948,6479
2022-02-08 15:15:00,276.029,276.791,276.029,276.782,4921
2022-02-08 15:20:00,276.91,277.188,276.891,277.049,7704
2022-02-08 15:25:00,277.0,277.108,276.742,277.019,8464
2022-02-08 15:30:00,277.168,277.168,276.643,276.94,11440
2022-02-08 15:35:00,277.029,277.304,276.95,277.099,12153
2022-02-08 15:40:00,277.039,277.089,276.841,276.94,7577
2022-02-08 15:45:00,277.286,277.286,276.752,276.752,14749
2022-02-08 15:50:00,276.722,277.009,276.459,276.93,18530
2022-02-08 15:55:00,277.039,277.118,276.603,277.039,28559
2022-02-08 16:00:00,277.158,277.673,276.811,277.029,91118
2022-02-08 16:05:00,277.029,277.029,277.029,277.029,11778
2022-02-09 09:30:00,279.902,279.902,279.902,279.902,200
2022-02-09 09:35:00,280.328,282.418,280.288,282.418,20649
2022-02-09 09:40:00,282.542,283.299,282.101,282.413,21989
2022-02-09 09:45:00,282.844,282.893,281.696,282.453,16608
2022-02-09 09:50:00,282.824,283.755,282.718,283.25,13200
2022-02-09 09:55:00,283.25,283.319,282.67,282.67,11987
2022-02-09 10:00:00,282.854,284.141,282.854,283.815,9826
2022-02-09 10:05:00,283.735,284.161,283.577,283.834,9995
2022-02-09 10:10:00,283.706,284.371,283.699,284.042,13158
2022-02-09 10:15:00,284.032,284.231,283.715,283.775,12508
2022-02-09 10:20:00,283.869,284.444,283.869,283.963,15371
2022-02-09 10:25:00,283.938,284.538,283.745,284.102,20455
2022-02-09 10:30:00,283.864,285.3,283.795,284.543,14684
2022-02-09 10:35:00,284.399,285.201,284.379,285.132,16644
2022-02-09 10:40:00,285.107,285.508,284.865,285.053,17875
2022-02-09 10:45:00,285.033,285.479,284.884,284.983,19708
2022-02-09 10:50:00,284.855,285.429,284.736,285.023,12488
2022-02-09 10:55:00,285.049,285.132,284.419,285.132,11157
2022-02-09 11:00:00,285.182,285.182,284.637,284.914,7224
2022-02-09 11:05:00,284.993,285.776,284.765,285.498,15932
2022-02-09 11:10:00,285.558,285.677,285.182,285.399,9227
2022-02-09 11:15:00,285.162,285.33,284.607,284.607,19033
2022-02-09 11:20:00,284.775,284.794,284.191,284.794,6905
2022-02-09 11:25:00,284.81,285.092,284.706,284.706,6419
2022-02-09 11:30:00,284.815,285.122,284.716,285.053,9757
2022-02-09 11:35:00,285.226,285.281,283.795,284.032,8417
2022-02-09 11:40:00,284.013,284.042,283.706,283.745,5296
2022-02-09 11:45:00,283.795,283.854,283.438,283.507,8056
2022-02-09 11:50:00,283.379,283.636,283.27,283.385,7212
2022-02-09 11:55:00,283.547,283.547,282.75,282.75,8415
2022-02-09 12:00:00,282.71,283.488,282.71,283.467,7663
2022-02-09 12:05:00,283.567,283.567,283.161,283.394,4944
2022-02-09 12:10:00,283.389,283.775,283.26,283.666,5984
2022-02-09 12:15:00,283.775,283.775,283.225,283.27,19498
2022-02-09 12:20:00,283.255,284.042,283.255,284.042,5251
2022-02-09 12:25:00,283.943,284.042,283.22,283.587,7597
2022-02-09 12:30:00,283.503,283.815,283.418,283.418,15852
2022-02-09 12:35:00,283.557,283.557,283.19,283.28,5798
2022-02-09 12:40:00,283.2,284.042,283.111,283.715,10933
2022-02-09 12:45:00,283.785,283.943,283.567,283.79,6073
2022-02-09 12:50:00,283.844,283.968,283.577,283.874,8103
2022-02-09 12:55:00,283.86,283.899,283.755,283.884,5427
2022-02-09 13:00:00,283.894,284.33,283.894,284.255,6652
2022-02-09 13:05:00,284.27,284.666,284.161,284.28,10382
2022-02-09 13:10:00,284.27,284.27,283.953,283.983,5306
2022-02-09 13:15:00,284.003,284.092,283.725,283.785,9281
2022-02-09 13:20:00,283.636,283.676,283.547,283.636,1952
2022-02-09 13:25:00,283.607,283.696,283.399,283.399,2281
2022-02-09 13:30:00,283.498,283.785,283.498,283.785,6566
2022-02-09 13:35:00,283.844,284.092,283.775,283.834,5761
2022-02-09 13:40:00,283.924,284.072,283.795,283.839,6050
2022-02-09 13:45:00,283.795,284.439,283.795,284.181,9213
2022-02-09 13:50:00,284.25,284.419,284.092,284.31,5602
2022-02-09 13:55:00,284.32,284.686,284.254,284.649,12436
2022-02-09 14:00:00,284.528,284.612,284.3,284.607,7756
2022-02-09 14:05:00,284.359,284.617,284.349,284.617,4549
2022-02-09 14:10:00,284.528,284.607,284.082,284.141,9779
2022-02-09 14:15:00,284.213,284.483,284.161,284.231,5474
2022-02-09 14:20:00,284.245,284.33,284.181,284.265,3184
2022-02-09 14:25:00,284.31,284.379,284.062,284.231,13536
2022-02-09 14:30:00,284.211,284.31,284.013,284.052,4562
2022-02-09 14:35:00,284.056,284.359,284.013,284.191,5606
2022-02-09 14:40:00,284.349,284.538,284.285,284.3,3470
2022-02-09 14:45:00,284.424,284.424,284.092,284.11,11371
2022-02-09 14:50:00,284.27,284.28,283.681,283.681,6238
2022-02-09 14:55:00,283.755,283.844,283.656,283.735,9564
2022-02-09 15:00:00,283.884,283.933,283.706,283.772,10524
2022-02-09 15:05:00,283.715,283.879,283.537,283.785,14395
2022-02-09 15:10:00,283.725,283.785,283.299,283.299,11590
2022-02-09 15:15:00,283.438,283.557,282.903,283.052,12018
2022-02-09 15:20:00,283.151,283.418,282.982,283.354,13036
2022-02-09 15:25:00,283.443,283.567,283.339,283.438,6506
2022-02-09 15:30:00,283.438,283.587,283.304,283.577,6815
2022-02-09 15:35:00,283.547,284.33,283.522,283.993,17893
2022-02-09 15:40:00,283.963,283.983,283.701,283.824,22278
2022-02-09 15:45:00,283.676,283.725,283.23,283.616,23990
2022-02-09 15:50:00,283.572,283.998,283.483,283.998,21505
2022-02-09 15:55:00,284.117,284.349,283.795,283.795,32179
2022-02-09 16:00:00,283.795,284.032,283.547,283.914,82720
2022-02-09 16:05:00,283.914,283.914,283.914,283.914,12639
2022-02-09 16:30:00,283.914,283.914,283.914,283.914,250
2022-02-09 19:35:00,283.914,283.914,283.914,283.914,105
2022-02-10 09:35:00,280.506,281.001,279.117,279.823,20097
2022-02-10 09:40:00,280.328,280.328,279.535,280.12,4903
2022-02-10 09:45:00,280.803,281.318,279.753,279.753,14547
2022-02-10 09:50:00,279.966,279.966,279.179,279.496,22830
2022-02-10 09:55:00,279.634,280.874,279.634,280.62,14845
2022-02-10 10:00:00,280.764,280.764,279.679,279.679,21320
2022-02-10 10:05:00,279.798,281.192,279.798,281.192,7101
2022-02-10 10:10:00,281.12,281.516,280.585,281.516,17192
2022-02-10 10:15:00,281.497,281.497,280.442,280.769,11202
2022-02-10 10:20:00,280.714,281.338,280.714,281.249,8381
2022-02-10 10:25:00,281.175,281.358,280.902,281.358,7400
2022-02-10 10:30:00,281.507,281.858,281.437,281.437,9478
2022-02-10 10:35:00,281.437,281.843,281.358,281.526,8107
2022-02-10 10:40:00,281.576,282.462,281.378,282.462,13315
2022-02-10 10:45:00,282.482,282.675,282.259,282.537,11361
2022-02-10 10:50:00,282.665,282.665,282.201,282.448,10734
2022-02-10 10:55:00,282.428,282.503,281.299,281.299,18431
2022-02-10 11:00:00,281.308,281.308,280.377,280.912,14880
2022-02-10 11:05:00,280.942,281.427,280.625,281.318,6124
2022-02-10 11:10:00,281.219,281.972,281.16,281.972,8084
2022-02-10 11:15:00,281.863,281.863,281.353,281.378,18746
2022-02-10 11:20:00,281.546,282.051,281.546,281.754,10468
2022-02-10 11:25:00,281.798,281.883,281.655,281.764,6874
2022-02-10 11:30:00,281.833,281.833,281.269,281.665,10048
2022-02-10 11:35:00,281.508,281.655,281.269,281.284,10800
2022-02-10 11:40:00,281.398,281.407,280.848,280.848,7259
2022-02-10 11:45:00,281.001,281.804,281.001,281.804,4563
2022-02-10 11:50:00,281.665,282.537,281.665,282.537,4384
2022-02-10 11:55:00,282.368,282.596,282.279,282.462,7065
2022-02-10 12:00:00,282.457,282.497,282.309,282.487,4271
2022-02-10 12:05:00,282.349,282.487,282.18,282.2,8598
2022-02-10 12:10:00,282.279,282.299,282.041,282.041,5469
2022-02-10 12:15:00,282.101,282.547,282.101,282.418,7934
2022-02-10 12:20:00,282.289,282.588,281.992,282.428,8350
2022-02-10 12:25:00,282.378,282.477,282.249,282.319,6678
2022-02-10 12:30:00,282.388,282.537,282.388,282.527,4786
2022-02-10 12:35:00,282.586,282.725,282.269,282.289,8909
2022-02-10 12:40:00,282.378,282.675,282.245,282.665,6002
2022-02-10 12:45:00,282.606,282.729,282.378,282.467,7227
2022-02-10 12:50:00,282.21,282.22,280.853,281.12,11156
2022-02-10 12:55:00,281.011,281.108,280.239,280.427,6844
2022-02-10 13:00:00,280.437,280.521,279.971,280.179,9233
2022-02-10 13:05:00,280.377,280.472,280.011,280.278,8420
2022-02-10 13:10:00,280.258,280.704,280.09,280.51,9192
2022-02-10 13:15:00,280.689,280.932,280.229,280.278,9222
2022-02-10 13:20:00,280.318,280.318,279.694,279.902,20678
2022-02-10 13:25:00,279.937,280.387,279.937,280.382,16589
2022-02-10 13:30:00,280.239,280.387,279.724,279.768,6709
2022-02-10 13:35:00,279.902,280.05,279.604,279.669,8693
2022-02-10 13:40:00,279.669,279.872,279.05,279.674,16639
2022-02-10 13:45:00,279.719,280.021,279.704,279.768,13159
2022-02-10 13:50:00,279.733,279.946,279.53,279.733,10651
2022-02-10 13:55:00,279.753,279.902,279.474,279.862,12021
2022-02-10 14:00:00,279.862,280.135,279.629,280.135,8308
2022-02-10 14:05:00,280.239,280.239,279.719,279.719,9103
2022-02-10 14:10:00,279.624,279.78,279.126,279.684,16548
2022-02-10 14:15:00,279.778,279.808,278.703,278.911,20803
2022-02-10 14:20:00,278.872,278.872,278.168,278.213,8245
2022-02-10 14:25:00,278.327,278.614,278.228,278.584,9439
2022-02-10 14:30:00,278.604,279.03,278.584,278.921,9177
2022-02-10 14:35:00,279.01,279.158,278.555,278.675,9711
2022-02-10 14:40:00,278.485,278.787,278.396,278.515,9355
2022-02-10 14:45:00,278.614,279.01,278.332,278.446,16643
2022-02-10 14:50:00,278.545,279.08,278.485,278.485,8488
2022-02-10 14:55:00,278.456,278.505,278.047,278.049,14214
2022-02-10 15:00:00,278.049,278.228,277.49,277.49,19205
2022-02-10 15:05:00,277.594,277.742,276.92,277.138,22479
2022-02-10 15:10:00,277.212,277.227,276.762,277.227,19207
2022-02-10 15:15:00,277.158,277.817,277.148,277.68,18450
2022-02-10 15:20:00,277.643,277.921,276.93,276.93,14402
2022-02-10 15:25:00,277.019,277.465,276.92,277.465,14719
2022-02-10 15:30:00,277.564,277.985,277.475,277.777,11921
2022-02-10 15:35:00,277.465,277.475,276.732,276.821,30988
2022-02-10 15:40:00,276.788,277.435,276.788,277.128,21880
2022-02-10 15:45:00,277.138,277.386,276.806,276.836,20187
2022-02-10 15:50:00,276.772,276.92,275.969,276.087,34332
2022-02-10 15:55:00,276.039,276.935,275.88,276.935,30429
2022-02-10 16:00:00,276.93,277.673,276.93,277.237,111818
2022-02-10 16:05:00,277.287,277.287,277.287,277.287,20251
2022-02-11 09:30:00,276.385,276.385,276.366,276.366,400
2022-02-11 09:35:00,276.306,277.178,275.385,276.653,18524
2022-02-11 09:40:00,276.167,276.366,275.385,275.831,16037
2022-02-11 09:45:00,275.662,276.465,275.633,276.242,15624
2022-02-11 09:50:00,276.288,277.277,276.288,276.618,9634
2022-02-11 09:55:00,276.583,276.9,276.191,276.702,20062
2022-02-11 10:00:00,276.554,276.774,275.92,275.92,7208
2022-02-11 10:05:00,275.841,277.118,275.841,277.024,6509
2022-02-11 10:10:00,277.089,277.287,276.91,277.059,6194
2022-02-11 10:15:00,277.277,277.277,276.247,276.494,9859
2022-02-11 10:20:00,276.559,276.643,276.167,276.366,9619
2022-02-11 10:25:00,276.712,276.92,276.187,276.92,6929
2022-02-11 10:30:00,276.722,276.831,276.346,276.801,4599
2022-02-11 10:35:00,276.925,277.287,276.286,276.286,6152
2022-02-11 10:40:00,276.509,276.826,276.368,276.603,5377
2022-02-11 10:45:00,276.821,276.821,276.366,276.425,4653
2022-02-11 10:50:00,276.177,276.623,276.158,276.247,6768
2022-02-11 10:55:00,276.058,276.158,275.87,276.158,7829
2022-02-11 11:00:00,276.078,276.266,275.841,276.162,5051
2022-02-11 11:05:00,276.316,276.762,276.172,276.217,4145
2022-02-11 11:10:00,276.475,276.475,275.732,275.732,5589
2022-02-11 11:15:00,275.434,275.623,275.226,275.375,5075
2022-02-11 11:20:00,275.335,275.469,274.662,275.098,9183
2022-02-11 11:25:00,275.147,275.276,274.909,274.969,6694
2022-02-11 11:30:00,274.979,275.217,274.672,274.83,9172
2022-02-11 11:35:00,274.85,275.197,274.36,274.36,9133
2022-02-11 11:40:00,274.642,274.642,273.919,274.087,11236
2022-02-11 11:45:00,274.082,274.384,273.562,273.696,4183
2022-02-11 11:50:00,273.711,274.285,273.711,274.285,15563
2022-02-11 11:55:00,274.241,274.444,274.087,274.394,5536
2022-02-11 12:00:00,274.454,274.959,274.454,274.959,6149
2022-02-11 12:05:00,274.563,274.787,274.216,274.787,3291
2022-02-11 12:10:00,274.553,274.553,274.305,274.305,2402
2022-02-11 12:15:00,274.275,274.81,274.275,274.513,6018
2022-02-11 12:20:00,274.553,274.917,274.097,274.097,10578
2022-02-11 12:25:00,274.236,274.36,274.058,274.31,4431
2022-02-11 12:30:00,274.216,274.355,274.058,274.355,3985
2022-02-11 12:35:00,274.186,274.573,274.167,274.454,4208
2022-02-11 12:40:00,274.592,274.662,274.157,274.186,6908
2022-02-11 12:45:00,274.23,274.474,274.23,274.37,1752
2022-02-11 12:50:00,274.266,274.375,273.998,274.305,7219
2022-02-11 12:55:00,274.117,274.246,273.681,273.84,11032
2022-02-11 13:00:00,273.929,273.958,273.572,273.763,13288
2022-02-11 13:05:00,273.716,274.384,273.716,274.102,15579
2022-02-11 13:10:00,274.008,274.85,273.909,274.85,6669
2022-02-11 13:15:00,274.622,274.711,274.35,274.463,5898
2022-02-11 13:20:00,274.345,274.345,273.899,274.216,5998
2022-02-11 13:25:00,274.167,274.295,274.008,274.137,3543
2022-02-11 13:30:00,274.109,274.109,273.344,273.344,7206
2022-02-11 13:35:00,273.334,273.334,272.611,272.7,9711
2022-02-11 13:40:00,272.76,272.988,271.13,271.225,27499
2022-02-11 13:45:00,271.304,271.641,270.858,271.208,16540
2022-02-11 13:50:00,270.878,270.917,270.145,270.561,19565
2022-02-11 13:55:00,270.561,270.591,269.63,270.591,50789
2022-02-11 14:00:00,270.7,271.017,270.444,270.789,18838
2022-02-11 14:05:00,270.521,270.873,269.927,270.437,13316
2022-02-11 14:10:00,270.769,271.373,270.581,271.165,10999
2022-02-11 14:15:00,271.165,271.769,271.007,271.725,13558
2022-02-11 14:20:00,271.814,272.59,271.814,272.284,12438
2022-02-11 14:25:00,272.225,272.79,271.888,271.888,6860
2022-02-11 14:30:00,271.72,272.086,271.106,271.274,8569
2022-02-11 14:35:00,271.467,271.819,271.116,271.641,9936
2022-02-11 14:40:00,271.472,271.72,271.264,271.353,6021
2022-02-11 14:45:00,271.353,271.71,270.997,271.314,7504
2022-02-11 14:50:00,271.413,271.418,270.472,270.501,9980
2022-02-11 14:55:00,270.492,271.017,270.402,271.017,18879
2022-02-11 15:00:00,271.244,272.096,271.145,271.794,10755
2022-02-11 15:05:00,271.898,272.889,271.74,272.71,21068
2022-02-11 15:10:00,272.85,272.879,271.809,272.007,15327
2022-02-11 15:15:00,271.958,271.958,271.423,271.462,7268
2022-02-11 15:20:00,271.591,271.864,270.809,270.809,9319
2022-02-11 15:25:00,270.729,271.324,270.7,270.828,7038
2022-02-11 15:30:00,271.096,271.413,270.818,271.393,12868
2022-02-11 15:35:00,271.383,271.413,270.501,271.026,10948
2022-02-11 15:40:00,271.205,271.244,270.566,270.566,13868
2022-02-11 15:45:00,270.625,270.719,269.848,270.566,36015
2022-02-11 15:50:00,270.561,271.74,270.483,271.74,28156
2022-02-11 15:55:00,271.963,271.963,270.799,270.913,40382
2022-02-11 16:00:00,271.046,271.596,270.343,270.452,100181
2022-02-11 16:05:00,270.521,270.521,270.521,270.521,38515
2022-02-14 09:10:00,270.917,270.917,270.917,270.917,100
2022-02-14 09:30:00,271.72,271.72,271.72,271.72,200
2022-02-14 09:35:00,270.957,271.423,270.581,271.155,24147
2022-02-14 09:40:00,271.165,271.447,270.214,270.66,9358
2022-02-14 09:45:00,270.739,272.052,270.739,271.091,7119
2022-02-14 09:50:00,270.799,270.799,269.917,270.333,8628
2022-02-14 09:55:00,270.125,270.848,270.125,270.204,8446
2022-02-14 10:00:00,270.165,270.184,269.798,270.105,8065
2022-02-14 10:05:00,269.952,270.066,269.313,269.377,22358
2022-02-14 10:10:00,269.377,269.531,269.045,269.253,12448
2022-02-14 10:15:00,269.085,270.031,269.085,269.491,15191
2022-02-14 10:20:00,269.511,269.65,268.51,269.179,25369
2022-02-14 10:25:00,269.189,270.333,269.189,270.333,7008
2022-02-14 10:30:00,270.076,270.234,270.036,270.115,2864
2022-02-14 10:35:00,270.234,270.301,269.412,269.461,7773
2022-02-14 10:40:00,269.541,269.719,269.382,269.615,6766
2022-02-14 10:45:00,269.749,269.755,269.352,269.392,7870
2022-02-14 10:50:00,269.456,269.531,268.857,268.986,10854
2022-02-14 10:55:00,269.115,269.283,268.738,268.996,8344
2022-02-14 11:00:00,268.976,269.411,268.263,268.273,11644
2022-02-14 11:05:00,268.471,268.976,268.223,268.976,8211
2022-02-14 11:10:00,269.1,269.1,268.347,268.347,6128
2022-02-14 11:15:00,268.233,268.322,267.863,267.863,8960
2022-02-14 11:20:00,267.837,268.225,267.827,268.124,12900
2022-02-14 11:25:00,268.263,268.372,268.055,268.263,6685
2022-02-14 11:30:00,268.352,268.639,268.352,268.441,9688
2022-02-14 11:35:00,268.431,268.837,268.347,268.501,34731
2022-02-14 11:40:00,268.619,268.623,267.817,268.233,11606
2022-02-14 11:45:00,268.193,268.372,268.035,268.372,2541
2022-02-14 11:50:00,268.401,269.174,268.401,269.174,5733
2022-02-14 11:55:00,269.214,269.253,268.55,268.55,4048
2022-02-14 12:00:00,268.798,269.045,268.778,269.045,1497
2022-02-14 12:05:00,268.946,269.065,268.783,268.946,4819
2022-02-14 12:10:00,268.867,268.892,268.491,268.491,4435
2022-02-14 12:15:00,268.431,268.788,268.431,268.699,2583
2022-02-14 12:20:00,268.907,269.155,268.885,269.155,6946
2022-02-14 12:25:00,269.263,269.521,269.214,269.333,5221
2022-02-14 12:30:00,269.491,269.65,269.372,269.471,5698
2022-02-14 12:35:00,269.461,269.818,269.451,269.461,4276
2022-02-14 12:40:00,269.422,269.58,269.323,269.56,3059
2022-02-14 12:45:00,269.521,269.843,269.521,269.808,5432
2022-02-14 12:50:00,269.739,270.719,269.689,270.264,17905
2022-02-14 12:55:00,270.308,270.531,270.264,270.531,3065
2022-02-14 13:00:00,270.506,270.506,270.225,270.462,4094
2022-02-14 13:05:00,270.472,270.591,270.368,270.388,6188
2022-02-14 13:10:00,270.511,270.591,270.184,270.24,4675
2022-02-14 13:15:00,270.219,270.293,269.996,270.165,11385
2022-02-14 13:20:00,270.234,270.392,270.145,270.234,4000
2022-02-14 13:25:00,270.288,270.452,269.986,269.986,6889
2022-02-14 13:30:00,270.056,270.175,269.63,269.818,11369
2022-02-14 13:35:00,269.659,269.659,268.946,269.194,7214
2022-02-14 13:40:00,269.095,269.194,268.827,268.936,7256
2022-02-14 13:45:00,269.021,269.021,268.748,268.748,4912
2022-02-14 13:50:00,268.768,268.907,268.51,268.51,3104
2022-02-14 13:55:00,268.362,268.362,267.579,267.579,8462
2022-02-14 14:00:00,267.574,267.698,267.163,267.267,13409
2022-02-14 14:05:00,267.183,267.411,267.089,267.391,10272
2022-02-14 14:10:00,267.272,267.272,266.638,266.985,13078
2022-02-14 14:15:00,267.025,267.52,266.965,267.451,7378
2022-02-14 14:20:00,267.421,267.656,267.272,267.54,10118
2022-02-14 14:25:00,267.48,267.896,267.451,267.609,6902
2022-02-14 14:30:00,267.668,268.951,267.54,268.946,18774
2022-02-14 14:35:00,268.902,268.956,268.035,268.243,18625
2022-02-14 14:40:00,268.52,268.58,268.332,268.401,5488
2022-02-14 14:45:00,268.352,268.748,268.352,268.55,4813
2022-02-14 14:50:00,268.471,268.783,268.322,268.441,6037
2022-02-14 14:55:00,268.401,269.035,268.322,268.372,9643
2022-02-14 15:00:00,268.406,268.699,268.231,268.624,5917
2022-02-14 15:05:00,268.659,268.758,268.51,268.51,6419
2022-02-14 15:10:00,268.411,268.421,267.837,268.362,9647
2022-02-14 15:15:00,268.322,268.738,268.114,268.684,10241
2022-02-14 15:20:00,268.758,268.758,268.025,268.025,15430
2022-02-14 15:25:00,268.06,268.669,267.807,268.332,19025
2022-02-14 15:30:00,268.431,268.609,268.203,268.461,30305
2022-02-14 15:35:00,268.352,269.011,268.312,268.931,27789
2022-02-14 15:40:00,268.961,269.125,268.59,268.718,18753
2022-02-14 15:45:00,268.847,268.852,268.441,268.837,15339
2022-02-14 15:50:00,268.842,269.006,268.035,268.728,32989
2022-02-14 15:55:00,268.748,268.748,267.995,268.352,40606
2022-02-14 16:00:00,268.382,268.55,267.886,268.025,99383
2022-02-14 16:05:00,267.926,267.926,267.926,267.926,16949
2022-02-14 16:55:00,267.668,267.668,267.668,267.668,100
2022-02-14 20:00:00,270.383,270.383,270.383,270.383,110
2022-02-15 07:05:00,269.778,269.778,269.778,269.778,100
2022-02-15 09:35:00,272.146,272.403,270.422,271.462,28379
2022-02-15 09:40:00,271.571,272.453,270.997,272.156,21466
2022-02-15 09:45:00,272.324,272.359,271.462,271.68,7177
2022-02-15 09:50:00,271.67,272.443,271.472,271.472,11199
2022-02-15 09:55:00,271.264,271.963,271.17,271.948,7292
2022-02-15 10:00:00,271.992,271.992,270.908,271.145,9059
2022-02-15 10:05:00,271.264,271.264,270.125,270.432,8680
2022-02-15 10:10:00,270.511,270.516,269.793,270.284,6319
2022-02-15 10:15:00,270.224,270.383,269.88,270.165,8425
2022-02-15 10:20:00,270.194,270.917,270.194,270.432,9510
2022-02-15 10:25:00,270.437,270.675,270.239,270.675,5041
2022-02-15 10:30:00,270.675,271.175,270.224,271.175,12367
2022-02-15 10:35:00,271.175,271.195,270.63,270.917,9587
2022-02-15 10:40:00,270.759,271.254,270.759,271.215,7891
2022-02-15 10:45:00,271.353,271.363,271.076,271.076,7486
2022-02-15 10:50:00,271.205,271.65,271.135,271.581,10913
2022-02-15 10:55:00,271.581,271.66,271.274,271.376,9975
2022-02-15 11:00:00,271.329,271.403,270.908,271.056,12746
2022-02-15 11:05:00,271.007,271.336,270.932,270.947,7409
2022-02-15 11:10:00,270.937,271.076,270.73,271.076,8185
2022-02-15 11:15:00,270.957,271.076,270.848,270.922,7228
2022-02-15 11:20:00,270.848,270.858,270.249,270.249,9120
2022-02-15 11:25:00,270.254,270.472,269.952,270.051,21319
2022-02-15 11:30:00,270.066,270.165,269.828,270.006,6403
2022-02-15 11:35:00,269.986,270.274,269.986,270.234,6971
2022-02-15 11:40:00,270.274,270.759,270.209,270.635,11589
2022-02-15 11:45:00,270.561,270.759,270.427,270.501,4654
2022-02-15 11:50:00,270.552,270.67,270.165,270.214,4923
2022-02-15 11:55:00,270.209,270.209,269.877,270.115,4537
2022-02-15 12:00:00,270.13,270.482,270.13,270.452,4510
2022-02-15 12:05:00,270.442,270.546,269.967,269.967,6045
2022-02-15 12:10:00,270.214,270.274,269.897,269.897,16680
2022-02-15 12:15:00,269.991,270.076,269.739,269.739,3821
2022-02-15 12:20:00,269.828,269.848,269.541,269.689,5309
2022-02-15 12:25:00,269.65,269.669,269.461,269.669,6606
2022-02-15 12:30:00,269.808,269.996,269.793,269.986,4176
2022-02-15 12:35:00,269.927,270.036,269.798,269.828,8891
2022-02-15 12:40:00,269.828,270.016,269.828,269.917,3688
2022-02-15 12:45:00,269.996,270.056,269.972,270.016,2798
2022-02-15 12:50:00,270.026,270.026,269.333,269.333,8619
2022-02-15 12:55:00,269.382,269.442,269.115,269.214,11368
2022-02-15 13:00:00,269.105,269.204,268.936,269.021,6369
2022-02-15 13:05:00,269.065,269.204,269.055,269.115,12821
2022-02-15 13:10:00,269.11,269.417,269.055,269.417,4139
2022-02-15 13:15:00,269.61,269.699,269.61,269.699,3287
2022-02-15 13:20:00,269.808,269.808,269.328,269.392,11754
2022-02-15 13:25:00,269.56,269.778,269.243,269.461,38986
2022-02-15 13:30:00,269.615,269.957,269.481,269.957,14001
2022-02-15 13:35:00,270.076,270.284,269.981,270.184,41105
2022-02-15 13:40:00,270.165,270.789,270.145,270.511,10424
2022-02-15 13:45:00,270.511,270.591,270.343,270.462,9890
2022-02-15 13:50:00,270.492,270.695,270.313,270.695,4719
2022-02-15 13:55:00,270.66,270.66,270.155,270.373,8239
2022-02-15 14:00:00,270.402,270.412,270.185,270.185,6801
2022-02-15 14:05:00,270.264,270.264,269.798,269.858,13955
2022-02-15 14:10:00,269.838,269.838,269.382,269.451,12646
2022-02-15 14:15:00,269.541,269.818,269.541,269.689,5882
2022-02-15 14:20:00,269.818,269.818,269.412,269.659,11476
2022-02-15 14:25:00,269.605,269.63,269.451,269.491,9452
2022-02-15 14:30:00,269.486,269.937,269.486,269.936,7815
2022-02-15 14:35:00,269.942,270.046,269.659,269.778,16143
2022-02-15 14:40:00,269.709,269.867,269.709,269.818,5355
2022-02-15 14:45:00,269.759,269.863,269.333,269.863,8405
2022-02-15 14:50:00,269.947,270.006,269.461,269.61,7506
2022-02-15 14:55:00,269.6,269.805,269.471,269.709,14226
2022-02-15 15:00:00,269.65,269.798,269.541,269.61,5984
2022-02-15 15:05:00,269.65,269.808,269.56,269.56,9933
2022-02-15 15:10:00,269.699,269.714,269.451,269.451,11073
2022-02-15 15:15:00,269.382,269.65,269.352,269.461,8850
2022-02-15 15:20:00,269.432,269.57,269.243,269.526,10572
2022-02-15 15:25:00,269.57,269.57,269.125,269.164,12029
2022-02-15 15:30:00,269.224,269.338,269.085,269.149,8532
2022-02-15 15:35:00,269.105,269.154,268.084,268.164,29841
2022-02-15 15:40:00,268.144,268.441,267.703,267.862,27920
2022-02-15 15:45:00,267.847,268.193,267.688,268.094,30092
2022-02-15 15:50:00,268.065,268.501,267.876,268.501,32191
2022-02-15 15:55:00,268.55,269.154,268.55,268.58,68173
2022-02-15 16:00:00,268.6,269.026,268.332,268.936,96629
2022-02-15 16:05:00,269.006,269.006,269.006,269.006,8750
2022-02-16 09:35:00,269.293,269.59,268.362,269.204,16863
2022-02-16 09:40:00,268.917,268.917,268.104,268.639,4649
2022-02-16 09:45:00,268.461,268.461,267.48,267.48,5143
2022-02-16 09:50:00,267.678,268.025,266.737,267.238,16837
2022-02-16 09:55:00,267.143,267.238,266.252,266.252,22285
2022-02-16 10:00:00,266.51,266.698,265.965,266.5,12013
2022-02-16 10:05:00,266.202,267.005,266.193,267.005,13364
2022-02-16 10:10:00,267.247,267.272,266.549,266.594,7281
2022-02-16 10:15:00,266.747,266.817,266.024,266.024,6470
2022-02-16 10:20:00,265.994,266.163,265.905,265.905,3295
2022-02-16 10:25:00,266.178,266.47,265.895,266.47,2479
2022-02-16 10:30:00,266.331,266.371,265.717,265.994,20310
2022-02-16 10:35:00,265.994,266.089,265.846,265.846,9142
2022-02-16 10:40:00,265.895,265.905,265.351,265.351,18264
2022-02-16 10:45:00,265.251,265.281,264.895,264.925,8444
2022-02-16 10:50:00,264.935,265.043,264.528,264.677,12945
2022-02-16 10:55:00,264.558,264.984,264.36,264.707,9497
2022-02-16 11:00:00,264.707,265.014,264.618,265.014,4529
2022-02-16 11:05:00,265.073,265.608,265.073,265.559,5359
2022-02-16 11:10:00,265.635,265.826,265.222,265.826,3903
2022-02-16 11:15:00,265.687,265.866,265.628,265.846,14568
2022-02-16 11:20:00,265.638,265.925,265.544,265.544,4668
2022-02-16 11:25:00,265.503,265.975,265.45,265.975,4063
2022-02-16 11:30:00,265.985,266.668,265.93,266.668,5554
2022-02-16 11:35:00,266.47,266.48,266.301,266.45,3952
2022-02-16 11:40:00,266.505,266.539,266.292,266.391,3580
2022-02-16 11:45:00,266.46,266.46,265.965,265.985,6008
2022-02-16 11:50:00,266.183,266.242,266.103,266.193,2255
2022-02-16 11:55:00,266.295,266.44,266.143,266.331,6250
2022-02-16 12:00:00,266.252,266.301,265.975,266.044,8303
2022-02-16 12:05:00,266.123,266.212,265.994,266.059,3111
2022-02-16 12:10:00,266.153,266.262,266.153,266.242,2804
2022-02-16 12:15:00,266.212,266.212,266.093,266.207,4372
2022-02-16 12:20:00,266.292,266.5,266.217,266.43,5448
2022-02-16 12:25:00,266.361,266.48,266.311,266.401,3642
2022-02-16 12:30:00,266.424,266.817,266.424,266.643,5899
2022-02-16 12:35:00,266.529,266.529,265.856,265.856,7407
2022-02-16 12:40:00,265.876,266.371,265.876,266.371,7413
2022-02-16 12:45:00,266.371,266.51,266.282,266.371,2596
2022-02-16 12:50:00,266.44,266.648,266.311,266.648,2634
2022-02-16 12:55:00,266.668,267.114,266.628,266.807,3360
2022-02-16 13:00:00,266.846,266.906,266.718,266.846,3983
2022-02-16 13:05:00,266.836,266.935,266.638,266.638,2868
2022-02-16 13:10:00,266.658,267.025,266.658,266.964,4356
2022-02-16 13:15:00,266.886,267.054,266.866,267.054,1182
2022-02-16 13:20:00,267.208,267.208,267.074,267.125,2969
2022-02-16 13:25:00,267.233,267.233,267.034,267.146,2901
2022-02-16 13:30:00,267.064,267.143,266.965,267.02,4130
2022-02-16 13:35:00,267.044,267.054,266.762,266.762,8932
2022-02-16 13:40:00,266.737,266.846,266.668,266.703,3194
2022-02-16 13:45:00,266.618,266.618,266.41,266.48,6105
2022-02-16 13:50:00,266.5,266.618,266.44,266.46,6541
2022-02-16 13:55:00,266.48,266.688,266.371,266.48,8232
2022-02-16 14:00:00,266.495,266.559,266.183,266.559,6872
2022-02-16 14:05:00,266.673,267.421,265.965,266.777,12743
2022-02-16 14:10:00,266.614,267.356,266.455,266.97,9544
2022-02-16 14:15:00,267.079,267.084,266.549,266.787,11044
2022-02-16 14:20:00,266.713,267.396,266.713,267.247,9933
2022-02-16 14:25:00,267.347,268.159,267.282,268.159,18421
2022-02-16 14:30:00,268.243,268.248,267.906,268.104,9055
2022-02-16 14:35:00,268.188,268.395,268.008,268.01,12285
2022-02-16 14:40:00,268.0,268.084,267.609,267.827,11714
2022-02-16 14:45:00,267.906,267.906,267.659,267.748,5446
2022-02-16 14:50:00,267.931,268.01,267.559,267.559,7519
2022-02-16 14:55:00,267.748,268.02,267.748,268.02,1081
2022-02-16 15:00:00,268.169,268.651,268.169,268.651,6281
2022-02-16 15:05:00,268.664,269.204,268.55,269.204,10076
2022-02-16 15:10:00,269.221,269.221,268.986,268.986,8244
2022-02-16 15:15:00,269.016,269.03,268.808,268.924,6995
2022-02-16 15:20:00,268.966,269.293,268.915,269.293,4135
2022-02-16 15:25:00,269.288,269.407,269.085,269.214,10672
2022-02-16 15:30:00,269.417,269.828,269.417,269.828,7649
2022-02-16 15:35:00,269.768,269.917,269.422,269.63,20869
2022-02-16 15:40:00,269.699,270.145,269.64,270.145,10065
2022-02-16 15:45:00,270.071,270.184,269.798,269.947,16964
2022-02-16 15:50:00,269.976,270.264,269.897,270.135,22086
2022-02-16 15:55:00,270.214,270.472,269.867,269.897,24590
2022-02-16 16:00:00,269.882,270.115,269.625,269.986,109397
2022-02-16 16:05:00,270.056,270.056,270.056,270.056,14340
2022-02-17 09:30:00,269.283,269.283,269.283,269.283,100
2022-02-17 09:35:00,268.689,269.075,268.329,268.679,15926
2022-02-17 09:40:00,268.709,269.194,268.641,269.006,2136
2022-02-17 09:45:00,268.999,269.144,268.025,268.094,4745
2022-02-17 09:50:00,267.728,268.689,266.995,267.401,20910
2022-02-17 09:55:00,267.54,267.54,266.351,266.351,6739
2022-02-17 10:00:00,266.45,267.342,266.43,267.025,5898
2022-02-17 10:05:00,267.134,267.51,266.807,267.114,4458
2022-02-17 10:10:00,267.074,267.916,267.074,267.787,6358
2022-02-17 10:15:00,267.659,268.293,267.649,268.283,4852
2022-02-17 10:20:00,268.223,268.223,267.857,268.199,4544
2022-02-17 10:25:00,268.392,268.442,267.837,268.169,4960
2022-02-17 10:30:00,267.946,268.203,267.837,267.985,5936
2022-02-17 10:35:00,267.906,268.59,267.777,268.59,7934
2022-02-17 10:40:00,268.441,268.936,268.431,268.857,4719
2022-02-17 10:45:00,268.738,269.045,268.446,269.045,7273
2022-02-17 10:50:00,269.105,269.62,269.06,269.461,10285
2022-02-17 10:55:00,269.526,269.996,269.526,269.867,10613
2022-02-17 11:00:00,270.224,270.422,270.016,270.095,12834
2022-02-17 11:05:00,270.145,270.313,269.838,269.991,7730
2022-02-17 11:10:00,269.962,270.482,269.96,270.165,9723
2022-02-17 11:15:00,270.234,270.234,269.818,269.845,13704
2022-02-17 11:20:00,269.818,269.887,269.56,269.56,13059
2022-02-17 11:25:00,269.56,269.709,269.115,269.115,7305
2022-02-17 11:30:00,269.026,269.105,268.59,268.59,11381
2022-02-17 11:35:00,268.57,268.639,268.035,268.114,6748
2022-02-17 11:40:00,268.174,268.312,268.005,268.005,10312
2022-02-17 11:45:00,267.936,268.075,267.807,267.901,21097
2022-02-17 11:50:00,267.847,268.421,267.668,268.411,35293
2022-02-17 11:55:00,268.332,268.397,268.124,268.283,7687
2022-02-17 12:00:00,268.283,268.293,268.055,268.055,5627
2022-02-17 12:05:00,268.072,268.243,267.956,268.243,7656
2022-02-17 12:10:00,268.223,268.312,268.03,268.055,3885
2022-02-17 12:15:00,267.966,268.045,267.53,267.768,9273
2022-02-17 12:20:00,267.738,267.817,267.639,267.777,9222
2022-02-17 12:25:00,267.807,267.906,267.743,267.837,5512
2022-02-17 12:30:00,267.787,267.946,267.787,267.873,4973
2022-02-17 12:35:00,267.896,268.055,267.559,267.936,9773
2022-02-17 12:40:00,267.782,267.817,267.728,267.728,3209
2022-02-17 12:45:00,267.718,267.718,267.599,267.659,2920
2022-02-17 12:50:00,267.678,267.758,267.47,267.546,10447
2022-02-17 12:55:00,267.451,267.569,267.343,267.421,6244
2022-02-17 13:00:00,267.522,267.723,267.426,267.5,7365
2022-02-17 13:05:00,267.604,267.768,267.604,267.688,24319
2022-02-17 13:10:00,267.738,268.124,267.738,268.005,9073
2022-02-17 13:15:00,268.094,268.401,267.985,268.342,8019
2022-02-17 13:20:00,268.411,268.649,268.263,268.312,14737
2022-02-17 13:25:00,268.451,268.52,268.362,268.52,9314
2022-02-17 13:30:00,268.441,268.555,268.273,268.317,8742
2022-02-17 13:35:00,268.312,268.567,268.203,268.377,12289
2022-02-17 13:40:00,268.451,268.53,268.273,268.401,9269
2022-02-17 13:45:00,268.392,268.431,268.065,268.114,9643
2022-02-17 13:50:00,268.174,268.263,268.055,268.263,6962
2022-02-17 13:55:00,268.253,268.431,268.243,268.392,5847
2022-02-17 14:00:00,268.362,268.382,268.213,268.382,7975
2022-02-17 14:05:00,268.322,268.441,268.253,268.263,6779
2022-02-17 14:10:00,268.203,268.28,267.569,267.569,4976
2022-02-17 14:15:00,267.52,267.52,267.366,267.451,5656
2022-02-17 14:20:00,267.361,267.361,267.034,267.178,7057
2022-02-17 14:25:00,267.233,267.233,266.797,266.945,4165
2022-02-17 14:30:00,266.628,266.797,266.599,266.757,4953
2022-02-17 14:35:00,266.772,266.826,266.47,266.614,4760
2022-02-17 14:40:00,266.341,266.43,266.163,266.43,5853
2022-02-17 14:45:00,266.331,266.529,266.207,266.207,11647
2022-02-17 14:50:00,266.282,266.549,266.044,266.5,6664
2022-02-17 14:55:00,266.341,266.361,266.113,266.282,3815
2022-02-17 15:00:00,266.272,266.464,266.014,266.014,3769
2022-02-17 15:05:00,266.093,266.093,265.618,265.658,9016
2022-02-17 15:10:00,265.618,265.747,265.36,265.36,8242
2022-02-17 15:15:00,265.321,265.351,264.746,264.885,9109
2022-02-17 15:20:00,265.004,265.192,264.746,265.192,13138
2022-02-17 15:25:00,265.113,265.331,264.979,265.162,10870
2022-02-17 15:30:00,265.162,265.313,265.073,265.113,9381
2022-02-17 15:35:00,265.048,265.44,264.855,264.964,15775
2022-02-17 15:40:00,265.014,265.737,264.979,265.648,23813
2022-02-17 15:45:00,265.648,265.648,265.222,265.222,10738
2022-02-17 15:50:00,265.341,265.44,264.717,264.746,35332
2022-02-17 15:55:00,264.583,264.761,263.939,264.271,44698
2022-02-17 16:00:00,264.35,264.925,264.34,264.667,81350
2022-02-17 16:05:00,264.697,264.697,264.697,264.697,5057
2022-02-18 09:35:00,265.162,267.034,265.123,265.202,35361
2022-02-18 09:40:00,265.202,265.965,265.014,265.92,7789
2022-02-18 09:45:00,265.45,265.836,265.053,265.539,7077
2022-02-18 09:50:00,265.658,265.96,265.004,265.489,8694
2022-02-18 09:55:00,265.513,265.737,265.192,265.737,7173
2022-02-18 10:00:00,265.994,266.688,265.767,266.49,8279
2022-02-18 10:05:00,266.46,267.193,266.46,266.797,11758
2022-02-18 10:10:00,266.609,266.747,266.46,266.529,8711
2022-02-18 10:15:00,266.51,266.51,266.034,266.321,8864
2022-02-18 10:20:00,266.49,266.762,266.202,266.44,5754
2022-02-18 10:25:00,266.272,266.589,266.024,266.103,7575
2022-02-18 10:30:00,266.232,266.361,265.905,265.905,5655
2022-02-18 10:35:00,265.806,265.895,265.598,265.648,9675
2022-02-18 10:40:00,265.568,265.851,265.46,265.668,6273
2022-02-18 10:45:00,265.776,265.776,265.172,265.242,17359
2022-02-18 10:50:00,265.271,265.351,265.113,265.192,8946
2022-02-18 10:55:00,265.281,266.039,265.281,265.737,30553
2022-02-18 11:00:00,265.92,265.92,265.598,265.677,8133
2022-02-18 11:05:00,265.499,265.499,264.439,264.504,12034
2022-02-18 11:10:00,264.419,264.627,264.053,264.053,5613
2022-02-18 11:15:00,264.202,264.766,263.84,264.707,8974
2022-02-18 11:20:00,264.806,265.212,264.731,265.138,9118
2022-02-18 11:25:00,265.143,265.549,265.143,265.37,7643
2022-02-18 11:30:00,265.46,265.514,265.202,265.266,11210
2022-02-18 11:35:00,265.291,265.846,265.291,265.742,14436
2022-02-18 11:40:00,265.747,266.46,265.663,266.371,14918
2022-02-18 11:45:00,266.282,266.371,266.004,266.014,12866
2022-02-18 11:50:00,266.074,266.539,266.074,266.227,7646
2022-02-18 11:55:00,266.282,266.301,265.945,266.133,9047
2022-02-18 12:00:00,266.197,266.292,265.668,265.935,11704
2022-02-18 12:05:00,265.915,265.915,265.271,265.43,8756
2022-02-18 12:10:00,265.489,265.796,265.346,265.796,6861
2022-02-18 12:15:00,265.841,266.113,265.841,266.004,7952
2022-02-18 12:20:00,266.059,266.654,266.059,266.45,10682
2022-02-18 12:25:00,266.401,266.41,265.999,266.133,7453
2022-02-18 12:30:00,266.118,266.41,266.054,266.331,6284
2022-02-18 12:35:00,266.292,266.41,265.608,265.975,18790
2022-02-18 12:40:00,266.004,266.202,265.46,265.747,11813
2022-02-18 12:45:00,265.905,266.163,265.831,266.074,9795
2022-02-18 12:50:00,265.994,266.123,265.658,265.925,10358
2022-02-18 12:55:00,265.985,266.282,265.955,266.163,8207
2022-02-18 13:00:00,266.138,266.331,265.965,265.965,9032
2022-02-18 13:05:00,266.044,266.143,265.796,265.975,7098
2022-02-18 13:10:00,265.985,266.133,265.876,266.014,7597
2022-02-18 13:15:00,265.955,266.19,265.955,266.004,6378
2022-02-18 13:20:00,266.103,266.341,265.935,266.252,7868
2022-02-18 13:25:00,266.262,266.727,266.121,266.727,11781
2022-02-18 13:30:00,266.698,266.721,266.044,266.153,11326
2022-02-18 13:35:00,266.074,266.133,265.955,265.965,7359
2022-02-18 13:40:00,265.945,266.356,265.881,266.356,7800
2022-02-18 13:45:00,266.311,266.472,266.193,266.472,7959
2022-02-18 13:50:00,266.505,266.978,266.505,266.841,7048
2022-02-18 13:55:00,266.807,267.374,266.777,267.223,18125
2022-02-18 14:00:00,267.183,267.401,267.129,267.203,10672
2022-02-18 14:05:00,267.252,267.53,267.225,267.302,8627
2022-02-18 14:10:00,267.322,267.46,267.025,267.084,9811
2022-02-18 14:15:00,267.025,267.282,267.025,267.243,7965
2022-02-18 14:20:00,267.223,267.569,267.223,267.446,15870
2022-02-18 14:25:00,267.451,268.035,267.446,268.035,18835
2022-02-18 14:30:00,268.144,268.36,267.966,268.238,11122
2022-02-18 14:35:00,268.337,268.609,268.337,268.392,12425
2022-02-18 14:40:00,268.421,268.639,268.372,268.579,24579
2022-02-18 14:45:00,268.609,268.609,268.164,268.164,9206
2022-02-18 14:50:00,268.213,268.362,268.144,268.164,8714
2022-02-18 14:55:00,268.084,268.718,268.025,268.718,12833
2022-02-18 15:00:00,268.689,268.926,268.649,268.748,14875
2022-02-18 15:05:00,268.768,268.892,268.263,268.312,21802
2022-02-18 15:10:00,268.283,268.401,267.995,268.084,17861
2022-02-18 15:15:00,268.129,268.411,267.55,267.649,18532
2022-02-18 15:20:00,267.698,267.728,267.015,267.034,14533
2022-02-18 15:25:00,267.158,267.322,267.069,267.124,13452
2022-02-18 15:30:00,267.143,267.213,266.41,266.668,45005
2022-02-18 15:35:00,266.658,266.658,265.836,265.985,20361
2022-02-18 15:40:00,266.034,266.371,265.915,266.282,23965
2022-02-18 15:45:00,266.252,266.777,266.232,266.757,24028
2022-02-18 15:50:00,266.777,266.926,266.282,266.688,28871
2022-02-18 15:55:00,266.638,266.648,265.757,265.816,40103
2022-02-18 16:00:00,265.846,265.935,265.4,265.539,112181
2022-02-18 16:05:00,265.539,265.539,264.905,265.539,17005
2022-02-22 07:05:00,263.478,263.488,263.478,263.488,453
2022-02-22 08:50:00,263.885,263.885,263.885,263.885,198
2022-02-22 09:30:00,262.973,262.973,262.963,262.963,630
2022-02-22 09:35:00,263.35,263.998,260.011,260.358,68761
2022-02-22 09:40:00,261.116,261.116,260.219,260.368,32956
2022-02-22 09:45:00,260.606,263.35,260.002,261.388,191884
2022-02-22 09:50:00,261.383,262.498,261.121,262.498,13016
2022-02-22 09:55:00,263.003,264.142,262.785,264.142,30843
2022-02-22 10:00:00,264.19,264.202,263.122,263.528,26538
2022-02-22 10:05:00,263.647,263.677,263.161,263.475,11044
2022-02-22 10:10:00,263.647,263.647,262.825,263.067,14830
2022-02-22 10:15:00,262.914,262.914,262.022,262.428,20303
2022-02-22 10:20:00,262.557,262.622,262.082,262.161,13249
2022-02-22 10:25:00,262.052,262.369,261.824,261.963,23030
2022-02-22 10:30:00,261.973,262.577,261.973,262.478,23577
2022-02-22 10:35:00,262.453,262.587,261.73,261.824,24596
2022-02-22 10:40:00,261.789,262.042,261.676,261.953,17973
2022-02-22 10:45:00,261.913,262.032,261.369,261.676,19426
2022-02-22 10:50:00,261.646,261.834,261.101,261.101,12963
2022-02-22 10:55:00,260.992,261.061,260.556,260.725,12597
2022-02-22 11:00:00,260.744,260.744,259.754,260.031,27428
2022-02-22 11:05:00,260.051,260.829,260.011,260.829,43377
2022-02-22 11:10:00,260.705,260.863,260.2,260.482,70648
2022-02-22 11:15:00,260.556,261.567,260.556,260.735,52768
2022-02-22 11:20:00,260.784,261.032,260.348,260.834,16808
2022-02-22 11:25:00,260.696,261.547,260.64,261.547,6444
2022-02-22 11:30:00,261.458,262.022,261.284,261.398,12640
2022-02-22 11:35:00,261.309,261.581,261.125,261.359,7428
2022-02-22 11:40:00,261.507,261.507,260.873,261.21,8432
2022-02-22 11:45:00,261.16,261.705,261.151,261.705,9072
2022-02-22 11:50:00,261.72,261.72,261.21,261.458,5011
2022-02-22 11:55:00,261.26,261.577,260.259,260.348,8179
2022-02-22 12:00:00,260.229,260.591,260.229,260.586,9575
2022-02-22 12:05:00,260.586,260.938,260.586,260.923,14755
2022-02-22 12:10:00,260.913,260.972,260.66,260.814,25461
2022-02-22 12:15:00,260.913,260.913,260.715,260.824,12054
2022-02-22 12:20:00,260.685,260.933,260.289,260.299,32057
2022-02-22 12:25:00,260.264,260.265,259.754,259.942,12290
2022-02-22 12:30:00,259.856,259.972,259.699,259.719,7202
2022-02-22 12:35:00,259.704,259.866,259.239,259.475,9598
2022-02-22 12:40:00,259.452,259.866,259.452,259.853,9059
2022-02-22 12:45:00,259.883,260.135,259.655,260.036,17653
2022-02-22 12:50:00,260.002,260.002,259.694,259.922,12498
2022-02-22 12:55:00,259.922,260.16,259.922,259.932,6421
2022-02-22 13:00:00,259.972,259.972,259.556,259.724,27433
2022-02-22 13:05:00,259.803,259.803,259.427,259.486,6079
2022-02-22 13:10:00,259.724,259.813,259.353,259.422,9802
2022-02-22 13:15:00,259.62,259.714,259.244,259.244,12448
2022-02-22 13:20:00,259.278,259.318,258.258,258.768,23996
2022-02-22 13:25:00,258.684,259.021,258.664,259.001,8121
2022-02-22 13:30:00,259.07,259.417,258.783,259.219,18033
2022-02-22 13:35:00,259.13,259.615,259.026,259.506,7753
2022-02-22 13:40:00,259.368,259.377,258.942,259.259,14681
2022-02-22 13:45:00,259.219,259.422,259.1,259.169,55184
2022-02-22 13:50:00,258.942,259.016,258.07,258.08,13117
2022-02-22 13:55:00,258.05,258.199,257.723,257.723,15912
2022-02-22 14:00:00,257.723,257.996,257.654,257.921,10345
2022-02-22 14:05:00,257.594,257.644,257.386,257.386,16800
2022-02-22 14:10:00,257.406,257.585,257.278,257.545,33384
2022-02-22 14:15:00,257.555,257.555,257.06,257.367,30451
2022-02-22 14:20:00,257.386,257.545,257.228,257.476,16528
2022-02-22 14:25:00,257.654,257.743,256.683,257.099,16058
2022-02-22 14:30:00,257.188,258.04,257.169,257.694,18478
2022-02-22 14:35:00,257.941,258.843,257.436,257.941,31702
2022-02-22 14:40:00,257.936,258.446,257.936,258.095,9639
2022-02-22 14:45:00,258.169,258.298,257.495,257.897,11640
2022-02-22 14:50:00,257.803,258.813,257.426,258.813,13684
2022-02-22 14:55:00,259.051,259.541,258.724,259.308,18419
2022-02-22 15:00:00,259.318,259.746,259.318,259.437,17323
2022-02-22 15:05:00,259.556,260.418,259.422,260.398,12577
2022-02-22 15:10:00,260.338,260.566,260.011,260.021,9871
2022-02-22 15:15:00,260.17,260.725,260.142,260.289,12664
2022-02-22 15:20:00,260.437,260.754,259.979,260.108,13581
2022-02-22 15:25:00,260.031,260.368,259.665,259.803,20171
2022-02-22 15:30:00,259.754,260.764,259.675,260.764,41773
2022-02-22 15:35:00,260.754,260.764,260.219,260.418,50639
2022-02-22 15:40:00,260.418,260.606,260.13,260.606,20876
2022-02-22 15:45:00,260.626,260.635,259.408,259.581,23318
2022-02-22 15:50:00,259.526,259.526,258.575,258.575,30266
2022-02-22 15:55:00,258.06,258.654,257.922,258.605,94321
2022-02-22 16:00:00,258.625,259.229,258.625,259.11,117269
2022-02-22 16:05:00,259.11,259.11,259.11,259.11,19550
2022-02-23 08:45:00,259.11,259.11,259.11,259.11,21590
2022-02-23 09:35:00,260.418,261.497,260.18,261.359,18450
2022-02-23 09:40:00,261.215,261.309,260.18,261.042,13819
2022-02-23 09:45:00,261.146,261.349,260.69,260.784,6486
2022-02-23 09:50:00,261.042,261.165,260.66,260.685,9545
2022-02-23 09:55:00,260.517,260.517,259.952,260.338,7209
2022-02-23 10:00:00,260.388,260.705,260.21,260.21,5865
2022-02-23 10:05:00,260.14,260.536,260.12,260.442,15457
2022-02-23 10:10:00,260.512,260.645,260.333,260.507,23922
2022-02-23 10:15:00,260.497,260.497,259.843,259.843,12818
2022-02-23 10:20:00,259.843,260.071,259.694,259.833,16931
2022-02-23 10:25:00,259.952,260.15,259.779,259.784,21196
2022-02-23 10:30:00,259.774,259.813,259.467,259.6,24879
2022-02-23 10:35:00,259.417,259.932,259.328,259.927,21443
2022-02-23 10:40:00,259.982,260.487,259.942,260.15,11933
2022-02-23 10:45:00,260.155,260.319,259.823,260.13,23205
2022-02-23 10:50:00,260.16,260.67,260.076,260.576,6510
2022-02-23 10:55:00,260.462,260.804,260.447,260.705,8169
2022-02-23 11:00:00,260.744,260.972,260.517,260.789,22433
2022-02-23 11:05:00,260.764,260.809,259.764,259.833,14836
2022-02-23 11:10:00,259.704,259.759,259.204,259.377,12628
2022-02-23 11:15:00,259.239,259.551,258.971,259.546,7554
2022-02-23 11:20:00,259.442,259.477,259.061,259.318,12916
2022-02-23 11:25:00,259.269,259.477,259.179,259.273,11883
2022-02-23 11:30:00,259.273,259.526,259.269,259.397,15167
2022-02-23 11:35:00,259.377,259.843,259.269,259.576,19570
2022-02-23 11:40:00,259.576,260.274,259.432,259.863,20674
2022-02-23 11:45:00,259.774,259.912,259.239,259.254,8479
2022-02-23 11:50:00,259.229,259.675,259.16,259.675,5567
2022-02-23 11:55:00,259.67,259.774,259.403,259.665,8728
2022-02-23 12:00:00,259.566,259.893,259.477,259.794,15511
2022-02-23 12:05:00,259.744,260.299,259.566,260.185,38809
2022-02-23 12:10:00,260.091,260.591,259.863,260.591,13426
2022-02-23 12:15:00,260.611,260.893,260.447,260.848,37830
2022-02-23 12:20:00,260.819,261.319,260.804,261.319,10096
2022-02-23 12:25:00,261.22,261.513,261.22,261.359,24559
2022-02-23 12:30:00,261.378,261.567,261.378,261.5,10304
2022-02-23 12:35:00,261.507,261.601,261.438,261.487,16495
2022-02-23 12:40:00,261.448,261.507,260.863,261.304,30933
2022-02-23 12:45:00,261.349,261.547,261.21,261.329,12624
2022-02-23 12:50:00,261.383,261.433,261.22,261.359,21010
2022-02-23 12:55:00,261.369,261.369,260.834,260.933,35768
2022-02-23 13:00:00,260.992,261.111,260.606,260.645,34586
2022-02-23 13:05:00,260.69,260.735,260.368,260.447,28300
2022-02-23 13:10:00,260.467,260.517,260.18,260.378,30515
2022-02-23 13:15:00,260.328,260.381,259.714,259.784,19253
2022-02-23 13:20:00,259.774,260.071,259.774,259.902,22526
2022-02-23 13:25:00,259.863,259.992,259.536,259.744,18311
2022-02-23 13:30:00,259.759,260.041,259.724,259.972,22962
2022-02-23 13:35:00,260.021,260.041,259.526,259.823,22913
2022-02-23 13:40:00,259.794,260.16,259.734,260.16,19151
2022-02-23 13:45:00,260.021,260.19,260.011,260.021,12830
2022-02-23 13:50:00,260.041,260.576,260.021,260.319,13004
2022-02-23 13:55:00,260.269,260.309,259.962,259.997,20902
2022-02-23 14:00:00,260.021,260.249,259.952,260.249,12944
2022-02-23 14:05:00,260.15,260.507,259.714,259.784,28312
2022-02-23 14:10:00,259.922,260.17,259.813,260.12,25909
2022-02-23 14:15:00,260.16,260.363,260.011,260.021,36343
2022-02-23 14:20:00,260.021,260.081,259.209,259.516,14087
2022-02-23 14:25:00,259.477,259.477,258.724,258.744,19162
2022-02-23 14:30:00,258.783,259.011,258.734,258.912,30373
2022-02-23 14:35:00,259.011,259.07,258.882,258.991,28932
2022-02-23 14:40:00,259.001,259.14,258.862,258.922,25086
2022-02-23 14:45:00,258.922,258.991,258.154,258.189,16610
2022-02-23 14:50:00,258.268,258.654,258.139,258.407,15513
2022-02-23 14:55:00,258.436,258.436,258.08,258.357,30111
2022-02-23 15:00:00,258.387,258.536,258.228,258.279,22184
2022-02-23 15:05:00,258.223,258.283,257.287,257.396,12304
2022-02-23 15:10:00,257.495,257.631,257.0,257.119,10532
2022-02-23 15:15:00,257.094,257.159,256.698,256.901,24842
2022-02-23 15:20:00,256.931,257.159,256.762,257.0,28317
2022-02-23 15:25:00,257.03,257.481,256.931,257.258,23329
2022-02-23 15:30:00,257.159,257.867,257.159,257.867,18517
2022-02-23 15:35:00,257.694,257.753,257.337,257.515,32831
2022-02-23 15:40:00,257.486,257.674,257.0,257.0,24190
2022-02-23 15:45:00,256.931,257.278,256.871,257.084,42298
2022-02-23 15:50:00,257.05,257.406,256.891,257.198,65620
2022-02-23 15:55:00,257.01,257.713,256.847,257.609,92664
2022-02-23 16:00:00,257.644,257.743,256.842,256.961,167648
2022-02-23 16:05:00,256.951,256.951,256.951,256.951,31465
2022-02-23 16:30:00,255.564,255.564,255.564,255.564,100
2022-02-24 08:20:00,247.639,247.639,247.639,247.639,319
2022-02-24 08:45:00,248.719,248.719,248.719,248.719,501
2022-02-24 09:35:00,251.126,253.305,249.059,252.513,60466
2022-02-24 09:40:00,252.255,253.226,251.592,253.226,14903
2022-02-24 09:45:00,252.978,253.518,251.73,252.003,24164
2022-02-24 09:50:00,251.968,254.316,251.473,254.034,30416
2022-02-24 09:55:00,253.959,254.643,253.345,254.643,18294
2022-02-24 10:00:00,254.454,255.019,253.939,254.593,14804
2022-02-24 10:05:00,254.563,254.563,252.954,253.226,24601
2022-02-24 10:10:00,252.959,253.593,252.741,253.593,80906
2022-02-24 10:15:00,253.781,254.623,253.142,254.474,16268
2022-02-24 10:20:00,254.504,255.019,254.266,255.019,15027
2022-02-24 10:25:00,254.88,255.851,254.821,255.737,59105
2022-02-24 10:30:00,255.673,255.673,253.726,254.266,18056
2022-02-24 10:35:00,253.85,255.009,253.548,254.603,13876
2022-02-24 10:40:00,254.748,254.945,253.409,253.91,19139
2022-02-24 10:45:00,253.751,253.791,253.236,253.488,20793
2022-02-24 10:50:00,253.454,254.006,252.612,253.365,35316
2022-02-24 10:55:00,253.335,253.593,252.652,253.503,16974
2022-02-24 11:00:00,253.632,253.721,252.741,252.924,14891
2022-02-24 11:05:00,252.741,253.241,252.508,252.662,23750
2022-02-24 11:10:00,252.86,254.677,252.688,254.677,15379
2022-02-24 11:15:00,254.395,254.454,253.711,254.235,18406
2022-02-24 11:20:00,254.162,254.261,253.068,253.231,17708
2022-02-24 11:25:00,253.3,253.404,252.671,252.711,16373
2022-02-24 11:30:00,252.731,253.021,252.473,252.473,43878
2022-02-24 11:35:00,252.434,252.82,251.948,252.592,52444
2022-02-24 11:40:00,252.642,253.107,252.434,252.939,23909
2022-02-24 11:45:00,252.85,252.85,252.067,252.245,13339
2022-02-24 11:50:00,252.345,252.345,251.928,252.085,14718
2022-02-24 11:55:00,251.948,252.186,251.73,252.018,20427
2022-02-24 12:00:00,251.79,253.087,251.75,252.889,56932
2022-02-24 12:05:00,253.038,253.142,252.354,252.686,12546
2022-02-24 12:10:00,252.562,252.562,251.354,251.354,14268
2022-02-24 12:15:00,251.342,251.839,250.819,251.176,52210
2022-02-24 12:20:00,251.156,251.948,250.983,251.681,25601
2022-02-24 12:25:00,251.82,251.82,250.571,250.68,16587
2022-02-24 12:30:00,250.76,251.572,250.705,251.572,30004
2022-02-24 12:35:00,251.503,251.666,250.661,251.067,20118
2022-02-24 12:40:00,251.186,252.374,251.186,252.285,11947
2022-02-24 12:45:00,252.513,252.699,252.27,252.473,11079
2022-02-24 12:50:00,252.463,252.671,252.146,252.146,13884
2022-02-24 12:55:00,252.285,252.493,251.968,252.285,7505
2022-02-24 13:00:00,252.206,252.493,251.73,251.73,12527
2022-02-24 13:05:00,251.72,251.78,251.204,251.423,9673
2022-02-24 13:10:00,251.423,251.849,251.394,251.503,17896
2022-02-24 13:15:00,251.522,251.661,251.205,251.491,18869
2022-02-24 13:20:00,251.522,251.666,251.423,251.493,21931
2022-02-24 13:25:00,251.413,251.58,250.968,250.976,14658
2022-02-24 13:30:00,251.108,251.404,250.76,250.76,12210
2022-02-24 13:35:00,250.77,251.542,250.77,251.542,17309
2022-02-24 13:40:00,251.503,251.775,251.404,251.532,15732
2022-02-24 13:45:00,251.602,251.72,251.354,251.354,25448
2022-02-24 13:50:00,251.215,252.245,250.968,252.216,23323
2022-02-24 13:55:00,252.186,252.364,251.681,252.077,25425
2022-02-24 14:00:00,252.255,252.335,251.404,251.522,9583
2022-02-24 14:05:00,251.607,251.75,251.166,251.711,10870
2022-02-24 14:10:00,251.621,251.824,251.126,251.176,10043
2022-02-24 14:15:00,251.186,251.879,251.166,251.879,5852
2022-02-24 14:20:00,251.948,252.274,251.869,252.226,27712
2022-02-24 14:25:00,252.117,252.245,251.889,252.047,16149
2022-02-24 14:30:00,252.077,252.721,251.889,252.721,28810
2022-02-24 14:35:00,252.721,253.939,252.711,253.89,15972
2022-02-24 14:40:00,253.838,254.227,253.652,254.207,21680
2022-02-24 14:45:00,254.246,254.246,253.434,253.593,19544
2022-02-24 14:50:00,253.583,254.236,253.395,254.078,33270
2022-02-24 14:55:00,254.088,254.259,253.632,254.259,28986
2022-02-24 15:00:00,254.232,254.232,253.583,253.88,15648
2022-02-24 15:05:00,253.791,254.692,253.652,254.692,17631
2022-02-24 15:10:00,254.672,254.94,254.603,254.677,11712
2022-02-24 15:15:00,254.761,255.366,254.687,255.306,13997
2022-02-24 15:20:00,255.42,255.465,255.049,255.415,18730
2022-02-24 15:25:00,255.366,255.673,255.098,255.618,18190
2022-02-24 15:30:00,255.574,255.633,254.88,254.88,14828
2022-02-24 15:35:00,254.801,256.168,254.682,256.168,20912
2022-02-24 15:40:00,256.168,256.718,256.128,256.693,18970
2022-02-24 15:45:00,256.604,256.743,256.069,256.069,23553
2022-02-24 15:50:00,256.079,256.396,255.891,255.97,22470
2022-02-24 15:55:00,256.109,257.129,256.01,256.941,32889
2022-02-24 16:00:00,256.911,256.941,256.138,256.376,97473
2022-02-24 16:05:00,256.495,256.495,256.495,256.495,17420
2022-02-24 16:10:00,256.505,256.505,256.505,256.505,100
2022-02-24 16:15:00,256.495,256.495,256.495,256.495,4485
2022-02-24 16:50:00,255.564,255.564,255.564,255.564,193
2022-02-25 09:05:00,258.441,258.441,258.441,258.441,107
2022-02-25 09:10:00,258.62,258.62,258.62,258.62,393
2022-02-25 09:35:00,257.676,259.761,257.676,259.632,19512
2022-02-25 09:40:00,259.777,259.777,258.61,259.235,11386
2022-02-25 09:45:00,259.096,259.602,257.835,258.104,11599
2022-02-25 09:50:00,258.391,258.391,257.577,257.954,14654
2022-02-25 09:55:00,257.934,258.163,257.597,257.766,8404
2022-02-25 10:00:00,257.766,258.282,257.498,257.499,6254
2022-02-25 10:05:00,258.014,258.014,257.289,257.766,11070
2022-02-25 10:10:00,257.917,258.759,257.821,258.55,13825
2022-02-25 10:15:00,258.401,258.635,257.82,257.887,15183
2022-02-25 10:20:00,257.736,258.371,257.518,258.371,6380
2022-02-25 10:25:00,258.203,258.391,257.448,258.391,10143
2022-02-25 10:30:00,258.58,258.987,258.461,258.888,9947
2022-02-25 10:35:00,258.888,259.017,258.679,258.858,5064
2022-02-25 10:40:00,258.873,258.967,258.59,258.907,7050
2022-02-25 10:45:00,259.076,259.692,259.076,259.563,7987
2022-02-25 10:50:00,259.722,260.228,259.712,260.099,8255
2022-02-25 10:55:00,260.138,260.655,259.99,260.511,8274
2022-02-25 11:00:00,260.585,260.714,260.407,260.407,14132
2022-02-25 11:05:00,260.248,260.789,259.841,260.789,10119
2022-02-25 11:10:00,260.873,260.987,260.486,260.645,9750
2022-02-25 11:15:00,260.645,261.211,260.466,260.863,14796
2022-02-25 11:20:00,260.764,260.938,260.501,260.833,7312
2022-02-25 11:25:00,260.913,261.628,260.704,261.628,9786
2022-02-25 11:30:00,261.886,261.886,261.509,261.638,12348
2022-02-25 11:35:00,261.687,261.687,261.022,261.37,9039
2022-02-25 11:40:00,261.35,261.439,261.022,261.295,5363
2022-02-25 11:45:00,261.379,261.499,261.25,261.28,12035
2022-02-25 11:50:00,261.409,261.64,261.3,261.638,9302
2022-02-25 11:55:00,261.444,262.035,261.444,262.035,10243
2022-02-25 12:00:00,262.094,262.476,262.094,262.263,7055
2022-02-25 12:05:00,262.223,262.28,261.985,262.159,8038
2022-02-25 12:10:00,262.223,262.263,262.094,262.154,15767
2022-02-25 12:15:00,262.194,262.928,262.194,262.581,16088
2022-02-25 12:20:00,262.521,262.799,262.521,262.71,15543
2022-02-25 12:25:00,262.68,262.908,262.541,262.859,9549
2022-02-25 12:30:00,262.849,263.186,262.68,263.117,12829
2022-02-25 12:35:00,263.137,263.802,263.117,263.752,17817
2022-02-25 12:40:00,263.742,263.901,263.454,263.633,13331
2022-02-25 12:45:00,263.703,263.827,263.524,263.827,9257
2022-02-25 12:50:00,263.822,263.864,263.514,263.544,12822
2022-02-25 12:55:00,263.514,263.583,263.236,263.449,9762
2022-02-25 13:00:00,263.439,263.439,262.789,262.97,10934
2022-02-25 13:05:00,263.003,263.315,262.71,263.157,11161
2022-02-25 13:10:00,263.191,263.405,262.66,262.854,15029
2022-02-25 13:15:00,262.879,263.186,262.72,263.176,16000
2022-02-25 13:20:00,263.037,263.345,262.501,263.345,15378
2022-02-25 13:25:00,263.097,263.176,262.74,262.789,14562
2022-02-25 13:30:00,262.928,263.554,262.908,263.534,9174
2022-02-25 13:35:00,263.514,264.08,263.444,264.065,12820
2022-02-25 13:40:00,264.0,264.0,263.305,263.463,11933
2022-02-25 13:45:00,263.474,264.263,263.454,264.263,10491
2022-02-25 13:50:00,264.219,264.263,263.881,264.09,11240
2022-02-25 13:55:00,264.229,264.745,264.149,264.566,13900
2022-02-25 14:00:00,264.507,264.517,263.971,264.144,14144
2022-02-25 14:05:00,264.159,264.586,263.693,264.383,14133
2022-02-25 14:10:00,264.239,264.239,263.931,264.075,11064
2022-02-25 14:15:00,264.12,264.12,263.812,264.0,9370
2022-02-25 14:20:00,264.03,264.368,263.981,264.259,17104
2022-02-25 14:25:00,264.288,264.854,264.249,264.735,12855
2022-02-25 14:30:00,264.735,264.884,264.457,264.745,19736
2022-02-25 14:35:00,264.824,265.162,264.497,264.536,18842
2022-02-25 14:40:00,264.437,264.735,264.398,264.457,11418
2022-02-25 14:45:00,264.378,264.507,264.05,264.358,10798
2022-02-25 14:50:00,264.268,264.323,263.812,263.812,8776
2022-02-25 14:55:00,263.752,263.752,262.77,263.375,9434
2022-02-25 15:00:00,263.405,263.961,263.385,263.717,13663
2022-02-25 15:05:00,263.698,263.698,263.186,263.35,16609
2022-02-25 15:10:00,263.385,264.11,263.375,264.08,17511
2022-02-25 15:15:00,264.129,264.249,263.742,264.04,18643
2022-02-25 15:20:00,264.07,264.487,263.941,264.179,15909
2022-02-25 15:25:00,264.303,264.77,264.12,264.606,18018
2022-02-25 15:30:00,264.536,264.914,264.477,264.477,16863
2022-02-25 15:35:00,264.487,264.616,264.199,264.199,29320
2022-02-25 15:40:00,264.12,264.278,263.951,264.278,28753
2022-02-25 15:45:00,264.328,264.814,264.239,264.477,37387
2022-02-25 15:50:00,264.437,264.854,264.418,264.596,37906
2022-02-25 15:55:00,264.805,265.251,264.56,264.834,55293
2022-02-25 16:00:00,264.795,265.46,264.785,265.45,125364
2022-02-25 16:05:00,265.341,265.341,265.341,265.341,33974
2022-02-25 16:10:00,265.341,265.341,265.341,265.341,141
2022-02-28 09:35:00,262.819,264.04,261.489,262.005,40729
2022-02-28 09:40:00,262.66,264.795,262.66,264.343,16670
2022-02-28 09:45:00,264.09,264.164,262.541,262.73,32063
2022-02-28 09:50:00,262.819,263.087,261.151,261.647,18975
2022-02-28 09:55:00,261.449,262.779,261.35,262.035,18390
2022-02-28 10:00:00,262.447,262.819,261.429,262.313,191345
2022-02-28 10:05:00,262.501,262.511,262.015,262.263,18095
2022-02-28 10:10:00,262.268,262.491,262.164,262.462,17423
2022-02-28 10:15:00,262.401,262.67,261.672,261.786,33047
2022-02-28 10:20:00,261.747,261.767,260.466,260.615,24038
2022-02-28 10:25:00,260.709,261.389,260.689,261.36,32226
2022-02-28 10:30:00,261.3,261.444,260.635,261.211,15319
2022-02-28 10:35:00,261.151,262.114,261.141,261.389,19717
2022-02-28 10:40:00,261.469,262.382,261.409,262.323,15276
2022-02-28 10:45:00,262.501,262.988,262.486,262.73,17900
2022-02-28 10:50:00,262.789,262.938,262.541,262.541,9833
2022-02-28 10:55:00,262.501,263.152,262.382,262.898,18846
2022-02-28 11:00:00,262.754,263.504,262.754,263.366,13581
2022-02-28 11:05:00,263.454,264.02,263.281,263.921,38430
2022-02-28 11:10:00,263.921,264.07,263.732,264.0,14638
2022-02-28 11:15:00,264.0,264.298,263.762,263.782,32873
2022-02-28 11:20:00,263.842,264.268,263.842,264.01,15931
2022-02-28 11:25:00,263.936,264.636,263.936,264.388,37141
2022-02-28 11:30:00,264.388,264.869,263.842,264.613,30757
2022-02-28 11:35:00,264.566,264.725,263.861,263.861,9019
2022-02-28 11:40:00,263.891,264.08,263.405,263.454,14827
2022-02-28 11:45:00,263.271,263.519,263.147,263.286,16696
2022-02-28 11:50:00,263.166,263.216,262.452,262.789,13741
2022-02-28 11:55:00,262.849,263.037,262.66,262.69,6557
2022-02-28 12:00:00,262.74,263.355,262.74,263.355,9876
2022-02-28 12:05:00,263.435,263.722,263.345,263.464,10831
2022-02-28 12:10:00,263.474,263.474,262.442,262.61,9958
2022-02-28 12:15:00,262.571,262.571,262.194,262.313,8076
2022-02-28 12:20:00,262.273,262.313,261.791,261.99,13127
2022-02-28 12:25:00,262.074,262.134,261.568,261.687,13936
2022-02-28 12:30:00,261.777,262.293,261.777,261.995,9898
2022-02-28 12:35:00,262.045,262.203,261.737,261.866,11473
2022-02-28 12:40:00,261.846,262.154,261.772,261.846,11348
2022-02-28 12:45:00,261.925,261.925,261.35,261.409,18230
2022-02-28 12:50:00,261.34,261.449,261.002,261.449,15196
2022-02-28 12:55:00,261.439,261.568,260.814,260.962,9378
2022-02-28 13:00:00,261.092,261.27,260.814,261.131,9877
2022-02-28 13:05:00,261.161,261.598,261.131,261.449,8285
2022-02-28 13:10:00,261.547,261.975,261.35,261.975,12818
2022-02-28 13:15:00,261.826,262.243,261.687,261.945,12144
2022-02-28 13:20:00,261.925,262.084,261.221,261.221,17093
2022-02-28 13:25:00,261.111,261.231,260.615,260.804,12615
2022-02-28 13:30:00,261.017,261.389,260.734,261.29,16523
2022-02-28 13:35:00,261.191,261.489,260.982,261.211,9401
2022-02-28 13:40:00,261.161,261.657,261.038,261.509,8354
2022-02-28 13:45:00,261.474,261.876,261.33,261.394,14650
2022-02-28 13:50:00,261.37,261.657,261.24,261.578,7150
2022-02-28 13:55:00,261.662,262.114,261.662,261.856,12266
2022-02-28 14:00:00,261.846,261.955,261.578,261.628,10519
2022-02-28 14:05:00,261.628,261.647,260.595,260.595,12355
2022-02-28 14:10:00,260.466,260.724,259.87,259.87,15134
2022-02-28 14:15:00,259.94,259.999,259.468,259.831,13639
2022-02-28 14:20:00,259.87,260.238,259.647,260.163,15931
2022-02-28 14:25:00,260.124,260.268,259.811,259.89,12161
2022-02-28 14:30:00,259.811,260.089,259.583,259.705,9680
2022-02-28 14:35:00,259.826,259.91,259.533,259.775,14760
2022-02-28 14:40:00,259.821,260.079,259.662,259.662,11632
2022-02-28 14:45:00,259.722,260.605,259.652,260.546,14762
2022-02-28 14:50:00,260.541,260.675,260.277,260.377,11144
2022-02-28 14:55:00,260.466,260.466,260.188,260.297,9714
2022-02-28 15:00:00,260.327,260.565,260.168,260.168,15695
2022-02-28 15:05:00,260.238,260.327,260.049,260.059,12093
2022-02-28 15:10:00,260.124,260.129,259.463,259.995,13547
2022-02-28 15:15:00,260.079,260.104,259.513,259.622,15922
2022-02-28 15:20:00,259.682,259.793,259.473,259.503,22333
2022-02-28 15:25:00,259.419,260.287,259.419,260.287,21630
2022-02-28 15:30:00,260.228,260.704,260.158,260.158,18249
2022-02-28 15:35:00,259.86,259.985,259.195,259.28,17822
2022-02-28 15:40:00,259.285,259.444,258.947,258.952,26422
2022-02-28 15:45:00,259.017,259.94,259.002,259.851,32337
2022-02-28 15:50:00,259.9,260.416,259.841,260.377,52158
2022-02-28 15:55:00,260.079,260.898,260.079,260.625,46096
2022-02-28 16:00:00,260.697,261.523,260.635,261.002,126770
2022-02-28 16:05:00,261.231,261.231,261.231,261.231,57387
2022-02-28 16:10:00,261.231,261.231,261.231,261.231,4341
2022-02-28 16:40:00,261.231,261.231,261.231,261.231,101
2022-03-01 09:30:00,260.039,260.069,259.93,259.93,1092
2022-03-01 09:35:00,259.632,260.416,258.803,259.786,31255
2022-03-01 09:40:00,260.099,261.558,259.453,261.365,50012
2022-03-01 09:45:00,261.548,261.548,259.424,259.9,21906
2022-03-01 09:50:00,260.019,260.138,258.292,258.724,30665
2022-03-01 09:55:00,258.719,258.848,257.711,258.679,29129
2022-03-01 10:00:00,258.679,258.957,258.114,258.52,21203
2022-03-01 10:05:00,258.429,259.404,258.429,258.878,13182
2022-03-01 10:10:00,259.046,259.18,258.411,258.421,29293
2022-03-01 10:15:00,258.222,258.222,257.627,257.676,21003
2022-03-01 10:20:00,257.915,258.639,257.742,258.064,18764
2022-03-01 10:25:00,257.954,258.421,257.934,258.183,33079
2022-03-01 10:30:00,258.272,258.461,257.776,258.282,15246
2022-03-01 10:35:00,258.083,258.302,257.865,257.865,15381
2022-03-01 10:40:00,257.875,258.054,257.289,257.289,24645
2022-03-01 10:45:00,257.488,257.488,256.336,256.336,17377
2022-03-01 10:50:00,256.475,256.475,255.889,256.138,39358
2022-03-01 10:55:00,256.098,256.942,256.038,256.748,23872
2022-03-01 11:00:00,256.679,257.349,256.425,257.349,23113
2022-03-01 11:05:00,257.16,258.823,257.16,258.555,23333
2022-03-01 11:10:00,258.5,258.51,257.796,258.133,12646
2022-03-01 11:15:00,258.252,258.798,257.895,258.798,25920
2022-03-01 11:20:00,258.798,258.798,258.391,258.565,17501
2022-03-01 11:25:00,258.535,259.741,258.535,259.722,28787
2022-03-01 11:30:00,259.652,260.019,259.245,259.424,21359
2022-03-01 11:35:00,259.295,259.404,258.252,258.371,15324
2022-03-01 11:40:00,258.183,258.272,257.309,257.726,15295
2022-03-01 11:45:00,257.712,257.989,257.379,257.453,10845
2022-03-01 11:50:00,257.398,257.398,256.038,256.282,17284
2022-03-01 11:55:00,256.118,256.455,255.969,256.217,17152
2022-03-01 12:00:00,256.009,256.366,255.711,256.257,27983
2022-03-01 12:05:00,256.202,256.515,256.202,256.336,10554
2022-03-01 12:10:00,256.505,256.515,255.949,256.187,11498
2022-03-01 12:15:00,256.267,256.455,255.78,256.455,16307
2022-03-01 12:20:00,256.445,256.833,256.215,256.654,8469
2022-03-01 12:25:00,256.649,256.649,256.227,256.5,10155
2022-03-01 12:30:00,256.564,256.803,256.252,256.793,11599
2022-03-01 12:35:00,256.733,257.488,256.654,257.349,14727
2022-03-01 12:40:00,257.259,257.696,257.091,257.681,15632
2022-03-01 12:45:00,257.855,258.123,257.329,257.537,58355
2022-03-01 12:50:00,257.557,258.073,257.24,257.82,13390
2022-03-01 12:55:00,257.964,257.999,257.319,257.319,17011
2022-03-01 13:00:00,257.398,257.706,257.18,257.706,11788
2022-03-01 13:05:00,257.577,257.716,257.301,257.433,11676
2022-03-01 13:10:00,257.458,257.522,256.634,256.857,10569
2022-03-01 13:15:00,256.971,256.971,255.84,256.043,18495
2022-03-01 13:20:00,255.969,256.187,255.631,255.631,14548
2022-03-01 13:25:00,255.879,256.098,255.75,255.75,10562
2022-03-01 13:30:00,255.611,255.611,254.956,255.125,18175
2022-03-01 13:35:00,255.046,255.502,254.946,255.184,20108
2022-03-01 13:40:00,255.105,256.157,255.105,256.014,11802
2022-03-01 13:45:00,256.316,256.425,255.85,256.138,24423
2022-03-01 13:50:00,256.128,256.296,255.363,255.552,16855
2022-03-01 13:55:00,255.601,255.83,255.323,255.671,17883
2022-03-01 14:00:00,255.731,255.959,255.443,255.641,17532
2022-03-01 14:05:00,255.671,255.77,255.323,255.621,23552
2022-03-01 14:10:00,255.462,255.671,254.897,254.907,16299
2022-03-01 14:15:00,254.907,255.006,254.4,254.777,27464
2022-03-01 14:20:00,254.756,255.224,254.529,255.016,21021
2022-03-01 14:25:00,255.095,255.492,254.926,255.421,23712
2022-03-01 14:30:00,255.385,256.098,255.385,255.949,16867
2022-03-01 14:35:00,255.899,255.919,255.333,255.443,14856
2022-03-01 14:40:00,255.462,255.621,254.907,255.343,49391
2022-03-01 14:45:00,255.443,255.611,255.224,255.393,33169
2022-03-01 14:50:00,255.373,255.562,254.827,254.936,25808
2022-03-01 14:55:00,254.946,254.946,254.018,254.122,20469
2022-03-01 15:00:00,254.162,254.45,254.033,254.256,13023
2022-03-01 15:05:00,254.212,255.105,254.212,255.105,28978
2022-03-01 15:10:00,255.383,255.502,254.916,255.105,37206
2022-03-01 15:15:00,255.18,255.244,254.559,254.758,22224
2022-03-01 15:20:00,254.827,254.867,254.073,254.212,28101
2022-03-01 15:25:00,254.162,254.221,253.725,253.814,29475
2022-03-01 15:30:00,253.805,254.063,253.616,253.616,30250
2022-03-01 15:35:00,253.596,253.834,253.189,253.487,57890
2022-03-01 15:40:00,253.388,253.854,253.368,253.671,48059
2022-03-01 15:45:00,253.625,253.953,253.417,253.467,50761
2022-03-01 15:50:00,253.318,253.527,252.564,252.564,77383
2022-03-01 15:55:00,252.325,253.209,252.117,253.11,85837
2022-03-01 16:00:00,253.06,253.924,252.812,253.556,213615
2022-03-01 16:05:00,253.685,253.685,253.685,253.685,21494
2022-03-01 17:25:00,254.986,254.986,254.986,254.986,100
2022-03-02 09:35:00,254.202,256.217,254.202,255.244,32316
2022-03-02 09:40:00,255.681,255.721,254.996,255.13,7994
2022-03-02 09:45:00,255.413,256.088,254.579,256.088,18311
2022-03-02 09:50:00,255.879,256.252,254.748,255.383,13582
2022-03-02 09:55:00,255.194,255.423,254.688,254.688,17721
2022-03-02 10:00:00,254.907,255.095,253.735,254.678,26150
2022-03-02 10:05:00,254.847,255.393,254.797,255.393,9292
2022-03-02 10:10:00,255.373,255.532,254.43,254.579,14885
2022-03-02 10:15:00,254.668,255.373,254.37,254.946,16003
2022-03-02 10:20:00,254.862,255.244,254.599,255.036,18587
2022-03-02 10:25:00,255.075,255.596,255.001,255.462,15006
2022-03-02 10:30:00,255.592,257.259,255.049,257.091,15918
2022-03-02 10:35:00,256.932,257.17,255.671,256.306,25819
2022-03-02 10:40:00,256.078,256.753,256.078,256.485,17160
2022-03-02 10:45:00,256.664,256.813,256.455,256.793,17874
2022-03-02 10:50:00,256.753,257.369,256.564,257.329,12582
2022-03-02 10:55:00,256.991,257.081,255.919,255.929,16726
2022-03-02 11:00:00,256.058,256.842,256.058,256.555,23894
2022-03-02 11:05:00,256.614,257.369,256.133,257.236,26199
2022-03-02 11:10:00,257.12,257.448,256.927,257.264,15667
2022-03-02 11:15:00,257.16,257.835,256.723,257.557,28909
2022-03-02 11:20:00,257.587,257.587,257.091,257.349,19424
2022-03-02 11:25:00,257.488,257.915,257.319,257.915,14864
2022-03-02 11:30:00,257.954,258.222,257.766,257.766,12475
2022-03-02 11:35:00,257.825,258.6,257.825,258.282,9420
2022-03-02 11:40:00,258.143,258.143,257.488,257.786,12307
2022-03-02 11:45:00,257.756,257.875,257.071,257.071,7733
2022-03-02 11:50:00,257.15,257.547,257.101,257.15,14012
2022-03-02 11:55:00,257.15,257.269,257.12,257.19,10551
2022-03-02 12:00:00,257.051,257.666,257.021,257.602,12176
2022-03-02 12:05:00,257.686,257.815,257.428,257.756,11142
2022-03-02 12:10:00,257.657,257.731,257.081,257.731,10094
2022-03-02 12:15:00,257.676,257.979,257.279,257.478,14835
2022-03-02 12:20:00,257.478,258.123,257.478,257.974,5499
2022-03-02 12:25:00,257.949,258.088,257.815,257.815,8329
2022-03-02 12:30:00,257.845,258.069,257.726,257.885,12222
2022-03-02 12:35:00,257.925,258.113,257.805,257.944,7663
2022-03-02 12:40:00,257.865,257.944,257.587,257.885,9855
2022-03-02 12:45:00,257.885,257.885,257.518,257.766,6810
2022-03-02 12:50:00,257.666,258.004,257.637,258.004,10096
2022-03-02 12:55:00,257.944,258.123,257.676,258.073,11065
2022-03-02 13:00:00,258.034,258.143,257.761,257.974,7882
2022-03-02 13:05:00,258.123,258.203,257.964,258.123,17316
2022-03-02 13:10:00,258.113,258.312,257.954,258.302,16287
2022-03-02 13:15:00,258.183,258.351,257.934,258.024,11808
2022-03-02 13:20:00,258.064,258.397,257.84,257.875,13925
2022-03-02 13:25:00,257.944,258.431,257.944,258.212,10122
2022-03-02 13:30:00,258.252,258.55,258.252,258.461,5846
2022-03-02 13:35:00,258.54,259.076,258.54,259.017,8708
2022-03-02 13:40:00,258.987,259.295,258.917,259.295,6913
2022-03-02 13:45:00,259.26,259.26,258.56,258.798,8632
2022-03-02 13:50:00,258.848,258.877,258.481,258.535,9105
2022-03-02 13:55:00,258.62,258.897,258.57,258.679,7039
2022-03-02 14:00:00,258.798,258.947,258.56,258.709,9478
2022-03-02 14:05:00,258.659,258.987,258.555,258.987,8925
2022-03-02 14:10:00,258.838,259.046,258.828,258.987,10458
2022-03-02 14:15:00,258.897,258.947,258.53,258.53,5064
2022-03-02 14:20:00,258.57,258.709,258.401,258.54,12502
2022-03-02 14:25:00,258.61,258.754,258.024,258.426,16956
2022-03-02 14:30:00,258.342,258.699,258.143,258.53,16308
2022-03-02 14:35:00,258.103,258.654,258.103,258.56,9369
2022-03-02 14:40:00,258.62,258.689,258.481,258.61,9051
2022-03-02 14:45:00,258.639,258.768,258.57,258.639,8774
2022-03-02 14:50:00,258.639,258.639,258.247,258.481,8724
2022-03-02 14:55:00,258.58,258.659,257.97,257.97,9921
2022-03-02 15:00:00,258.173,258.252,257.756,258.024,10399
2022-03-02 15:05:00,257.939,258.342,257.706,258.133,12024
2022-03-02 15:10:00,258.123,258.163,257.865,258.073,14764
2022-03-02 15:15:00,257.954,258.153,257.796,257.805,12627
2022-03-02 15:20:00,257.865,258.113,257.597,258.113,26383
2022-03-02 15:25:00,258.093,258.436,257.855,258.436,18828
2022-03-02 15:30:00,258.396,258.848,258.312,258.813,26008
2022-03-02 15:35:00,258.778,258.917,258.57,258.917,23223
2022-03-02 15:40:00,258.868,259.156,258.756,258.831,27473
2022-03-02 15:45:00,258.629,258.694,258.163,258.312,34579
2022-03-02 15:50:00,258.371,258.957,258.371,258.957,32946
2022-03-02 15:55:00,258.967,259.265,258.5,258.57,53030
2022-03-02 16:00:00,258.5,258.58,258.04,258.322,147772
2022-03-02 16:05:00,258.342,258.342,258.342,258.342,9229
2022-03-03 09:35:00,260.923,261.042,260.084,260.168,22619
2022-03-03 09:40:00,259.392,261.042,259.392,261.042,8393
2022-03-03 09:45:00,260.655,261.211,260.655,261.092,11385
2022-03-03 09:50:00,261.062,262.025,260.923,261.628,25905
2022-03-03 09:55:00,261.786,262.005,261.469,261.697,10309
2022-03-03 10:00:00,261.821,261.925,260.823,260.823,11348
2022-03-03 10:05:00,260.511,260.903,260.228,260.372,15717
2022-03-03 10:10:00,260.109,260.426,259.94,260.426,8265
2022-03-03 10:15:00,260.456,260.873,259.93,260.238,15932
2022-03-03 10:20:00,260.203,260.203,259.394,259.394,9815
2022-03-03 10:25:00,259.424,259.463,258.649,258.928,17470
2022-03-03 10:30:00,258.788,258.788,258.008,258.153,10924
2022-03-03 10:35:00,258.143,258.242,257.547,257.547,3031
2022-03-03 10:40:00,257.805,258.103,257.776,257.786,6429
2022-03-03 10:45:00,257.845,258.044,257.438,257.438,9086
2022-03-03 10:50:00,257.508,257.716,256.763,256.942,13164
2022-03-03 10:55:00,256.709,257.021,256.336,256.391,14159
2022-03-03 11:00:00,256.346,256.396,255.74,255.859,21560
2022-03-03 11:05:00,255.75,255.82,255.224,255.353,15369
2022-03-03 11:10:00,255.472,255.542,255.105,255.443,25471
2022-03-03 11:15:00,255.353,255.373,254.589,254.748,19358
2022-03-03 11:20:00,254.638,254.986,254.37,254.916,10655
2022-03-03 11:25:00,255.115,256.009,255.115,255.87,9489
2022-03-03 11:30:00,255.984,256.326,255.8,255.964,10048
2022-03-03 11:35:00,255.909,256.177,255.889,256.098,10634
2022-03-03 11:40:00,256.143,256.505,255.979,256.212,16324
2022-03-03 11:45:00,256.356,256.594,256.187,256.475,6620
2022-03-03 11:50:00,256.396,256.996,256.286,256.366,9363
2022-03-03 11:55:00,256.366,256.416,256.207,256.277,4084
2022-03-03 12:00:00,256.207,256.793,255.83,256.584,8849
2022-03-03 12:05:00,256.43,256.674,256.366,256.564,4520
2022-03-03 12:10:00,256.535,256.574,256.068,256.386,3862
2022-03-03 12:15:00,256.386,256.743,256.217,256.468,6950
2022-03-03 12:20:00,256.564,256.763,256.455,256.455,3803
2022-03-03 12:25:00,256.664,256.674,256.311,256.311,7014
2022-03-03 12:30:00,256.286,256.286,255.989,256.207,6913
2022-03-03 12:35:00,256.207,257.934,256.128,257.567,11968
2022-03-03 12:40:00,257.577,257.736,257.23,257.23,9520
2022-03-03 12:45:00,257.319,257.508,257.061,257.309,6202
2022-03-03 12:50:00,257.259,257.259,256.833,256.971,6369
2022-03-03 12:55:00,256.947,257.14,256.852,256.981,4924
2022-03-03 13:00:00,256.986,257.349,256.952,257.041,4696
2022-03-03 13:05:00,257.031,257.448,256.912,257.259,6549
2022-03-03 13:10:00,257.259,257.527,256.971,257.001,4489
2022-03-03 13:15:00,256.981,257.137,256.952,257.066,4426
2022-03-03 13:20:00,257.289,257.438,257.12,257.438,3733
2022-03-03 13:25:00,257.527,257.637,257.21,257.637,5034
2022-03-03 13:30:00,257.637,257.647,257.249,257.557,7433
2022-03-03 13:35:00,257.478,257.478,256.733,257.19,7716
2022-03-03 13:40:00,257.279,257.488,257.279,257.408,3191
2022-03-03 13:45:00,257.339,257.339,257.13,257.23,3420
2022-03-03 13:50:00,257.259,257.694,257.259,257.557,8068
2022-03-03 13:55:00,257.756,257.77,257.468,257.468,4391
2022-03-03 14:00:00,257.547,257.59,256.971,257.21,7761
2022-03-03 14:05:00,257.21,257.508,257.091,257.19,5782
2022-03-03 14:10:00,257.214,257.392,257.091,257.23,6062
2022-03-03 14:15:00,257.24,258.123,257.14,258.04,7861
2022-03-03 14:20:00,257.974,258.064,257.637,258.004,7409
2022-03-03 14:25:00,257.825,258.034,257.676,257.676,5354
2022-03-03 14:30:00,257.726,258.103,257.681,258.103,9447
2022-03-03 14:35:00,258.004,258.014,257.686,257.805,8804
2022-03-03 14:40:00,257.915,257.944,257.696,257.736,5064
2022-03-03 14:45:00,257.915,258.123,257.716,257.786,10391
2022-03-03 14:50:00,257.885,257.905,257.329,257.428,7671
2022-03-03 14:55:00,257.398,257.428,256.892,256.932,5617
2022-03-03 15:00:00,256.962,257.13,256.723,256.897,10205
2022-03-03 15:05:00,256.917,256.917,256.396,256.396,7620
2022-03-03 15:10:00,256.485,256.728,256.21,256.396,10160
2022-03-03 15:15:00,256.435,256.739,256.435,256.674,9834
2022-03-03 15:20:00,256.525,256.807,256.277,256.594,15521
2022-03-03 15:25:00,256.584,256.584,256.217,256.435,8522
2022-03-03 15:30:00,256.525,256.981,256.525,256.902,9572
2022-03-03 15:35:00,256.852,256.922,256.078,256.207,10645
2022-03-03 15:40:00,256.217,256.316,255.81,256.247,14888
2022-03-03 15:45:00,256.227,256.247,255.532,255.532,14817
2022-03-03 15:50:00,255.542,255.86,255.363,255.636,19537
2022-03-03 15:55:00,255.701,256.286,255.538,255.939,36230
2022-03-03 16:00:00,255.889,256.396,255.543,256.346,78121
2022-03-03 16:05:00,256.177,256.177,256.177,256.177,12218
2022-03-03 16:35:00,256.177,256.177,256.177,256.177,1957
2022-03-04 09:35:00,253.616,256.197,252.196,253.834,48076
2022-03-04 09:40:00,253.839,255.036,253.527,254.087,15116
2022-03-04 09:45:00,254.053,254.375,253.675,254.068,11873
2022-03-04 09:50:00,254.152,254.311,253.675,253.765,19998
2022-03-04 09:55:00,253.71,254.867,253.705,254.43,17735
2022-03-04 10:00:00,254.36,255.294,254.351,255.294,13392
2022-03-04 10:05:00,254.966,255.036,254.271,254.286,19310
2022-03-04 10:10:00,253.953,254.033,253.462,253.536,13589
2022-03-04 10:15:00,253.527,253.785,253.378,253.517,18764
2022-03-04 10:20:00,253.566,253.755,253.298,253.378,16336
2022-03-04 10:25:00,253.527,253.656,253.457,253.576,8488
2022-03-04 10:30:00,253.427,253.596,252.985,253.02,9553
2022-03-04 10:35:00,253.199,253.229,252.623,252.653,9410
2022-03-04 10:40:00,252.464,252.901,252.305,252.787,22272
2022-03-04 10:45:00,252.534,252.544,251.779,251.903,20093
2022-03-04 10:50:00,251.839,252.236,251.69,252.052,12248
2022-03-04 10:55:00,252.196,252.742,252.196,252.335,8167
2022-03-04 11:00:00,252.246,252.395,251.809,251.809,13161
2022-03-04 11:05:00,251.874,252.345,251.824,252.107,21434
2022-03-04 11:10:00,252.142,253.273,252.008,253.159,31630
2022-03-04 11:15:00,253.11,253.71,253.03,253.159,23721
2022-03-04 11:20:00,253.11,253.487,252.891,253.383,18348
2022-03-04 11:25:00,253.388,253.492,252.891,253.199,8374
2022-03-04 11:30:00,253.139,253.239,252.663,252.673,12528
2022-03-04 11:35:00,252.817,252.961,252.415,252.762,17114
2022-03-04 11:40:00,252.688,253.447,252.305,253.447,15169
2022-03-04 11:45:00,253.328,253.884,253.328,253.73,13902
2022-03-04 11:50:00,253.705,254.122,253.666,253.79,15610
2022-03-04 11:55:00,253.914,254.132,253.715,254.073,10178
2022-03-04 12:00:00,254.097,254.212,253.785,253.785,10974
2022-03-04 12:05:00,253.785,254.321,253.606,254.246,23641
2022-03-04 12:10:00,254.321,254.46,253.924,254.46,6372
2022-03-04 12:15:00,254.643,255.343,254.46,255.239,16687
2022-03-04 12:20:00,255.244,255.8,254.782,254.782,24725
2022-03-04 12:25:00,254.877,255.631,254.748,255.224,14327
2022-03-04 12:30:00,255.065,255.487,254.956,255.403,10074
2022-03-04 12:35:00,255.095,255.314,254.999,255.075,12039
2022-03-04 12:40:00,255.16,255.304,254.857,254.996,10192
2022-03-04 12:45:00,255.065,255.115,254.792,255.041,12524
2022-03-04 12:50:00,254.961,255.284,254.926,255.11,7369
2022-03-04 12:55:00,255.204,255.482,255.026,255.328,9975
2022-03-04 13:00:00,255.393,256.138,255.393,255.87,15448
2022-03-04 13:05:00,256.033,256.286,255.621,255.879,7456
2022-03-04 13:10:00,255.969,255.989,255.661,255.86,8632
2022-03-04 13:15:00,255.969,255.969,255.175,255.175,6417
2022-03-04 13:20:00,255.14,255.448,254.777,254.907,10117
2022-03-04 13:25:00,255.046,255.254,254.837,254.986,6900
2022-03-04 13:30:00,254.758,255.155,254.758,255.026,9603
2022-03-04 13:35:00,254.956,255.453,254.946,255.433,9511
2022-03-04 13:40:00,255.403,255.592,255.254,255.413,10164
2022-03-04 13:45:00,255.323,255.373,254.817,254.946,9103
2022-03-04 13:50:00,254.986,255.095,254.748,254.956,13687
2022-03-04 13:55:00,255.125,255.224,254.976,254.986,4290
2022-03-04 14:00:00,255.085,255.103,254.48,254.708,10147
2022-03-04 14:05:00,254.768,254.926,254.331,254.609,16358
2022-03-04 14:10:00,254.519,254.797,254.37,254.758,12858
2022-03-04 14:15:00,254.619,254.698,254.291,254.326,8674
2022-03-04 14:20:00,254.4,254.807,254.202,254.807,14917
2022-03-04 14:25:00,254.748,255.81,254.748,255.81,9717
2022-03-04 14:30:00,255.651,255.919,255.224,255.224,8257
2022-03-04 14:35:00,255.383,255.661,255.234,255.413,17266
2022-03-04 14:40:00,255.512,255.85,255.363,255.85,16002
2022-03-04 14:45:00,255.82,255.919,255.284,255.403,19738
2022-03-04 14:50:00,255.234,255.631,255.214,255.284,18523
2022-03-04 14:55:00,255.314,255.472,254.633,254.842,25222
2022-03-04 15:00:00,254.897,255.224,254.37,254.519,24481
2022-03-04 15:05:00,254.624,255.233,254.559,254.897,19624
2022-03-04 15:10:00,254.887,255.145,254.842,254.956,11478
2022-03-04 15:15:00,255.135,255.274,254.629,254.629,11343
2022-03-04 15:20:00,254.758,255.135,254.668,254.772,9931
2022-03-04 15:25:00,254.723,254.986,254.624,254.887,15967
2022-03-04 15:30:00,254.887,255.512,254.847,255.105,25704
2022-03-04 15:35:00,255.135,255.284,254.827,255.184,20524
2022-03-04 15:40:00,255.323,255.323,254.569,254.787,25239
2022-03-04 15:45:00,254.777,255.075,254.648,254.797,23113
2022-03-04 15:50:00,254.718,255.398,254.698,254.959,38376
2022-03-04 15:55:00,255.075,256.088,254.887,256.088,54197
2022-03-04 16:00:00,255.979,256.882,255.919,256.555,198145
2022-03-04 16:05:00,256.624,256.624,256.624,256.624,13359
2022-03-07 09:30:00,256.138,256.138,256.138,256.138,1552
2022-03-07 09:35:00,255.592,256.634,255.423,255.731,59001
2022-03-07 09:40:00,255.716,255.716,254.867,255.348,30316
2022-03-07 09:45:00,255.621,255.711,254.837,255.41,19270
2022-03-07 09:50:00,255.562,255.701,254.738,254.897,26588
2022-03-07 09:55:00,254.902,255.621,254.817,255.577,21552
2022-03-07 10:00:00,255.517,256.386,254.777,254.777,33899
2022-03-07 10:05:00,254.38,254.758,253.934,253.934,35185
2022-03-07 10:10:00,253.745,253.745,252.583,252.583,34291
2022-03-07 10:15:00,252.693,252.693,251.059,251.203,15815
2022-03-07 10:20:00,251.223,251.452,250.925,251.303,83063
2022-03-07 10:25:00,251.104,251.104,249.724,249.814,66985
2022-03-07 10:30:00,249.804,249.809,249.039,249.184,74435
2022-03-07 10:35:00,249.287,249.446,248.99,249.372,29424
2022-03-07 10:40:00,249.377,249.818,248.86,248.975,9925
2022-03-07 10:45:00,248.86,248.86,247.937,248.215,51969
2022-03-07 10:50:00,248.235,248.235,247.749,247.888,17006
2022-03-07 10:55:00,247.962,248.414,247.868,248.27,16324
2022-03-07 11:00:00,248.226,248.771,247.907,248.523,19083
2022-03-07 11:05:00,248.533,248.662,248.126,248.166,12881
2022-03-07 11:10:00,248.344,248.731,248.344,248.672,10458
2022-03-07 11:15:00,248.622,248.637,247.902,247.967,21149
2022-03-07 11:20:00,248.195,248.195,247.709,247.768,13091
2022-03-07 11:25:00,247.888,247.888,247.054,247.054,17603
2022-03-07 11:30:00,247.064,247.111,245.624,245.981,17691
2022-03-07 11:35:00,245.981,245.981,244.497,244.587,28089
2022-03-07 11:40:00,244.691,244.721,243.812,243.877,29694
2022-03-07 11:45:00,243.827,244.909,243.817,244.343,18647
2022-03-07 11:50:00,244.363,245.306,244.254,244.939,9889
2022-03-07 11:55:00,244.8,244.854,244.244,244.244,11281
2022-03-07 12:00:00,244.289,244.641,244.2,244.611,16555
2022-03-07 12:05:00,244.626,245.182,244.626,244.909,16779
2022-03-07 12:10:00,244.929,245.098,244.8,245.0,9162
2022-03-07 12:15:00,245.018,245.326,244.79,245.281,15047
2022-03-07 12:20:00,245.326,245.525,244.83,244.899,10915
2022-03-07 12:25:00,244.929,245.128,244.711,244.711,12473
2022-03-07 12:30:00,244.582,244.81,244.175,244.502,14793
2022-03-07 12:35:00,244.423,245.167,244.423,245.078,11747
2022-03-07 12:40:00,245.118,245.118,244.651,244.939,15155
2022-03-07 12:45:00,244.979,245.267,244.641,244.651,12253
2022-03-07 12:50:00,244.696,245.187,244.696,245.177,11412
2022-03-07 12:55:00,245.073,245.634,244.462,244.572,12759
2022-03-07 13:00:00,244.537,244.537,244.095,244.279,13520
2022-03-07 13:05:00,244.314,244.603,244.145,244.194,15458
2022-03-07 13:10:00,244.244,244.532,244.115,244.12,19343
2022-03-07 13:15:00,244.12,244.378,243.887,244.065,25509
2022-03-07 13:20:00,244.135,244.745,243.916,244.547,22828
2022-03-07 13:25:00,244.661,245.366,244.462,245.237,10492
2022-03-07 13:30:00,245.192,246.011,245.192,245.823,10306
2022-03-07 13:35:00,245.862,246.309,245.862,246.091,16814
2022-03-07 13:40:00,246.11,246.289,245.788,246.19,21243
2022-03-07 13:45:00,246.12,246.527,245.832,245.962,20743
2022-03-07 13:50:00,245.922,245.967,245.306,245.306,11095
2022-03-07 13:55:00,245.201,245.346,244.691,244.721,9976
2022-03-07 14:00:00,244.81,245.177,244.716,244.949,20645
2022-03-07 14:05:00,244.939,245.584,244.939,244.969,12064
2022-03-07 14:10:00,244.969,245.306,244.8,245.306,14937
2022-03-07 14:15:00,245.396,245.614,245.128,245.128,20676
2022-03-07 14:20:00,245.128,245.589,245.048,245.133,13956
2022-03-07 14:25:00,245.118,245.118,244.701,244.909,18175
2022-03-07 14:30:00,244.929,245.336,244.879,245.143,21428
2022-03-07 14:35:00,244.919,244.919,244.026,244.026,23651
2022-03-07 14:40:00,244.055,244.244,243.568,243.728,21996
2022-03-07 14:45:00,243.857,243.857,242.729,242.729,40353
2022-03-07 14:50:00,242.814,243.142,242.814,242.973,17231
2022-03-07 14:55:00,243.073,243.246,242.636,242.904,49979
2022-03-07 15:00:00,242.904,243.817,242.904,243.499,82433
2022-03-07 15:05:00,243.341,243.648,242.973,243.132,26550
2022-03-07 15:10:00,243.087,243.212,242.735,242.79,20440
2022-03-07 15:15:00,242.745,242.854,242.174,242.432,44671
2022-03-07 15:20:00,242.358,242.755,242.328,242.656,20775
2022-03-07 15:25:00,242.566,242.943,242.566,242.69,19254
2022-03-07 15:30:00,242.725,243.023,242.636,242.884,29809
2022-03-07 15:35:00,242.834,242.834,242.407,242.432,18145
2022-03-07 15:40:00,242.517,242.527,242.139,242.204,28995
2022-03-07 15:45:00,242.08,242.725,241.921,242.705,35317
2022-03-07 15:50:00,242.586,242.656,242.01,242.07,38577
2022-03-07 15:55:00,241.911,242.467,241.494,241.544,47180
2022-03-07 16:00:00,241.494,242.04,241.147,241.147,135418
2022-03-07 16:05:00,241.196,241.196,241.196,241.196,16657
2022-03-07 16:10:00,242.169,242.169,241.196,241.196,10478
2022-03-07 17:20:00,241.196,241.196,241.196,241.196,582
2022-03-08 09:35:00,240.7,241.027,239.35,239.588,38635
2022-03-08 09:40:00,239.866,240.233,237.662,237.677,43340
2022-03-08 09:45:00,237.672,237.801,236.282,237.324,80229
2022-03-08 09:50:00,237.553,237.632,236.282,237.622,31116
2022-03-08 09:55:00,237.526,237.99,236.044,236.044,49056
2022-03-08 10:00:00,236.302,236.734,236.073,236.704,47577
2022-03-08 10:05:00,236.59,236.639,235.16,235.294,31645
2022-03-08 10:10:00,235.17,235.309,234.495,234.847,36550
2022-03-08 10:15:00,234.852,236.421,234.634,236.421,33058
2022-03-08 10:20:00,236.758,238.009,236.575,238.009,16044
2022-03-08 10:25:00,238.268,238.804,238.039,238.089,15775
2022-03-08 10:30:00,237.849,238.416,237.563,238.198,20207
2022-03-08 10:35:00,238.342,238.595,237.811,237.95,14143
2022-03-08 10:40:00,237.999,238.744,237.91,238.64,11482
2022-03-08 10:45:00,238.804,239.36,238.804,239.126,13165
2022-03-08 10:50:00,239.265,239.747,239.131,239.598,17013
2022-03-08 10:55:00,239.691,240.263,239.012,239.924,13686
2022-03-08 11:00:00,240.134,240.948,240.084,240.794,19424
2022-03-08 11:05:00,240.938,240.938,240.436,240.849,14040
2022-03-08 11:10:00,240.913,240.913,239.836,240.72,15064
2022-03-08 11:15:00,240.759,240.759,240.303,240.342,10712
2022-03-08 11:20:00,240.406,240.406,239.687,240.055,12394
2022-03-08 11:25:00,239.985,239.985,238.843,238.843,17795
2022-03-08 11:30:00,239.082,239.101,238.138,238.565,24424
2022-03-08 11:35:00,238.268,238.466,237.429,237.975,17415
2022-03-08 11:40:00,237.994,237.999,237.394,237.771,15318
2022-03-08 11:45:00,237.801,238.258,237.592,238.258,14790
2022-03-08 11:50:00,238.258,238.729,238.178,238.178,19938
2022-03-08 11:55:00,238.188,239.26,237.87,239.26,11021
2022-03-08 12:00:00,239.439,239.732,239.23,239.29,12547
2022-03-08 12:05:00,239.732,240.045,239.667,239.916,11210
2022-03-08 12:10:00,239.975,240.432,239.925,240.169,17928
2022-03-08 12:15:00,240.243,240.471,239.886,240.328,53980
2022-03-08 12:20:00,240.328,241.385,240.318,241.189,27975
2022-03-08 12:25:00,241.325,241.385,240.601,240.64,31462
2022-03-08 12:30:00,240.64,241.415,239.916,241.276,30313
2022-03-08 12:35:00,241.345,242.636,241.097,242.636,20575
2022-03-08 12:40:00,242.725,243.231,242.487,242.953,45273
2022-03-08 12:45:00,242.735,243.599,242.507,243.599,16450
2022-03-08 12:50:00,243.42,243.629,243.102,243.629,17319
2022-03-08 12:55:00,243.261,244.522,243.132,244.502,14141
2022-03-08 13:00:00,244.562,245.098,244.383,244.999,20293
2022-03-08 13:05:00,245.073,246.16,245.073,246.16,26303
2022-03-08 13:10:00,246.061,246.289,245.723,245.942,34376
2022-03-08 13:15:00,245.788,245.952,244.81,244.81,18559
2022-03-08 13:20:00,244.899,244.919,244.204,244.884,18542
2022-03-08 13:25:00,244.76,244.869,243.926,244.264,20049
2022-03-08 13:30:00,244.065,244.244,242.78,242.829,14189
2022-03-08 13:35:00,242.829,242.829,241.951,242.015,12952
2022-03-08 13:40:00,242.025,242.131,241.335,241.549,12685
2022-03-08 13:45:00,241.544,241.673,240.134,240.288,29130
2022-03-08 13:50:00,240.392,241.027,240.193,240.362,25647
2022-03-08 13:55:00,240.243,240.491,239.806,240.166,18180
2022-03-08 14:00:00,239.99,240.094,239.26,239.528,17828
2022-03-08 14:05:00,239.32,239.429,238.496,238.734,18283
2022-03-08 14:10:00,238.545,239.489,238.536,239.092,15708
2022-03-08 14:15:00,238.859,239.24,238.178,239.211,46956
2022-03-08 14:20:00,239.26,239.896,239.002,239.717,16945
2022-03-08 14:25:00,239.697,240.686,239.459,240.491,19186
2022-03-08 14:30:00,240.342,241.653,240.005,241.402,18057
2022-03-08 14:35:00,241.603,241.613,240.874,241.003,23112
2022-03-08 14:40:00,240.928,241.544,240.918,241.196,10313
2022-03-08 14:45:00,241.385,241.484,240.948,241.41,11390
2022-03-08 14:50:00,241.593,242.328,241.593,242.159,12264
2022-03-08 14:55:00,242.219,242.318,241.564,241.564,11018
2022-03-08 15:00:00,241.643,241.901,241.256,241.673,16172
2022-03-08 15:05:00,241.653,242.566,241.415,242.437,14498
2022-03-08 15:10:00,242.323,242.325,241.861,242.05,10164
2022-03-08 15:15:00,242.139,242.139,241.027,241.525,16654
2022-03-08 15:20:00,241.519,241.519,240.888,241.161,13976
2022-03-08 15:25:00,241.137,241.494,240.71,241.494,16951
2022-03-08 15:30:00,241.176,241.286,239.707,239.866,23808
2022-03-08 15:35:00,239.876,239.945,238.962,239.226,34804
2022-03-08 15:40:00,238.982,240.084,238.815,240.005,22888
2022-03-08 15:45:00,240.055,240.189,238.764,238.764,28397
2022-03-08 15:50:00,238.893,239.161,238.347,238.531,33913
2022-03-08 15:55:00,238.436,239.538,238.436,238.585,39549
2022-03-08 16:00:00,238.565,238.575,237.741,238.119,109295
2022-03-08 16:05:00,238.119,238.119,238.119,238.119,29905
2022-03-08 16:10:00,238.119,238.119,238.119,238.119,9941
2022-03-08 16:35:00,238.119,238.119,238.119,238.119,11288
2022-03-09 06:55:00,237.97,237.97,237.97,237.97,860
2022-03-09 07:05:00,237.175,237.175,237.175,237.175,350
2022-03-09 08:05:00,237.275,239.26,237.275,239.26,235
2022-03-09 09:30:00,239.806,239.806,239.806,239.806,439
2022-03-09 09:35:00,240.233,241.693,239.26,239.618,79757
2022-03-09 09:40:00,239.836,239.985,236.719,237.215,44965
2022-03-09 09:45:00,237.121,239.876,236.987,239.101,60008
2022-03-09 09:50:00,238.9,240.531,238.754,239.925,26055
2022-03-09 09:55:00,239.856,239.92,237.791,237.791,21322
2022-03-09 10:00:00,237.612,238.292,237.329,238.158,34832
2022-03-09 10:05:00,238.178,238.208,236.585,236.607,54561
2022-03-09 10:10:00,236.793,237.359,236.292,237.359,32232
2022-03-09 10:15:00,237.463,237.731,237.175,237.578,44479
2022-03-09 10:20:00,237.694,238.774,237.503,238.079,23215
2022-03-09 10:25:00,238.153,238.536,238.024,238.536,34754
2022-03-09 10:30:00,238.565,238.843,238.049,238.714,12121
2022-03-09 10:35:00,238.992,240.05,238.585,239.906,18346
2022-03-09 10:40:00,239.925,240.921,239.916,240.921,21417
2022-03-09 10:45:00,241.008,241.216,240.63,240.799,23415
2022-03-09 10:50:00,240.68,241.425,240.63,241.415,12665
2022-03-09 10:55:00,241.444,241.772,240.683,240.938,47870
2022-03-09 11:00:00,241.166,241.815,240.958,241.315,18867
2022-03-09 11:05:00,241.444,241.707,240.769,241.067,27375
2022-03-09 11:10:00,241.057,241.355,240.432,240.432,19643
2022-03-09 11:15:00,240.476,240.601,239.801,239.896,21374
2022-03-09 11:20:00,239.916,239.916,239.439,239.449,13309
2022-03-09 11:25:00,239.439,239.459,238.992,239.365,15926
2022-03-09 11:30:00,239.34,239.518,239.052,239.052,12653
2022-03-09 11:35:00,239.012,240.491,238.962,240.273,9625
2022-03-09 11:40:00,240.179,240.557,240.179,240.484,7797
2022-03-09 11:45:00,240.571,240.829,240.452,240.591,11276
2022-03-09 11:50:00,240.462,240.481,239.975,239.975,9049
2022-03-09 11:55:00,239.965,239.965,239.29,239.945,17252
2022-03-09 12:00:00,240.025,240.164,239.508,240.035,11850
2022-03-09 12:05:00,239.935,240.382,239.784,239.891,9932
2022-03-09 12:10:00,239.935,239.935,239.33,239.449,10379
2022-03-09 12:15:00,239.553,240.362,239.29,240.228,10220
2022-03-09 12:20:00,240.332,240.551,240.124,240.551,8119
2022-03-09 12:25:00,240.491,240.491,239.866,240.469,12933
2022-03-09 12:30:00,240.372,240.388,240.104,240.139,10870
2022-03-09 12:35:00,240.124,240.273,239.826,240.189,14971
2022-03-09 12:40:00,240.184,241.226,240.184,241.077,11636
2022-03-09 12:45:00,241.181,241.4,241.117,241.36,14522
2022-03-09 12:50:00,241.33,241.355,240.685,241.315,24567
2022-03-09 12:55:00,241.107,241.812,241.107,241.489,11129
2022-03-09 13:00:00,241.519,242.229,241.519,242.0,10740
2022-03-09 13:05:00,241.99,242.0,241.246,241.246,17221
2022-03-09 13:10:00,241.295,241.395,241.082,241.335,10174
2022-03-09 13:15:00,241.353,241.76,241.315,241.474,11076
2022-03-09 13:20:00,241.653,241.772,241.38,241.767,14108
2022-03-09 13:25:00,241.832,242.338,241.807,242.303,13090
2022-03-09 13:30:00,242.368,242.417,242.1,242.232,7312
2022-03-09 13:35:00,242.1,242.566,242.07,242.368,16405
2022-03-09 13:40:00,242.487,242.755,242.427,242.666,11458
2022-03-09 13:45:00,242.656,242.715,242.189,242.229,15182
2022-03-09 13:50:00,242.194,242.194,241.664,241.802,11908
2022-03-09 13:55:00,241.727,241.851,241.464,241.494,23717
2022-03-09 14:00:00,241.464,241.643,241.434,241.494,8245
2022-03-09 14:05:00,241.504,242.477,241.494,242.477,10908
2022-03-09 14:10:00,242.457,242.497,242.055,242.055,11168
2022-03-09 14:15:00,242.129,242.239,241.712,242.189,9839
2022-03-09 14:20:00,242.249,242.368,241.977,242.05,12163
2022-03-09 14:25:00,241.941,242.338,241.931,242.055,10372
2022-03-09 14:30:00,241.99,242.119,241.454,241.561,8967
2022-03-09 14:35:00,241.55,242.318,241.55,242.278,11296
2022-03-09 14:40:00,242.427,242.616,242.308,242.477,6360
2022-03-09 14:45:00,242.558,242.775,242.432,242.546,9725
2022-03-09 14:50:00,242.571,242.695,242.09,242.258,4898
2022-03-09 14:55:00,242.278,242.338,241.653,241.653,8133
2022-03-09 15:00:00,241.712,241.931,241.583,241.583,7192
2022-03-09 15:05:00,241.608,241.752,241.484,241.752,7907
2022-03-09 15:10:00,241.772,242.318,241.756,242.258,8970
2022-03-09 15:15:00,242.239,242.447,242.1,242.298,10308
2022-03-09 15:20:00,242.338,242.457,241.822,242.131,10899
2022-03-09 15:25:00,242.1,242.308,242.0,242.075,31504
2022-03-09 15:30:00,241.971,242.01,241.762,241.851,11684
2022-03-09 15:35:00,241.981,242.268,241.921,242.09,22938
2022-03-09 15:40:00,242.02,242.07,241.425,241.474,16154
2022-03-09 15:45:00,241.415,241.752,241.305,241.385,14751
2022-03-09 15:50:00,241.375,241.603,240.779,240.869,33261
2022-03-09 15:55:00,240.898,241.107,240.134,240.536,56012
2022-03-09 16:00:00,240.501,240.501,239.757,240.015,125974
2022-03-09 16:05:00,239.965,239.965,239.965,239.965,6820
2022-03-09 16:10:00,239.965,239.965,239.965,239.965,1271
2022-03-09 16:15:00,239.965,239.965,239.965,239.965,5540
2022-03-09 16:35:00,239.965,239.965,239.965,239.965,155
2022-03-10 09:35:00,236.659,237.712,236.659,237.235,19677
2022-03-10 09:40:00,236.967,237.374,234.912,234.971,13216
2022-03-10 09:45:00,235.011,235.835,235.011,235.299,12819
2022-03-10 09:50:00,235.438,235.578,234.545,234.823,16383
2022-03-10 09:55:00,234.823,236.659,234.674,235.547,62688
2022-03-10 10:00:00,235.463,236.788,235.463,236.466,8296
2022-03-10 10:05:00,236.58,236.59,235.944,236.332,9677
2022-03-10 10:10:00,236.505,236.972,236.292,236.342,15986
2022-03-10 10:15:00,236.411,237.225,236.411,237.225,8483
2022-03-10 10:20:00,236.917,237.443,236.808,237.443,7716
2022-03-10 10:25:00,237.697,237.697,236.639,236.699,15953
2022-03-10 10:30:00,237.027,237.244,236.381,236.689,9156
2022-03-10 10:35:00,236.649,236.749,235.271,235.271,12432
2022-03-10 10:40:00,235.428,236.073,235.299,236.073,16812
2022-03-10 10:45:00,236.078,236.59,235.974,236.252,7353
2022-03-10 10:50:00,236.471,236.868,236.312,236.699,7503
2022-03-10 10:55:00,236.739,236.897,236.332,236.49,13342
2022-03-10 11:00:00,236.49,236.798,236.044,236.103,16872
2022-03-10 11:05:00,236.098,236.361,235.776,235.905,25522
2022-03-10 11:10:00,235.964,236.51,235.964,236.327,12813
2022-03-10 11:15:00,236.292,236.441,235.925,235.944,14218
2022-03-10 11:20:00,235.845,236.232,235.686,236.093,10772
2022-03-10 11:25:00,236.064,236.103,235.577,235.726,13401
2022-03-10 11:30:00,235.666,235.81,235.104,235.319,12974
2022-03-10 11:35:00,235.259,235.527,235.17,235.279,21440
2022-03-10 11:40:00,235.081,235.299,234.991,235.13,19643
2022-03-10 11:45:00,235.16,235.398,235.051,235.398,16091
2022-03-10 11:50:00,235.403,235.403,234.753,234.852,8146
2022-03-10 11:55:00,234.912,235.14,234.703,235.046,13377
2022-03-10 12:00:00,235.061,235.547,235.061,235.547,4544
2022-03-10 12:05:00,235.786,235.905,235.746,235.795,4569
2022-03-10 12:10:00,235.835,235.934,235.428,235.498,5241
2022-03-10 12:15:00,235.547,235.696,235.319,235.448,5566
2022-03-10 12:20:00,235.418,235.488,235.2,235.421,8562
2022-03-10 12:25:00,235.405,235.567,235.249,235.498,8597
2022-03-10 12:30:00,235.488,235.577,235.314,235.503,11912
2022-03-10 12:35:00,235.478,235.478,235.001,235.014,5766
2022-03-10 12:40:00,234.906,234.906,234.316,234.455,13323
2022-03-10 12:45:00,234.47,234.47,234.147,234.455,13955
2022-03-10 12:50:00,234.396,234.733,234.227,234.713,8304
2022-03-10 12:55:00,234.753,234.823,234.535,234.578,5567
2022-03-10 13:00:00,234.525,234.793,234.455,234.703,7768
2022-03-10 13:05:00,234.684,234.713,234.406,234.406,8546
2022-03-10 13:10:00,234.336,234.589,234.336,234.574,8237
2022-03-10 13:15:00,234.535,234.753,234.465,234.545,12067
2022-03-10 13:20:00,234.594,235.011,234.535,234.952,7261
2022-03-10 13:25:00,234.942,235.059,234.376,234.475,16599
2022-03-10 13:30:00,234.425,234.594,234.167,234.594,17536
2022-03-10 13:35:00,234.594,234.693,234.197,234.513,22652
2022-03-10 13:40:00,234.495,234.971,234.376,234.564,36172
2022-03-10 13:45:00,234.574,234.892,234.525,234.793,18178
2022-03-10 13:50:00,234.842,235.508,234.713,235.508,21063
2022-03-10 13:55:00,235.498,235.617,235.103,235.103,10431
2022-03-10 14:00:00,235.15,235.269,234.703,234.708,30264
2022-03-10 14:05:00,234.713,235.398,234.316,235.369,36514
2022-03-10 14:10:00,235.478,235.954,235.18,235.359,32951
2022-03-10 14:15:00,235.438,235.587,235.269,235.498,8380
2022-03-10 14:20:00,235.498,235.587,235.309,235.418,23609
2022-03-10 14:25:00,235.508,235.513,235.249,235.279,13223
2022-03-10 14:30:00,235.359,235.706,235.289,235.498,10327
2022-03-10 14:35:00,235.627,235.637,235.081,235.19,22274
2022-03-10 14:40:00,235.249,235.488,234.962,235.006,19096
2022-03-10 14:45:00,234.997,235.259,234.922,235.021,17542
2022-03-10 14:50:00,234.952,235.527,234.942,235.472,12045
2022-03-10 14:55:00,235.408,235.577,235.12,235.146,22557
2022-03-10 15:00:00,235.289,235.41,235.16,235.18,20490
2022-03-10 15:05:00,235.269,235.428,235.14,235.18,11889
2022-03-10 15:10:00,235.204,235.324,234.922,235.135,8814
2022-03-10 15:15:00,235.101,235.22,235.021,235.14,10483
2022-03-10 15:20:00,235.14,235.145,234.693,234.773,13443
2022-03-10 15:25:00,234.793,234.912,234.202,234.396,10050
2022-03-10 15:30:00,234.401,234.852,234.401,234.852,11210
2022-03-10 15:35:00,234.922,235.115,234.723,234.962,11625
2022-03-10 15:40:00,234.937,235.24,234.823,235.24,19727
2022-03-10 15:45:00,235.289,235.567,235.11,235.388,28915
2022-03-10 15:50:00,235.339,235.706,235.041,235.408,69978
2022-03-10 15:55:00,235.671,236.282,235.577,236.183,66080
2022-03-10 16:00:00,236.203,236.292,235.815,235.835,201389
2022-03-10 16:05:00,235.835,235.835,235.835,235.835,33804
2022-03-10 16:15:00,235.835,235.835,235.835,235.835,1049
2022-03-10 16:35:00,235.835,235.835,235.835,235.835,155
2022-03-11 09:30:00,236.302,236.302,236.292,236.292,360
2022-03-11 09:35:00,236.292,237.2,235.944,236.694,22210
2022-03-11 09:40:00,237.141,237.404,236.629,236.843,9540
2022-03-11 09:45:00,236.709,236.709,236.133,236.143,14702
2022-03-11 09:50:00,236.054,236.232,235.756,236.193,14412
2022-03-11 09:55:00,236.232,236.58,236.171,236.58,15750
2022-03-11 10:00:00,236.431,236.883,236.183,236.768,17235
2022-03-11 10:05:00,236.739,236.902,236.014,236.277,28945
2022-03-11 10:10:00,236.217,236.823,236.203,236.381,13845
2022-03-11 10:15:00,236.332,236.823,236.332,236.56,14651
2022-03-11 10:20:00,236.441,236.674,236.202,236.49,8900
2022-03-11 10:25:00,236.401,236.401,235.398,235.9,19011
2022-03-11 10:30:00,235.92,236.826,235.92,236.322,9743
2022-03-11 10:35:00,236.381,236.381,235.746,236.004,7677
2022-03-11 10:40:00,236.064,236.342,235.934,235.934,6064
2022-03-11 10:45:00,236.004,236.351,236.004,236.262,5878
2022-03-11 10:50:00,236.183,236.471,235.994,236.133,9624
2022-03-11 10:55:00,236.113,236.5,235.746,236.5,10061
2022-03-11 11:00:00,236.495,236.892,236.322,236.892,9052
2022-03-11 11:05:00,236.719,236.768,236.391,236.61,9451
2022-03-11 11:10:00,236.639,236.719,236.351,236.351,7280
2022-03-11 11:15:00,236.277,236.302,235.676,235.895,18962
2022-03-11 11:20:00,235.895,235.974,235.458,235.706,19308
2022-03-11 11:25:00,235.805,236.615,235.666,236.128,30623
2022-03-11 11:30:00,236.158,236.312,236.093,236.128,6588
2022-03-11 11:35:00,236.183,236.183,235.756,235.756,5726
2022-03-11 11:40:00,235.716,236.143,235.666,236.073,12614
2022-03-11 11:45:00,236.133,236.361,235.557,236.024,16926
2022-03-11 11:50:00,236.103,236.51,235.915,236.51,6676
2022-03-11 11:55:00,236.411,236.431,235.994,236.312,8308
2022-03-11 12:00:00,236.302,237.076,236.302,236.947,14121
2022-03-11 12:05:00,236.967,237.086,236.51,237.076,17206
2022-03-11 12:10:00,237.086,237.245,236.203,236.203,9889
2022-03-11 12:15:00,236.262,236.758,236.262,236.689,8502
2022-03-11 12:20:00,236.798,236.956,236.535,236.838,11725
2022-03-11 12:25:00,236.838,236.907,236.356,236.381,9653
2022-03-11 12:30:00,236.411,236.55,235.89,235.984,7824
2022-03-11 12:35:00,235.934,236.153,235.788,235.855,9667
2022-03-11 12:40:00,235.85,235.85,235.11,235.299,5158
2022-03-11 12:45:00,235.17,235.319,235.011,235.091,7396
2022-03-11 12:50:00,235.088,235.23,234.852,234.955,8372
2022-03-11 12:55:00,234.942,235.254,234.942,235.23,6681
2022-03-11 13:00:00,235.279,235.557,235.23,235.299,7404
2022-03-11 13:05:00,235.289,235.418,235.15,235.369,4132
2022-03-11 13:10:00,235.408,235.478,235.198,235.289,10217
2022-03-11 13:15:00,235.289,235.418,234.922,234.922,12124
2022-03-11 13:20:00,234.842,234.991,234.579,234.758,11411
2022-03-11 13:25:00,234.693,234.823,234.634,234.763,5378
2022-03-11 13:30:00,234.823,234.932,234.723,234.932,6162
2022-03-11 13:35:00,234.952,235.031,234.773,234.803,8916
2022-03-11 13:40:00,234.832,234.957,234.545,234.654,7481
2022-03-11 13:45:00,234.693,234.991,234.674,234.808,5336
2022-03-11 13:50:00,234.872,235.17,234.818,235.14,5951
2022-03-11 13:55:00,235.195,235.22,234.435,234.47,11459
2022-03-11 14:00:00,234.475,234.624,234.286,234.351,8568
2022-03-11 14:05:00,234.277,234.614,234.182,234.495,8966
2022-03-11 14:10:00,234.554,234.584,234.311,234.381,8819
2022-03-11 14:15:00,234.326,234.435,234.147,234.346,8943
2022-03-11 14:20:00,234.361,234.607,234.048,234.048,10427
2022-03-11 14:25:00,233.84,233.889,233.616,233.749,13877
2022-03-11 14:30:00,233.721,234.277,233.721,234.162,11134
2022-03-11 14:35:00,234.147,234.192,233.681,233.79,10938
2022-03-11 14:40:00,233.75,234.008,233.661,233.899,8362
2022-03-11 14:45:00,233.899,233.929,233.443,233.562,12411
2022-03-11 14:50:00,233.403,233.631,233.224,233.582,9077
2022-03-11 14:55:00,233.532,233.532,233.105,233.254,10229
2022-03-11 15:00:00,233.304,233.8,233.304,233.659,9346
2022-03-11 15:05:00,233.779,233.959,233.664,233.79,6646
2022-03-11 15:10:00,233.914,233.914,233.547,233.681,8448
2022-03-11 15:15:00,233.701,233.81,233.264,233.323,9345
2022-03-11 15:20:00,233.373,233.517,233.353,233.462,9806
2022-03-11 15:25:00,233.423,233.487,233.165,233.194,16051
2022-03-11 15:30:00,233.155,233.155,232.827,232.827,14010
2022-03-11 15:35:00,232.738,232.817,232.584,232.599,14767
2022-03-11 15:40:00,232.614,232.906,232.529,232.658,21798
2022-03-11 15:45:00,232.579,232.678,232.271,232.534,20102
2022-03-11 15:50:00,232.648,232.678,232.36,232.479,24778
2022-03-11 15:55:00,232.39,232.748,232.231,232.271,41181
2022-03-11 16:00:00,232.311,232.579,231.636,231.963,135813
2022-03-11 16:05:00,231.904,231.904,231.904,231.904,29657
2022-03-11 16:35:00,231.904,231.904,231.904,231.904,3080
2022-03-14 09:35:00,233.165,233.472,231.998,232.281,45912
2022-03-14 09:40:00,232.003,232.867,231.725,232.703,20533
2022-03-14 09:45:00,232.594,234.028,232.147,234.028,14621
2022-03-14 09:50:00,234.008,234.008,233.264,233.289,13178
2022-03-14 09:55:00,233.284,233.82,233.15,233.8,14267
2022-03-14 10:00:00,233.83,234.942,233.83,234.932,10776
2022-03-14 10:05:00,234.758,234.922,234.098,234.232,37760
2022-03-14 10:10:00,234.227,234.227,233.065,233.512,32314
2022-03-14 10:15:00,233.403,234.813,233.383,234.813,27284
2022-03-14 10:20:00,234.584,234.823,234.406,234.664,7632
2022-03-14 10:25:00,234.793,234.981,234.703,234.763,17323
2022-03-14 10:30:00,234.942,235.289,234.862,235.289,8187
2022-03-14 10:35:00,235.349,235.984,235.349,235.696,10302
2022-03-14 10:40:00,235.786,235.969,235.339,235.339,9363
2022-03-14 10:45:00,235.453,235.865,235.453,235.865,7177
2022-03-14 10:50:00,235.845,236.163,235.756,235.979,9312
2022-03-14 10:55:00,235.974,236.619,235.776,236.619,28119
2022-03-14 11:00:00,236.624,237.682,236.624,237.682,15070
2022-03-14 11:05:00,237.94,237.94,236.873,237.007,15481
2022-03-14 11:10:00,237.066,237.146,236.629,236.709,11199
2022-03-14 11:15:00,236.778,236.778,236.272,236.619,10572
2022-03-14 11:20:00,236.55,236.729,236.52,236.61,5050
2022-03-14 11:25:00,236.57,236.734,236.351,236.565,21417
2022-03-14 11:30:00,236.619,237.116,236.58,236.788,9952
2022-03-14 11:35:00,236.689,237.017,236.54,237.017,7102
2022-03-14 11:40:00,237.051,237.136,236.818,236.828,6320
2022-03-14 11:45:00,236.863,236.888,236.163,236.315,7107
2022-03-14 11:50:00,236.371,236.391,236.093,236.183,7165
2022-03-14 11:55:00,236.163,236.689,236.093,236.689,9148
2022-03-14 12:00:00,236.51,236.55,236.222,236.222,7159
2022-03-14 12:05:00,236.232,236.232,235.607,235.746,7926
2022-03-14 12:10:00,235.726,235.994,235.428,235.537,9169
2022-03-14 12:15:00,235.379,235.379,234.654,234.942,11379
2022-03-14 12:20:00,235.011,235.15,234.793,234.952,8727
2022-03-14 12:25:00,234.912,234.912,234.416,234.594,9547
2022-03-14 12:30:00,234.525,234.823,234.381,234.713,8175
2022-03-14 12:35:00,234.832,235.438,234.793,235.438,5715
2022-03-14 12:40:00,235.379,235.885,235.21,235.597,5816
2022-03-14 12:45:00,235.855,235.984,235.608,235.666,7062
2022-03-14 12:50:00,235.549,235.549,235.041,235.11,9742
2022-03-14 12:55:00,235.041,235.17,234.674,234.674,6230
2022-03-14 13:00:00,234.594,235.15,234.594,234.902,10447
2022-03-14 13:05:00,234.912,235.11,234.793,234.912,6574
2022-03-14 13:10:00,234.971,235.2,234.971,235.195,4541
2022-03-14 13:15:00,235.249,235.249,234.832,234.917,15410
2022-03-14 13:20:00,234.942,235.2,234.942,235.061,5504
2022-03-14 13:25:00,235.22,235.22,234.832,235.011,8870
2022-03-14 13:30:00,234.981,234.996,234.753,234.823,6909
2022-03-14 13:35:00,234.823,234.902,234.197,234.465,18856
2022-03-14 13:40:00,234.46,234.46,233.84,234.008,20863
2022-03-14 13:45:00,234.095,234.137,233.87,234.038,8011
2022-03-14 13:50:00,234.138,234.396,233.979,234.078,11305
2022-03-14 13:55:00,234.177,234.723,233.969,234.723,19448
2022-03-14 14:00:00,234.689,235.13,234.674,234.743,15926
2022-03-14 14:05:00,234.877,235.041,234.793,234.952,15014
2022-03-14 14:10:00,234.952,235.21,234.912,234.952,10466
2022-03-14 14:15:00,235.001,235.071,234.778,235.071,10795
2022-03-14 14:20:00,234.902,235.056,234.823,234.952,9253
2022-03-14 14:25:00,234.971,235.24,234.733,235.011,19962
2022-03-14 14:30:00,235.016,235.13,234.848,234.862,12524
2022-03-14 14:35:00,234.927,235.185,234.927,235.105,9718
2022-03-14 14:40:00,235.2,235.309,234.922,234.922,10811
2022-03-14 14:45:00,235.051,235.18,234.917,235.137,8938
2022-03-14 14:50:00,235.125,235.125,234.892,235.091,10973
2022-03-14 14:55:00,235.091,235.587,235.041,235.587,9463
2022-03-14 15:00:00,235.617,235.885,235.617,235.761,9687
2022-03-14 15:05:00,235.706,236.103,235.498,236.103,10512
2022-03-14 15:10:00,236.004,236.004,235.369,235.458,11452
2022-03-14 15:15:00,235.537,235.934,235.527,235.895,12824
2022-03-14 15:20:00,235.964,236.227,235.706,235.82,17952
2022-03-14 15:25:00,235.726,236.034,235.666,235.831,24792
2022-03-14 15:30:00,235.825,235.925,235.637,235.637,17465
2022-03-14 15:35:00,235.557,235.587,235.041,235.16,14006
2022-03-14 15:40:00,235.23,235.517,235.091,235.498,14872
2022-03-14 15:45:00,235.517,235.676,235.299,235.676,19336
2022-03-14 15:50:00,235.825,235.865,235.418,235.532,37394
2022-03-14 15:55:00,235.468,235.845,235.15,235.359,46525
2022-03-14 16:00:00,235.527,235.964,235.527,235.815,116212
2022-03-14 16:05:00,235.915,235.915,235.915,235.915,11707
2022-03-15 09:35:00,237.999,239.608,237.538,238.883,57033
2022-03-15 09:40:00,238.957,239.34,238.337,238.754,19664
2022-03-15 09:45:00,238.809,239.196,237.781,238.357,36624
2022-03-15 09:50:00,238.536,238.536,237.791,238.218,37956
2022-03-15 09:55:00,238.253,238.953,238.099,238.585,66649
2022-03-15 10:00:00,238.615,240.184,238.615,239.747,23103
2022-03-15 10:05:00,239.757,240.556,239.479,240.546,31545
2022-03-15 10:10:00,240.536,240.69,239.985,240.213,23839
2022-03-15 10:15:00,240.278,240.427,239.588,240.059,12307
2022-03-15 10:20:00,239.99,240.352,239.856,240.352,16732
2022-03-15 10:25:00,240.223,240.541,240.223,240.467,27129
2022-03-15 10:30:00,240.462,241.827,240.462,241.732,17296
2022-03-15 10:35:00,241.787,242.715,241.663,242.333,28995
2022-03-15 10:40:00,242.258,242.353,241.156,241.43,35488
2022-03-15 10:45:00,241.375,241.375,240.769,241.246,16016
2022-03-15 10:50:00,241.286,241.568,241.077,241.137,10526
2022-03-15 10:55:00,241.231,241.231,240.596,240.665,10792
2022-03-15 11:00:00,240.626,240.63,240.253,240.412,12954
2022-03-15 11:05:00,240.352,240.898,240.352,240.794,11734
2022-03-15 11:10:00,240.809,240.888,240.571,240.859,7180
2022-03-15 11:15:00,240.799,240.804,240.332,240.635,8872
2022-03-15 11:20:00,240.601,240.601,240.253,240.313,9162
2022-03-15 11:25:00,240.313,240.362,239.876,240.362,8335
2022-03-15 11:30:00,240.352,241.097,240.352,241.097,9470
2022-03-15 11:35:00,241.072,241.434,241.047,241.355,10876
2022-03-15 11:40:00,241.395,241.677,241.345,241.603,12991
2022-03-15 11:45:00,241.554,241.623,241.276,241.439,16058
2022-03-15 11:50:00,241.524,241.613,241.276,241.276,13518
2022-03-15 11:55:00,241.315,241.72,241.315,241.355,13055
2022-03-15 12:00:00,240.849,240.898,239.886,240.114,7427
2022-03-15 12:05:00,240.015,240.213,239.618,239.732,10171
2022-03-15 12:10:00,239.647,240.189,239.613,240.035,9352
2022-03-15 12:15:00,240.114,240.114,239.464,239.518,11871
2022-03-15 12:20:00,239.508,239.677,239.33,239.677,13960
2022-03-15 12:25:00,239.618,240.208,239.449,240.025,11108
2022-03-15 12:30:00,240.154,240.397,239.945,240.342,17861
2022-03-15 12:35:00,240.362,240.99,240.352,240.809,6482
2022-03-15 12:40:00,241.037,241.544,241.037,241.33,9381
2022-03-15 12:45:00,241.246,241.335,241.067,241.087,5876
2022-03-15 12:50:00,241.022,241.117,240.62,240.62,9043
2022-03-15 12:55:00,240.61,240.888,240.392,240.531,13914
2022-03-15 13:00:00,240.481,241.087,240.481,240.958,7287
2022-03-15 13:05:00,240.978,241.32,240.978,241.186,8221
2022-03-15 13:10:00,241.276,241.276,240.665,240.705,8162
2022-03-15 13:15:00,240.61,240.695,240.313,240.313,12950
2022-03-15 13:20:00,240.332,240.447,240.263,240.378,44604
2022-03-15 13:25:00,240.362,240.749,240.342,240.7,12546
2022-03-15 13:30:00,240.769,241.181,240.402,240.402,12274
2022-03-15 13:35:00,240.417,240.591,240.223,240.382,16200
2022-03-15 13:40:00,240.442,240.719,239.916,240.0,21511
2022-03-15 13:45:00,240.005,240.134,239.697,239.777,14185
2022-03-15 13:50:00,239.588,239.885,239.459,239.459,13750
2022-03-15 13:55:00,239.504,239.568,239.32,239.499,10234
2022-03-15 14:00:00,239.444,239.772,239.36,239.657,22045
2022-03-15 14:05:00,239.598,239.772,239.121,239.121,15885
2022-03-15 14:10:00,239.012,239.479,239.012,239.404,14768
2022-03-15 14:15:00,239.369,239.479,239.111,239.111,10823
2022-03-15 14:20:00,239.072,239.176,238.446,238.704,16463
2022-03-15 14:25:00,238.521,238.595,238.228,238.362,9604
2022-03-15 14:30:00,238.426,238.686,238.268,238.382,10951
2022-03-15 14:35:00,238.387,238.918,238.158,238.814,14188
2022-03-15 14:40:00,238.764,238.913,238.595,238.799,29673
2022-03-15 14:45:00,238.818,238.992,238.714,238.843,15273
2022-03-15 14:50:00,238.774,239.211,238.764,239.201,12909
2022-03-15 14:55:00,239.245,239.454,238.585,238.893,31576
2022-03-15 15:00:00,238.903,239.379,238.794,239.235,19723
2022-03-15 15:05:00,239.161,239.211,238.724,239.012,27821
2022-03-15 15:10:00,238.997,239.662,238.953,239.563,15872
2022-03-15 15:15:00,239.638,239.752,239.439,239.518,8576
2022-03-15 15:20:00,239.538,240.342,239.538,240.293,13985
2022-03-15 15:25:00,240.362,240.601,240.174,240.601,14418
2022-03-15 15:30:00,240.601,240.789,240.501,240.779,11884
2022-03-15 15:35:00,241.003,241.499,240.958,241.077,21319
2022-03-15 15:40:00,241.047,241.122,240.817,240.988,17610
2022-03-15 15:45:00,241.037,241.206,240.638,240.978,26436
2022-03-15 15:50:00,241.067,241.295,240.789,241.236,34721
2022-03-15 15:55:00,241.216,241.494,241.127,241.127,48064
2022-03-15 16:00:00,241.087,241.246,240.521,240.829,110462
2022-03-15 16:05:00,240.69,240.69,240.69,240.69,53944
2022-03-15 16:15:00,240.69,240.69,240.69,240.69,284
2022-03-15 16:40:00,240.69,240.69,240.69,240.69,603
2022-03-16 09:35:00,243.212,244.055,241.782,243.698,25752
2022-03-16 09:40:00,244.184,244.681,243.559,243.971,29260
2022-03-16 09:45:00,244.636,245.495,244.408,244.76,21075
2022-03-16 09:50:00,244.865,246.051,243.212,244.165,48433
2022-03-16 09:55:00,244.353,244.76,243.619,243.728,19848
2022-03-16 10:00:00,243.688,244.438,243.648,244.036,18317
2022-03-16 10:05:00,243.951,244.284,243.524,244.045,22638
2022-03-16 10:10:00,243.837,243.877,243.37,243.842,13591
2022-03-16 10:15:00,243.956,244.393,243.777,244.254,13824
2022-03-16 10:20:00,244.269,246.944,244.269,246.249,19119
2022-03-16 10:25:00,246.249,246.597,246.061,246.17,14333
2022-03-16 10:30:00,246.279,247.555,246.17,247.222,26984
2022-03-16 10:35:00,247.461,247.798,247.073,247.073,26656
2022-03-16 10:40:00,247.074,247.222,245.971,246.676,11590
2022-03-16 10:45:00,246.815,246.815,245.083,245.435,14753
2022-03-16 10:50:00,245.45,245.649,245.133,245.371,13746
2022-03-16 10:55:00,245.237,245.971,245.237,245.971,12060
2022-03-16 11:00:00,245.862,246.22,245.604,246.2,11550
2022-03-16 11:05:00,246.11,246.14,245.267,245.989,15448
2022-03-16 11:10:00,245.962,246.1,245.296,245.411,14650
2022-03-16 11:15:00,245.5,245.867,245.356,245.733,11936
2022-03-16 11:20:00,245.684,246.279,245.629,246.18,28115
2022-03-16 11:25:00,246.14,246.845,246.11,246.795,17649
2022-03-16 11:30:00,246.686,247.004,246.522,246.567,18002
2022-03-16 11:35:00,246.587,246.974,246.518,246.815,12522
2022-03-16 11:40:00,246.82,246.82,245.981,246.16,18342
2022-03-16 11:45:00,246.21,246.359,246.101,246.21,16810
2022-03-16 11:50:00,246.14,246.205,245.881,246.205,11058
2022-03-16 11:55:00,246.23,246.438,246.19,246.398,9274
2022-03-16 12:00:00,246.393,246.393,245.912,245.912,8478
2022-03-16 12:05:00,245.877,246.587,245.828,246.339,9001
2022-03-16 12:10:00,246.319,246.359,246.12,246.14,7382
2022-03-16 12:15:00,246.2,246.369,246.051,246.22,7569
2022-03-16 12:20:00,246.19,246.329,246.091,246.091,9111
2022-03-16 12:25:00,246.175,246.855,246.061,246.061,12169
2022-03-16 12:30:00,246.061,246.17,245.862,246.17,13461
2022-03-16 12:35:00,246.155,246.428,246.11,246.398,5559
2022-03-16 12:40:00,246.263,246.314,245.852,245.852,7773
2022-03-16 12:45:00,245.776,246.349,245.713,246.259,7234
2022-03-16 12:50:00,246.24,246.244,245.177,245.177,16334
2022-03-16 12:55:00,245.123,245.336,244.959,245.118,10587
2022-03-16 13:00:00,245.023,245.118,244.735,244.735,13771
2022-03-16 13:05:00,244.716,245.018,244.716,245.018,7053
2022-03-16 13:10:00,245.018,245.147,244.621,244.651,5353
2022-03-16 13:15:00,244.492,244.641,244.274,244.522,8224
2022-03-16 13:20:00,244.552,244.721,244.492,244.522,4939
2022-03-16 13:25:00,244.512,244.577,244.026,244.358,13419
2022-03-16 13:30:00,244.353,244.423,244.105,244.12,7150
2022-03-16 13:35:00,244.184,244.462,244.175,244.175,5880
2022-03-16 13:40:00,244.175,244.462,244.115,244.189,9659
2022-03-16 13:45:00,244.125,244.125,243.797,243.897,8771
2022-03-16 13:50:00,243.911,244.075,243.772,243.777,7236
2022-03-16 13:55:00,243.708,243.797,243.251,243.698,10261
2022-03-16 14:00:00,243.787,243.847,243.132,243.231,14899
2022-03-16 14:05:00,243.241,243.241,242.159,242.462,11346
2022-03-16 14:10:00,242.333,242.333,241.355,241.355,13084
2022-03-16 14:15:00,241.425,241.514,240.253,240.318,30864
2022-03-16 14:20:00,240.05,240.67,240.05,240.63,19203
2022-03-16 14:25:00,240.65,240.65,239.469,239.469,23753
2022-03-16 14:30:00,239.479,239.593,238.6,238.665,17215
2022-03-16 14:35:00,238.759,238.759,237.93,238.168,39369
2022-03-16 14:40:00,238.233,239.707,238.129,239.707,15078
2022-03-16 14:45:00,239.856,240.303,239.508,240.303,32660
2022-03-16 14:50:00,240.273,240.581,239.945,240.273,23603
2022-03-16 14:55:00,240.233,241.186,240.124,241.176,11884
2022-03-16 15:00:00,240.968,241.524,240.511,240.655,17890
2022-03-16 15:05:00,240.655,241.375,240.233,241.276,17812
2022-03-16 15:10:00,241.434,241.876,240.839,241.018,17006
2022-03-16 15:15:00,241.057,241.355,240.893,241.057,16867
2022-03-16 15:20:00,241.196,241.395,240.764,241.35,30157
2022-03-16 15:25:00,241.395,241.941,241.246,241.782,22285
2022-03-16 15:30:00,241.941,241.941,241.206,241.4,22749
2022-03-16 15:35:00,241.355,241.415,240.69,241.236,22194
2022-03-16 15:40:00,241.161,241.166,240.759,240.953,28280
2022-03-16 15:45:00,240.953,241.032,240.243,240.412,33029
2022-03-16 15:50:00,240.442,241.494,240.442,241.434,32982
2022-03-16 15:55:00,241.474,242.05,241.32,241.871,55784
2022-03-16 16:00:00,241.871,242.844,241.762,242.626,126793
2022-03-16 16:05:00,242.616,242.616,242.616,242.616,13417
2022-03-16 16:35:00,242.616,242.616,242.616,242.616,4462
2022-03-17 09:25:00,241.246,241.246,241.246,241.246,464
2022-03-17 09:35:00,240.759,241.355,239.747,241.355,23783
2022-03-17 09:40:00,241.43,241.568,240.199,241.315,10752
2022-03-17 09:45:00,241.484,241.742,240.749,240.749,13701
2022-03-17 09:50:00,240.824,241.941,240.73,241.638,7235
2022-03-17 09:55:00,241.554,241.822,241.107,241.132,7311
2022-03-17 10:00:00,240.988,241.504,240.918,241.444,15303
2022-03-17 10:05:00,241.608,242.189,241.608,242.189,9034
2022-03-17 10:10:00,242.095,242.72,240.759,242.566,90854
2022-03-17 10:15:00,242.551,242.586,241.703,241.703,33756
2022-03-17 10:20:00,241.971,242.556,241.931,242.169,6677
2022-03-17 10:25:00,242.298,242.407,242.08,242.407,4032
2022-03-17 10:30:00,242.661,242.666,242.437,242.447,6638
2022-03-17 10:35:00,242.477,242.616,241.946,242.457,15272
2022-03-17 10:40:00,242.527,242.546,242.308,242.368,6327
2022-03-17 10:45:00,242.566,242.715,242.437,242.541,13730
2022-03-17 10:50:00,242.616,242.715,241.792,242.11,13060
2022-03-17 10:55:00,242.169,242.397,241.444,241.444,15633
2022-03-17 11:00:00,241.482,241.564,240.769,240.779,16367
2022-03-17 11:05:00,240.749,240.918,240.68,240.844,8784
2022-03-17 11:10:00,240.789,241.256,240.735,241.077,17018
2022-03-17 11:15:00,241.067,241.067,240.66,240.66,9849
2022-03-17 11:20:00,240.432,240.809,240.387,240.69,21366
2022-03-17 11:25:00,240.71,241.484,240.69,241.365,10627
2022-03-17 11:30:00,241.36,241.405,241.127,241.214,9916
2022-03-17 11:35:00,241.147,241.703,241.097,241.703,8296
2022-03-17 11:40:00,241.573,241.648,241.315,241.494,9425
2022-03-17 11:45:00,241.583,241.971,241.583,241.876,9344
2022-03-17 11:50:00,241.832,241.916,241.266,241.266,7670
2022-03-17 11:55:00,241.266,241.827,241.266,241.827,8458
2022-03-17 12:00:00,241.911,242.01,241.782,241.822,11539
2022-03-17 12:05:00,241.891,241.941,241.474,241.693,6552
2022-03-17 12:10:00,241.797,242.348,241.797,242.239,11265
2022-03-17 12:15:00,242.268,242.358,242.07,242.194,4130
2022-03-17 12:20:00,242.229,242.467,242.1,242.333,6755
2022-03-17 12:25:00,242.546,242.894,242.517,242.72,8177
2022-03-17 12:30:00,242.695,243.187,242.695,243.132,18131
2022-03-17 12:35:00,242.993,243.698,242.993,243.629,7122
2022-03-17 12:40:00,243.648,244.016,243.47,243.706,17112
2022-03-17 12:45:00,243.559,243.559,243.331,243.549,5202
2022-03-17 12:50:00,243.529,243.738,243.352,243.738,9350
2022-03-17 12:55:00,243.708,243.916,243.624,243.688,7318
2022-03-17 13:00:00,243.698,244.075,243.698,243.961,7044
2022-03-17 13:05:00,244.001,244.006,243.768,243.911,6392
2022-03-17 13:10:00,244.065,244.075,243.756,243.996,7448
2022-03-17 13:15:00,243.986,244.135,243.698,243.787,14502
2022-03-17 13:20:00,243.862,244.026,243.688,244.006,12059
2022-03-17 13:25:00,243.926,244.512,243.884,244.423,12175
2022-03-17 13:30:00,244.582,245.088,244.433,244.964,33225
2022-03-17 13:35:00,244.949,244.949,244.502,244.522,7594
2022-03-17 13:40:00,244.453,244.582,244.403,244.448,8766
2022-03-17 13:45:00,244.483,244.631,244.284,244.284,10985
2022-03-17 13:50:00,244.343,244.621,244.155,244.621,12617
2022-03-17 13:55:00,244.601,244.81,244.601,244.74,7824
2022-03-17 14:00:00,244.701,244.79,244.631,244.671,8506
2022-03-17 14:05:00,244.651,244.75,244.338,244.413,7343
2022-03-17 14:10:00,244.433,244.532,244.309,244.314,10127
2022-03-17 14:15:00,244.323,244.507,244.224,244.333,9917
2022-03-17 14:20:00,244.333,244.333,243.629,243.658,17126
2022-03-17 14:25:00,243.638,244.234,243.529,244.07,26030
2022-03-17 14:30:00,244.065,244.13,243.519,244.006,20971
2022-03-17 14:35:00,244.075,244.453,243.966,244.453,14424
2022-03-17 14:40:00,244.502,244.522,244.373,244.373,4338
2022-03-17 14:45:00,244.373,244.701,244.274,244.701,8107
2022-03-17 14:50:00,244.78,244.78,244.531,244.74,7069
2022-03-17 14:55:00,244.79,244.79,244.492,244.512,7872
2022-03-17 15:00:00,244.582,244.631,244.304,244.492,14201
2022-03-17 15:05:00,244.433,244.438,244.184,244.438,7272
2022-03-17 15:10:00,244.482,244.512,244.224,244.294,17924
2022-03-17 15:15:00,244.284,244.314,243.897,244.194,22236
2022-03-17 15:20:00,244.165,244.472,244.155,244.472,17271
2022-03-17 15:25:00,244.522,244.542,244.343,244.343,8535
2022-03-17 15:30:00,244.502,244.691,244.453,244.453,9035
2022-03-17 15:35:00,244.542,244.75,244.472,244.671,13751
2022-03-17 15:40:00,244.661,244.989,244.582,244.889,30808
2022-03-17 15:45:00,244.889,245.316,244.874,245.316,25358
2022-03-17 15:50:00,245.237,245.356,245.138,245.356,43205
2022-03-17 15:55:00,245.425,245.723,245.138,245.336,61381
2022-03-17 16:00:00,245.386,245.743,245.118,245.743,103734
2022-03-17 16:05:00,245.733,245.733,245.733,245.733,64486
2022-03-17 18:45:00,245.217,245.217,245.217,245.217,500
2022-03-18 08:20:00,245.217,245.217,245.217,245.217,392
2022-03-18 08:25:00,245.217,245.217,245.217,245.217,100
2022-03-18 08:55:00,245.217,245.217,245.217,245.217,100
2022-03-18 09:10:00,245.217,245.217,245.217,245.217,2997
2022-03-18 09:30:00,243.241,243.241,243.231,243.231,662
2022-03-18 09:35:00,246.339,246.339,244.81,244.81,358862
2022-03-18 09:40:00,245.296,245.902,245.187,245.356,5910
2022-03-18 09:45:00,245.416,245.416,244.81,245.416,3816
2022-03-18 09:50:00,245.555,245.555,244.314,244.86,9154
2022-03-18 09:55:00,244.552,244.661,243.986,244.229,4482
2022-03-18 10:00:00,244.284,244.289,243.668,244.08,10388
2022-03-18 10:05:00,244.145,245.048,243.827,245.048,20284
2022-03-18 10:10:00,245.078,245.078,244.601,244.671,3384
2022-03-18 10:15:00,244.82,245.42,244.81,244.989,9540
2022-03-18 10:20:00,245.078,245.346,244.969,245.177,6261
2022-03-18 10:25:00,245.078,245.108,244.75,244.76,8020
2022-03-18 10:30:00,244.75,245.028,244.433,244.453,10822
2022-03-18 10:35:00,244.314,244.919,244.125,244.487,7766
2022-03-18 10:40:00,244.482,244.482,243.609,243.609,4191
2022-03-18 10:45:00,243.499,244.001,243.499,243.946,6739
2022-03-18 10:50:00,243.754,244.353,243.738,244.075,6349
2022-03-18 10:55:00,243.892,243.892,243.589,243.698,5394
2022-03-18 11:00:00,243.589,243.936,243.112,243.216,28436
2022-03-18 11:05:00,243.42,244.204,243.42,244.204,10700
2022-03-18 11:10:00,244.204,244.8,244.095,244.572,6161
2022-03-18 11:15:00,244.592,244.81,244.323,244.453,6030
2022-03-18 11:20:00,244.403,244.592,244.26,244.592,7404
2022-03-18 11:25:00,244.502,244.502,244.036,244.244,9939
2022-03-18 11:30:00,244.358,244.462,244.036,244.314,10015
2022-03-18 11:35:00,244.328,244.8,244.314,244.621,7283
2022-03-18 11:40:00,244.626,245.455,244.532,245.073,8879
2022-03-18 11:45:00,244.82,244.82,244.304,244.304,5365
2022-03-18 11:50:00,244.383,244.557,244.373,244.453,4575
2022-03-18 11:55:00,244.368,244.86,244.333,244.343,9305
2022-03-18 12:00:00,244.542,244.562,244.338,244.393,5813
2022-03-18 12:05:00,244.314,244.472,244.214,244.214,7468
2022-03-18 12:10:00,244.159,244.418,244.138,244.299,12358
2022-03-18 12:15:00,244.194,244.453,244.165,244.304,10740
2022-03-18 12:20:00,244.197,244.592,244.197,244.582,9006
2022-03-18 12:25:00,244.393,244.745,244.264,244.745,3886
2022-03-18 12:30:00,244.697,244.969,244.562,244.83,6101
2022-03-18 12:35:00,244.929,245.341,244.929,245.197,5742
2022-03-18 12:40:00,245.257,245.505,245.237,245.386,4454
2022-03-18 12:45:00,245.411,245.604,245.411,245.52,5295
2022-03-18 12:50:00,245.505,245.505,245.232,245.295,5646
2022-03-18 12:55:00,245.281,245.604,245.281,245.604,3824
2022-03-18 13:00:00,245.505,245.674,245.441,245.515,9465
2022-03-18 13:05:00,245.525,245.952,245.525,245.803,9208
2022-03-18 13:10:00,245.788,246.21,245.773,246.091,6645
2022-03-18 13:15:00,246.021,246.18,245.823,245.828,8275
2022-03-18 13:20:00,245.674,245.763,245.267,245.267,7095
2022-03-18 13:25:00,245.257,245.366,245.028,245.167,5754
2022-03-18 13:30:00,245.267,245.614,245.267,245.614,3351
2022-03-18 13:35:00,245.589,245.659,245.406,245.604,6209
2022-03-18 13:40:00,245.604,245.703,245.306,245.341,6196
2022-03-18 13:45:00,245.301,245.411,245.167,245.376,7638
2022-03-18 13:50:00,245.296,245.569,245.296,245.42,26786
2022-03-18 13:55:00,245.465,245.535,245.336,245.455,6619
2022-03-18 14:00:00,245.525,245.897,245.525,245.604,12078
2022-03-18 14:05:00,245.698,245.932,245.664,245.703,7342
2022-03-18 14:10:00,245.634,245.975,245.634,245.877,7280
2022-03-18 14:15:00,245.842,246.254,245.823,246.254,7735
2022-03-18 14:20:00,246.319,246.637,246.299,246.527,7731
2022-03-18 14:25:00,246.498,246.503,246.299,246.503,4125
2022-03-18 14:30:00,246.518,246.681,246.24,246.587,8603
2022-03-18 14:35:00,246.686,246.925,246.369,246.905,14934
2022-03-18 14:40:00,246.845,247.292,246.845,247.193,10412
2022-03-18 14:45:00,247.252,247.401,246.954,247.034,7819
2022-03-18 14:50:00,247.222,247.471,247.212,247.351,8834
2022-03-18 14:55:00,247.342,247.481,247.242,247.481,7391
2022-03-18 15:00:00,247.391,247.6,247.361,247.52,11441
2022-03-18 15:05:00,247.49,247.858,247.471,247.679,8246
2022-03-18 15:10:00,247.714,248.046,247.714,248.046,7462
2022-03-18 15:15:00,247.997,248.384,247.917,248.354,20415
2022-03-18 15:20:00,248.3,248.642,248.166,248.642,12432
2022-03-18 15:25:00,248.553,248.771,248.434,248.708,14353
2022-03-18 15:30:00,248.712,249.039,248.642,248.925,18169
2022-03-18 15:35:00,249.009,249.764,249.009,249.764,23806
2022-03-18 15:40:00,249.784,250.136,249.526,250.136,54220
2022-03-18 15:45:00,250.131,250.796,249.848,250.742,67820
2022-03-18 15:50:00,250.657,250.806,250.191,250.717,47127
2022-03-18 15:55:00,250.638,250.767,249.595,250.121,72110
2022-03-18 16:00:00,250.192,250.27,249.526,249.754,117510
2022-03-18 16:05:00,249.714,249.714,249.714,249.714,11382
2022-03-18 16:10:00,249.714,249.714,249.714,249.714,21257
2022-03-21 09:35:00,249.387,250.062,248.558,249.208,25522
2022-03-21 09:40:00,249.347,249.541,248.86,249.178,6786
2022-03-21 09:45:00,248.995,249.178,247.49,247.878,9605
2022-03-21 09:50:00,247.793,247.888,246.582,246.582,15282
2022-03-21 09:55:00,246.657,249.387,245.564,245.708,27502
2022-03-21 10:00:00,245.733,245.932,244.661,244.661,32537
2022-03-21 10:05:00,244.879,244.949,243.787,244.006,17210
2022-03-21 10:10:00,243.897,244.016,243.192,243.311,15389
2022-03-21 10:15:00,243.43,243.658,242.934,242.934,16468
2022-03-21 10:20:00,242.924,243.102,242.735,243.082,26193
2022-03-21 10:25:00,243.048,243.241,242.606,243.212,16375
2022-03-21 10:30:00,243.108,243.42,242.948,243.341,7764
2022-03-21 10:35:00,243.251,243.251,242.924,242.924,13832
2022-03-21 10:40:00,242.725,243.033,242.695,242.943,12676
2022-03-21 10:45:00,243.018,243.807,243.018,243.802,8514
2022-03-21 10:50:00,243.822,244.587,243.822,244.587,7951
2022-03-21 10:55:00,244.611,244.621,244.006,244.423,11527
2022-03-21 11:00:00,244.522,245.128,244.485,244.731,19444
2022-03-21 11:05:00,244.721,244.989,244.721,244.805,4060
2022-03-21 11:10:00,244.805,245.018,244.264,244.333,11987
2022-03-21 11:15:00,244.264,244.651,244.264,244.611,5142
2022-03-21 11:20:00,244.631,245.177,244.368,245.073,6102
2022-03-21 11:25:00,245.083,245.793,244.984,245.684,11768
2022-03-21 11:30:00,245.659,245.962,245.609,245.942,8317
2022-03-21 11:35:00,245.877,245.922,245.584,245.584,7461
2022-03-21 11:40:00,245.599,245.654,244.562,244.562,12970
2022-03-21 11:45:00,244.646,244.651,244.135,244.224,9139
2022-03-21 11:50:00,244.224,244.651,244.224,244.502,7425
2022-03-21 11:55:00,244.587,245.018,244.587,244.75,9595
2022-03-21 12:00:00,244.959,245.098,244.651,244.711,14161
2022-03-21 12:05:00,244.78,244.78,244.314,244.443,9111
2022-03-21 12:10:00,244.413,244.78,244.378,244.691,7690
2022-03-21 12:15:00,244.587,244.85,244.557,244.75,6386
2022-03-21 12:20:00,244.83,245.048,244.76,245.048,3291
2022-03-21 12:25:00,245.157,245.257,245.068,245.238,4496
2022-03-21 12:30:00,245.157,245.48,245.157,245.48,5298
2022-03-21 12:35:00,245.455,245.475,244.085,244.155,10618
2022-03-21 12:40:00,244.055,244.055,243.42,243.499,16175
2022-03-21 12:45:00,243.564,244.036,243.564,243.951,8490
2022-03-21 12:50:00,244.016,244.438,243.986,244.438,6915
2022-03-21 12:55:00,244.264,244.274,243.609,243.609,5795
2022-03-21 13:00:00,243.867,243.946,243.529,243.728,6538
2022-03-21 13:05:00,243.463,243.638,243.231,243.231,5460
2022-03-21 13:10:00,243.281,243.365,243.231,243.251,5822
2022-03-21 13:15:00,243.231,243.231,242.824,242.963,11422
2022-03-21 13:20:00,242.919,243.045,242.6,242.616,10603
2022-03-21 13:25:00,242.467,242.834,242.378,242.83,6264
2022-03-21 13:30:00,242.715,242.904,242.556,242.556,4557
2022-03-21 13:35:00,242.553,243.112,242.553,243.073,5946
2022-03-21 13:40:00,243.073,243.192,242.874,243.033,6136
2022-03-21 13:45:00,243.082,243.231,242.775,242.775,7465
2022-03-21 13:50:00,242.924,243.053,242.765,242.904,5430
2022-03-21 13:55:00,242.983,243.162,242.834,243.127,6786
2022-03-21 14:00:00,243.182,243.182,242.92,242.983,6497
2022-03-21 14:05:00,243.152,243.619,242.973,243.45,13004
2022-03-21 14:10:00,243.405,243.609,243.311,243.609,8180
2022-03-21 14:15:00,243.554,243.569,243.231,243.351,11434
2022-03-21 14:20:00,243.38,243.609,243.164,243.609,8205
2022-03-21 14:25:00,243.609,244.333,243.609,244.199,9075
2022-03-21 14:30:00,244.279,244.507,244.178,244.214,7113
2022-03-21 14:35:00,244.05,244.155,243.897,243.976,9191
2022-03-21 14:40:00,244.036,244.055,243.797,243.956,7744
2022-03-21 14:45:00,243.971,244.373,243.933,244.373,10730
2022-03-21 14:50:00,244.413,244.611,244.224,244.224,5593
2022-03-21 14:55:00,244.219,244.294,243.996,244.294,2976
2022-03-21 15:00:00,243.986,243.986,243.048,243.068,7272
2022-03-21 15:05:00,243.102,243.167,242.988,243.053,4687
2022-03-21 15:10:00,243.081,243.142,242.958,242.998,10598
2022-03-21 15:15:00,243.063,243.336,243.043,243.301,8197
2022-03-21 15:20:00,243.41,243.559,243.023,243.023,6900
2022-03-21 15:25:00,242.948,243.36,242.948,243.351,6371
2022-03-21 15:30:00,243.41,243.678,243.351,243.658,9391
2022-03-21 15:35:00,243.698,243.897,243.341,243.42,14540
2022-03-21 15:40:00,243.43,243.509,243.013,243.097,15409
2022-03-21 15:45:00,243.048,243.226,242.973,243.038,14558
2022-03-21 15:50:00,243.033,243.112,242.472,242.472,19432
2022-03-21 15:55:00,242.507,243.033,242.462,242.934,54228
2022-03-21 16:00:00,242.943,244.065,242.864,244.045,76817
2022-03-21 16:05:00,244.045,244.045,244.045,244.045,16142
2022-03-21 16:15:00,244.045,244.045,244.045,244.045,14342
2022-03-21 16:20:00,244.045,244.045,244.045,244.045,8140
2022-03-22 08:05:00,246.011,246.011,246.011,246.011,100
2022-03-22 09:35:00,249.675,249.675,247.242,247.912,39279
2022-03-22 09:40:00,248.007,248.195,246.756,247.044,20079
2022-03-22 09:45:00,247.024,248.692,246.905,248.414,20117
2022-03-22 09:50:00,248.195,249.377,248.146,249.077,11144
2022-03-22 09:55:00,249.129,249.129,248.305,248.434,10824
2022-03-22 10:00:00,248.265,248.493,247.878,247.997,12932
2022-03-22 10:05:00,248.394,249.357,248.394,249.193,13691
2022-03-22 10:10:00,249.277,249.312,248.414,248.434,15849
2022-03-22 10:15:00,248.533,249.501,248.434,249.347,16127
2022-03-22 10:20:00,249.317,249.794,249.317,249.476,16900
2022-03-22 10:25:00,249.446,250.002,249.163,249.324,11088
2022-03-22 10:30:00,249.426,249.694,248.91,248.98,10980
2022-03-22 10:35:00,249.109,249.819,248.97,249.744,15160
2022-03-22 10:40:00,249.65,250.032,249.545,249.675,15195
2022-03-22 10:45:00,249.848,249.992,249.243,249.675,21555
2022-03-22 10:50:00,249.486,250.022,249.277,249.893,27878
2022-03-22 10:55:00,250.057,250.33,249.873,250.181,18861
2022-03-22 11:00:00,250.181,250.25,249.536,249.704,11370
2022-03-22 11:05:00,249.774,249.774,248.568,248.682,11772
2022-03-22 11:10:00,248.622,249.635,248.622,249.635,18030
2022-03-22 11:15:00,249.426,249.776,249.029,249.029,20389
2022-03-22 11:20:00,249.158,249.426,249.158,249.352,6777
2022-03-22 11:25:00,249.239,249.516,249.228,249.466,7746
2022-03-22 11:30:00,249.426,249.992,249.287,249.992,26473
2022-03-22 11:35:00,249.774,249.774,248.533,248.811,12810
2022-03-22 11:40:00,248.712,249.277,248.702,249.119,11094
2022-03-22 11:45:00,249.024,249.268,248.473,248.493,17313
2022-03-22 11:50:00,248.597,248.968,248.597,248.951,5732
2022-03-22 11:55:00,248.92,249.307,248.682,249.148,13274
2022-03-22 12:00:00,249.059,249.357,249.009,249.009,8794
2022-03-22 12:05:00,248.92,249.148,248.92,249.049,7314
2022-03-22 12:10:00,249.178,249.596,249.054,249.596,16153
2022-03-22 12:15:00,249.615,249.635,249.168,249.287,6141
2022-03-22 12:20:00,249.029,249.03,248.657,248.657,5463
2022-03-22 12:25:00,248.533,248.726,248.195,248.726,15400
2022-03-22 12:30:00,248.851,249.059,248.622,248.89,16714
2022-03-22 12:35:00,248.771,248.957,248.573,248.821,5869
2022-03-22 12:40:00,249.198,249.208,248.88,249.208,5707
2022-03-22 12:45:00,249.148,249.357,249.039,249.089,8184
2022-03-22 12:50:00,249.158,249.263,248.995,249.263,8827
2022-03-22 12:55:00,249.436,249.555,249.317,249.456,4582
2022-03-22 13:00:00,249.555,249.555,249.287,249.506,6699
2022-03-22 13:05:00,249.357,249.774,249.297,249.476,10893
2022-03-22 13:10:00,249.486,249.724,249.476,249.545,11583
2022-03-22 13:15:00,249.446,249.789,249.407,249.784,6968
2022-03-22 13:20:00,249.724,249.774,249.302,249.302,6614
2022-03-22 13:25:00,249.188,249.297,249.074,249.153,6164
2022-03-22 13:30:00,249.367,249.367,249.069,249.084,5675
2022-03-22 13:35:00,249.148,249.178,248.836,248.98,8263
2022-03-22 13:40:00,248.95,248.95,248.394,248.513,5921
2022-03-22 13:45:00,248.553,248.553,247.878,248.25,96730
2022-03-22 13:50:00,248.18,248.275,247.957,248.275,6207
2022-03-22 13:55:00,248.293,248.444,247.982,247.982,18350
2022-03-22 14:00:00,247.927,248.051,247.758,247.873,11347
2022-03-22 14:05:00,247.823,247.828,247.401,247.401,12697
2022-03-22 14:10:00,247.436,247.808,247.436,247.808,4086
2022-03-22 14:15:00,247.813,247.992,247.749,247.902,6948
2022-03-22 14:20:00,247.962,247.977,247.699,247.858,10632
2022-03-22 14:25:00,247.848,247.878,247.252,247.332,8874
2022-03-22 14:30:00,247.212,247.212,247.014,247.128,6375
2022-03-22 14:35:00,247.153,247.619,247.044,247.619,12360
2022-03-22 14:40:00,247.56,247.619,247.386,247.585,6868
2022-03-22 14:45:00,247.55,247.634,247.471,247.624,16449
2022-03-22 14:50:00,247.659,247.818,247.52,247.629,11045
2022-03-22 14:55:00,247.629,247.927,247.55,247.818,7591
2022-03-22 15:00:00,247.997,248.066,247.679,247.699,24036
2022-03-22 15:05:00,247.689,248.017,247.644,247.957,17998
2022-03-22 15:10:00,247.967,248.027,247.719,247.778,9264
2022-03-22 15:15:00,247.778,247.897,247.669,247.749,12228
2022-03-22 15:20:00,247.754,247.977,247.659,247.684,17670
2022-03-22 15:25:00,247.674,247.798,247.6,247.684,35584
2022-03-22 15:30:00,247.689,247.758,247.292,247.322,11723
2022-03-22 15:35:00,247.252,247.51,247.173,247.476,16455
2022-03-22 15:40:00,247.54,247.679,247.381,247.649,15862
2022-03-22 15:45:00,247.709,248.046,247.56,247.977,16150
2022-03-22 15:50:00,247.937,248.553,247.937,248.414,28001
2022-03-22 15:55:00,248.463,248.809,247.808,247.808,36254
2022-03-22 16:00:00,247.788,248.563,247.699,248.563,100940
2022-03-22 16:05:00,248.364,248.364,248.364,248.364,14545
2022-03-22 16:10:00,248.364,248.364,248.364,248.364,22020
2022-03-23 09:05:00,247.203,247.203,247.203,247.203,100
2022-03-23 09:35:00,246.627,247.52,245.147,245.832,36135
2022-03-23 09:40:00,245.594,246.984,245.594,246.329,26218
2022-03-23 09:45:00,246.101,246.716,245.892,246.259,13749
2022-03-23 09:50:00,246.001,246.423,245.316,246.423,17231
2022-03-23 09:55:00,246.542,247.034,246.408,246.979,62508
2022-03-23 10:00:00,246.994,247.6,246.994,247.059,7902
2022-03-23 10:05:00,246.875,247.232,246.805,246.989,19930
2022-03-23 10:10:00,246.84,247.54,246.835,247.113,8580
2022-03-23 10:15:00,247.158,247.168,246.746,247.049,6920
2022-03-23 10:20:00,247.173,247.322,246.751,247.004,13407
2022-03-23 10:25:00,247.034,247.351,246.964,247.351,4158
2022-03-23 10:30:00,247.421,247.421,247.024,247.332,17431
2022-03-23 10:35:00,247.232,247.957,247.232,247.307,21153
2022-03-23 10:40:00,247.391,247.391,246.766,246.867,8375
2022-03-23 10:45:00,246.954,247.033,246.458,246.577,5596
2022-03-23 10:50:00,246.448,246.458,246.001,246.031,8410
2022-03-23 10:55:00,246.101,246.135,245.686,246.051,8966
2022-03-23 11:00:00,245.842,245.917,245.535,245.535,5891
2022-03-23 11:05:00,245.455,245.842,245.455,245.674,5146
2022-03-23 11:10:00,245.716,245.902,245.684,245.902,5826
2022-03-23 11:15:00,245.674,245.951,245.535,245.951,6797
2022-03-23 11:20:00,245.942,246.081,245.823,246.081,3698
2022-03-23 11:25:00,246.17,246.438,245.972,246.235,3738
2022-03-23 11:30:00,246.299,246.647,246.289,246.374,8010
2022-03-23 11:35:00,246.269,246.289,245.872,245.872,7009
2022-03-23 11:40:00,245.922,245.922,245.753,245.842,3786
2022-03-23 11:45:00,245.852,245.852,245.659,245.669,4788
2022-03-23 11:50:00,245.753,245.857,245.594,245.857,4729
2022-03-23 11:55:00,246.115,246.115,245.837,245.952,6544
2022-03-23 12:00:00,245.892,245.892,245.594,245.689,2121
2022-03-23 12:05:00,245.803,246.369,245.803,246.091,7936
2022-03-23 12:10:00,246.076,246.22,245.813,246.16,8887
2022-03-23 12:15:00,246.076,246.076,245.634,245.872,5087
2022-03-23 12:20:00,246.091,246.309,245.942,246.22,4656
2022-03-23 12:25:00,246.284,246.284,246.12,246.12,1818
2022-03-23 12:30:00,246.039,246.061,245.733,245.952,9314
2022-03-23 12:35:00,245.971,246.096,245.835,245.932,6317
2022-03-23 12:40:00,245.852,245.937,245.713,245.937,4166
2022-03-23 12:45:00,245.834,246.309,245.834,246.101,33216
2022-03-23 12:50:00,246.001,246.294,245.803,246.19,7712
2022-03-23 12:55:00,246.16,246.289,246.145,246.244,3291
2022-03-23 13:00:00,246.11,246.786,246.001,246.766,11703
2022-03-23 13:05:00,246.597,246.602,246.106,246.18,7519
2022-03-23 13:10:00,246.19,246.383,246.165,246.249,4864
2022-03-23 13:15:00,246.239,246.274,245.952,246.021,5908
2022-03-23 13:20:00,246.026,246.13,245.813,245.852,8802
2022-03-23 13:25:00,245.922,245.947,245.64,245.862,13880
2022-03-23 13:30:00,245.753,246.135,245.624,245.768,32771
2022-03-23 13:35:00,245.763,246.091,245.664,245.986,22133
2022-03-23 13:40:00,245.986,246.195,245.882,246.041,4529
2022-03-23 13:45:00,246.011,246.011,245.584,245.584,3956
2022-03-23 13:50:00,245.366,245.455,245.118,245.217,4685
2022-03-23 13:55:00,245.207,245.679,245.207,245.594,11541
2022-03-23 14:00:00,245.703,246.041,245.644,245.943,8438
2022-03-23 14:05:00,246.031,246.309,245.952,246.19,8774
2022-03-23 14:10:00,246.155,246.21,245.788,245.788,7105
2022-03-23 14:15:00,245.778,245.832,245.495,245.684,12582
2022-03-23 14:20:00,245.644,246.081,245.644,246.081,10615
2022-03-23 14:25:00,246.214,246.214,246.061,246.071,9454
2022-03-23 14:30:00,246.061,246.309,246.051,246.205,7982
2022-03-23 14:35:00,246.11,246.185,245.813,245.813,25147
2022-03-23 14:40:00,245.614,245.912,245.346,245.912,15086
2022-03-23 14:45:00,245.968,246.011,245.856,245.902,4374
2022-03-23 14:50:00,245.962,246.081,245.892,245.981,4818
2022-03-23 14:55:00,246.001,246.14,245.773,245.932,13099
2022-03-23 15:00:00,245.892,245.892,245.411,245.411,14356
2022-03-23 15:05:00,245.525,245.773,245.396,245.659,13510
2022-03-23 15:10:00,245.555,245.962,245.406,245.624,33862
2022-03-23 15:15:00,245.664,245.842,245.574,245.803,23840
2022-03-23 15:20:00,245.773,245.971,245.713,245.748,17136
2022-03-23 15:25:00,245.654,245.942,245.654,245.912,13356
2022-03-23 15:30:00,245.892,246.092,245.892,246.075,7928
2022-03-23 15:35:00,246.071,246.11,245.386,245.396,13723
2022-03-23 15:40:00,245.406,245.525,245.018,245.356,21942
2022-03-23 15:45:00,245.296,245.813,245.237,245.783,31123
2022-03-23 15:50:00,245.852,246.13,245.723,245.852,24036
2022-03-23 15:55:00,245.917,245.917,245.475,245.525,34377
2022-03-23 16:00:00,245.564,246.001,245.564,245.793,100607
2022-03-23 16:05:00,245.852,245.852,245.852,245.852,14912
2022-03-23 17:20:00,245.217,245.217,245.217,245.217,163
2022-03-24 09:35:00,246.666,247.232,245.326,245.599,24346
2022-03-24 09:40:00,245.694,246.557,245.694,246.21,13054
2022-03-24 09:45:00,246.12,246.82,245.971,246.339,6699
2022-03-24 09:50:00,246.299,246.666,246.061,246.21,24206
2022-03-24 09:55:00,246.235,246.369,244.82,245.713,25635
2022-03-24 10:00:00,245.842,245.842,245.217,245.42,6867
2022-03-24 10:05:00,245.336,246.349,245.291,245.971,9398
2022-03-24 10:10:00,245.981,246.22,245.713,246.195,17866
2022-03-24 10:15:00,246.21,246.21,245.932,246.061,11872
2022-03-24 10:20:00,246.091,246.329,245.927,245.927,10029
2022-03-24 10:25:00,245.971,246.269,245.971,246.21,9883
2022-03-24 10:30:00,246.258,246.309,246.061,246.21,10955
2022-03-24 10:35:00,246.21,246.428,246.19,246.428,12502
2022-03-24 10:40:00,246.468,246.508,246.101,246.12,7966
2022-03-24 10:45:00,246.101,246.518,245.912,246.458,17636
2022-03-24 10:50:00,246.463,246.508,246.274,246.339,11005
2022-03-24 10:55:00,246.13,246.279,245.907,246.244,11101
2022-03-24 11:00:00,246.409,246.409,245.952,245.981,7898
2022-03-24 11:05:00,245.991,246.721,245.912,246.021,13579
2022-03-24 11:10:00,246.15,246.15,245.604,245.892,14937
2022-03-24 11:15:00,245.694,246.324,245.694,246.096,9248
2022-03-24 11:20:00,246.12,246.23,245.892,246.066,10141
2022-03-24 11:25:00,246.061,246.249,245.981,246.061,8288
2022-03-24 11:30:00,246.044,246.557,245.907,246.557,12713
2022-03-24 11:35:00,246.587,246.637,246.349,246.478,11866
2022-03-24 11:40:00,246.483,246.835,246.24,246.597,17760
2022-03-24 11:45:00,246.696,247.113,246.676,247.024,6360
2022-03-24 11:50:00,246.979,247.401,246.934,247.193,7530
2022-03-24 11:55:00,247.054,247.203,246.895,247.203,11532
2022-03-24 12:00:00,247.232,247.481,247.123,247.272,8586
2022-03-24 12:05:00,247.292,247.451,247.083,247.346,8124
2022-03-24 12:10:00,247.153,247.366,247.034,247.242,7878
2022-03-24 12:15:00,247.203,247.5,247.198,247.411,8624
2022-03-24 12:20:00,247.332,247.343,247.004,247.148,6773
2022-03-24 12:25:00,247.143,247.406,246.949,246.949,7385
2022-03-24 12:30:00,246.895,247.203,246.835,247.093,13431
2022-03-24 12:35:00,247.093,247.138,246.676,246.766,12888
2022-03-24 12:40:00,246.617,247.153,246.617,247.103,10511
2022-03-24 12:45:00,247.044,247.297,246.964,247.297,11567
2022-03-24 12:50:00,247.351,247.351,246.979,246.979,7348
2022-03-24 12:55:00,247.064,247.163,247.044,247.088,5925
2022-03-24 13:00:00,247.098,247.098,246.939,246.939,5143
2022-03-24 13:05:00,246.934,247.242,246.835,246.885,18015
2022-03-24 13:10:00,246.974,247.064,246.726,246.81,6708
2022-03-24 13:15:00,246.875,247.128,246.855,246.964,9106
2022-03-24 13:20:00,247.014,247.123,246.954,247.123,8724
2022-03-24 13:25:00,247.103,247.173,246.974,247.073,7308
2022-03-24 13:30:00,247.113,247.292,246.905,246.964,17865
2022-03-24 13:35:00,246.915,247.188,246.855,247.188,19660
2022-03-24 13:40:00,247.014,247.193,246.974,247.024,12930
2022-03-24 13:45:00,246.999,247.198,246.925,247.004,24526
2022-03-24 13:50:00,247.034,247.262,247.014,247.262,10894
2022-03-24 13:55:00,247.222,247.322,247.153,247.292,11905
2022-03-24 14:00:00,247.292,247.479,247.203,247.361,14175
2022-03-24 14:05:00,247.302,247.451,247.173,247.441,13383
2022-03-24 14:10:00,247.322,247.361,247.148,247.247,11540
2022-03-24 14:15:00,247.203,247.619,247.103,247.272,35456
2022-03-24 14:20:00,247.222,247.322,247.097,247.212,12937
2022-03-24 14:25:00,247.153,247.163,246.86,246.92,11025
2022-03-24 14:30:00,246.925,247.043,246.925,246.934,7301
2022-03-24 14:35:00,246.944,246.944,246.597,246.597,5553
2022-03-24 14:40:00,246.582,246.637,246.379,246.637,9824
2022-03-24 14:45:00,246.607,246.925,246.607,246.925,8251
2022-03-24 14:50:00,246.865,247.193,246.607,246.607,37958
2022-03-24 14:55:00,246.657,247.247,246.657,247.247,10746
2022-03-24 15:00:00,247.252,247.55,247.143,247.232,11572
2022-03-24 15:05:00,247.163,247.351,247.088,247.252,11255
2022-03-24 15:10:00,247.262,247.271,247.133,247.188,7975
2022-03-24 15:15:00,247.133,247.322,247.133,247.222,7352
2022-03-24 15:20:00,247.108,247.312,247.049,247.302,10556
2022-03-24 15:25:00,247.312,247.411,247.272,247.371,9785
2022-03-24 15:30:00,247.421,247.51,247.322,247.431,8250
2022-03-24 15:35:00,247.482,247.482,247.024,247.163,14434
2022-03-24 15:40:00,247.163,247.292,247.138,247.222,24214
2022-03-24 15:45:00,247.232,247.342,247.103,247.247,17504
2022-03-24 15:50:00,247.252,247.471,247.252,247.441,26829
2022-03-24 15:55:00,247.461,248.205,247.411,248.081,74239
2022-03-24 16:00:00,247.897,248.156,247.649,248.126,153508
2022-03-24 16:05:00,248.126,248.126,248.126,248.126,9990
2022-03-25 09:35:00,247.49,248.98,246.974,247.553,34902
2022-03-25 09:40:00,247.758,247.758,246.627,246.815,12938
2022-03-25 09:45:00,246.607,246.791,245.624,245.967,9306
2022-03-25 09:50:00,246.18,246.795,246.021,246.508,8649
2022-03-25 09:55:00,246.527,246.647,245.788,245.967,21990
2022-03-25 10:00:00,245.971,246.379,245.664,246.21,53561
2022-03-25 10:05:00,246.269,246.642,245.652,245.659,34592
2022-03-25 10:10:00,245.793,246.312,245.674,246.312,8510
2022-03-25 10:15:00,246.165,246.738,246.165,246.738,3917
2022-03-25 10:20:00,246.617,246.924,246.617,246.761,4274
2022-03-25 10:25:00,246.617,247.193,246.567,247.173,7420
2022-03-25 10:30:00,247.073,247.113,246.374,246.885,7215
2022-03-25 10:35:00,247.088,247.471,247.024,247.431,10697
2022-03-25 10:40:00,247.401,247.768,247.401,247.595,9495
2022-03-25 10:45:00,247.351,247.401,247.153,247.277,4105
2022-03-25 10:50:00,247.227,247.391,247.133,247.391,5094
2022-03-25 10:55:00,247.342,247.654,247.242,247.351,9192
2022-03-25 11:00:00,247.431,247.907,247.342,247.649,9018
2022-03-25 11:05:00,247.631,247.631,247.093,247.282,6780
2022-03-25 11:10:00,247.207,247.287,246.552,246.657,6461
2022-03-25 11:15:00,246.279,246.369,245.872,246.051,5816
2022-03-25 11:20:00,246.053,246.319,246.053,246.23,5687
2022-03-25 11:25:00,246.18,246.18,245.584,245.584,3881
2022-03-25 11:30:00,245.624,245.624,244.716,244.879,16750
2022-03-25 11:35:00,244.82,245.058,244.512,245.018,14350
2022-03-25 11:40:00,244.939,245.455,244.899,245.445,7952
2022-03-25 11:45:00,245.475,246.051,245.46,245.803,6267
2022-03-25 11:50:00,246.13,246.254,245.619,245.699,6183
2022-03-25 11:55:00,245.574,245.942,245.574,245.684,5263
2022-03-25 12:00:00,245.545,245.604,245.157,245.202,3966
2022-03-25 12:05:00,245.212,245.406,245.138,245.138,7682
2022-03-25 12:10:00,245.306,246.051,245.296,245.847,7668
2022-03-25 12:15:00,245.962,245.962,245.713,245.758,4265
2022-03-25 12:20:00,245.773,245.793,245.49,245.515,5168
2022-03-25 12:25:00,245.475,245.475,245.068,245.098,3909
2022-03-25 12:30:00,245.128,245.133,244.731,244.989,5908
2022-03-25 12:35:00,244.979,245.023,244.731,244.86,6409
2022-03-25 12:40:00,244.83,244.989,244.398,244.398,12966
2022-03-25 12:45:00,244.532,244.75,244.443,244.453,3177
2022-03-25 12:50:00,244.383,244.681,244.373,244.611,9717
2022-03-25 12:55:00,244.716,244.77,244.373,244.403,2959
2022-03-25 13:00:00,244.423,244.661,244.423,244.592,2563
2022-03-25 13:05:00,244.572,244.77,244.224,244.74,11153
2022-03-25 13:10:00,244.587,244.701,244.472,244.577,2562
2022-03-25 13:15:00,244.532,244.532,243.887,243.887,11383
2022-03-25 13:20:00,243.887,244.363,243.887,244.279,13383
2022-03-25 13:25:00,244.403,244.423,243.777,243.777,5255
2022-03-25 13:30:00,243.842,243.946,243.619,243.797,14629
2022-03-25 13:35:00,243.847,244.353,243.847,244.353,7152
2022-03-25 13:40:00,244.343,244.453,244.075,244.368,16105
2022-03-25 13:45:00,244.368,244.408,243.906,244.304,7858
2022-03-25 13:50:00,244.204,244.289,244.1,244.16,4544
2022-03-25 13:55:00,244.155,244.31,244.045,244.194,5524
2022-03-25 14:00:00,244.184,244.224,244.021,244.209,5640
2022-03-25 14:05:00,244.045,244.284,244.045,244.135,6133
2022-03-25 14:10:00,244.204,244.314,244.016,244.314,7230
2022-03-25 14:15:00,244.423,244.448,244.214,244.343,9088
2022-03-25 14:20:00,244.383,244.492,244.343,244.413,6877
2022-03-25 14:25:00,244.423,244.671,244.368,244.512,5739
2022-03-25 14:30:00,244.447,244.611,244.408,244.582,7427
2022-03-25 14:35:00,244.651,244.651,244.289,244.343,5333
2022-03-25 14:40:00,244.204,244.264,243.916,244.145,11804
2022-03-25 14:45:00,244.155,244.194,244.026,244.175,7414
2022-03-25 14:50:00,244.175,244.194,243.887,244.055,4498
2022-03-25 14:55:00,244.026,244.085,243.718,243.718,9353
2022-03-25 15:00:00,243.787,243.986,243.787,243.877,13845
2022-03-25 15:05:00,243.857,243.857,243.579,243.658,17144
2022-03-25 15:10:00,243.753,243.753,243.142,243.142,11516
2022-03-25 15:15:00,243.102,243.728,243.092,243.629,27592
2022-03-25 15:20:00,243.688,243.728,243.442,243.609,10330
2022-03-25 15:25:00,243.589,243.589,243.107,243.187,11940
2022-03-25 15:30:00,243.192,243.271,242.844,242.864,23830
2022-03-25 15:35:00,242.849,243.013,242.695,242.934,13555
2022-03-25 15:40:00,242.904,243.092,242.725,242.725,21047
2022-03-25 15:45:00,242.795,243.182,242.775,242.824,26380
2022-03-25 15:50:00,242.874,243.063,242.775,243.028,28693
2022-03-25 15:55:00,243.212,243.38,242.993,243.142,50911
2022-03-25 16:00:00,243.167,243.46,243.013,243.44,119241
2022-03-25 16:05:00,243.44,243.44,243.44,243.44,26032
2022-03-28 09:15:00,244.592,245.217,243.966,245.217,1171
2022-03-28 09:20:00,245.217,245.267,245.217,245.217,1677
2022-03-28 09:30:00,244.969,245.971,244.969,245.971,2040
2022-03-28 09:35:00,243.768,243.976,242.953,243.341,20856
2022-03-28 09:40:00,243.797,243.797,242.35,242.745,11153
2022-03-28 09:45:00,242.943,243.797,242.805,242.889,22831
2022-03-28 09:50:00,242.814,244.984,242.805,244.959,29864
2022-03-28 09:55:00,244.855,244.949,244.254,244.264,21799
2022-03-28 10:00:00,244.373,244.949,244.209,244.592,14831
2022-03-28 10:05:00,244.587,244.587,243.609,244.353,13845
2022-03-28 10:10:00,244.512,244.582,243.847,243.857,36340
2022-03-28 10:15:00,243.867,243.867,243.311,243.46,8190
2022-03-28 10:20:00,243.4,243.668,243.202,243.539,11347
2022-03-28 10:25:00,243.569,243.569,242.957,243.137,8870
2022-03-28 10:30:00,243.197,243.326,242.884,243.033,9169
2022-03-28 10:35:00,243.142,243.212,242.988,242.988,10274
2022-03-28 10:40:00,243.043,243.197,243.013,243.033,3241
2022-03-28 10:45:00,243.082,243.688,242.894,243.624,7581
2022-03-28 10:50:00,243.698,244.512,243.658,244.403,10971
2022-03-28 10:55:00,244.502,244.869,243.936,243.936,14724
2022-03-28 11:00:00,243.936,244.731,243.936,244.731,9190
2022-03-28 11:05:00,244.85,244.899,244.085,244.343,13647
2022-03-28 11:10:00,244.234,244.8,244.155,244.706,11921
2022-03-28 11:15:00,244.879,245.306,244.879,245.068,7872
2022-03-28 11:20:00,245.147,245.296,244.999,245.12,9227
2022-03-28 11:25:00,245.187,245.346,244.825,245.187,12618
2022-03-28 11:30:00,245.242,245.445,244.959,245.167,11448
2022-03-28 11:35:00,245.202,245.286,244.373,244.601,8335
2022-03-28 11:40:00,244.512,244.631,244.368,244.428,6943
2022-03-28 11:45:00,244.413,244.701,244.393,244.562,7733
2022-03-28 11:50:00,244.492,244.492,243.286,243.286,9837
2022-03-28 11:55:00,243.271,243.471,242.973,242.973,16114
2022-03-28 12:00:00,243.053,243.251,242.973,242.973,8347
2022-03-28 12:05:00,242.904,243.266,242.904,243.266,6840
2022-03-28 12:10:00,243.266,243.351,242.924,242.934,7554
2022-03-28 12:15:00,242.958,243.063,242.755,242.879,10999
2022-03-28 12:20:00,242.953,243.063,242.561,242.73,19172
2022-03-28 12:25:00,242.884,243.36,242.884,243.217,7138
2022-03-28 12:30:00,243.221,243.41,242.78,242.869,13683
2022-03-28 12:35:00,242.934,243.341,242.934,243.241,7069
2022-03-28 12:40:00,243.45,243.519,243.048,243.321,6921
2022-03-28 12:45:00,243.311,243.698,243.271,243.698,5164
2022-03-28 12:50:00,243.549,243.877,243.42,243.857,11068
2022-03-28 12:55:00,243.972,244.214,243.887,244.204,8975
2022-03-28 13:00:00,244.284,244.358,244.165,244.175,7234
2022-03-28 13:05:00,244.279,244.403,244.279,244.328,5613
2022-03-28 13:10:00,244.328,244.328,243.678,244.095,12570
2022-03-28 13:15:00,244.095,244.294,244.026,244.294,6838
2022-03-28 13:20:00,244.314,244.849,244.314,244.81,7403
2022-03-28 13:25:00,244.855,244.939,244.74,244.939,11144
2022-03-28 13:30:00,244.939,244.939,244.621,244.83,19851
2022-03-28 13:35:00,244.865,244.865,244.601,244.686,10172
2022-03-28 13:40:00,244.631,245.038,244.631,245.038,8650
2022-03-28 13:45:00,245.167,245.259,244.974,245.053,8286
2022-03-28 13:50:00,245.098,245.217,244.939,245.053,5583
2022-03-28 13:55:00,245.018,245.252,244.989,245.252,5639
2022-03-28 14:00:00,245.257,245.286,245.018,245.286,6873
2022-03-28 14:05:00,245.217,245.242,245.058,245.167,8065
2022-03-28 14:10:00,245.272,245.634,245.227,245.515,11693
2022-03-28 14:15:00,245.535,245.594,245.247,245.247,11330
2022-03-28 14:20:00,245.247,245.475,245.237,245.306,7617
2022-03-28 14:25:00,245.277,245.411,245.257,245.341,6762
2022-03-28 14:30:00,245.286,245.505,245.187,245.505,9954
2022-03-28 14:35:00,245.495,245.569,245.222,245.237,7409
2022-03-28 14:40:00,245.187,245.237,245.058,245.103,8192
2022-03-28 14:45:00,245.098,245.197,244.939,245.197,13262
2022-03-28 14:50:00,245.157,245.306,245.157,245.306,4336
2022-03-28 14:55:00,245.455,245.842,245.455,245.773,7952
2022-03-28 15:00:00,245.748,246.21,245.526,246.21,9363
2022-03-28 15:05:00,246.096,246.101,245.832,245.902,11742
2022-03-28 15:10:00,245.872,246.359,245.852,246.314,8840
2022-03-28 15:15:00,246.388,246.388,246.247,246.388,8438
2022-03-28 15:20:00,246.428,246.468,246.16,246.16,10589
2022-03-28 15:25:00,246.19,246.637,246.19,246.488,11648
2022-03-28 15:30:00,246.547,246.647,246.448,246.597,11174
2022-03-28 15:35:00,246.557,246.982,246.537,246.982,16923
2022-03-28 15:40:00,246.954,246.994,246.731,246.83,21487
2022-03-28 15:45:00,246.89,247.709,246.885,247.699,37755
2022-03-28 15:50:00,247.669,247.724,247.173,247.719,52450
2022-03-28 15:55:00,247.679,247.947,247.55,247.947,55719
2022-03-28 16:00:00,247.957,248.811,247.798,248.771,158353
2022-03-28 16:05:00,248.771,248.771,248.771,248.771,18064
2022-03-29 08:05:00,251.561,251.72,251.561,251.72,2022
2022-03-29 08:50:00,252.067,252.067,252.067,252.067,200
2022-03-29 09:25:00,254.609,254.609,254.609,254.609,376
2022-03-29 09:30:00,255.323,258.193,255.323,258.183,4745
2022-03-29 09:35:00,257.18,260.789,256.525,259.444,115878
2022-03-29 09:40:00,259.483,260.883,259.255,260.536,60064
2022-03-29 09:45:00,260.923,261.111,260.287,260.675,66746
2022-03-29 09:50:00,260.923,262.517,260.779,261.697,35183
2022-03-29 09:55:00,261.603,262.084,260.585,260.68,21229
2022-03-29 10:00:00,260.76,261.072,260.387,260.933,30501
2022-03-29 10:05:00,260.823,260.823,258.987,259.131,29461
2022-03-29 10:10:00,259.064,259.324,258.52,259.002,27256
2022-03-29 10:15:00,259.131,259.3,258.054,258.183,19532
2022-03-29 10:20:00,258.312,258.322,257.428,257.522,22580
2022-03-29 10:25:00,257.428,258.158,257.096,257.819,13710
2022-03-29 10:30:00,257.82,258.312,257.696,258.297,16899
2022-03-29 10:35:00,258.431,258.952,258.361,258.778,32287
2022-03-29 10:40:00,258.778,258.783,257.994,258.168,15178
2022-03-29 10:45:00,258.163,258.203,257.319,257.547,14490
2022-03-29 10:50:00,257.587,258.173,257.557,257.825,21243
2022-03-29 10:55:00,257.855,258.133,257.855,258.113,26082
2022-03-29 11:00:00,258.113,258.193,257.339,257.339,18582
2022-03-29 11:05:00,257.319,257.835,257.051,257.096,13500
2022-03-29 11:10:00,256.952,256.952,256.272,256.758,16590
2022-03-29 11:15:00,256.753,256.753,255.323,255.403,15337
2022-03-29 11:20:00,255.492,256.296,255.492,256.167,19231
2022-03-29 11:25:00,256.182,256.182,254.996,255.145,18226
2022-03-29 11:30:00,255.125,255.75,255.08,255.582,34570
2022-03-29 11:35:00,255.512,255.74,255.284,255.691,9349
2022-03-29 11:40:00,255.75,255.75,255.204,255.204,11121
2022-03-29 11:45:00,255.254,255.373,255.016,255.373,12044
2022-03-29 11:50:00,255.358,255.393,254.827,255.333,17788
2022-03-29 11:55:00,255.338,255.502,255.125,255.502,13094
2022-03-29 12:00:00,255.482,255.582,255.219,255.582,12598
2022-03-29 12:05:00,255.532,255.532,255.145,255.323,13503
2022-03-29 12:10:00,255.333,255.438,255.065,255.065,15251
2022-03-29 12:15:00,255.175,255.274,254.931,255.264,9935
2022-03-29 12:20:00,255.363,255.592,255.065,255.065,12784
2022-03-29 12:25:00,255.145,255.194,254.907,254.981,11095
2022-03-29 12:30:00,254.936,254.976,254.619,254.842,10151
2022-03-29 12:35:00,254.842,254.877,254.465,254.777,15189
2022-03-29 12:40:00,254.768,255.165,254.673,254.996,11332
2022-03-29 12:45:00,255.115,255.443,255.11,255.294,9631
2022-03-29 12:50:00,255.403,255.651,255.343,255.621,10144
2022-03-29 12:55:00,255.592,255.919,255.338,255.423,15938
2022-03-29 13:00:00,255.482,255.85,255.482,255.793,10472
2022-03-29 13:05:00,255.805,255.805,255.316,255.512,9215
2022-03-29 13:10:00,255.423,255.423,254.941,255.036,11071
2022-03-29 13:15:00,255.105,255.492,255.105,255.289,8135
2022-03-29 13:20:00,255.259,255.492,255.224,255.363,7945
2022-03-29 13:25:00,255.224,255.244,254.926,255.075,9945
2022-03-29 13:30:00,255.105,255.492,254.971,255.467,20750
2022-03-29 13:35:00,255.482,255.482,254.926,255.204,11130
2022-03-29 13:40:00,255.348,256.138,255.348,256.058,21723
2022-03-29 13:45:00,255.86,255.884,255.502,255.74,34316
2022-03-29 13:50:00,255.77,255.919,255.492,255.691,9713
2022-03-29 13:55:00,255.641,255.82,255.373,255.676,14751
2022-03-29 14:00:00,255.676,255.768,255.492,255.661,12609
2022-03-29 14:05:00,255.651,255.8,255.517,255.601,12021
2022-03-29 14:10:00,255.482,255.482,255.1,255.333,13250
2022-03-29 14:15:00,255.413,255.681,255.413,255.492,7244
2022-03-29 14:20:00,255.517,255.517,255.041,255.09,8327
2022-03-29 14:25:00,255.155,255.224,254.857,255.184,14720
2022-03-29 14:30:00,255.264,255.279,255.06,255.194,7056
2022-03-29 14:35:00,255.16,255.562,254.936,255.492,14308
2022-03-29 14:40:00,255.628,255.909,255.582,255.76,9702
2022-03-29 14:45:00,255.74,256.068,255.721,255.939,9014
2022-03-29 14:50:00,255.87,255.889,255.453,255.78,11871
2022-03-29 14:55:00,255.666,256.356,255.666,256.202,13785
2022-03-29 15:00:00,256.237,256.644,256.138,256.579,13688
2022-03-29 15:05:00,256.505,257.056,256.326,257.056,14109
2022-03-29 15:10:00,257.056,257.637,256.991,257.577,46449
2022-03-29 15:15:00,257.592,257.726,257.428,257.493,39242
2022-03-29 15:20:00,257.527,257.835,257.518,257.706,29717
2022-03-29 15:25:00,257.731,257.736,257.349,257.567,30193
2022-03-29 15:30:00,257.547,258.153,257.547,258.133,39396
2022-03-29 15:35:00,258.133,258.292,257.989,258.252,30950
2022-03-29 15:40:00,258.232,258.391,257.959,257.984,28011
2022-03-29 15:45:00,257.984,258.014,257.547,257.776,26485
2022-03-29 15:50:00,257.85,258.034,257.632,257.835,37896
2022-03-29 15:55:00,257.805,258.123,257.617,257.934,58350
2022-03-29 16:00:00,257.984,258.212,257.349,257.468,140989
2022-03-29 16:05:00,257.478,257.478,257.478,257.478,13552
2022-03-29 16:35:00,257.478,257.478,257.478,257.478,440
2022-03-29 17:10:00,257.577,257.577,257.577,257.577,250
2022-03-30 08:40:00,255.026,255.026,254.986,254.986,1928
2022-03-30 09:35:00,255.145,256.247,253.298,253.685,41588
2022-03-30 09:40:00,253.536,254.341,252.176,252.931,22585
2022-03-30 09:45:00,252.981,253.745,252.752,253.189,17513
2022-03-30 09:50:00,253.467,254.579,253.159,254.172,38777
2022-03-30 09:55:00,254.341,255.17,254.341,254.814,33361
2022-03-30 10:00:00,254.822,255.477,254.619,255.477,10472
2022-03-30 10:05:00,255.467,255.8,254.688,254.688,14539
2022-03-30 10:10:00,254.569,254.569,253.869,254.202,7279
2022-03-30 10:15:00,254.231,254.48,253.502,253.502,12387
2022-03-30 10:20:00,253.517,253.678,252.613,252.683,11649
2022-03-30 10:25:00,252.802,253.229,252.459,252.464,5728
2022-03-30 10:30:00,252.603,253.139,252.484,252.99,9366
2022-03-30 10:35:00,252.712,252.881,252.603,252.603,8091
2022-03-30 10:40:00,252.559,252.722,252.3,252.578,10772
2022-03-30 10:45:00,252.583,252.593,251.769,252.509,14867
2022-03-30 10:50:00,252.703,252.931,252.583,252.871,14928
2022-03-30 10:55:00,252.767,253.03,252.618,252.673,9510
2022-03-30 11:00:00,252.732,252.911,252.39,252.554,12501
2022-03-30 11:05:00,252.564,253.08,252.464,252.837,9330
2022-03-30 11:10:00,252.708,252.762,252.276,252.514,10189
2022-03-30 11:15:00,252.434,252.474,251.581,251.68,14438
2022-03-30 11:20:00,251.69,252.077,251.69,252.077,12787
2022-03-30 11:25:00,252.072,252.072,251.407,251.407,7496
2022-03-30 11:30:00,251.506,252.286,251.432,252.127,13718
2022-03-30 11:35:00,252.097,252.147,251.511,251.511,14436
2022-03-30 11:40:00,251.546,251.879,251.546,251.72,8468
2022-03-30 11:45:00,251.749,251.769,251.367,251.67,9230
2022-03-30 11:50:00,251.61,251.779,251.471,251.566,4744
2022-03-30 11:55:00,251.809,251.888,251.64,251.784,8644
2022-03-30 12:00:00,251.779,251.983,251.764,251.918,8215
2022-03-30 12:05:00,251.993,252.474,251.938,252.072,7650
2022-03-30 12:10:00,251.829,251.958,251.268,251.444,6602
2022-03-30 12:15:00,251.452,251.948,251.318,251.834,8639
2022-03-30 12:20:00,251.74,251.864,251.511,251.864,5759
2022-03-30 12:25:00,251.898,252.013,251.74,252.013,9526
2022-03-30 12:30:00,252.013,252.196,251.814,252.082,9429
2022-03-30 12:35:00,252.256,252.291,251.913,252.037,6841
2022-03-30 12:40:00,252.072,252.246,252.003,252.236,5468
2022-03-30 12:45:00,252.305,252.697,252.176,252.573,6707
2022-03-30 12:50:00,252.578,252.578,252.117,252.166,6151
2022-03-30 12:55:00,252.137,252.415,252.062,252.286,5034
2022-03-30 13:00:00,252.256,252.335,252.018,252.112,6950
2022-03-30 13:05:00,252.107,252.147,251.749,251.784,8632
2022-03-30 13:10:00,251.685,251.749,251.551,251.561,7562
2022-03-30 13:15:00,251.61,251.63,251.372,251.63,7629
2022-03-30 13:20:00,251.71,251.72,251.025,251.215,9715
2022-03-30 13:25:00,251.169,251.243,250.826,250.995,5159
2022-03-30 13:30:00,251.022,251.094,250.876,250.935,8313
2022-03-30 13:35:00,250.891,251.213,250.796,251.139,6790
2022-03-30 13:40:00,251.104,251.184,250.836,250.96,6178
2022-03-30 13:45:00,250.876,250.975,250.796,250.841,6212
2022-03-30 13:50:00,250.841,250.841,250.419,250.786,13804
2022-03-30 13:55:00,250.687,250.796,250.469,250.697,8339
2022-03-30 14:00:00,250.647,250.672,250.414,250.504,8561
2022-03-30 14:05:00,250.504,251.382,250.504,251.223,12295
2022-03-30 14:10:00,251.208,251.481,251.084,251.452,6735
2022-03-30 14:15:00,251.496,251.63,251.243,251.323,9695
2022-03-30 14:20:00,251.243,251.263,250.796,250.965,8724
2022-03-30 14:25:00,250.975,251.084,250.816,250.955,10362
2022-03-30 14:30:00,251.045,251.05,250.786,250.866,5427
2022-03-30 14:35:00,250.841,251.283,250.796,251.283,8219
2022-03-30 14:40:00,251.333,251.501,251.233,251.318,16538
2022-03-30 14:45:00,251.323,251.427,250.935,251.124,9830
2022-03-30 14:50:00,251.114,251.217,250.826,250.826,9441
2022-03-30 14:55:00,250.697,250.752,250.37,250.677,13614
2022-03-30 15:00:00,250.707,250.965,250.692,250.965,10496
2022-03-30 15:05:00,250.94,250.94,250.752,250.891,5365
2022-03-30 15:10:00,250.995,251.05,250.896,250.965,7211
2022-03-30 15:15:00,250.985,251.074,250.801,251.074,10913
2022-03-30 15:20:00,251.144,251.194,250.772,250.892,8931
2022-03-30 15:25:00,250.856,250.906,250.538,250.553,11216
2022-03-30 15:30:00,250.548,250.881,250.489,250.762,13443
2022-03-30 15:35:00,250.697,250.945,250.598,250.672,12764
2022-03-30 15:40:00,250.697,250.925,250.538,250.578,16215
2022-03-30 15:45:00,250.518,251.005,250.409,250.971,20340
2022-03-30 15:50:00,250.935,251.347,250.757,250.757,24992
2022-03-30 15:55:00,250.667,250.786,250.484,250.707,31558
2022-03-30 16:00:00,250.717,251.422,250.697,251.362,87893
2022-03-30 16:05:00,251.184,251.184,251.184,251.184,21978
2022-03-30 16:30:00,251.184,251.184,251.184,251.184,423
2022-03-31 09:35:00,251.622,251.968,251.005,251.114,35307
2022-03-31 09:40:00,251.109,251.109,249.615,249.933,16508
2022-03-31 09:45:00,250.047,251.055,250.032,250.638,21543
2022-03-31 09:50:00,250.667,251.333,250.161,250.628,16484
2022-03-31 09:55:00,250.985,251.174,249.893,250.171,7588
2022-03-31 10:00:00,250.151,250.945,250.032,250.861,17108
2022-03-31 10:05:00,250.762,251.015,249.843,249.843,13104
2022-03-31 10:10:00,249.943,250.28,249.883,250.032,13159
2022-03-31 10:15:00,249.943,250.896,249.943,250.638,8357
2022-03-31 10:20:00,250.816,251.124,250.767,251.055,9603
2022-03-31 10:25:00,251.124,251.635,251.074,251.61,10011
2022-03-31 10:30:00,251.749,253.159,251.7,252.881,21180
2022-03-31 10:35:00,252.881,253.566,252.881,253.517,12488
2022-03-31 10:40:00,253.655,253.656,252.832,253.0,10881
2022-03-31 10:45:00,253.0,253.358,252.922,253.278,11666
2022-03-31 10:50:00,253.02,253.437,253.0,253.308,8341
2022-03-31 10:55:00,253.348,253.596,253.348,253.417,6658
2022-03-31 11:00:00,253.487,253.626,253.417,253.437,12851
2022-03-31 11:05:00,253.358,253.596,253.149,253.149,8915
2022-03-31 11:10:00,253.169,253.278,253.08,253.258,8460
2022-03-31 11:15:00,253.298,253.443,253.169,253.189,7502
2022-03-31 11:20:00,253.249,253.249,252.99,253.115,8209
2022-03-31 11:25:00,253.08,253.159,252.911,252.971,10525
2022-03-31 11:30:00,252.911,252.936,252.216,252.248,9598
2022-03-31 11:35:00,252.286,252.454,251.958,251.958,10404
2022-03-31 11:40:00,252.013,252.097,251.764,252.097,9290
2022-03-31 11:45:00,252.003,252.425,252.003,252.375,5846
2022-03-31 11:50:00,252.305,252.355,251.978,252.355,7074
2022-03-31 11:55:00,252.196,252.484,252.186,252.454,10404
2022-03-31 12:00:00,252.474,252.643,252.067,252.286,13578
2022-03-31 12:05:00,252.335,252.663,252.3,252.365,5106
2022-03-31 12:10:00,252.286,252.613,252.256,252.454,4143
2022-03-31 12:15:00,252.4,252.444,252.118,252.137,7141
2022-03-31 12:20:00,252.008,252.202,251.978,252.018,5391
2022-03-31 12:25:00,251.918,252.166,251.874,251.993,5203
2022-03-31 12:30:00,251.859,251.879,251.422,251.422,4045
2022-03-31 12:35:00,251.452,251.561,251.397,251.422,8448
2022-03-31 12:40:00,251.313,251.73,251.313,251.486,8485
2022-03-31 12:45:00,251.422,251.72,251.422,251.61,6526
2022-03-31 12:50:00,251.67,251.749,251.283,251.288,5529
2022-03-31 12:55:00,251.342,251.342,250.737,250.806,6588
2022-03-31 13:00:00,250.816,251.035,250.808,250.846,10073
2022-03-31 13:05:00,250.826,250.866,250.628,250.677,14420
2022-03-31 13:10:00,250.628,250.677,250.231,250.479,9885
2022-03-31 13:15:00,250.484,250.517,250.37,250.37,10791
2022-03-31 13:20:00,250.374,250.374,249.982,250.231,11269
2022-03-31 13:25:00,250.197,250.227,250.022,250.146,10197
2022-03-31 13:30:00,250.151,250.556,250.151,250.464,8418
2022-03-31 13:35:00,250.419,250.638,250.3,250.409,11905
2022-03-31 13:40:00,250.33,250.33,249.923,250.191,11714
2022-03-31 13:45:00,250.191,250.479,250.191,250.454,6843
2022-03-31 13:50:00,250.479,250.479,250.25,250.355,7035
2022-03-31 13:55:00,250.409,250.606,250.36,250.379,9129
2022-03-31 14:00:00,250.429,250.474,250.092,250.171,9857
2022-03-31 14:05:00,250.092,250.092,249.734,249.734,6855
2022-03-31 14:10:00,249.814,250.158,249.804,250.002,11167
2022-03-31 14:15:00,250.027,250.196,249.962,249.962,10553
2022-03-31 14:20:00,249.903,250.216,249.903,250.171,7060
2022-03-31 14:25:00,250.126,250.342,250.126,250.26,7151
2022-03-31 14:30:00,250.29,250.449,250.201,250.449,10032
2022-03-31 14:35:00,250.454,250.508,249.923,250.091,10685
2022-03-31 14:40:00,249.982,250.24,249.913,250.022,9491
2022-03-31 14:45:00,250.022,250.28,249.734,249.908,10233
2022-03-31 14:50:00,249.953,249.953,249.684,249.684,6783
2022-03-31 14:55:00,249.694,249.714,249.506,249.605,6766
2022-03-31 15:00:00,249.6,249.873,249.595,249.853,11417
2022-03-31 15:05:00,249.982,250.508,249.923,250.31,23205
2022-03-31 15:10:00,250.295,250.3,250.052,250.201,12966
2022-03-31 15:15:00,250.141,250.186,249.953,250.002,12937
2022-03-31 15:20:00,250.012,250.092,249.873,249.873,16223
2022-03-31 15:25:00,249.823,249.843,249.392,249.456,14910
2022-03-31 15:30:00,249.496,249.724,249.456,249.724,24026
2022-03-31 15:35:00,249.754,249.893,249.411,249.481,49356
2022-03-31 15:40:00,249.476,250.032,249.476,249.729,32448
2022-03-31 15:45:00,249.684,249.804,249.322,249.337,31933
2022-03-31 15:50:00,249.347,249.516,249.039,249.039,45592
2022-03-31 15:55:00,249.168,249.446,249.039,249.099,51847
2022-03-31 16:00:00,249.029,249.059,248.027,248.046,197045
2022-03-31 16:05:00,247.818,247.818,247.818,247.818,184928
2022-03-31 16:10:00,247.818,247.818,247.818,247.818,4224
2022-03-31 16:35:00,247.818,247.818,247.818,247.818,13191
2022-03-31 16:40:00,247.818,247.818,247.818,247.818,116
2022-04-01 09:35:00,249.545,250.528,248.116,249.168,45864
2022-04-01 09:40:00,249.541,249.962,248.275,248.528,9460
2022-04-01 09:45:00,248.632,248.751,247.838,248.109,16582
2022-04-01 09:50:00,248.161,249.555,248.056,249.555,8969
2022-04-01 09:55:00,249.397,249.953,249.277,249.898,7913
2022-04-01 10:00:00,249.879,250.856,249.879,250.498,8616
2022-04-01 10:05:00,250.757,251.521,250.27,250.717,15169
2022-04-01 10:10:00,250.518,251.025,250.518,250.667,13309
2022-04-01 10:15:00,250.687,251.194,250.687,251.194,6504
2022-04-01 10:20:00,251.293,251.471,250.201,250.25,12064
2022-04-01 10:25:00,250.136,250.141,249.625,249.704,10996
2022-04-01 10:30:00,249.863,249.883,249.277,249.277,7848
2022-04-01 10:35:00,249.337,250.469,249.294,250.33,10751
2022-04-01 10:40:00,250.469,250.578,250.29,250.523,21738
2022-04-01 10:45:00,250.568,250.796,250.449,250.628,17451
2022-04-01 10:50:00,250.647,251.462,250.573,251.323,15682
2022-04-01 10:55:00,251.372,251.745,251.203,251.491,10892
2022-04-01 11:00:00,251.442,251.521,251.159,251.352,10517
2022-04-01 11:05:00,251.263,251.397,251.045,251.045,8931
2022-04-01 11:10:00,251.134,251.541,251.04,251.496,11503
2022-04-01 11:15:00,251.452,251.948,251.372,251.486,11915
2022-04-01 11:20:00,251.352,251.655,251.303,251.655,8068
2022-04-01 11:25:00,251.61,251.769,251.03,251.308,10359
2022-04-01 11:30:00,251.352,251.471,250.935,250.985,9381
2022-04-01 11:35:00,251.005,251.025,250.36,250.548,9767
2022-04-01 11:40:00,250.598,250.598,250.33,250.598,6876
2022-04-01 11:45:00,250.489,250.538,250.037,250.101,11508
2022-04-01 11:50:00,250.082,250.687,250.082,250.325,10242
2022-04-01 11:55:00,250.265,250.737,250.161,250.657,5184
2022-04-01 12:00:00,250.623,250.623,249.992,250.201,17746
2022-04-01 12:05:00,250.28,250.489,250.101,250.221,4979
2022-04-01 12:10:00,250.151,250.171,249.913,250.171,7451
2022-04-01 12:15:00,250.191,250.588,250.127,250.487,6615
2022-04-01 12:20:00,250.429,250.767,250.31,250.588,5051
2022-04-01 12:25:00,250.717,250.945,250.677,250.677,5309
2022-04-01 12:30:00,250.737,250.876,250.628,250.777,5810
2022-04-01 12:35:00,250.677,250.707,250.32,250.464,10951
2022-04-01 12:40:00,250.419,250.444,249.923,250.399,9893
2022-04-01 12:45:00,250.3,251.144,250.231,251.144,8874
2022-04-01 12:50:00,251.074,251.074,250.518,250.558,6911
2022-04-01 12:55:00,250.587,250.896,250.36,250.757,5251
2022-04-01 13:00:00,250.777,250.945,250.687,250.786,8220
2022-04-01 13:05:00,250.697,250.856,250.618,250.777,6955
2022-04-01 13:10:00,250.757,251.198,250.737,250.985,9682
2022-04-01 13:15:00,250.965,251.263,250.965,251.263,7779
2022-04-01 13:20:00,251.333,251.481,251.293,251.481,5859
2022-04-01 13:25:00,251.467,251.531,250.965,251.313,9962
2022-04-01 13:30:00,251.392,251.407,251.094,251.407,7425
2022-04-01 13:35:00,251.323,251.898,251.223,251.839,11706
2022-04-01 13:40:00,251.799,252.474,251.799,252.405,9499
2022-04-01 13:45:00,252.325,252.752,252.216,252.643,9630
2022-04-01 13:50:00,252.593,252.593,252.226,252.38,12124
2022-04-01 13:55:00,252.35,252.494,252.305,252.454,10465
2022-04-01 14:00:00,252.467,252.941,252.467,252.807,15596
2022-04-01 14:05:00,252.822,253.268,252.757,253.189,10975
2022-04-01 14:10:00,253.268,253.472,253.05,253.169,17528
2022-04-01 14:15:00,253.169,253.378,253.04,253.328,13576
2022-04-01 14:20:00,253.333,253.437,253.01,253.01,11286
2022-04-01 14:25:00,253.03,253.134,252.742,252.742,17347
2022-04-01 14:30:00,252.782,253.033,252.564,252.807,30642
2022-04-01 14:35:00,252.85,252.971,252.727,252.936,11149
2022-04-01 14:40:00,252.936,252.981,252.395,252.549,27406
2022-04-01 14:45:00,252.624,252.842,252.434,252.464,12075
2022-04-01 14:50:00,252.425,252.573,252.176,252.266,12870
2022-04-01 14:55:00,252.241,252.295,252.057,252.211,17711
2022-04-01 15:00:00,252.246,252.305,251.849,252.022,10895
2022-04-01 15:05:00,252.047,252.593,251.943,252.514,9397
2022-04-01 15:10:00,252.375,252.559,252.246,252.256,11462
2022-04-01 15:15:00,252.304,252.439,252.157,252.385,13200
2022-04-01 15:20:00,252.454,252.564,251.968,251.968,9869
2022-04-01 15:25:00,251.918,252.157,251.839,251.993,18724
2022-04-01 15:30:00,252.027,252.047,251.804,251.948,8492
2022-04-01 15:35:00,251.859,252.087,251.74,251.888,12970
2022-04-01 15:40:00,251.883,252.008,251.72,251.789,15214
2022-04-01 15:45:00,251.68,252.047,251.531,251.819,22668
2022-04-01 15:50:00,251.829,251.968,251.635,251.918,35559
2022-04-01 15:55:00,251.988,253.09,251.988,252.99,62324
2022-04-01 16:00:00,252.911,253.527,252.842,253.318,131002
2022-04-01 16:05:00,253.368,253.368,253.368,253.368,67435
2022-04-01 16:30:00,253.417,253.417,253.417,253.417,2866
2022-04-01 16:35:00,253.368,253.368,253.368,253.368,6724
2022-04-04 09:30:00,252.961,252.961,251.74,251.74,900
2022-04-04 09:35:00,251.988,252.281,250.499,251.184,25554
2022-04-04 09:40:00,251.561,252.509,251.561,252.211,7296
2022-04-04 09:45:00,252.395,252.593,252.117,252.385,25467
2022-04-04 09:50:00,252.499,252.514,251.253,251.501,25046
2022-04-04 09:55:00,251.61,252.464,251.501,251.938,30393
2022-04-04 10:00:00,251.869,252.295,251.759,252.211,24077
2022-04-04 10:05:00,252.127,252.613,251.74,252.564,24412
2022-04-04 10:10:00,252.772,252.782,252.246,252.504,17543
2022-04-04 10:15:00,252.474,252.941,252.405,252.519,15759
2022-04-04 10:20:00,252.504,252.603,252.057,252.603,30374
2022-04-04 10:25:00,252.613,253.268,252.613,252.941,10416
2022-04-04 10:30:00,252.99,253.497,252.981,253.497,36973
2022-04-04 10:35:00,253.502,253.666,252.663,252.911,21247
2022-04-04 10:40:00,252.881,253.576,252.881,253.288,18093
2022-04-04 10:45:00,253.288,253.343,252.633,252.633,10270
2022-04-04 10:50:00,252.613,253.229,252.613,253.209,11780
2022-04-04 10:55:00,253.219,253.297,252.643,252.643,9786
2022-04-04 11:00:00,252.454,252.762,252.196,252.444,10546
2022-04-04 11:05:00,252.38,253.105,252.38,253.105,7704
2022-04-04 11:10:00,253.179,253.556,253.179,253.397,11053
2022-04-04 11:15:00,253.328,253.447,253.116,253.447,11383
2022-04-04 11:20:00,253.249,254.003,253.095,254.003,11370
2022-04-04 11:25:00,253.919,254.085,253.666,253.929,9094
2022-04-04 11:30:00,253.844,254.301,253.844,254.172,22152
2022-04-04 11:35:00,254.231,254.589,254.122,254.182,6966
2022-04-04 11:40:00,254.043,254.271,253.755,254.132,8485
2022-04-04 11:45:00,254.043,254.47,253.884,254.47,5851
2022-04-04 11:50:00,254.44,254.807,254.36,254.678,22880
2022-04-04 11:55:00,254.718,254.969,254.619,254.969,4094
2022-04-04 12:00:00,255.026,255.065,254.837,254.887,6037
2022-04-04 12:05:00,254.902,254.966,254.609,254.688,7973
2022-04-04 12:10:00,254.678,254.986,254.609,254.688,10309
2022-04-04 12:15:00,254.698,254.986,254.686,254.926,6707
2022-04-04 12:20:00,254.857,254.976,254.668,254.668,30082
2022-04-04 12:25:00,254.723,254.777,254.544,254.629,8503
2022-04-04 12:30:00,254.728,254.996,254.609,254.946,11262
2022-04-04 12:35:00,254.946,255.254,254.897,255.135,11779
2022-04-04 12:40:00,255.184,255.601,255.175,255.254,50108
2022-04-04 12:45:00,255.199,255.244,254.638,254.698,16532
2022-04-04 12:50:00,254.698,255.115,254.529,254.956,7626
2022-04-04 12:55:00,255.075,255.155,254.882,254.897,7263
2022-04-04 13:00:00,254.882,254.882,253.834,253.944,9373
2022-04-04 13:05:00,253.785,254.003,253.621,253.889,17418
2022-04-04 13:10:00,253.889,254.212,253.745,254.043,23116
2022-04-04 13:15:00,254.043,254.4,254.023,254.4,11012
2022-04-04 13:20:00,254.4,254.797,254.39,254.728,17658
2022-04-04 13:25:00,254.718,255.016,254.698,254.832,22350
2022-04-04 13:30:00,254.832,255.309,254.797,255.309,16169
2022-04-04 13:35:00,255.309,255.413,255.055,255.135,12606
2022-04-04 13:40:00,255.175,255.264,254.812,254.956,11950
2022-04-04 13:45:00,254.877,254.946,254.626,254.946,7586
2022-04-04 13:50:00,254.956,255.194,254.956,254.986,8472
2022-04-04 13:55:00,255.145,255.234,255.046,255.189,6297
2022-04-04 14:00:00,255.214,255.631,255.214,255.458,14543
2022-04-04 14:05:00,255.353,255.413,255.202,255.363,8906
2022-04-04 14:10:00,255.323,255.472,255.075,255.075,9376
2022-04-04 14:15:00,255.036,255.333,254.991,255.323,7697
2022-04-04 14:20:00,255.373,255.582,255.343,255.582,9647
2022-04-04 14:25:00,255.522,255.532,255.204,255.323,10626
2022-04-04 14:30:00,255.413,255.626,255.323,255.522,10050
2022-04-04 14:35:00,255.562,255.721,255.274,255.701,15484
2022-04-04 14:40:00,255.701,255.909,255.681,255.795,14196
2022-04-04 14:45:00,255.899,256.023,255.81,256.018,15351
2022-04-04 14:50:00,256.023,256.197,255.959,256.167,16674
2022-04-04 14:55:00,256.157,256.416,256.058,256.147,14399
2022-04-04 15:00:00,256.167,256.217,255.77,255.845,12167
2022-04-04 15:05:00,255.775,255.989,255.661,255.78,11201
2022-04-04 15:10:00,255.78,255.909,255.701,255.845,10123
2022-04-04 15:15:00,255.899,255.954,255.741,255.84,12531
2022-04-04 15:20:00,255.83,255.845,255.701,255.746,10738
2022-04-04 15:25:00,255.79,256.273,255.78,256.227,20034
2022-04-04 15:30:00,256.321,256.321,256.128,256.187,26133
2022-04-04 15:35:00,256.207,256.535,256.098,256.386,26427
2022-04-04 15:40:00,256.46,256.614,256.396,256.406,21563
2022-04-04 15:45:00,256.425,256.445,255.82,255.845,26937
2022-04-04 15:50:00,255.85,256.574,255.8,256.286,37601
2022-04-04 15:55:00,256.257,256.803,256.187,256.545,60121
2022-04-04 16:00:00,256.515,257.21,256.286,257.21,148142
2022-04-04 16:05:00,257.17,257.17,257.17,257.17,29073
2022-04-04 16:30:00,257.17,257.17,257.17,257.17,2943
2022-04-05 05:30:00,257.666,257.666,257.666,257.666,100
2022-04-05 05:50:00,257.706,257.706,257.686,257.706,320
2022-04-05 09:35:00,256.416,257.676,256.207,256.411,23509
2022-04-05 09:40:00,256.654,256.733,255.919,256.217,16823
2022-04-05 09:45:00,256.286,256.644,256.02,256.247,31408
2022-04-05 09:50:00,256.147,256.277,255.641,255.661,7768
2022-04-05 09:55:00,255.626,255.65,254.897,255.444,17082
2022-04-05 10:00:00,255.552,256.614,255.532,256.505,35689
2022-04-05 10:05:00,256.505,257.24,256.018,257.165,32956
2022-04-05 10:10:00,257.071,257.18,255.651,255.989,18089
2022-04-05 10:15:00,256.088,256.143,255.165,255.542,10337
2022-04-05 10:20:00,255.393,255.889,255.204,255.81,12890
2022-04-05 10:25:00,255.82,256.138,255.547,255.701,16108
2022-04-05 10:30:00,255.621,256.813,255.621,256.803,10620
2022-04-05 10:35:00,256.813,257.498,256.813,257.289,9756
2022-04-05 10:40:00,257.309,257.875,257.309,257.786,10243
2022-04-05 10:45:00,257.716,258.322,257.706,258.239,15267
2022-04-05 10:50:00,258.222,258.967,258.163,258.749,30957
2022-04-05 10:55:00,258.878,259.255,258.59,258.997,21406
2022-04-05 11:00:00,259.126,259.185,258.808,259.056,28387
2022-04-05 11:05:00,259.116,259.185,258.888,258.902,15074
2022-04-05 11:10:00,259.007,259.007,258.562,258.754,15327
2022-04-05 11:15:00,258.754,259.146,258.61,259.136,13986
2022-04-05 11:20:00,259.151,259.161,258.59,258.808,16449
2022-04-05 11:25:00,258.897,259.156,258.897,259.076,12551
2022-04-05 11:30:00,259.022,259.151,258.788,258.858,13497
2022-04-05 11:35:00,258.9,259.185,258.798,259.146,13813
2022-04-05 11:40:00,259.151,259.151,258.53,258.575,20455
2022-04-05 11:45:00,258.53,258.828,258.5,258.828,6394
2022-04-05 11:50:00,258.768,258.768,258.361,258.639,9171
2022-04-05 11:55:00,258.54,259.126,258.54,259.116,9891
2022-04-05 12:00:00,259.106,259.146,258.897,259.027,7862
2022-04-05 12:05:00,259.056,259.116,258.719,258.987,10051
2022-04-05 12:10:00,259.106,259.414,258.987,258.987,18332
2022-04-05 12:15:00,259.036,259.036,258.203,258.441,5803
2022-04-05 12:20:00,258.391,258.52,258.103,258.103,10031
2022-04-05 12:25:00,258.123,258.247,257.845,258.143,10398
2022-04-05 12:30:00,258.083,258.565,257.87,258.56,10315
2022-04-05 12:35:00,258.51,258.798,258.421,258.798,10414
2022-04-05 12:40:00,258.719,259.066,258.6,259.036,12226
2022-04-05 12:45:00,258.967,258.977,258.58,258.749,7946
2022-04-05 12:50:00,258.868,258.937,258.5,258.808,12136
2022-04-05 12:55:00,258.848,259.265,258.778,259.245,11301
2022-04-05 13:00:00,259.309,259.374,259.185,259.334,10328
2022-04-05 13:05:00,259.394,259.437,259.195,259.437,6920
2022-04-05 13:10:00,259.463,259.786,259.359,259.702,9817
2022-04-05 13:15:00,259.93,260.228,259.821,260.158,20120
2022-04-05 13:20:00,260.163,260.411,259.99,260.265,25914
2022-04-05 13:25:00,260.287,260.287,259.91,259.92,7408
2022-04-05 13:30:00,259.86,259.86,259.046,259.046,11081
2022-04-05 13:35:00,259.076,259.076,258.788,258.917,12520
2022-04-05 13:40:00,258.952,259.056,258.878,258.977,6427
2022-04-05 13:45:00,258.917,258.917,258.629,258.634,14140
2022-04-05 13:50:00,258.649,258.768,258.59,258.689,7339
2022-04-05 13:55:00,258.699,258.699,258.232,258.411,9707
2022-04-05 14:00:00,258.322,258.59,258.322,258.441,10315
2022-04-05 14:05:00,258.411,258.471,258.143,258.312,8785
2022-04-05 14:10:00,258.332,258.58,258.332,258.57,10480
2022-04-05 14:15:00,258.58,258.649,258.406,258.6,6845
2022-04-05 14:20:00,258.585,258.739,258.49,258.719,7360
2022-04-05 14:25:00,258.729,258.798,258.252,258.312,15366
2022-04-05 14:30:00,258.332,258.332,257.696,257.815,14318
2022-04-05 14:35:00,257.845,257.885,257.567,257.567,15614
2022-04-05 14:40:00,257.547,257.617,257.408,257.438,13887
2022-04-05 14:45:00,257.508,257.508,257.279,257.359,20231
2022-04-05 14:50:00,257.299,257.339,257.031,257.11,18228
2022-04-05 14:55:00,257.11,257.14,256.902,257.11,12581
2022-04-05 15:00:00,257.12,257.21,256.823,256.902,17830
2022-04-05 15:05:00,256.971,256.991,256.664,256.664,13401
2022-04-05 15:10:00,256.694,256.694,256.485,256.624,13840
2022-04-05 15:15:00,256.604,256.703,256.356,256.479,13425
2022-04-05 15:20:00,256.535,256.713,256.406,256.485,17368
2022-04-05 15:25:00,256.455,256.753,256.227,256.713,23353
2022-04-05 15:30:00,256.738,256.738,256.445,256.445,20988
2022-04-05 15:35:00,256.48,256.505,256.187,256.187,25683
2022-04-05 15:40:00,256.187,256.694,256.088,256.376,31937
2022-04-05 15:45:00,256.366,256.396,255.919,255.969,35800
2022-04-05 15:50:00,255.999,255.999,255.095,255.095,48421
2022-04-05 15:55:00,255.085,256.267,254.991,256.068,68125
2022-04-05 16:00:00,256.098,256.356,255.84,256.108,155320
2022-04-05 16:05:00,256.108,256.108,256.108,256.108,12702
2022-04-06 09:35:00,254.063,254.916,252.464,254.579,23800
2022-04-06 09:40:00,254.837,255.294,253.791,255.135,8402
2022-04-06 09:45:00,254.753,255.14,254.341,254.604,99154
2022-04-06 09:50:00,254.956,255.601,254.609,255.383,6660
2022-04-06 09:55:00,255.338,255.393,254.063,255.284,11553
2022-04-06 10:00:00,255.214,255.552,255.145,255.383,9756
2022-04-06 10:05:00,255.194,255.592,254.629,255.338,17299
2022-04-06 10:10:00,255.259,255.671,255.085,255.155,15198
2022-04-06 10:15:00,255.001,255.234,254.768,254.986,6543
2022-04-06 10:20:00,255.006,255.74,255.006,255.601,16475
2022-04-06 10:25:00,255.611,256.803,255.552,256.803,15462
2022-04-06 10:30:00,256.505,256.515,255.929,256.157,11833
2022-04-06 10:35:00,256.277,256.277,254.678,254.763,31960
2022-04-06 10:40:00,254.837,254.966,254.41,254.47,21954
2022-04-06 10:45:00,254.301,254.346,253.725,253.795,11932
2022-04-06 10:50:00,253.78,254.122,253.675,253.795,9860
2022-04-06 10:55:00,253.839,253.859,253.229,253.477,10411
2022-04-06 11:00:00,253.566,253.715,253.229,253.334,8869
2022-04-06 11:05:00,253.159,253.656,253.159,253.407,13188
2022-04-06 11:10:00,253.338,253.497,253.11,253.368,11081
2022-04-06 11:15:00,253.517,254.023,253.417,253.477,7431
2022-04-06 11:20:00,253.576,253.702,253.517,253.536,7689
2022-04-06 11:25:00,253.457,253.834,253.348,253.834,7246
2022-04-06 11:30:00,253.755,253.951,253.541,253.785,7794
2022-04-06 11:35:00,253.765,254.033,253.576,253.576,8100
2022-04-06 11:40:00,253.606,253.755,253.482,253.497,5592
2022-04-06 11:45:00,253.308,253.934,253.308,253.695,9495
2022-04-06 11:50:00,253.805,254.152,253.497,253.795,8539
2022-04-06 11:55:00,253.874,254.053,253.383,253.383,11546
2022-04-06 12:00:00,253.517,253.666,253.457,253.566,10092
2022-04-06 12:05:00,253.566,253.904,253.566,253.884,6282
2022-04-06 12:10:00,253.864,254.241,253.834,253.958,10567
2022-04-06 12:15:00,253.879,254.102,253.834,253.944,3639
2022-04-06 12:20:00,253.904,254.221,253.824,254.221,6342
2022-04-06 12:25:00,254.013,254.375,253.973,254.375,5310
2022-04-06 12:30:00,254.478,254.961,254.478,254.904,4845
2022-04-06 12:35:00,254.907,254.936,254.609,254.787,6834
2022-04-06 12:40:00,254.658,254.847,254.658,254.698,5447
2022-04-06 12:45:00,254.857,255.105,254.857,255.105,2696
2022-04-06 12:50:00,255.055,255.453,255.016,255.413,11159
2022-04-06 12:55:00,255.363,255.552,255.224,255.512,8011
2022-04-06 13:00:00,255.522,255.929,255.472,255.929,5859
2022-04-06 13:05:00,255.9,255.909,255.81,255.899,4250
2022-04-06 13:10:00,255.919,256.053,255.611,255.79,7154
2022-04-06 13:15:00,255.85,256.009,255.835,255.909,6156
2022-04-06 13:20:00,255.979,256.213,255.929,256.187,6963
2022-04-06 13:25:00,256.157,256.604,256.128,256.604,10533
2022-04-06 13:30:00,256.545,256.932,256.502,256.842,11417
2022-04-06 13:35:00,256.763,256.793,256.366,256.505,12825
2022-04-06 13:40:00,256.515,256.713,256.207,256.713,7421
2022-04-06 13:45:00,256.713,257.686,256.703,257.657,12530
2022-04-06 13:50:00,257.587,257.726,257.036,257.379,16935
2022-04-06 13:55:00,257.398,257.547,257.051,257.051,9802
2022-04-06 14:00:00,257.051,257.577,257.051,257.289,14009
2022-04-06 14:05:00,257.12,258.694,256.674,258.193,26503
2022-04-06 14:10:00,257.905,258.203,257.637,257.915,55750
2022-04-06 14:15:00,257.845,257.934,256.996,257.091,30248
2022-04-06 14:20:00,256.942,257.463,256.584,257.463,19133
2022-04-06 14:25:00,257.637,258.069,257.418,258.054,19835
2022-04-06 14:30:00,257.974,258.411,257.805,258.014,19374
2022-04-06 14:35:00,257.989,259.086,257.781,258.883,27135
2022-04-06 14:40:00,259.007,259.583,258.699,259.096,48990
2022-04-06 14:45:00,259.096,259.463,258.932,259.463,29415
2022-04-06 14:50:00,259.444,259.741,259.324,259.424,18714
2022-04-06 14:55:00,259.672,259.88,259.583,259.776,13499
2022-04-06 15:00:00,259.776,260.516,259.776,260.446,15156
2022-04-06 15:05:00,260.456,260.774,260.456,260.565,17564
2022-04-06 15:10:00,260.496,260.635,260.208,260.575,23490
2022-04-06 15:15:00,260.665,261.161,260.627,260.948,33069
2022-04-06 15:20:00,260.938,261.24,260.724,260.724,25869
2022-04-06 15:25:00,260.764,260.769,260.297,260.486,19482
2022-04-06 15:30:00,260.536,260.575,260.074,260.188,20617
2022-04-06 15:35:00,260.089,260.347,259.762,260.168,26537
2022-04-06 15:40:00,260.119,260.645,260.009,260.536,27614
2022-04-06 15:45:00,260.536,261.042,260.307,260.967,31966
2022-04-06 15:50:00,260.883,261.608,260.814,261.291,54666
2022-04-06 15:55:00,261.34,261.747,260.883,260.933,59734
2022-04-06 16:00:00,260.962,261.429,260.625,260.625,144660
2022-04-06 16:05:00,260.734,260.734,260.734,260.734,35568
2022-04-06 16:25:00,260.734,260.734,260.734,260.734,566
2022-04-06 16:35:00,260.734,260.734,260.734,260.734,12006
2022-04-06 17:10:00,260.734,260.734,260.734,260.734,307
2022-04-07 09:35:00,259.374,259.374,258.461,258.897,23849
2022-04-07 09:40:00,258.56,260.039,257.835,259.98,14769
2022-04-07 09:45:00,260.074,260.074,259.086,259.086,11055
2022-04-07 09:50:00,258.977,259.334,258.356,258.888,11734
2022-04-07 09:55:00,258.927,259.503,258.629,259.156,11991
2022-04-07 10:00:00,259.18,259.682,258.997,259.478,12128
2022-04-07 10:05:00,259.314,259.364,257.2,257.2,9707
2022-04-07 10:10:00,257.329,257.776,257.17,257.776,15365
2022-04-07 10:15:00,257.428,257.567,257.091,257.567,7426
2022-04-07 10:20:00,257.562,258.351,257.428,258.342,18136
2022-04-07 10:25:00,258.193,258.193,256.599,256.634,9723
2022-04-07 10:30:00,256.599,257.374,256.5,256.753,16310
2022-04-07 10:35:00,256.981,257.979,256.981,257.716,11454
2022-04-07 10:40:00,257.657,257.766,257.096,257.448,15748
2022-04-07 10:45:00,257.408,257.408,256.763,257.2,7982
2022-04-07 10:50:00,257.19,257.706,257.19,257.657,7893
2022-04-07 10:55:00,257.696,258.069,257.518,257.607,12797
2022-04-07 11:00:00,257.686,257.835,257.279,257.835,8336
2022-04-07 11:05:00,257.835,258.183,257.443,257.766,18043
2022-04-07 11:10:00,257.825,257.865,257.408,257.443,14656
2022-04-07 11:15:00,257.19,257.379,256.952,257.031,14476
2022-04-07 11:20:00,257.036,257.13,256.495,256.798,16972
2022-04-07 11:25:00,256.768,257.031,256.604,256.604,12080
2022-04-07 11:30:00,256.594,257.081,256.594,256.773,19406
2022-04-07 11:35:00,256.773,256.996,256.465,256.773,14294
2022-04-07 11:40:00,256.778,257.264,256.778,257.23,19567
2022-04-07 11:45:00,257.101,257.716,257.101,257.711,8863
2022-04-07 11:50:00,257.766,258.282,257.622,257.944,13744
2022-04-07 11:55:00,257.974,258.778,257.974,258.282,13428
2022-04-07 12:00:00,258.282,258.49,258.203,258.361,12559
2022-04-07 12:05:00,258.287,258.441,258.232,258.232,7451
2022-04-07 12:10:00,258.122,258.391,258.093,258.302,9026
2022-04-07 12:15:00,258.381,258.997,258.381,258.848,8381
2022-04-07 12:20:00,258.863,259.404,258.778,259.404,16818
2022-04-07 12:25:00,259.305,259.612,259.265,259.354,12442
2022-04-07 12:30:00,259.156,259.265,258.798,258.798,5410
2022-04-07 12:35:00,258.778,259.002,258.759,259.002,13104
2022-04-07 12:40:00,259.017,259.563,258.917,259.161,14331
2022-04-07 12:45:00,259.106,259.255,259.007,259.018,13911
2022-04-07 12:50:00,259.096,259.146,258.897,258.967,19444
2022-04-07 12:55:00,258.997,259.463,258.997,259.24,7401
2022-04-07 13:00:00,259.235,259.533,259.166,259.215,12063
2022-04-07 13:05:00,259.007,259.007,258.59,258.848,10133
2022-04-07 13:10:00,258.868,259.435,258.853,259.394,9738
2022-04-07 13:15:00,259.344,260.019,259.344,259.751,7162
2022-04-07 13:20:00,259.756,260.357,259.756,260.287,10965
2022-04-07 13:25:00,260.397,260.575,260.347,260.507,9855
2022-04-07 13:30:00,260.516,260.784,260.446,260.446,13787
2022-04-07 13:35:00,260.357,260.496,260.109,260.436,10569
2022-04-07 13:40:00,260.431,260.724,260.372,260.407,34634
2022-04-07 13:45:00,260.426,260.506,260.317,260.332,12522
2022-04-07 13:50:00,260.347,260.501,260.074,260.129,16264
2022-04-07 13:55:00,260.099,260.287,259.96,260.243,16130
2022-04-07 14:00:00,260.218,261.231,260.218,261.231,15608
2022-04-07 14:05:00,261.072,261.449,261.072,261.211,8166
2022-04-07 14:10:00,261.022,261.022,260.704,260.754,7776
2022-04-07 14:15:00,260.754,261.165,260.754,261.116,9995
2022-04-07 14:20:00,261.067,261.067,260.372,260.536,10614
2022-04-07 14:25:00,260.456,260.903,260.456,260.895,9829
2022-04-07 14:30:00,260.903,261.379,260.685,260.685,10608
2022-04-07 14:35:00,260.62,260.943,260.62,260.799,9251
2022-04-07 14:40:00,260.699,260.784,260.575,260.784,5057
2022-04-07 14:45:00,260.843,260.843,260.367,260.541,13829
2022-04-07 14:50:00,260.486,260.903,260.377,260.843,18178
2022-04-07 14:55:00,260.838,261.211,260.838,261.211,10740
2022-04-07 15:00:00,261.33,261.598,261.231,261.578,15907
2022-04-07 15:05:00,261.489,261.806,261.399,261.786,18267
2022-04-07 15:10:00,261.727,262.114,261.687,262.114,24466
2022-04-07 15:15:00,262.089,262.174,261.866,261.882,13356
2022-04-07 15:20:00,261.846,262.079,261.786,261.985,13975
2022-04-07 15:25:00,261.906,261.935,261.566,261.608,21852
2022-04-07 15:30:00,261.657,262.025,261.657,261.975,12382
2022-04-07 15:35:00,262.035,262.278,261.975,262.194,20050
2022-04-07 15:40:00,262.213,262.213,261.707,262.005,20133
2022-04-07 15:45:00,261.985,262.124,261.757,262.079,21376
2022-04-07 15:50:00,262.045,262.303,261.762,261.99,34039
2022-04-07 15:55:00,261.856,262.055,261.489,261.548,44973
2022-04-07 16:00:00,261.479,261.965,261.399,261.925,183197
2022-04-07 16:05:00,261.925,261.925,261.925,261.925,22081
2022-04-07 16:35:00,261.925,261.925,261.925,261.925,115
2022-04-08 09:35:00,263.087,263.087,261.647,261.647,19666
2022-04-08 09:40:00,261.935,262.561,261.34,262.561,5575
2022-04-08 09:45:00,262.769,263.008,261.906,262.164,4205
2022-04-08 09:50:00,261.752,261.752,260.506,260.734,8580
2022-04-08 09:55:00,260.704,261.409,260.536,261.409,8623
2022-04-08 10:00:00,261.424,261.737,260.774,260.774,6577
2022-04-08 10:05:00,260.923,261.35,260.923,261.047,8332
2022-04-08 10:10:00,261.082,262.323,261.082,262.194,10272
2022-04-08 10:15:00,262.174,262.174,261.618,261.692,5096
2022-04-08 10:20:00,261.866,262.213,261.469,262.179,10238
2022-04-08 10:25:00,262.298,262.452,262.025,262.164,14829
2022-04-08 10:30:00,262.268,262.472,262.184,262.422,7054
2022-04-08 10:35:00,262.561,263.027,262.506,262.73,9288
2022-04-08 10:40:00,262.908,263.286,262.735,263.137,13366
2022-04-08 10:45:00,263.335,263.812,263.256,263.256,26286
2022-04-08 10:50:00,263.02,263.305,262.834,263.062,8200
2022-04-08 10:55:00,263.006,263.345,263.006,263.152,8015
2022-04-08 11:00:00,263.097,263.951,263.027,263.951,9648
2022-04-08 11:05:00,263.921,264.134,263.772,263.941,7926
2022-04-08 11:10:00,263.802,263.832,263.186,263.375,10061
2022-04-08 11:15:00,263.315,263.693,263.117,263.643,11067
2022-04-08 11:20:00,263.653,264.268,263.653,264.04,10357
2022-04-08 11:25:00,263.951,264.0,263.613,263.802,10150
2022-04-08 11:30:00,263.715,263.832,263.415,263.832,6288
2022-04-08 11:35:00,263.911,264.487,263.911,264.388,10443
2022-04-08 11:40:00,264.368,264.368,263.603,263.792,6711
2022-04-08 11:45:00,263.812,263.881,263.698,263.802,6105
2022-04-08 11:50:00,263.504,263.842,263.504,263.534,9699
2022-04-08 11:55:00,263.534,263.613,262.74,262.74,6422
2022-04-08 12:00:00,262.61,263.559,262.61,263.375,8828
2022-04-08 12:05:00,263.117,263.519,263.117,263.315,7274
2022-04-08 12:10:00,263.226,263.519,262.958,263.444,16354
2022-04-08 12:15:00,263.377,263.633,262.978,263.415,13311
2022-04-08 12:20:00,263.425,263.693,263.226,263.633,9288
2022-04-08 12:25:00,263.583,263.802,263.494,263.742,7561
2022-04-08 12:30:00,263.812,264.204,263.792,263.971,8739
2022-04-08 12:35:00,264.01,264.05,263.052,263.33,8025
2022-04-08 12:40:00,263.166,263.355,263.109,263.355,10542
2022-04-08 12:45:00,263.375,263.608,263.305,263.559,13170
2022-04-08 12:50:00,263.464,263.464,263.3,263.335,7289
2022-04-08 12:55:00,263.355,263.802,263.216,263.802,9984
2022-04-08 13:00:00,263.578,263.961,263.544,263.961,10417
2022-04-08 13:05:00,263.931,264.169,263.861,264.09,12566
2022-04-08 13:10:00,264.022,264.179,263.886,264.03,12899
2022-04-08 13:15:00,264.139,264.139,263.861,263.941,7241
2022-04-08 13:20:00,263.941,264.09,263.881,264.09,13258
2022-04-08 13:25:00,264.08,264.586,264.08,264.586,8653
2022-04-08 13:30:00,264.566,264.814,264.417,264.745,19935
2022-04-08 13:35:00,264.814,264.849,264.201,264.333,16313
2022-04-08 13:40:00,264.318,264.393,264.075,264.075,3602
2022-04-08 13:45:00,264.105,264.288,263.99,264.189,8319
2022-04-08 13:50:00,264.174,264.179,263.663,263.777,7953
2022-04-08 13:55:00,263.638,263.693,263.484,263.544,9146
2022-04-08 14:00:00,263.296,263.36,263.201,263.296,6460
2022-04-08 14:05:00,263.147,263.147,262.462,262.462,7193
2022-04-08 14:10:00,262.278,262.769,262.278,262.749,14452
2022-04-08 14:15:00,262.804,262.849,262.536,262.71,9100
2022-04-08 14:20:00,262.69,262.749,262.571,262.749,5119
2022-04-08 14:25:00,262.73,262.948,262.119,262.119,10568
2022-04-08 14:30:00,262.084,262.253,261.985,262.253,11521
2022-04-08 14:35:00,262.313,262.432,262.104,262.333,8561
2022-04-08 14:40:00,262.293,262.501,262.164,262.501,9557
2022-04-08 14:45:00,262.342,262.511,262.203,262.203,6928
2022-04-08 14:50:00,262.253,262.759,262.253,262.73,6395
2022-04-08 14:55:00,262.759,262.998,262.757,262.918,6277
2022-04-08 15:00:00,262.869,262.973,262.531,262.67,7772
2022-04-08 15:05:00,262.571,262.62,262.323,262.511,5318
2022-04-08 15:10:00,262.551,262.754,262.467,262.541,6812
2022-04-08 15:15:00,262.473,263.027,262.473,262.74,7872
2022-04-08 15:20:00,262.72,263.097,262.66,262.67,7031
2022-04-08 15:25:00,262.65,262.789,262.501,262.754,7739
2022-04-08 15:30:00,262.74,263.057,262.74,262.948,10713
2022-04-08 15:35:00,263.047,263.087,262.675,262.71,12777
2022-04-08 15:40:00,262.7,262.769,262.571,262.62,15933
2022-04-08 15:45:00,262.541,263.067,262.481,263.067,18759
2022-04-08 15:50:00,263.042,263.147,262.521,262.521,29880
2022-04-08 15:55:00,262.506,262.71,262.055,262.238,49646
2022-04-08 16:00:00,262.184,262.273,261.419,261.965,136997
2022-04-08 16:05:00,261.856,261.856,261.856,261.856,21387
2022-04-11 09:35:00,260.188,261.727,260.119,260.625,26812
2022-04-11 09:40:00,261.032,261.032,259.612,259.612,7381
2022-04-11 09:45:00,259.87,261.101,259.712,260.933,10270
2022-04-11 09:50:00,260.893,260.893,260.143,260.794,9247
2022-04-11 09:55:00,260.794,261.727,260.665,261.558,7708
2022-04-11 10:00:00,261.638,262.551,261.389,261.573,19233
2022-04-11 10:05:00,261.419,261.419,260.615,260.804,13258
2022-04-11 10:10:00,260.958,261.571,260.555,261.101,12810
2022-04-11 10:15:00,261.211,261.538,260.416,260.565,10726
2022-04-11 10:20:00,260.585,260.685,259.344,259.434,10546
2022-04-11 10:25:00,259.414,260.585,259.414,260.198,25775
2022-04-11 10:30:00,260.049,260.129,259.662,260.079,11504
2022-04-11 10:35:00,259.95,260.297,259.95,260.188,10520
2022-04-11 10:40:00,260.248,260.446,260.049,260.312,12746
2022-04-11 10:45:00,260.377,260.416,259.93,259.93,7904
2022-04-11 10:50:00,260.009,260.307,259.9,260.094,15653
2022-04-11 10:55:00,260.203,260.61,260.188,260.307,8039
2022-04-11 11:00:00,260.268,260.486,260.059,260.486,10879
2022-04-11 11:05:00,260.268,260.397,259.86,259.935,6180
2022-04-11 11:10:00,259.95,259.95,259.652,259.821,21147
2022-04-11 11:15:00,259.717,260.069,259.717,260.064,9978
2022-04-11 11:20:00,260.158,260.208,259.91,260.119,6216
2022-04-11 11:25:00,259.93,260.069,259.751,260.009,8618
2022-04-11 11:30:00,259.975,260.575,259.975,260.357,11135
2022-04-11 11:35:00,260.337,260.377,260.039,260.059,15730
2022-04-11 11:40:00,260.148,260.362,259.99,260.004,5894
2022-04-11 11:45:00,259.86,260.039,259.662,260.009,8052
2022-04-11 11:50:00,259.95,259.98,259.662,259.9,9315
2022-04-11 11:55:00,259.9,260.124,259.826,259.935,5588
2022-04-11 12:00:00,259.88,260.099,259.811,259.851,7050
2022-04-11 12:05:00,259.93,260.208,259.93,260.024,6232
2022-04-11 12:10:00,260.119,260.287,259.841,260.099,7191
2022-04-11 12:15:00,260.158,260.297,260.059,260.158,3147
2022-04-11 12:20:00,260.129,260.129,259.97,260.094,4134
2022-04-11 12:25:00,260.238,260.287,260.039,260.253,6486
2022-04-11 12:30:00,260.208,260.416,260.148,260.238,6139
2022-04-11 12:35:00,260.124,260.143,259.97,260.079,3262
2022-04-11 12:40:00,260.129,260.153,259.761,260.019,4548
2022-04-11 12:45:00,259.93,259.93,259.672,259.865,7346
2022-04-11 12:50:00,259.833,259.95,259.662,259.811,6619
2022-04-11 12:55:00,259.938,259.938,259.662,259.702,6924
2022-04-11 13:00:00,259.697,259.841,259.662,259.712,7806
2022-04-11 13:05:00,259.89,260.009,259.662,259.93,10106
2022-04-11 13:10:00,259.88,260.059,259.751,259.925,4950
2022-04-11 13:15:00,259.91,259.99,259.831,259.93,8331
2022-04-11 13:20:00,259.94,260.029,259.781,259.95,6649
2022-04-11 13:25:00,259.999,259.999,259.672,259.672,3479
2022-04-11 13:30:00,259.791,259.831,259.662,259.731,16116
2022-04-11 13:35:00,259.712,259.95,259.712,259.95,5103
2022-04-11 13:40:00,259.861,259.956,259.662,259.885,6798
2022-04-11 13:45:00,259.97,260.307,259.935,259.995,9675
2022-04-11 13:50:00,260.014,260.198,259.99,260.188,5329
2022-04-11 13:55:00,260.178,260.228,260.059,260.114,7856
2022-04-11 14:00:00,260.198,260.347,260.049,260.228,7635
2022-04-11 14:05:00,260.218,260.218,259.87,259.96,6371
2022-04-11 14:10:00,259.93,260.357,259.92,260.277,5798
2022-04-11 14:15:00,260.238,260.342,259.91,259.91,5066
2022-04-11 14:20:00,259.96,260.009,259.682,259.94,4892
2022-04-11 14:25:00,259.94,260.158,259.851,260.153,7060
2022-04-11 14:30:00,260.129,260.238,260.099,260.198,5077
2022-04-11 14:35:00,260.089,260.327,259.94,260.327,9456
2022-04-11 14:40:00,260.168,260.268,260.119,260.268,4456
2022-04-11 14:45:00,260.436,260.436,260.109,260.208,5364
2022-04-11 14:50:00,260.238,260.317,260.079,260.188,7742
2022-04-11 14:55:00,260.292,260.506,260.218,260.387,5842
2022-04-11 15:00:00,260.456,260.526,260.337,260.456,5148
2022-04-11 15:05:00,260.496,260.645,260.178,260.178,6833
2022-04-11 15:10:00,260.248,260.297,260.134,260.148,4559
2022-04-11 15:15:00,260.287,260.347,260.034,260.183,5537
2022-04-11 15:20:00,260.208,260.208,259.99,260.084,7962
2022-04-11 15:25:00,260.044,260.119,259.95,260.119,9136
2022-04-11 15:30:00,260.099,260.099,259.722,259.831,10396
2022-04-11 15:35:00,259.791,259.841,259.662,259.672,16415
2022-04-11 15:40:00,259.662,259.945,259.662,259.712,22685
2022-04-11 15:45:00,259.677,260.059,259.602,259.875,18901
2022-04-11 15:50:00,259.831,259.851,259.592,259.612,31140
2022-04-11 15:55:00,259.434,259.851,259.23,259.334,47927
2022-04-11 16:00:00,259.314,259.394,258.848,259.394,102457
2022-04-11 16:05:00,259.215,259.215,259.215,259.215,7317
2022-04-12 09:35:00,261.092,261.41,258.421,258.729,24445
2022-04-12 09:40:00,258.987,261.682,258.783,261.206,10535
2022-04-12 09:45:00,261.449,262.417,261.449,262.174,7215
2022-04-12 09:50:00,261.955,263.286,261.955,262.451,14558
2022-04-12 09:55:00,262.69,263.037,262.149,262.149,11468
2022-04-12 10:00:00,261.896,261.896,261.59,261.752,2039
2022-04-12 10:05:00,261.866,262.043,261.469,261.707,7144
2022-04-12 10:10:00,261.727,262.243,261.727,262.223,6811
2022-04-12 10:15:00,262.04,262.253,261.724,261.985,8660
2022-04-12 10:20:00,262.184,262.213,261.588,261.588,6123
2022-04-12 10:25:00,261.528,262.025,261.528,261.955,5443
2022-04-12 10:30:00,261.965,262.174,261.479,261.538,6833
2022-04-12 10:35:00,261.608,261.925,261.509,261.925,6303
2022-04-12 10:40:00,261.692,261.692,260.436,260.675,12200
2022-04-12 10:45:00,260.675,260.734,260.347,260.446,6179
2022-04-12 10:50:00,260.387,260.387,260.134,260.263,5289
2022-04-12 10:55:00,260.446,260.822,260.122,260.754,8845
2022-04-12 11:00:00,260.765,260.873,260.387,260.536,5723
2022-04-12 11:05:00,260.704,260.774,260.287,260.377,7410
2022-04-12 11:10:00,260.496,260.704,260.297,260.357,6001
2022-04-12 11:15:00,260.317,260.853,260.218,260.853,5743
2022-04-12 11:20:00,260.883,261.032,260.645,261.022,8206
2022-04-12 11:25:00,261.27,261.27,260.823,260.823,5305
2022-04-12 11:30:00,261.062,261.32,260.744,260.899,7708
2022-04-12 11:35:00,260.933,261.151,260.536,260.536,7211
2022-04-12 11:40:00,260.923,260.923,260.188,260.307,6245
2022-04-12 11:45:00,260.367,260.554,260.367,260.387,2508
2022-04-12 11:50:00,260.148,260.337,260.148,260.258,4996
2022-04-12 11:55:00,260.277,260.487,260.263,260.487,3612
2022-04-12 12:00:00,260.436,260.555,260.079,260.079,9187
2022-04-12 12:05:00,260.148,260.397,260.039,260.039,5641
2022-04-12 12:10:00,260.268,260.327,259.842,259.842,6253
2022-04-12 12:15:00,259.884,259.884,259.642,259.821,5414
2022-04-12 12:20:00,259.94,260.128,259.697,259.697,4130
2022-04-12 12:25:00,259.692,259.761,259.414,259.568,3787
2022-04-12 12:30:00,259.136,259.136,258.808,258.808,3071
2022-04-12 12:35:00,258.818,259.001,258.62,258.62,6269
2022-04-12 12:40:00,258.59,258.828,258.59,258.828,2933
2022-04-12 12:45:00,258.342,258.725,258.272,258.292,6537
2022-04-12 12:50:00,258.143,258.312,258.108,258.292,5231
2022-04-12 12:55:00,258.49,258.649,257.835,258.123,7608
2022-04-12 13:00:00,258.044,258.173,257.815,257.845,6148
2022-04-12 13:05:00,257.782,257.885,257.319,257.355,6361
2022-04-12 13:10:00,257.567,257.607,257.513,257.513,3254
2022-04-12 13:15:00,257.547,258.054,257.518,257.557,7168
2022-04-12 13:20:00,257.686,257.766,257.488,257.72,4328
2022-04-12 13:25:00,257.875,257.944,257.463,257.666,6280
2022-04-12 13:30:00,257.666,257.726,257.518,257.518,3267
2022-04-12 13:35:00,257.428,257.796,257.249,257.676,7022
2022-04-12 13:40:00,257.657,257.716,257.269,257.269,3832
2022-04-12 13:45:00,257.279,257.349,256.962,256.996,10022
2022-04-12 13:50:00,256.917,256.992,256.485,256.619,10287
2022-04-12 13:55:00,256.634,256.664,256.147,256.44,8842
2022-04-12 14:00:00,256.52,256.633,256.113,256.242,12015
2022-04-12 14:05:00,256.068,256.157,255.552,255.909,19987
2022-04-12 14:10:00,255.87,256.058,255.78,255.841,6876
2022-04-12 14:15:00,255.879,255.879,255.373,255.4,3248
2022-04-12 14:20:00,255.254,255.314,254.916,255.184,6715
2022-04-12 14:25:00,255.138,255.462,255.065,255.254,8574
2022-04-12 14:30:00,255.234,255.572,255.016,255.443,7798
2022-04-12 14:35:00,255.433,255.482,255.046,255.408,7599
2022-04-12 14:40:00,255.373,255.547,255.348,255.477,5501
2022-04-12 14:45:00,255.314,255.383,255.05,255.105,3707
2022-04-12 14:50:00,255.234,255.666,255.234,255.522,7550
2022-04-12 14:55:00,255.428,255.76,255.264,255.701,6709
2022-04-12 15:00:00,255.601,256.128,255.423,255.681,21558
2022-04-12 15:05:00,255.592,255.75,254.827,255.145,10488
2022-04-12 15:10:00,255.026,255.095,254.559,254.559,11144
2022-04-12 15:15:00,254.499,254.529,254.311,254.41,9151
2022-04-12 15:20:00,254.132,254.336,253.993,254.311,15147
2022-04-12 15:25:00,254.39,254.668,254.182,254.624,15131
2022-04-12 15:30:00,254.544,254.619,254.182,254.351,8346
2022-04-12 15:35:00,254.321,254.4,254.102,254.231,11980
2022-04-12 15:40:00,254.142,254.867,254.092,254.748,13820
2022-04-12 15:45:00,254.698,254.907,254.509,254.598,23579
2022-04-12 15:50:00,254.485,255.18,254.44,254.98,26394
2022-04-12 15:55:00,254.877,255.184,254.713,255.055,33740
2022-04-12 16:00:00,255.125,255.304,254.688,255.085,74404
2022-04-12 16:05:00,255.095,255.095,255.095,255.095,15840
2022-04-12 16:25:00,255.095,255.095,255.095,255.095,419
2022-04-12 16:30:00,255.095,255.095,255.095,255.095,7794
2022-04-13 08:05:00,255.095,255.095,255.095,255.095,103
2022-04-13 08:15:00,255.095,255.095,255.095,255.095,100
2022-04-13 08:30:00,254.748,254.748,254.748,254.748,100
2022-04-13 08:45:00,255.095,255.095,255.085,255.095,2153
2022-04-13 09:20:00,255.095,255.095,255.095,255.095,508
2022-04-13 09:25:00,255.095,255.095,255.095,255.095,400
2022-04-13 09:30:00,255.095,255.492,255.095,255.492,1082
2022-04-13 09:35:00,253.894,255.413,252.39,254.738,31749
2022-04-13 09:40:00,254.847,256.058,254.49,255.006,9839
2022-04-13 09:45:00,255.284,255.492,254.241,254.951,13083
2022-04-13 09:50:00,255.11,255.731,254.887,255.165,13898
2022-04-13 09:55:00,255.194,255.87,254.946,255.155,17831
2022-04-13 10:00:00,254.758,254.861,254.112,254.212,12437
2022-04-13 10:05:00,253.934,253.983,253.487,253.487,12706
2022-04-13 10:10:00,253.705,254.182,253.249,253.417,9746
2022-04-13 10:15:00,253.258,253.397,252.842,253.058,11226
2022-04-13 10:20:00,253.129,253.576,253.129,253.437,8456
2022-04-13 10:25:00,253.487,253.799,253.169,253.626,6672
2022-04-13 10:30:00,253.695,253.963,253.576,253.596,14033
2022-04-13 10:35:00,253.457,254.152,253.268,253.278,33858
2022-04-13 10:40:00,253.333,253.983,253.258,253.666,12349
2022-04-13 10:45:00,253.646,255.125,253.467,255.125,15863
2022-04-13 10:50:00,255.031,255.517,254.648,254.708,21478
2022-04-13 10:55:00,254.827,254.827,254.45,254.45,8924
2022-04-13 11:00:00,254.331,254.847,254.212,254.837,6554
2022-04-13 11:05:00,254.736,255.542,254.519,255.453,18183
2022-04-13 11:10:00,255.601,255.681,255.184,255.502,7918
2022-04-13 11:15:00,255.512,256.098,255.403,256.013,13101
2022-04-13 11:20:00,255.969,256.435,255.909,255.959,18043
2022-04-13 11:25:00,255.889,256.048,255.701,255.78,8618
2022-04-13 11:30:00,255.86,256.009,255.84,255.939,6312
2022-04-13 11:35:00,255.969,256.247,255.919,256.068,10808
2022-04-13 11:40:00,256.078,256.187,255.919,256.138,12914
2022-04-13 11:45:00,256.028,256.088,255.552,255.77,7391
2022-04-13 11:50:00,255.691,255.86,255.358,255.86,9143
2022-04-13 11:55:00,255.78,256.138,255.632,256.138,13123
2022-04-13 12:00:00,255.984,256.108,255.48,255.83,6753
2022-04-13 12:05:00,255.76,256.425,255.76,256.341,14759
2022-04-13 12:10:00,256.252,256.257,255.795,256.177,16432
2022-04-13 12:15:00,256.048,256.515,255.989,256.435,13116
2022-04-13 12:20:00,256.455,256.455,255.924,256.147,19427
2022-04-13 12:25:00,256.048,256.644,256.048,256.644,11317
2022-04-13 12:30:00,256.604,256.644,256.197,256.545,7914
2022-04-13 12:35:00,256.579,256.733,256.579,256.684,3333
2022-04-13 12:40:00,256.763,257.488,256.594,257.046,36015
2022-04-13 12:45:00,257.051,257.632,257.051,257.577,15680
2022-04-13 12:50:00,257.587,257.602,257.289,257.602,11783
2022-04-13 12:55:00,257.627,257.627,257.359,257.532,8092
2022-04-13 13:00:00,257.518,257.557,257.428,257.557,5590
2022-04-13 13:05:00,257.537,257.686,257.388,257.686,7759
2022-04-13 13:10:00,257.498,257.666,257.289,257.398,5632
2022-04-13 13:15:00,257.393,257.845,257.393,257.587,18481
2022-04-13 13:20:00,257.632,257.686,257.518,257.542,12358
2022-04-13 13:25:00,257.607,257.716,257.349,257.527,16592
2022-04-13 13:30:00,257.527,257.537,257.22,257.493,10172
2022-04-13 13:35:00,257.309,257.309,256.902,256.902,4426
2022-04-13 13:40:00,256.932,256.932,256.634,256.902,7967
2022-04-13 13:45:00,256.912,256.912,256.783,256.833,4903
2022-04-13 13:50:00,256.833,256.932,256.743,256.862,9178
2022-04-13 13:55:00,256.952,256.952,256.614,256.852,20186
2022-04-13 14:00:00,256.837,257.041,256.694,257.041,7165
2022-04-13 14:05:00,256.962,256.981,256.723,256.763,10626
2022-04-13 14:10:00,256.803,256.991,256.743,256.912,7435
2022-04-13 14:15:00,256.952,257.177,256.753,257.051,18035
2022-04-13 14:20:00,257.021,257.13,256.823,257.004,6199
2022-04-13 14:25:00,257.031,257.101,256.694,256.793,12007
2022-04-13 14:30:00,256.833,256.833,256.316,256.45,11067
2022-04-13 14:35:00,256.475,256.619,256.475,256.52,9364
2022-04-13 14:40:00,256.574,256.684,256.505,256.684,8572
2022-04-13 14:45:00,256.594,256.753,256.396,256.475,21479
2022-04-13 14:50:00,256.445,256.892,256.416,256.828,8713
2022-04-13 14:55:00,256.882,257.071,256.872,256.902,5990
2022-04-13 15:00:00,256.882,257.22,256.833,256.912,10585
2022-04-13 15:05:00,256.942,256.981,256.778,256.907,7701
2022-04-13 15:10:00,256.962,257.299,256.952,257.249,8920
2022-04-13 15:15:00,257.259,257.259,257.061,257.165,7219
2022-04-13 15:20:00,257.12,257.349,257.051,257.21,10026
2022-04-13 15:25:00,257.19,257.19,257.061,257.12,8112
2022-04-13 15:30:00,257.13,257.13,256.962,257.041,7713
2022-04-13 15:35:00,256.962,257.125,256.892,257.125,12900
2022-04-13 15:40:00,257.101,257.269,256.882,256.981,12870
2022-04-13 15:45:00,256.981,257.051,256.823,256.902,16279
2022-04-13 15:50:00,256.991,257.13,256.847,257.071,29631
2022-04-13 15:55:00,257.071,257.101,256.321,256.366,39205
2022-04-13 16:00:00,256.406,256.564,256.088,256.435,102878
2022-04-13 16:05:00,256.535,256.535,256.535,256.535,23211
2022-04-14 09:30:00,256.872,256.872,256.872,256.872,100
2022-04-14 09:35:00,257.964,259.374,256.773,258.709,50769
2022-04-14 09:40:00,258.972,259.275,257.567,257.686,13476
2022-04-14 09:45:00,257.776,258.054,257.478,257.518,8730
2022-04-14 09:50:00,257.657,257.726,256.639,256.852,5016
2022-04-14 09:55:00,256.698,256.698,255.482,255.889,13155
2022-04-14 10:00:00,255.894,256.167,255.577,256.167,10130
2022-04-14 10:05:00,256.168,256.416,255.904,255.959,10197
2022-04-14 10:10:00,255.78,255.919,253.834,254.122,14848
2022-04-14 10:15:00,254.231,255.105,254.207,254.926,16284
2022-04-14 10:20:00,254.817,254.946,254.549,254.678,22990
2022-04-14 10:25:00,254.599,255.125,254.41,254.41,9677
2022-04-14 10:30:00,254.38,254.887,254.226,254.768,10248
2022-04-14 10:35:00,254.718,254.817,254.281,254.42,7159
2022-04-14 10:40:00,254.291,254.609,254.261,254.45,13097
2022-04-14 10:45:00,254.311,255.333,254.261,255.304,12492
2022-04-14 10:50:00,255.443,255.899,255.12,255.482,17879
2022-04-14 10:55:00,255.378,255.899,255.314,255.899,11489
2022-04-14 11:00:00,256.027,256.416,255.676,255.919,18762
2022-04-14 11:05:00,255.865,256.296,255.651,256.197,15915
2022-04-14 11:10:00,256.088,256.45,256.028,256.361,10757
2022-04-14 11:15:00,256.525,256.922,256.366,256.366,11002
2022-04-14 11:20:00,256.291,256.793,256.033,256.088,15215
2022-04-14 11:25:00,256.138,256.465,255.87,256.425,7075
2022-04-14 11:30:00,256.485,256.733,256.366,256.644,8610
2022-04-14 11:35:00,256.584,256.728,256.138,256.584,38788
2022-04-14 11:40:00,256.584,256.654,256.282,256.356,6922
2022-04-14 11:45:00,256.376,256.435,255.954,256.277,13018
2022-04-14 11:50:00,256.252,256.455,255.999,256.455,11048
2022-04-14 11:55:00,256.455,256.455,255.929,256.028,9566
2022-04-14 12:00:00,255.959,256.277,255.81,255.81,9830
2022-04-14 12:05:00,255.701,256.316,255.567,255.894,17812
2022-04-14 12:10:00,255.81,256.058,255.651,256.048,5046
2022-04-14 12:15:00,255.86,255.939,255.115,255.115,8942
2022-04-14 12:20:00,255.041,255.472,255.041,255.299,11193
2022-04-14 12:25:00,255.319,255.472,255.229,255.353,7654
2022-04-14 12:30:00,255.323,255.611,255.304,255.502,18992
2022-04-14 12:35:00,255.423,255.629,255.254,255.254,7139
2022-04-14 12:40:00,255.353,255.353,254.946,254.966,4819
2022-04-14 12:45:00,254.648,254.936,254.519,254.753,11619
2022-04-14 12:50:00,254.748,254.867,254.688,254.802,5689
2022-04-14 12:55:00,254.787,254.877,254.728,254.797,6615
2022-04-14 13:00:00,254.857,255.16,254.758,255.125,7302
2022-04-14 13:05:00,255.055,255.055,254.743,254.936,10324
2022-04-14 13:10:00,254.877,254.956,254.231,254.231,9648
2022-04-14 13:15:00,254.281,254.807,254.226,254.415,11006
2022-04-14 13:20:00,254.49,254.54,253.76,253.924,21090
2022-04-14 13:25:00,253.914,254.281,253.666,253.705,7339
2022-04-14 13:30:00,253.785,253.963,253.785,253.963,5109
2022-04-14 13:35:00,254.023,254.172,253.944,254.033,5704
2022-04-14 13:40:00,254.172,254.331,253.973,253.973,4782
2022-04-14 13:45:00,253.993,254.38,253.917,254.261,9740
2022-04-14 13:50:00,254.202,254.589,254.127,254.499,4773
2022-04-14 13:55:00,254.43,254.46,254.102,254.271,3660
2022-04-14 14:00:00,254.425,254.698,254.39,254.698,5792
2022-04-14 14:05:00,254.638,254.847,254.579,254.817,6389
2022-04-14 14:10:00,254.683,254.827,254.246,254.351,7999
2022-04-14 14:15:00,254.311,254.46,254.296,254.46,6725
2022-04-14 14:20:00,254.559,254.559,254.202,254.4,8525
2022-04-14 14:25:00,254.092,254.202,253.795,253.795,4241
2022-04-14 14:30:00,253.914,254.281,253.745,254.097,8610
2022-04-14 14:35:00,254.187,254.356,253.775,253.944,6148
2022-04-14 14:40:00,253.884,254.182,253.745,253.993,9577
2022-04-14 14:45:00,253.948,254.192,253.879,253.963,7962
2022-04-14 14:50:00,253.914,254.112,253.824,253.894,9716
2022-04-14 14:55:00,253.944,253.963,253.358,253.437,8888
2022-04-14 15:00:00,253.388,253.388,252.931,252.966,12489
2022-04-14 15:05:00,252.931,253.03,252.762,252.762,11895
2022-04-14 15:10:00,252.802,252.871,252.514,252.514,10768
2022-04-14 15:15:00,252.504,252.598,252.216,252.345,16255
2022-04-14 15:20:00,252.335,252.742,252.335,252.559,15082
2022-04-14 15:25:00,252.559,252.559,252.261,252.335,9770
2022-04-14 15:30:00,252.286,252.325,251.799,252.201,15344
2022-04-14 15:35:00,252.166,252.166,251.769,251.908,23863
2022-04-14 15:40:00,251.938,251.988,251.63,251.65,21648
2022-04-14 15:45:00,251.64,251.839,251.506,251.799,23933
2022-04-14 15:50:00,251.824,251.849,251.511,251.62,34455
2022-04-14 15:55:00,251.61,251.61,251.164,251.401,39800
2022-04-14 16:00:00,251.323,251.323,250.925,251.045,98746
2022-04-14 16:05:00,251.074,251.074,251.074,251.074,53951
2022-04-18 09:30:00,248.99,248.99,248.99,248.99,385
2022-04-18 09:35:00,247.957,250.638,247.957,250.052,29086
2022-04-18 09:40:00,250.325,250.757,250.042,250.31,7081
2022-04-18 09:45:00,250.235,250.235,249.039,249.268,7202
2022-04-18 09:50:00,249.238,249.357,248.523,248.656,9451
2022-04-18 09:55:00,248.796,248.865,247.52,247.595,13960
2022-04-18 10:00:00,247.481,247.877,247.421,247.53,20316
2022-04-18 10:05:00,247.56,247.664,247.143,247.49,12345
2022-04-18 10:10:00,247.421,247.421,246.418,246.418,10204
2022-04-18 10:15:00,246.383,246.736,246.309,246.403,20760
2022-04-18 10:20:00,246.448,246.498,246.016,246.051,15725
2022-04-18 10:25:00,246.12,246.597,245.773,246.597,18452
2022-04-18 10:30:00,246.706,246.883,245.396,245.396,13155
2022-04-18 10:35:00,245.465,245.981,245.465,245.981,14398
2022-04-18 10:40:00,246.101,246.16,245.713,245.981,15512
2022-04-18 10:45:00,245.971,246.776,245.842,246.542,18126
2022-04-18 10:50:00,246.81,247.262,246.607,247.212,8516
2022-04-18 10:55:00,247.351,247.406,246.875,247.292,9206
2022-04-18 11:00:00,247.252,247.49,247.173,247.282,9458
2022-04-18 11:05:00,247.212,248.036,247.212,247.868,12388
2022-04-18 11:10:00,247.872,247.937,247.669,247.897,7850
2022-04-18 11:15:00,247.798,248.116,247.798,248.007,5709
2022-04-18 11:20:00,248.007,248.007,247.51,247.612,8914
2022-04-18 11:25:00,247.59,247.59,247.143,247.212,5783
2022-04-18 11:30:00,247.232,247.232,245.793,246.061,14314
2022-04-18 11:35:00,246.011,246.475,246.011,246.374,7258
2022-04-18 11:40:00,246.369,246.418,245.425,245.51,14314
2022-04-18 11:45:00,245.43,246.001,245.396,245.892,9518
2022-04-18 11:50:00,245.837,245.922,245.545,245.837,40441
2022-04-18 11:55:00,245.837,246.418,245.837,246.304,6710
2022-04-18 12:00:00,246.443,246.537,246.249,246.518,7153
2022-04-18 12:05:00,246.529,246.954,246.468,246.577,9681
2022-04-18 12:10:00,246.731,246.835,246.574,246.716,7155
2022-04-18 12:15:00,246.547,246.726,246.398,246.647,6076
2022-04-18 12:20:00,246.686,246.825,246.547,246.587,7506
2022-04-18 12:25:00,246.657,247.044,246.657,247.044,5049
2022-04-18 12:30:00,247.029,247.029,246.527,246.736,11626
2022-04-18 12:35:00,246.716,247.083,246.716,246.974,5265
2022-04-18 12:40:00,247.064,247.53,247.064,247.287,6523
2022-04-18 12:45:00,247.242,247.694,247.024,247.689,8371
2022-04-18 12:50:00,247.788,247.883,247.709,247.818,7046
2022-04-18 12:55:00,247.937,248.116,247.838,247.917,7118
2022-04-18 13:00:00,247.917,247.947,247.6,247.749,8398
2022-04-18 13:05:00,247.699,248.076,247.669,248.007,8322
2022-04-18 13:10:00,247.967,248.106,247.689,247.828,11642
2022-04-18 13:15:00,248.118,248.126,247.679,247.868,9025
2022-04-18 13:20:00,247.798,247.798,247.361,247.421,7458
2022-04-18 13:25:00,247.361,247.408,247.262,247.262,7151
2022-04-18 13:30:00,247.242,247.252,247.019,247.252,6712
2022-04-18 13:35:00,247.232,247.997,247.212,247.833,8558
2022-04-18 13:40:00,247.828,247.927,247.272,247.411,10213
2022-04-18 13:45:00,247.57,247.808,247.505,247.778,7477
2022-04-18 13:50:00,247.729,248.344,247.669,248.126,9743
2022-04-18 13:55:00,248.096,248.17,247.917,248.157,5772
2022-04-18 14:00:00,248.106,248.488,247.763,248.017,11336
2022-04-18 14:05:00,247.992,248.046,247.828,247.967,6272
2022-04-18 14:10:00,247.942,248.027,247.788,247.798,7495
2022-04-18 14:15:00,247.843,247.897,247.654,247.729,8462
2022-04-18 14:20:00,247.848,247.987,247.381,247.629,9881
2022-04-18 14:25:00,247.49,247.758,247.351,247.699,6661
2022-04-18 14:30:00,247.778,247.888,247.064,247.133,10179
2022-04-18 14:35:00,247.183,247.282,246.92,246.994,11944
2022-04-18 14:40:00,247.108,247.133,246.865,246.974,16377
2022-04-18 14:45:00,246.984,247.064,246.666,246.731,5604
2022-04-18 14:50:00,246.731,246.746,246.428,246.503,9582
2022-04-18 14:55:00,246.448,246.716,246.339,246.374,8224
2022-04-18 15:00:00,246.299,246.379,246.006,246.091,13700
2022-04-18 15:05:00,246.15,246.21,245.892,246.001,7434
2022-04-18 15:10:00,246.101,246.2,245.713,245.713,14833
2022-04-18 15:15:00,245.852,245.892,245.465,245.525,20505
2022-04-18 15:20:00,245.703,245.803,245.525,245.584,11499
2022-04-18 15:25:00,245.574,245.733,245.247,245.425,21509
2022-04-18 15:30:00,245.416,245.416,245.018,245.187,15019
2022-04-18 15:35:00,245.128,245.138,244.721,244.795,18665
2022-04-18 15:40:00,244.805,244.869,244.472,244.492,18984
2022-04-18 15:45:00,244.482,244.76,244.363,244.532,23214
2022-04-18 15:50:00,244.572,244.572,244.06,244.115,42099
2022-04-18 15:55:00,244.085,244.105,243.609,243.837,79252
2022-04-18 16:00:00,243.837,244.492,243.768,244.492,262754
2022-04-18 16:05:00,244.393,244.393,244.393,244.393,13897
2022-04-18 16:35:00,244.393,244.393,244.393,244.393,1546
2022-04-19 09:35:00,244.869,246.686,244.869,246.627,41174
2022-04-19 09:40:00,246.453,246.825,245.644,246.132,15354
2022-04-19 09:45:00,246.001,246.855,245.665,246.746,8355
2022-04-19 09:50:00,246.756,247.778,246.577,247.49,13177
2022-04-19 09:55:00,247.55,248.592,247.51,248.493,14018
2022-04-19 10:00:00,248.334,249.521,248.126,249.521,15781
2022-04-19 10:05:00,249.526,249.526,248.999,249.335,14516
2022-04-19 10:10:00,249.426,249.426,248.657,248.811,11539
2022-04-19 10:15:00,248.93,249.074,248.414,248.414,11228
2022-04-19 10:20:00,248.414,249.357,248.26,249.347,11631
2022-04-19 10:25:00,249.292,249.635,249.228,249.545,11405
2022-04-19 10:30:00,249.511,249.933,249.476,249.568,10406
2022-04-19 10:35:00,249.486,249.863,249.486,249.754,9710
2022-04-19 10:40:00,249.754,249.833,249.545,249.615,7746
2022-04-19 10:45:00,249.486,250.34,249.476,250.33,11116
2022-04-19 10:50:00,250.439,250.816,250.379,250.717,15103
2022-04-19 10:55:00,250.727,250.786,250.469,250.588,16154
2022-04-19 11:00:00,250.528,250.796,250.439,250.747,9678
2022-04-19 11:05:00,250.409,250.697,250.231,250.231,7401
2022-04-19 11:10:00,250.26,250.419,249.977,250.221,8902
2022-04-19 11:15:00,250.171,250.34,249.953,250.141,9462
2022-04-19 11:20:00,250.092,250.647,250.062,250.171,12259
2022-04-19 11:25:00,250.165,250.886,250.141,250.727,8235
2022-04-19 11:30:00,250.588,251.412,250.588,251.4,8098
2022-04-19 11:35:00,251.501,251.511,251.154,251.367,5541
2022-04-19 11:40:00,251.253,251.313,251.025,251.164,7130
2022-04-19 11:45:00,251.213,251.313,250.94,251.164,9962
2022-04-19 11:50:00,251.114,251.114,250.345,250.489,22981
2022-04-19 11:55:00,250.419,250.916,250.419,250.896,6022
2022-04-19 12:00:00,250.831,251.015,250.568,250.568,5058
2022-04-19 12:05:00,250.518,250.687,250.27,250.499,11368
2022-04-19 12:10:00,250.578,251.223,250.568,251.146,10383
2022-04-19 12:15:00,251.154,251.198,250.772,250.816,5837
2022-04-19 12:20:00,250.777,250.777,250.33,250.409,10008
2022-04-19 12:25:00,250.389,250.657,250.36,250.628,5642
2022-04-19 12:30:00,250.677,250.767,250.429,250.518,6351
2022-04-19 12:35:00,250.499,250.657,250.35,250.638,6569
2022-04-19 12:40:00,250.618,250.707,250.181,250.181,7965
2022-04-19 12:45:00,250.216,250.449,249.953,250.397,6848
2022-04-19 12:50:00,250.317,250.37,250.082,250.201,9147
2022-04-19 12:55:00,250.221,250.399,249.943,250.25,10141
2022-04-19 13:00:00,250.171,250.34,249.903,250.012,5011
2022-04-19 13:05:00,250.002,250.27,249.943,250.141,10523
2022-04-19 13:10:00,250.042,250.121,249.893,249.933,4317
2022-04-19 13:15:00,249.97,250.052,249.814,249.853,7842
2022-04-19 13:20:00,249.853,249.933,249.704,249.92,5419
2022-04-19 13:25:00,249.903,250.032,249.565,249.575,5309
2022-04-19 13:30:00,249.56,249.56,249.342,249.436,6361
2022-04-19 13:35:00,249.476,249.804,249.456,249.784,12249
2022-04-19 13:40:00,249.754,250.181,249.694,250.181,7265
2022-04-19 13:45:00,250.161,250.409,250.092,250.116,19947
2022-04-19 13:50:00,250.116,250.31,249.982,250.151,15591
2022-04-19 13:55:00,250.203,250.449,250.203,250.449,14773
2022-04-19 14:00:00,250.479,250.647,250.379,250.469,11312
2022-04-19 14:05:00,250.25,250.757,250.25,250.712,14155
2022-04-19 14:10:00,250.767,251.194,250.767,251.194,14025
2022-04-19 14:15:00,251.104,251.471,250.898,251.471,25087
2022-04-19 14:20:00,251.501,251.769,251.213,251.769,15888
2022-04-19 14:25:00,251.779,252.013,251.62,251.799,21864
2022-04-19 14:30:00,251.799,251.799,250.955,251.024,18411
2022-04-19 14:35:00,250.965,251.005,250.3,250.439,15552
2022-04-19 14:40:00,250.548,250.767,250.479,250.687,5522
2022-04-19 14:45:00,250.652,250.896,250.638,250.647,8124
2022-04-19 14:50:00,250.489,250.558,250.36,250.479,7879
2022-04-19 14:55:00,250.479,250.638,250.31,250.424,17173
2022-04-19 15:00:00,250.419,250.588,250.35,250.439,10734
2022-04-19 15:05:00,250.479,250.479,250.211,250.24,9994
2022-04-19 15:10:00,250.26,250.449,250.161,250.399,11016
2022-04-19 15:15:00,250.429,250.757,250.429,250.717,12113
2022-04-19 15:20:00,250.717,250.94,250.717,250.836,7626
2022-04-19 15:25:00,250.777,250.806,250.389,250.504,25853
2022-04-19 15:30:00,250.479,250.628,250.3,250.479,33718
2022-04-19 15:35:00,250.479,250.667,250.389,250.449,25414
2022-04-19 15:40:00,250.429,251.134,250.414,251.069,19458
2022-04-19 15:45:00,251.025,251.055,250.588,250.588,20129
2022-04-19 15:50:00,250.638,250.638,250.191,250.355,23822
2022-04-19 15:55:00,250.419,251.064,250.419,250.533,35576
2022-04-19 16:00:00,250.449,250.558,249.675,250.429,130885
2022-04-19 16:05:00,250.429,250.429,250.429,250.429,47775
2022-04-20 09:35:00,253.189,256.803,250.275,250.3,35232
2022-04-20 09:40:00,250.3,252.891,249.208,252.613,28317
2022-04-20 09:45:00,252.623,252.861,251.462,251.69,18830
2022-04-20 09:50:00,251.794,252.067,251.065,251.303,19304
2022-04-20 09:55:00,251.382,252.405,251.263,252.286,69350
2022-04-20 10:00:00,252.196,253.04,251.382,251.392,22544
2022-04-20 10:05:00,251.591,251.849,250.955,251.129,18838
2022-04-20 10:10:00,251.005,251.481,250.886,251.422,15417
2022-04-20 10:15:00,251.308,251.66,250.965,251.273,11773
2022-04-20 10:20:00,251.278,251.888,251.204,251.313,15867
2022-04-20 10:25:00,251.452,251.581,250.697,250.772,17062
2022-04-20 10:30:00,250.677,250.816,249.923,250.082,16124
2022-04-20 10:35:00,250.161,250.29,249.511,250.072,16467
2022-04-20 10:40:00,249.953,250.469,249.943,250.3,23925
2022-04-20 10:45:00,250.28,250.419,250.171,250.28,28015
2022-04-20 10:50:00,250.28,250.548,249.943,249.953,54772
2022-04-20 10:55:00,249.928,250.916,249.794,250.717,20660
2022-04-20 11:00:00,250.727,251.243,250.727,251.203,13507
2022-04-20 11:05:00,251.293,251.591,251.035,251.412,11786
2022-04-20 11:10:00,251.303,252.018,251.273,251.891,12478
2022-04-20 11:15:00,251.948,252.355,251.74,252.355,25832
2022-04-20 11:20:00,252.434,252.524,252.256,252.479,11756
2022-04-20 11:25:00,252.375,252.613,252.266,252.613,17819
2022-04-20 11:30:00,252.564,253.1,252.564,252.961,30924
2022-04-20 11:35:00,253.05,253.368,252.921,253.005,12800
2022-04-20 11:40:00,253.09,253.546,253.0,253.338,13313
2022-04-20 11:45:00,253.477,253.844,253.412,253.735,7435
2022-04-20 11:50:00,253.775,253.795,253.179,253.765,31495
2022-04-20 11:55:00,253.694,254.509,253.626,254.311,20120
2022-04-20 12:00:00,254.321,254.777,254.311,254.539,9811
2022-04-20 12:05:00,254.569,254.786,254.395,254.708,10129
2022-04-20 12:10:00,254.668,254.941,254.169,254.266,14111
2022-04-20 12:15:00,254.182,254.455,254.078,254.38,17471
2022-04-20 12:20:00,254.301,254.45,253.993,254.053,16424
2022-04-20 12:25:00,254.053,254.182,253.556,253.914,19550
2022-04-20 12:30:00,253.889,253.894,252.931,252.931,11187
2022-04-20 12:35:00,253.08,253.536,252.891,253.497,19560
2022-04-20 12:40:00,253.586,253.953,253.586,253.725,11420
2022-04-20 12:45:00,253.843,253.993,253.785,253.953,5754
2022-04-20 12:50:00,253.953,253.953,253.745,253.795,12189
2022-04-20 12:55:00,253.874,254.083,253.745,254.068,29058
2022-04-20 13:00:00,254.078,254.102,253.675,253.675,18350
2022-04-20 13:05:00,253.814,254.033,253.755,253.839,18011
2022-04-20 13:10:00,253.864,253.874,253.278,253.626,16628
2022-04-20 13:15:00,253.566,253.814,253.487,253.551,15393
2022-04-20 13:20:00,253.556,253.844,253.544,253.844,14133
2022-04-20 13:25:00,253.824,254.112,253.795,254.043,9111
2022-04-20 13:30:00,254.043,254.043,253.824,253.983,8855
2022-04-20 13:35:00,253.914,253.958,253.576,253.719,6448
2022-04-20 13:40:00,253.775,253.934,253.596,253.596,8931
2022-04-20 13:45:00,253.596,253.864,253.596,253.824,6386
2022-04-20 13:50:00,253.834,253.834,253.596,253.596,6111
2022-04-20 13:55:00,253.525,253.814,253.378,253.8,10523
2022-04-20 14:00:00,253.834,254.083,253.715,253.934,11069
2022-04-20 14:05:00,253.869,254.172,253.814,253.924,9158
2022-04-20 14:10:00,253.904,254.073,253.889,253.934,6554
2022-04-20 14:15:00,253.934,254.053,253.814,253.814,9873
2022-04-20 14:20:00,253.874,253.949,253.556,253.76,8653
2022-04-20 14:25:00,253.75,254.083,253.695,253.879,14900
2022-04-20 14:30:00,253.834,253.953,253.388,253.388,21199
2022-04-20 14:35:00,253.358,253.442,253.11,253.144,7686
2022-04-20 14:40:00,253.09,253.105,252.499,252.663,9465
2022-04-20 14:45:00,252.727,253.07,252.514,252.539,29746
2022-04-20 14:50:00,252.494,252.598,252.405,252.593,15185
2022-04-20 14:55:00,252.573,252.583,252.286,252.385,13641
2022-04-20 15:00:00,252.364,252.762,252.266,252.504,19480
2022-04-20 15:05:00,252.504,252.742,252.484,252.683,8307
2022-04-20 15:10:00,252.534,252.683,252.385,252.663,7102
2022-04-20 15:15:00,252.673,252.911,252.504,252.901,7539
2022-04-20 15:20:00,252.915,253.1,252.816,253.09,5477
2022-04-20 15:25:00,253.09,253.239,252.866,253.02,8853
2022-04-20 15:30:00,252.941,253.263,252.822,252.822,9884
2022-04-20 15:35:00,252.866,252.911,252.504,252.564,16206
2022-04-20 15:40:00,252.623,252.757,252.405,252.668,11962
2022-04-20 15:45:00,252.683,252.722,252.027,252.142,27227
2022-04-20 15:50:00,252.196,252.603,252.127,252.425,24927
2022-04-20 15:55:00,252.494,252.544,251.491,251.65,41117
2022-04-20 16:00:00,251.725,251.749,251.174,251.253,114493
2022-04-20 16:05:00,251.263,251.263,251.263,251.263,22620
2022-04-20 16:10:00,251.263,251.263,251.263,251.263,523
2022-04-20 18:25:00,251.313,251.313,251.263,251.263,700
2022-04-21 06:00:00,253.606,253.606,253.606,253.606,200
2022-04-21 08:05:00,253.745,253.745,253.745,253.745,124
2022-04-21 08:40:00,253.755,253.755,253.755,253.755,490
2022-04-21 09:35:00,254.539,256.257,254.539,256.257,25442
2022-04-21 09:40:00,256.445,256.564,254.807,254.807,20922
2022-04-21 09:45:00,254.554,254.775,254.212,254.581,19101
2022-04-21 09:50:00,254.519,254.549,253.457,253.78,7851
2022-04-21 09:55:00,253.924,254.192,253.263,253.263,31766
2022-04-21 10:00:00,253.268,253.725,253.239,253.705,7115
2022-04-21 10:05:00,253.487,253.487,252.583,252.899,7288
2022-04-21 10:10:00,252.832,252.941,252.524,252.683,7345
2022-04-21 10:15:00,252.683,253.626,252.593,253.626,18096
2022-04-21 10:20:00,253.685,254.028,253.333,253.333,16055
2022-04-21 10:25:00,253.184,253.507,253.06,253.497,12421
2022-04-21 10:30:00,253.447,253.656,253.224,253.546,10420
2022-04-21 10:35:00,253.432,254.152,253.224,254.152,22940
2022-04-21 10:40:00,254.187,254.991,254.187,254.743,14243
2022-04-21 10:45:00,254.867,254.916,254.053,254.058,11456
2022-04-21 10:50:00,254.033,254.053,252.861,252.901,20767
2022-04-21 10:55:00,252.827,253.134,252.41,253.134,24118
2022-04-21 11:00:00,253.139,253.685,253.139,253.232,11708
2022-04-21 11:05:00,253.303,253.7,253.154,253.7,6570
2022-04-21 11:10:00,253.586,253.586,253.219,253.268,6400
2022-04-21 11:15:00,253.447,253.646,253.268,253.349,5179
2022-04-21 11:20:00,253.258,253.258,252.514,252.693,11496
2022-04-21 11:25:00,252.633,252.77,252.39,252.464,11409
2022-04-21 11:30:00,252.559,252.663,252.246,252.405,12483
2022-04-21 11:35:00,252.355,252.708,252.266,252.385,6533
2022-04-21 11:40:00,252.355,252.559,252.266,252.315,7095
2022-04-21 11:45:00,252.216,252.216,251.779,251.779,7579
2022-04-21 11:50:00,251.764,251.869,251.491,251.779,6890
2022-04-21 11:55:00,251.789,252.008,251.292,251.292,10338
2022-04-21 12:00:00,251.303,251.303,250.856,251.174,13115
2022-04-21 12:05:00,251.337,251.511,250.866,250.995,15778
2022-04-21 12:10:00,250.945,251.144,250.916,251.02,6611
2022-04-21 12:15:00,250.955,251.342,250.916,251.164,7715
2022-04-21 12:20:00,251.303,251.352,251.015,251.352,11086
2022-04-21 12:25:00,251.457,251.457,251.059,251.144,16190
2022-04-21 12:30:00,251.218,251.521,251.064,251.144,12899
2022-04-21 12:35:00,251.015,251.223,250.955,251.05,14996
2022-04-21 12:40:00,251.074,251.164,250.758,250.821,8822
2022-04-21 12:45:00,250.827,250.916,250.372,250.372,10289
2022-04-21 12:50:00,250.34,250.538,250.121,250.409,6977
2022-04-21 12:55:00,250.389,250.702,250.151,250.449,9492
2022-04-21 13:00:00,250.588,250.742,250.195,250.31,10280
2022-04-21 13:05:00,250.439,250.717,250.141,250.479,10889
2022-04-21 13:10:00,250.427,250.638,250.35,250.35,11647
2022-04-21 13:15:00,250.35,250.677,250.33,250.638,16652
2022-04-21 13:20:00,250.697,250.697,250.27,250.578,13591
2022-04-21 13:25:00,250.469,251.045,250.459,250.568,17703
2022-04-21 13:30:00,250.399,250.538,250.072,250.38,26187
2022-04-21 13:35:00,250.508,250.955,250.508,250.697,13154
2022-04-21 13:40:00,250.707,250.727,250.211,250.449,16540
2022-04-21 13:45:00,250.379,250.796,250.062,250.33,18045
2022-04-21 13:50:00,250.389,251.174,250.34,251.005,16647
2022-04-21 13:55:00,250.955,251.084,250.742,250.742,8357
2022-04-21 14:00:00,250.727,250.866,250.255,250.34,7523
2022-04-21 14:05:00,250.3,250.3,249.585,249.585,8600
2022-04-21 14:10:00,249.565,249.893,249.516,249.516,9379
2022-04-21 14:15:00,249.714,249.814,249.565,249.814,16350
2022-04-21 14:20:00,249.786,250.082,249.665,249.853,21236
2022-04-21 14:25:00,249.972,250.332,249.972,250.087,12808
2022-04-21 14:30:00,250.042,250.598,250.042,250.29,14406
2022-04-21 14:35:00,250.24,250.876,250.235,250.826,10959
2022-04-21 14:40:00,250.796,251.134,250.528,250.598,6572
2022-04-21 14:45:00,250.682,250.786,250.28,250.28,13492
2022-04-21 14:50:00,250.26,250.558,250.141,250.37,13454
2022-04-21 14:55:00,250.35,250.449,250.151,250.26,18698
2022-04-21 15:00:00,250.181,250.737,250.181,250.677,36598
2022-04-21 15:05:00,250.657,250.657,250.32,250.439,18196
2022-04-21 15:10:00,250.439,250.767,250.151,250.34,19146
2022-04-21 15:15:00,250.25,250.33,249.978,250.111,6821
2022-04-21 15:20:00,250.31,250.31,249.863,250.121,8653
2022-04-21 15:25:00,250.131,250.796,250.082,250.796,9688
2022-04-21 15:30:00,250.762,251.382,250.439,251.313,20308
2022-04-21 15:35:00,251.208,251.412,250.657,250.657,13396
2022-04-21 15:40:00,250.628,250.638,250.26,250.419,18899
2022-04-21 15:45:00,250.499,250.737,250.32,250.692,22130
2022-04-21 15:50:00,250.588,250.677,249.689,249.744,29519
2022-04-21 15:55:00,249.684,250.494,249.684,250.28,45013
2022-04-21 16:00:00,250.25,250.3,249.684,249.774,90224
2022-04-21 16:05:00,249.794,249.794,249.794,249.794,7436
2022-04-21 16:30:00,249.297,249.297,249.297,249.297,199
2022-04-22 09:35:00,249.337,249.34,248.282,248.637,65284
2022-04-22 09:40:00,248.637,248.667,247.96,248.582,77006
2022-04-22 09:45:00,248.642,248.642,247.054,247.391,50378
2022-04-22 09:50:00,247.481,248.156,247.361,247.575,14621
2022-04-22 09:55:00,247.58,247.689,246.354,246.508,16904
2022-04-22 10:00:00,246.428,246.428,245.093,245.594,14466
2022-04-22 10:05:00,245.416,246.026,245.366,245.783,11756
2022-04-22 10:10:00,245.971,247.163,245.862,246.915,7753
2022-04-22 10:15:00,246.92,247.401,246.518,247.137,10535
2022-04-22 10:20:00,246.964,247.078,246.259,246.815,15876
2022-04-22 10:25:00,246.805,246.969,246.453,246.865,77745
2022-04-22 10:30:00,246.984,247.272,246.776,247.272,6108
2022-04-22 10:35:00,247.401,247.451,247.074,247.074,8299
2022-04-22 10:40:00,246.964,247.384,246.795,247.034,6840
2022-04-22 10:45:00,246.944,247.019,246.091,246.24,7426
2022-04-22 10:50:00,246.259,246.498,246.11,246.319,8129
2022-04-22 10:55:00,246.22,246.359,245.763,245.763,5604
2022-04-22 11:00:00,245.594,245.614,245.128,245.167,8786
2022-04-22 11:05:00,245.267,245.346,245.004,245.128,5964
2022-04-22 11:10:00,245.038,245.803,244.959,245.803,13249
2022-04-22 11:15:00,245.624,246.22,245.555,245.962,10520
2022-04-22 11:20:00,245.932,246.041,245.713,245.763,3745
2022-04-22 11:25:00,245.832,245.942,245.406,245.495,6713
2022-04-22 11:30:00,245.445,245.445,245.157,245.157,5850
2022-04-22 11:35:00,245.45,245.624,245.098,245.098,5450
2022-04-22 11:40:00,244.989,245.609,244.989,245.416,6276
2022-04-22 11:45:00,245.475,245.475,244.721,244.77,8618
2022-04-22 11:50:00,244.765,244.999,244.76,244.82,7427
2022-04-22 11:55:00,244.77,244.904,244.572,244.865,6827
2022-04-22 12:00:00,244.8,244.899,244.621,244.621,6916
2022-04-22 12:05:00,244.453,244.899,244.343,244.899,7474
2022-04-22 12:10:00,244.899,244.899,244.512,244.75,7347
2022-04-22 12:15:00,244.76,244.899,244.472,244.899,6241
2022-04-22 12:20:00,244.928,244.954,244.592,244.735,13903
2022-04-22 12:25:00,244.83,244.909,244.731,244.899,8594
2022-04-22 12:30:00,244.884,244.899,244.721,244.899,7315
2022-04-22 12:35:00,244.77,245.252,244.77,245.247,8555
2022-04-22 12:40:00,245.341,245.703,245.341,245.453,6595
2022-04-22 12:45:00,245.535,245.55,245.267,245.386,5270
2022-04-22 12:50:00,245.356,245.763,245.356,245.615,6112
2022-04-22 12:55:00,245.679,245.679,245.247,245.267,5219
2022-04-22 13:00:00,245.171,245.247,244.85,244.879,5514
2022-04-22 13:05:00,244.899,244.969,244.433,244.433,5410
2022-04-22 13:10:00,244.522,244.701,244.244,244.244,8864
2022-04-22 13:15:00,244.294,244.582,244.13,244.582,12951
2022-04-22 13:20:00,244.562,244.701,244.378,244.453,5501
2022-04-22 13:25:00,244.274,244.274,243.877,244.065,9131
2022-04-22 13:30:00,243.897,244.254,243.787,244.05,8796
2022-04-22 13:35:00,243.976,244.378,243.976,244.209,14019
2022-04-22 13:40:00,244.12,244.333,244.09,244.289,5037
2022-04-22 13:45:00,244.234,244.254,243.931,244.125,8045
2022-04-22 13:50:00,244.254,244.323,243.976,243.976,6617
2022-04-22 13:55:00,243.936,244.145,243.877,244.016,18213
2022-04-22 14:00:00,243.842,244.631,243.842,244.492,11954
2022-04-22 14:05:00,244.462,244.552,244.224,244.224,4987
2022-04-22 14:10:00,244.314,244.314,243.897,244.006,7607
2022-04-22 14:15:00,243.837,244.383,243.837,244.105,12072
2022-04-22 14:20:00,244.145,244.78,244.045,244.731,9828
2022-04-22 14:25:00,244.701,245.16,244.522,244.79,11993
2022-04-22 14:30:00,244.691,244.949,244.691,244.779,8973
2022-04-22 14:35:00,244.75,244.775,244.254,244.343,20763
2022-04-22 14:40:00,244.299,244.373,244.184,244.274,8324
2022-04-22 14:45:00,244.274,244.671,244.274,244.671,10472
2022-04-22 14:50:00,244.701,244.74,244.408,244.587,8134
2022-04-22 14:55:00,244.557,244.557,244.085,244.204,14823
2022-04-22 15:00:00,244.189,244.269,243.956,244.249,10853
2022-04-22 15:05:00,244.338,244.338,243.981,243.981,7370
2022-04-22 15:10:00,244.016,244.194,243.817,243.817,9844
2022-04-22 15:15:00,243.748,244.641,243.589,244.542,10694
2022-04-22 15:20:00,244.522,245.038,244.294,244.919,9288
2022-04-22 15:25:00,244.954,244.954,244.393,244.423,8458
2022-04-22 15:30:00,244.512,244.651,244.274,244.423,12089
2022-04-22 15:35:00,244.393,245.247,244.393,245.247,17901
2022-04-22 15:40:00,245.326,245.773,245.326,245.694,26603
2022-04-22 15:45:00,245.763,245.813,245.083,245.197,32338
2022-04-22 15:50:00,245.128,245.167,244.125,244.165,29201
2022-04-22 15:55:00,244.135,244.482,243.47,243.509,49529
2022-04-22 16:00:00,243.569,243.609,242.874,243.152,124927
2022-04-22 16:05:00,243.152,243.152,243.152,243.152,47672
2022-04-22 16:25:00,243.152,243.152,243.152,243.152,448
2022-04-25 09:30:00,241.742,241.742,241.742,241.742,3411
2022-04-25 09:35:00,243.36,243.619,242.556,243.092,30139
2022-04-25 09:40:00,243.003,244.472,242.755,244.13,28649
2022-04-25 09:45:00,244.12,245.301,242.785,243.192,34478
2022-04-25 09:50:00,243.068,243.112,241.931,242.303,50693
2022-04-25 09:55:00,242.254,243.569,241.936,241.936,21132
2022-04-25 10:00:00,241.544,241.807,239.95,240.124,25388
2022-04-25 10:05:00,240.124,240.193,239.568,240.094,20261
2022-04-25 10:10:00,240.193,240.809,240.193,240.283,15250
2022-04-25 10:15:00,240.164,240.65,239.727,240.015,17958
2022-04-25 10:20:00,240.035,240.372,239.479,239.578,20343
2022-04-25 10:25:00,239.816,239.896,238.962,239.896,19863
2022-04-25 10:30:00,240.045,240.308,239.935,240.223,11543
2022-04-25 10:35:00,239.955,240.893,239.955,240.789,15525
2022-04-25 10:40:00,240.829,241.236,240.571,240.571,9025
2022-04-25 10:45:00,240.323,240.511,239.995,240.223,9787
2022-04-25 10:50:00,240.61,241.166,240.501,240.928,7159
2022-04-25 10:55:00,241.087,241.166,240.541,240.68,28690
2022-04-25 11:00:00,240.819,241.037,240.104,240.293,23649
2022-04-25 11:05:00,240.144,240.913,240.005,240.849,9674
2022-04-25 11:10:00,240.71,240.983,240.581,240.62,14517
2022-04-25 11:15:00,240.65,240.918,240.337,240.491,12315
2022-04-25 11:20:00,240.427,240.491,239.935,240.491,7736
2022-04-25 11:25:00,240.402,240.655,240.392,240.561,6596
2022-04-25 11:30:00,240.541,241.018,240.243,240.342,9920
2022-04-25 11:35:00,240.323,240.323,239.687,239.916,11502
2022-04-25 11:40:00,240.074,240.432,239.548,239.578,8016
2022-04-25 11:45:00,239.781,240.124,239.687,240.02,8583
2022-04-25 11:50:00,239.945,239.968,239.36,239.455,7864
2022-04-25 11:55:00,239.449,239.528,239.037,239.121,11669
2022-04-25 12:00:00,239.002,239.578,239.002,239.419,14729
2022-04-25 12:05:00,239.35,239.508,239.082,239.419,7996
2022-04-25 12:10:00,239.419,240.313,239.419,240.109,8565
2022-04-25 12:15:00,239.975,240.521,239.727,239.727,10746
2022-04-25 12:20:00,239.717,239.901,239.191,239.295,12444
2022-04-25 12:25:00,239.379,240.814,239.36,240.74,17746
2022-04-25 12:30:00,240.888,241.216,240.789,240.948,8842
2022-04-25 12:35:00,240.913,241.643,240.749,241.504,19395
2022-04-25 12:40:00,241.365,241.961,241.365,241.757,27250
2022-04-25 12:45:00,241.747,242.1,241.583,241.693,26723
2022-04-25 12:50:00,241.703,242.472,241.693,242.417,24184
2022-04-25 12:55:00,242.497,242.497,241.772,241.772,16321
2022-04-25 13:00:00,241.772,242.11,241.444,241.981,21572
2022-04-25 13:05:00,241.926,242.09,241.474,241.603,22602
2022-04-25 13:10:00,241.752,242.472,241.484,242.388,14661
2022-04-25 13:15:00,242.517,242.651,242.249,242.507,13004
2022-04-25 13:20:00,242.487,242.874,242.249,242.417,11549
2022-04-25 13:25:00,242.318,242.795,242.268,242.765,14991
2022-04-25 13:30:00,242.805,242.924,241.941,242.273,14552
2022-04-25 13:35:00,242.333,242.648,242.04,242.308,18383
2022-04-25 13:40:00,242.303,242.407,242.03,242.338,28894
2022-04-25 13:45:00,242.467,242.755,242.378,242.477,13037
2022-04-25 13:50:00,242.705,242.785,242.328,242.705,15230
2022-04-25 13:55:00,242.755,243.097,242.378,242.924,16463
2022-04-25 14:00:00,242.914,242.953,242.1,242.249,14778
2022-04-25 14:05:00,242.278,242.566,241.971,242.05,19551
2022-04-25 14:10:00,242.139,242.825,242.02,242.666,14281
2022-04-25 14:15:00,242.755,242.914,242.268,242.914,14568
2022-04-25 14:20:00,243.073,243.251,242.914,243.236,14762
2022-04-25 14:25:00,243.236,243.549,242.973,243.37,24409
2022-04-25 14:30:00,243.36,243.996,243.261,243.996,11969
2022-04-25 14:35:00,243.976,244.065,243.718,243.996,18744
2022-04-25 14:40:00,244.026,244.17,243.529,243.529,21961
2022-04-25 14:45:00,243.519,243.916,243.291,243.698,19328
2022-04-25 14:50:00,243.718,244.204,243.519,243.852,18227
2022-04-25 14:55:00,243.847,244.224,243.728,244.125,16397
2022-04-25 15:00:00,244.14,244.175,243.499,243.499,14095
2022-04-25 15:05:00,243.559,243.574,242.837,243.023,26391
2022-04-25 15:10:00,242.963,243.251,242.894,243.251,14655
2022-04-25 15:15:00,243.172,243.529,243.102,243.529,20511
2022-04-25 15:20:00,243.589,244.259,243.589,244.204,13361
2022-04-25 15:25:00,244.284,244.919,244.284,244.731,18004
2022-04-25 15:30:00,244.825,245.038,244.333,244.949,20131
2022-04-25 15:35:00,244.82,244.939,244.616,244.77,30788
2022-04-25 15:40:00,244.731,245.753,244.731,245.753,34163
2022-04-25 15:45:00,245.738,245.803,245.018,245.644,34281
2022-04-25 15:50:00,245.684,246.101,245.356,245.5,42926
2022-04-25 15:55:00,245.465,246.051,244.919,246.021,62987
2022-04-25 16:00:00,245.962,246.557,245.634,246.23,162061
2022-04-25 16:05:00,246.23,246.23,246.23,246.23,15776
2022-04-26 07:05:00,249.188,250.181,249.188,250.181,537
2022-04-26 07:35:00,260.109,261.101,260.109,261.101,200
2022-04-26 08:05:00,262.253,262.253,258.123,258.123,1527
2022-04-26 08:10:00,257.726,259.116,257.726,259.116,705
2022-04-26 08:15:00,258.123,259.98,258.123,258.123,1347
2022-04-26 08:20:00,259.314,259.314,259.314,259.314,217
2022-04-26 08:25:00,259.116,259.116,259.116,259.116,130
2022-04-26 08:30:00,260.109,260.109,259.106,259.116,1145
2022-04-26 08:35:00,259.116,259.116,258.123,259.116,10091
2022-04-26 09:00:00,261.101,261.101,261.101,261.101,452
2022-04-26 09:10:00,261.101,261.111,261.101,261.111,292
2022-04-26 09:15:00,262.094,263.008,262.094,263.008,377
2022-04-26 09:20:00,265.569,265.569,265.569,265.569,506
2022-04-26 09:25:00,265.569,267.078,265.569,266.065,3038
2022-04-26 09:30:00,267.058,268.051,265.569,267.058,13074
2022-04-26 09:35:00,266.84,269.163,264.398,266.264,261225
2022-04-26 09:40:00,266.264,268.9,265.43,267.296,134667
2022-04-26 09:45:00,267.604,270.404,266.532,269.609,151408
2022-04-26 09:50:00,269.834,270.037,268.061,269.044,174713
2022-04-26 09:55:00,269.083,272.916,268.855,272.35,166349
2022-04-26 10:00:00,272.538,273.521,269.6,270.483,210514
2022-04-26 10:05:00,270.483,272.995,269.838,272.558,89473
2022-04-26 10:10:00,272.846,273.943,272.37,273.472,60794
2022-04-26 10:15:00,273.377,273.854,272.429,272.846,76121
2022-04-26 10:20:00,272.767,272.886,271.307,271.933,75129
2022-04-26 10:25:00,271.814,272.092,271.069,271.491,95275
2022-04-26 10:30:00,271.546,271.685,267.555,269.083,67569
2022-04-26 10:35:00,269.373,270.027,268.805,269.302,54533
2022-04-26 10:40:00,269.069,269.153,267.912,268.88,72781
2022-04-26 10:45:00,268.885,268.974,268.259,268.448,46617
2022-04-26 10:50:00,268.473,268.895,268.249,268.676,43093
2022-04-26 10:55:00,268.657,268.776,268.259,268.711,38563
2022-04-26 11:00:00,268.766,269.168,268.546,269.105,31452
2022-04-26 11:05:00,268.994,269.997,268.657,269.982,39392
2022-04-26 11:10:00,270.22,270.235,268.572,268.9,77929
2022-04-26 11:15:00,268.944,269.654,268.796,269.563,78367
2022-04-26 11:20:00,269.679,269.679,267.207,267.614,81963
2022-04-26 11:25:00,267.703,268.269,267.386,267.555,50369
2022-04-26 11:30:00,267.55,267.694,266.969,267.694,47910
2022-04-26 11:35:00,267.932,267.981,266.358,266.805,56142
2022-04-26 11:40:00,267.078,267.555,266.695,266.959,49595
2022-04-26 11:45:00,266.76,267.207,266.413,267.058,29665
2022-04-26 11:50:00,267.004,267.272,266.423,267.177,31136
2022-04-26 11:55:00,267.058,267.356,266.701,267.356,37200
2022-04-26 12:00:00,267.108,267.108,266.393,266.899,22688
2022-04-26 12:05:00,266.894,267.54,266.874,267.321,21015
2022-04-26 12:10:00,267.356,268.468,267.356,268.081,43986
2022-04-26 12:15:00,268.17,268.607,267.624,268.205,18641
2022-04-26 12:20:00,268.051,269.396,268.051,269.083,31866
2022-04-26 12:25:00,269.088,270.851,268.994,270.682,48653
2022-04-26 12:30:00,270.692,270.97,270.404,270.746,33924
2022-04-26 12:35:00,270.687,270.781,269.411,269.699,36901
2022-04-26 12:40:00,269.739,270.171,268.676,269.481,43508
2022-04-26 12:45:00,269.411,270.712,269.302,269.595,63420
2022-04-26 12:50:00,269.51,270.007,269.272,269.624,34853
2022-04-26 12:55:00,269.654,270.23,269.29,269.669,53440
2022-04-26 13:00:00,269.53,270.528,269.004,270.528,34525
2022-04-26 13:05:00,270.424,270.424,269.481,269.674,22284
2022-04-26 13:10:00,269.788,269.878,269.153,269.669,35887
2022-04-26 13:15:00,269.5,269.848,269.441,269.679,29090
2022-04-26 13:20:00,269.54,269.689,267.982,268.21,24228
2022-04-26 13:25:00,268.204,268.204,267.793,268.096,24452
2022-04-26 13:30:00,268.13,268.274,267.286,267.455,21485
2022-04-26 13:35:00,267.465,267.49,266.592,267.396,42410
2022-04-26 13:40:00,267.455,267.679,267.192,267.435,22170
2022-04-26 13:45:00,267.579,268.091,267.381,268.031,20686
2022-04-26 13:50:00,268.15,268.18,267.678,268.091,14450
2022-04-26 13:55:00,268.051,268.12,266.999,267.128,25320
2022-04-26 14:00:00,267.167,267.475,266.274,266.276,33475
2022-04-26 14:05:00,266.34,266.562,265.916,266.512,55177
2022-04-26 14:10:00,266.587,266.661,266.155,266.458,17323
2022-04-26 14:15:00,266.492,266.919,266.448,266.586,22057
2022-04-26 14:20:00,266.656,267.148,266.582,267.078,19423
2022-04-26 14:25:00,267.141,267.852,267.068,267.753,14316
2022-04-26 14:30:00,267.831,267.902,267.108,267.43,16721
2022-04-26 14:35:00,267.505,267.684,267.286,267.684,14729
2022-04-26 14:40:00,267.862,268.659,267.763,268.518,19462
2022-04-26 14:45:00,268.537,268.706,268.388,268.388,30432
2022-04-26 14:50:00,268.572,268.905,268.249,268.666,24574
2022-04-26 14:55:00,268.711,269.391,268.701,269.292,17274
2022-04-26 15:00:00,269.401,270.017,269.361,269.902,33142
2022-04-26 15:05:00,269.883,269.997,269.461,269.654,36187
2022-04-26 15:10:00,269.59,269.749,268.8,268.939,111221
2022-04-26 15:15:00,268.915,269.51,268.885,268.984,57166
2022-04-26 15:20:00,268.895,269.381,268.796,269.232,66007
2022-04-26 15:25:00,269.153,269.471,268.974,269.351,40670
2022-04-26 15:30:00,269.257,269.411,269.054,269.208,44366
2022-04-26 15:35:00,269.183,269.351,269.093,269.327,71148
2022-04-26 15:40:00,269.332,269.818,269.163,269.768,54124
2022-04-26 15:45:00,269.798,269.957,269.716,269.907,83730
2022-04-26 15:50:00,269.868,270.453,269.741,269.833,135492
2022-04-26 15:55:00,269.49,270.533,269.49,270.434,159996
2022-04-26 16:00:00,270.424,270.821,269.52,270.156,349086
2022-04-26 16:05:00,269.411,269.411,268.547,269.351,24674
2022-04-26 16:10:00,268.786,268.786,268.786,268.786,186
2022-04-26 16:20:00,269.411,269.411,269.411,269.411,1155
2022-04-26 16:30:00,269.163,269.163,269.163,269.163,1124
2022-04-26 16:55:00,269.421,269.431,269.421,269.431,679
2022-04-26 17:00:00,269.441,269.56,269.441,269.441,1704
2022-04-26 17:10:00,269.54,269.54,269.54,269.54,100
2022-04-26 17:15:00,269.679,269.699,269.679,269.699,610
2022-04-26 19:55:00,269.421,269.421,269.421,269.421,150
2022-04-26 20:00:00,269.431,269.431,269.431,269.431,110
2022-04-27 07:40:00,270.136,270.136,270.136,270.136,200
2022-04-27 09:35:00,270.771,274.901,270.483,274.345,77178
2022-04-27 09:40:00,274.345,277.155,274.345,277.07,99230
2022-04-27 09:45:00,277.036,279.046,276.986,278.972,62185
2022-04-27 09:50:00,279.17,279.329,276.835,277.284,67088
2022-04-27 09:55:00,277.175,278.296,275.03,275.427,68045
2022-04-27 10:00:00,275.268,277.224,275.11,276.718,57256
2022-04-27 10:05:00,276.812,277.512,276.559,277.214,80873
2022-04-27 10:10:00,277.284,278.247,277.244,277.979,84666
2022-04-27 10:15:00,278.068,278.098,276.142,276.604,98563
2022-04-27 10:20:00,276.505,276.887,275.844,275.939,63969
2022-04-27 10:25:00,276.073,276.222,274.673,274.678,48742
2022-04-27 10:30:00,274.772,275.26,274.574,274.678,44761
2022-04-27 10:35:00,274.631,275.239,274.037,275.239,53627
2022-04-27 10:40:00,275.189,275.755,274.712,275.705,32101
2022-04-27 10:45:00,275.546,276.43,275.487,276.361,43798
2022-04-27 10:50:00,276.271,277.463,276.212,277.463,28903
2022-04-27 10:55:00,277.274,277.783,276.777,277.165,37933
2022-04-27 11:00:00,277.165,277.8,277.036,277.572,32671
2022-04-27 11:05:00,277.691,278.207,277.582,277.984,47317
2022-04-27 11:10:00,277.984,278.157,277.721,277.721,26316
2022-04-27 11:15:00,277.84,278.488,277.527,277.884,25797
2022-04-27 11:20:00,278.088,278.793,278.078,278.684,38318
2022-04-27 11:25:00,278.684,279.408,278.396,279.011,37233
2022-04-27 11:30:00,279.125,280.232,278.912,280.064,43159
2022-04-27 11:35:00,280.272,281.444,279.885,281.344,44980
2022-04-27 11:40:00,281.344,281.94,280.481,280.481,56082
2022-04-27 11:45:00,280.391,280.62,278.783,279.339,38014
2022-04-27 11:50:00,279.349,279.349,277.681,278.143,20086
2022-04-27 11:55:00,278.306,279.349,277.989,278.306,51211
2022-04-27 12:00:00,278.485,278.971,278.455,278.713,17293
2022-04-27 12:05:00,278.694,278.932,277.482,277.592,21900
2022-04-27 12:10:00,277.592,277.979,277.443,277.979,14481
2022-04-27 12:15:00,277.919,278.068,277.651,277.924,20809
2022-04-27 12:20:00,277.815,278.346,277.671,278.182,31395
2022-04-27 12:25:00,278.177,278.674,278.068,278.589,22285
2022-04-27 12:30:00,278.569,278.723,278.485,278.569,19496
2022-04-27 12:35:00,278.694,279.24,278.634,278.962,20830
2022-04-27 12:40:00,278.793,279.026,278.783,279.001,19309
2022-04-27 12:45:00,279.061,279.359,278.842,279.14,19450
2022-04-27 12:50:00,279.319,279.319,278.882,279.051,16927
2022-04-27 12:55:00,279.08,279.398,278.852,279.309,17369
2022-04-27 13:00:00,279.508,279.567,279.24,279.398,11362
2022-04-27 13:05:00,279.468,279.845,278.813,279.845,19136
2022-04-27 13:10:00,279.805,279.805,278.733,278.783,17993
2022-04-27 13:15:00,278.872,279.17,278.763,279.021,28897
2022-04-27 13:20:00,279.051,279.567,278.862,279.567,18752
2022-04-27 13:25:00,279.377,279.805,279.289,279.398,15546
2022-04-27 13:30:00,279.388,279.478,278.52,279.403,26362
2022-04-27 13:35:00,279.508,279.815,279.101,279.448,12262
2022-04-27 13:40:00,279.458,279.617,278.723,279.15,17511
2022-04-27 13:45:00,279.14,279.478,279.081,279.24,67479
2022-04-27 13:50:00,279.205,279.716,279.17,279.597,21662
2022-04-27 13:55:00,279.711,280.222,279.711,280.163,11361
2022-04-27 14:00:00,280.153,280.262,279.825,280.198,16257
2022-04-27 14:05:00,280.116,280.332,279.815,280.074,38543
2022-04-27 14:10:00,280.133,280.138,279.547,279.761,21992
2022-04-27 14:15:00,279.741,279.895,279.379,279.666,29924
2022-04-27 14:20:00,279.711,279.711,279.299,279.597,25148
2022-04-27 14:25:00,279.597,279.686,279.25,279.329,20876
2022-04-27 14:30:00,279.309,279.577,279.23,279.512,28446
2022-04-27 14:35:00,279.418,279.865,279.051,279.547,17660
2022-04-27 14:40:00,279.676,279.825,279.2,279.766,24859
2022-04-27 14:45:00,279.825,280.242,279.709,280.232,12327
2022-04-27 14:50:00,280.274,280.689,280.232,280.411,34666
2022-04-27 14:55:00,280.51,280.739,280.292,280.332,31530
2022-04-27 15:00:00,280.302,280.351,278.594,278.972,36093
2022-04-27 15:05:00,278.972,279.359,278.584,278.684,78040
2022-04-27 15:10:00,278.644,279.011,278.227,278.535,29405
2022-04-27 15:15:00,278.604,278.664,278.145,278.5,60621
2022-04-27 15:20:00,278.426,278.634,278.227,278.624,31694
2022-04-27 15:25:00,278.584,278.753,277.76,277.86,70956
2022-04-27 15:30:00,277.969,278.103,277.805,277.954,34828
2022-04-27 15:35:00,277.939,278.217,277.512,277.606,108453
2022-04-27 15:40:00,277.572,277.75,277.194,277.487,139385
2022-04-27 15:45:00,277.423,277.631,277.11,277.527,98656
2022-04-27 15:50:00,277.532,277.899,277.348,277.363,114175
2022-04-27 15:55:00,277.324,277.358,276.549,277.08,193922
2022-04-27 16:00:00,277.135,277.552,277.046,277.363,262509
2022-04-27 16:05:00,277.363,277.363,277.363,277.363,102190
2022-04-27 16:15:00,277.363,277.363,277.363,277.363,415
2022-04-27 16:25:00,277.383,277.383,277.383,277.383,1500
2022-04-28 07:30:00,281.93,281.93,281.93,281.93,304
2022-04-28 09:35:00,280.957,282.287,280.054,280.649,74653
2022-04-28 09:40:00,280.322,281.761,279.607,280.302,43760
2022-04-28 09:45:00,280.361,280.967,279.815,279.855,28114
2022-04-28 09:50:00,279.825,280.52,279.597,280.113,27658
2022-04-28 09:55:00,279.964,280.798,279.637,280.798,26453
2022-04-28 10:00:00,280.699,280.793,278.644,279.061,41469
2022-04-28 10:05:00,279.12,279.259,276.609,276.733,55524
2022-04-28 10:10:00,276.797,277.453,276.589,277.433,25272
2022-04-28 10:15:00,277.343,278.157,277.234,277.77,23157
2022-04-28 10:20:00,277.651,279.478,277.651,279.468,20879
2022-04-28 10:25:00,279.428,279.518,278.564,278.664,23975
2022-04-28 10:30:00,278.633,278.813,276.567,276.567,78407
2022-04-28 10:35:00,276.41,276.738,275.894,275.904,43247
2022-04-28 10:40:00,275.884,276.276,275.854,275.963,26719
2022-04-28 10:45:00,275.894,275.894,274.266,274.951,42538
2022-04-28 10:50:00,274.901,275.695,274.901,275.407,29251
2022-04-28 10:55:00,275.338,275.507,274.325,274.583,37327
2022-04-28 11:00:00,274.613,275.844,274.325,275.814,25010
2022-04-28 11:05:00,276.003,276.271,275.596,276.271,24875
2022-04-28 11:10:00,276.231,277.006,276.102,276.42,28333
2022-04-28 11:15:00,276.509,277.115,276.46,277.115,27528
2022-04-28 11:20:00,277.204,277.269,276.758,277.239,20199
2022-04-28 11:25:00,277.269,277.711,277.204,277.587,16690
2022-04-28 11:30:00,277.661,278.068,277.661,277.83,21336
2022-04-28 11:35:00,277.879,278.346,277.621,278.207,14208
2022-04-28 11:40:00,278.316,278.932,278.217,278.525,13830
2022-04-28 11:45:00,278.674,278.872,278.416,278.525,17008
2022-04-28 11:50:00,278.426,278.823,278.018,278.713,20102
2022-04-28 11:55:00,278.713,279.63,278.574,279.478,16370
2022-04-28 12:00:00,279.359,279.393,278.972,279.19,10444
2022-04-28 12:05:00,279.12,279.647,279.036,279.647,18681
2022-04-28 12:10:00,279.557,279.557,278.733,278.823,45275
2022-04-28 12:15:00,278.808,279.021,278.659,278.892,17711
2022-04-28 12:20:00,279.041,279.984,279.031,279.915,20578
2022-04-28 12:25:00,279.885,280.545,279.845,280.282,14964
2022-04-28 12:30:00,280.252,280.977,280.252,280.957,20724
2022-04-28 12:35:00,281.076,281.156,280.749,281.114,34193
2022-04-28 12:40:00,281.225,281.662,281.225,281.657,15749
2022-04-28 12:45:00,281.637,281.811,281.399,281.517,22573
2022-04-28 12:50:00,281.583,281.95,281.513,281.607,18813
2022-04-28 12:55:00,281.573,281.602,281.116,281.503,18336
2022-04-28 13:00:00,281.444,281.766,281.305,281.692,12303
2022-04-28 13:05:00,281.751,281.751,281.453,281.473,13955
2022-04-28 13:10:00,281.573,281.821,281.414,281.657,17386
2022-04-28 13:15:00,281.602,282.332,281.533,282.304,21516
2022-04-28 13:20:00,282.317,282.568,281.92,282.568,15679
2022-04-28 13:25:00,282.605,282.645,282.069,282.217,23784
2022-04-28 13:30:00,282.129,282.6,282.129,282.575,13826
2022-04-28 13:35:00,282.585,282.585,281.831,281.98,14456
2022-04-28 13:40:00,282.039,282.158,281.662,281.91,13620
2022-04-28 13:45:00,281.95,281.95,281.156,281.592,46905
2022-04-28 13:50:00,281.563,281.597,281.26,281.414,18426
2022-04-28 13:55:00,281.265,281.31,279.865,280.074,26146
2022-04-28 14:00:00,280.222,280.222,279.468,279.88,20576
2022-04-28 14:05:00,279.895,279.994,279.408,279.637,21886
2022-04-28 14:10:00,279.647,279.964,279.269,279.82,20406
2022-04-28 14:15:00,279.86,280.481,279.86,279.964,35933
2022-04-28 14:20:00,279.959,280.262,279.762,280.262,16265
2022-04-28 14:25:00,280.262,280.302,280.029,280.213,22036
2022-04-28 14:30:00,280.153,280.307,279.944,280.103,15593
2022-04-28 14:35:00,280.143,280.431,279.875,280.242,19878
2022-04-28 14:40:00,280.342,280.342,280.074,280.074,10010
2022-04-28 14:45:00,280.252,280.62,280.143,280.471,26709
2022-04-28 14:50:00,280.59,281.285,280.481,281.285,14447
2022-04-28 14:55:00,281.324,281.414,280.808,280.878,14664
2022-04-28 15:00:00,280.798,281.195,280.679,281.096,14182
2022-04-28 15:05:00,281.113,281.215,280.768,280.768,16749
2022-04-28 15:10:00,280.868,280.967,280.709,280.709,13468
2022-04-28 15:15:00,280.659,280.729,280.461,280.52,21932
2022-04-28 15:20:00,280.421,280.49,280.163,280.313,21084
2022-04-28 15:25:00,280.232,280.486,280.222,280.441,14112
2022-04-28 15:30:00,280.371,280.371,279.915,280.173,27575
2022-04-28 15:35:00,280.222,280.282,279.567,279.587,29244
2022-04-28 15:40:00,279.637,279.657,279.25,279.498,38134
2022-04-28 15:45:00,279.488,280.163,279.269,279.359,33083
2022-04-28 15:50:00,279.329,279.756,279.195,279.379,43994
2022-04-28 15:55:00,279.398,279.577,278.912,279.438,68968
2022-04-28 16:00:00,279.309,279.438,278.952,279.359,139163
2022-04-28 16:05:00,279.279,279.279,279.279,279.279,20325
2022-04-28 16:45:00,279.279,279.279,279.279,279.279,247
2022-04-29 09:15:00,274.504,274.504,274.504,274.504,1092
2022-04-29 09:25:00,274.504,274.504,274.504,274.504,514
2022-04-29 09:35:00,278.009,279.944,278.009,279.577,35514
2022-04-29 09:40:00,279.746,280.193,279.13,280.039,14839
2022-04-29 09:45:00,279.865,281.463,279.865,279.885,33688
2022-04-29 09:50:00,279.617,280.898,279.552,280.883,23731
2022-04-29 09:55:00,280.883,282.943,280.803,282.685,70568
2022-04-29 10:00:00,282.595,282.893,281.483,281.781,22912
2022-04-29 10:05:00,281.923,281.97,280.828,280.992,45901
2022-04-29 10:10:00,281.156,281.166,280.153,280.629,17642
2022-04-29 10:15:00,280.838,280.838,280.093,280.257,12814
2022-04-29 10:20:00,280.123,280.322,279.413,279.885,22610
2022-04-29 10:25:00,279.805,280.282,279.671,280.074,15971
2022-04-29 10:30:00,280.004,280.262,279.438,279.438,33042
2022-04-29 10:35:00,279.274,279.388,278.892,279.135,13380
2022-04-29 10:40:00,279.125,280.391,279.071,280.193,75771
2022-04-29 10:45:00,280.064,280.639,279.736,279.954,28547
2022-04-29 10:50:00,279.786,279.92,279.418,279.798,18829
2022-04-29 10:55:00,279.885,280.421,279.518,279.716,20252
2022-04-29 11:00:00,279.756,280.436,279.642,280.282,20278
2022-04-29 11:05:00,280.213,280.411,279.736,280.193,24187
2022-04-29 11:10:00,280.203,280.778,280.168,280.709,34174
2022-04-29 11:15:00,280.749,281.533,280.57,281.374,15609
2022-04-29 11:20:00,281.225,281.295,280.818,281.235,16470
2022-04-29 11:25:00,281.374,281.816,281.056,281.702,16145
2022-04-29 11:30:00,281.741,282.059,281.583,281.94,17640
2022-04-29 11:35:00,281.846,282.387,281.821,282.119,12706
2022-04-29 11:40:00,282.208,282.387,281.885,281.92,29700
2022-04-29 11:45:00,281.632,282.387,280.967,281.076,53750
2022-04-29 11:50:00,281.126,281.434,280.51,280.888,8003
2022-04-29 11:55:00,280.863,281.295,280.555,280.555,19281
2022-04-29 12:00:00,280.471,280.51,279.885,280.143,12762
2022-04-29 12:05:00,280.133,280.187,279.22,279.354,10029
2022-04-29 12:10:00,279.398,279.716,279.259,279.453,14502
2022-04-29 12:15:00,279.453,279.686,279.408,279.686,8654
2022-04-29 12:20:00,279.488,279.607,277.989,278.098,53938
2022-04-29 12:25:00,278.028,278.763,277.671,278.624,24494
2022-04-29 12:30:00,278.773,279.096,278.604,278.882,16097
2022-04-29 12:35:00,278.907,278.942,278.371,278.54,16047
2022-04-29 12:40:00,278.528,278.684,278.267,278.599,10456
2022-04-29 12:45:00,278.614,278.619,278.207,278.296,12451
2022-04-29 12:50:00,278.465,278.495,278.316,278.48,7992
2022-04-29 12:55:00,278.416,278.416,278.038,278.058,10184
2022-04-29 13:00:00,278.182,278.728,278.167,278.629,15819
2022-04-29 13:05:00,278.788,279.349,278.654,279.254,17085
2022-04-29 13:10:00,279.17,279.19,278.416,278.654,12321
2022-04-29 13:15:00,278.574,279.617,278.564,279.597,21898
2022-04-29 13:20:00,279.657,280.044,279.468,280.031,17225
2022-04-29 13:25:00,280.019,280.103,279.642,279.746,8951
2022-04-29 13:30:00,279.726,279.885,278.902,278.991,16910
2022-04-29 13:35:00,278.912,279.478,278.912,279.359,16341
2022-04-29 13:40:00,279.418,279.776,279.349,279.657,9784
2022-04-29 13:45:00,279.662,279.681,279.319,279.498,14239
2022-04-29 13:50:00,279.493,279.508,279.15,279.408,13874
2022-04-29 13:55:00,279.468,279.478,279.2,279.225,11694
2022-04-29 14:00:00,279.18,279.567,279.101,279.463,15814
2022-04-29 14:05:00,279.498,279.498,278.872,278.957,14706
2022-04-29 14:10:00,278.972,279.15,278.796,278.922,15212
2022-04-29 14:15:00,278.838,278.981,278.535,278.574,17800
2022-04-29 14:20:00,278.664,278.957,277.393,277.656,31087
2022-04-29 14:25:00,277.635,277.666,277.08,277.373,25436
2022-04-29 14:30:00,277.343,277.621,277.214,277.472,18931
2022-04-29 14:35:00,277.383,277.443,277.006,277.115,28252
2022-04-29 14:40:00,277.082,277.175,276.758,276.768,17831
2022-04-29 14:45:00,276.748,277.075,276.589,276.966,29532
2022-04-29 14:50:00,276.966,276.966,276.271,276.44,21153
2022-04-29 14:55:00,276.385,276.569,276.137,276.137,25201
2022-04-29 15:00:00,276.137,276.748,276.013,276.599,23448
2022-04-29 15:05:00,276.589,276.817,276.341,276.797,21371
2022-04-29 15:10:00,276.807,276.807,276.42,276.599,16738
2022-04-29 15:15:00,276.596,276.966,276.321,276.41,19678
2022-04-29 15:20:00,276.41,276.619,276.281,276.564,23154
2022-04-29 15:25:00,276.549,276.549,275.983,276.241,23075
2022-04-29 15:30:00,276.241,276.43,275.368,275.437,26155
2022-04-29 15:35:00,275.338,275.963,275.268,275.666,34396
2022-04-29 15:40:00,275.586,276.182,275.546,275.894,32851
2022-04-29 15:45:00,275.824,276.063,275.174,275.189,38233
2022-04-29 15:50:00,275.129,275.368,273.968,274.008,46875
2022-04-29 15:55:00,273.968,273.978,272.697,273.174,125729
2022-04-29 16:00:00,273.124,273.164,271.923,272.638,318108
2022-04-29 16:05:00,272.975,272.975,272.975,272.975,179791
2022-04-29 16:40:00,272.975,272.975,272.975,272.975,278
2022-04-29 17:10:00,275.487,275.487,275.487,275.487,170
2022-05-02 09:30:00,271.744,271.744,270.87,270.87,1230
2022-05-02 09:35:00,271.824,274.127,271.824,272.231,33431
2022-05-02 09:40:00,272.28,272.528,270.578,271.784,12437
2022-05-02 09:45:00,272.012,275.0,271.536,274.474,25641
2022-05-02 09:50:00,274.504,274.742,272.925,273.73,23520
2022-05-02 09:55:00,273.432,275.278,273.273,274.871,30546
2022-05-02 10:00:00,275.249,276.107,274.802,274.802,23017
2022-05-02 10:05:00,274.286,275.1,274.157,274.861,20156
2022-05-02 10:10:00,274.514,274.514,272.384,272.677,18925
2022-05-02 10:15:00,272.558,273.382,272.067,272.652,25996
2022-05-02 10:20:00,272.687,274.395,272.419,274.395,27648
2022-05-02 10:25:00,274.33,274.683,273.342,274.474,19562
2022-05-02 10:30:00,274.484,275.378,274.305,275.169,21695
2022-05-02 10:35:00,274.851,275.507,274.802,275.154,23686
2022-05-02 10:40:00,275.278,275.407,274.425,274.737,21726
2022-05-02 10:45:00,275.08,276.189,275.045,275.169,17187
2022-05-02 10:50:00,274.941,275.368,274.782,275.025,15279
2022-05-02 10:55:00,275.04,275.457,274.613,275.08,20723
2022-05-02 11:00:00,275.179,276.043,275.179,275.477,32541
2022-05-02 11:05:00,275.73,275.844,274.4,274.4,16629
2022-05-02 11:10:00,274.286,275.219,274.147,274.851,15075
2022-05-02 11:15:00,274.782,275.278,274.35,275.278,23672
2022-05-02 11:20:00,275.278,275.278,273.978,274.251,27781
2022-05-02 11:25:00,274.276,274.494,273.685,274.469,20063
2022-05-02 11:30:00,274.425,275.189,274.107,274.39,26082
2022-05-02 11:35:00,274.464,275.02,273.854,274.494,18651
2022-05-02 11:40:00,274.633,275.04,273.769,273.829,13492
2022-05-02 11:45:00,273.75,274.236,273.432,273.7,14891
2022-05-02 11:50:00,273.675,273.849,273.139,273.392,9481
2022-05-02 11:55:00,273.213,273.675,272.94,272.985,17148
2022-05-02 12:00:00,272.985,273.685,272.747,273.084,15379
2022-05-02 12:05:00,273.084,273.74,272.022,272.236,17578
2022-05-02 12:10:00,272.32,273.094,272.161,273.069,50674
2022-05-02 12:15:00,273.124,273.462,272.022,272.181,56521
2022-05-02 12:20:00,272.176,272.469,271.412,272.151,28839
2022-05-02 12:25:00,272.067,272.628,271.694,271.694,19210
2022-05-02 12:30:00,271.625,271.655,271.153,271.352,12899
2022-05-02 12:35:00,271.456,271.873,271.421,271.863,13128
2022-05-02 12:40:00,271.992,272.022,271.213,271.372,16866
2022-05-02 12:45:00,271.476,271.953,271.367,271.63,10542
2022-05-02 12:50:00,271.55,271.63,271.024,271.059,15504
2022-05-02 12:55:00,270.97,271.277,270.781,270.965,11855
2022-05-02 13:00:00,270.89,271.238,270.116,270.131,18030
2022-05-02 13:05:00,270.295,270.404,269.332,269.461,25696
2022-05-02 13:10:00,269.56,270.463,269.471,270.389,29640
2022-05-02 13:15:00,270.305,270.88,270.185,270.642,29036
2022-05-02 13:20:00,270.642,270.712,270.126,270.533,19921
2022-05-02 13:25:00,270.453,270.453,270.056,270.116,17852
2022-05-02 13:30:00,270.051,270.334,269.907,270.027,22154
2022-05-02 13:35:00,269.997,270.473,269.51,269.51,16547
2022-05-02 13:40:00,269.322,269.327,268.766,269.083,19919
2022-05-02 13:45:00,269.083,269.704,268.666,268.666,11999
2022-05-02 13:50:00,268.855,268.865,268.19,268.463,20760
2022-05-02 13:55:00,268.518,268.845,268.081,268.101,19868
2022-05-02 14:00:00,268.18,268.458,267.644,267.862,22510
2022-05-02 14:05:00,267.813,268.269,267.247,268.249,18355
2022-05-02 14:10:00,268.16,268.647,267.232,267.396,18238
2022-05-02 14:15:00,267.396,267.411,265.966,266.075,20299
2022-05-02 14:20:00,265.877,266.175,265.509,265.708,26251
2022-05-02 14:25:00,265.609,266.065,265.296,266.006,20420
2022-05-02 14:30:00,265.887,265.951,265.251,265.39,25794
2022-05-02 14:35:00,265.281,265.757,265.122,265.629,26839
2022-05-02 14:40:00,265.584,265.584,264.596,264.983,22436
2022-05-02 14:45:00,265.083,265.083,263.99,264.358,15475
2022-05-02 14:50:00,264.427,265.251,264.427,265.033,24223
2022-05-02 14:55:00,265.013,265.534,264.368,265.405,22458
2022-05-02 15:00:00,265.445,265.619,264.308,264.8,23284
2022-05-02 15:05:00,264.755,265.46,264.656,265.271,30795
2022-05-02 15:10:00,265.37,265.638,264.74,265.4,29218
2022-05-02 15:15:00,265.509,266.036,265.499,265.955,70081
2022-05-02 15:20:00,265.986,266.125,265.212,265.46,52633
2022-05-02 15:25:00,265.688,265.976,265.261,265.619,73219
2022-05-02 15:30:00,265.589,265.847,264.983,265.46,76465
2022-05-02 15:35:00,265.46,266.036,265.45,265.887,111658
2022-05-02 15:40:00,265.907,266.423,265.748,266.135,54058
2022-05-02 15:45:00,266.194,266.83,265.718,265.787,47765
2022-05-02 15:50:00,265.648,267.197,265.37,267.118,78268
2022-05-02 15:55:00,267.286,267.346,266.721,267.108,83368
2022-05-02 16:00:00,267.058,267.157,266.353,266.879,262848
2022-05-02 16:05:00,266.84,266.84,266.84,266.84,172002
2022-05-02 16:25:00,266.84,266.84,266.84,266.84,455
2022-05-02 19:40:00,266.86,266.86,266.86,266.86,400
2022-05-03 07:15:00,266.532,266.532,266.532,266.532,100
2022-05-03 09:35:00,266.552,267.465,265.972,266.661,22285
2022-05-03 09:40:00,266.85,266.85,265.122,265.142,17053
2022-05-03 09:45:00,264.894,266.82,264.894,266.224,21532
2022-05-03 09:50:00,265.782,265.782,264.795,265.678,15981
2022-05-03 09:55:00,265.609,267.078,265.39,266.621,113467
2022-05-03 10:00:00,266.716,266.731,265.777,265.777,42003
2022-05-03 10:05:00,266.001,266.443,265.748,266.05,59945
2022-05-03 10:10:00,265.857,265.857,264.288,264.447,17809
2022-05-03 10:15:00,264.427,265.013,264.0,265.013,14181
2022-05-03 10:20:00,265.152,265.827,264.452,265.678,10684
2022-05-03 10:25:00,265.787,266.11,265.375,265.46,12122
2022-05-03 10:30:00,265.718,266.065,265.097,266.065,16855
2022-05-03 10:35:00,266.065,266.353,265.748,266.095,19406
2022-05-03 10:40:00,265.936,266.12,265.509,265.555,9023
2022-05-03 10:45:00,265.718,266.055,265.47,265.707,28851
2022-05-03 10:50:00,265.678,265.877,265.455,265.777,10334
2022-05-03 10:55:00,265.787,265.787,265.341,265.549,8889
2022-05-03 11:00:00,265.514,266.512,265.514,266.185,16648
2022-05-03 11:05:00,266.075,267.187,265.956,267.093,15920
2022-05-03 11:10:00,267.197,267.733,266.909,267.336,13753
2022-05-03 11:15:00,267.311,267.386,266.552,266.889,14011
2022-05-03 11:20:00,267.018,267.078,266.244,266.383,15885
2022-05-03 11:25:00,266.383,267.778,266.383,267.708,120359
2022-05-03 11:30:00,267.614,268.513,267.257,267.545,67511
2022-05-03 11:35:00,267.579,268.796,267.207,268.681,40501
2022-05-03 11:40:00,268.597,268.796,268.041,268.2,66928
2022-05-03 11:45:00,268.369,268.369,267.763,267.763,10021
2022-05-03 11:50:00,267.788,267.833,267.366,267.546,14783
2022-05-03 11:55:00,267.525,267.699,267.381,267.435,12099
2022-05-03 12:00:00,267.5,267.614,267.009,267.202,9233
2022-05-03 12:05:00,267.326,267.639,267.043,267.386,9840
2022-05-03 12:10:00,267.336,267.406,266.065,266.403,11142
2022-05-03 12:15:00,266.522,266.542,266.105,266.423,9769
2022-05-03 12:20:00,266.438,267.574,266.438,267.366,14118
2022-05-03 12:25:00,267.699,268.031,267.515,267.959,7140
2022-05-03 12:30:00,267.728,267.912,266.999,267.148,15647
2022-05-03 12:35:00,267.078,267.177,266.845,267.053,14560
2022-05-03 12:40:00,267.009,267.356,266.87,267.262,5811
2022-05-03 12:45:00,267.16,267.922,267.16,267.733,9669
2022-05-03 12:50:00,267.708,268.825,267.406,268.24,22224
2022-05-03 12:55:00,268.19,268.388,267.376,267.376,9413
2022-05-03 13:00:00,267.237,267.301,266.81,267.227,8316
2022-05-03 13:05:00,267.376,268.106,267.336,268.031,8355
2022-05-03 13:10:00,268.19,269.064,268.15,268.716,19009
2022-05-03 13:15:00,268.627,269.123,268.572,268.925,34999
2022-05-03 13:20:00,268.885,269.014,267.967,268.061,8845
2022-05-03 13:25:00,268.17,268.388,267.555,267.699,10102
2022-05-03 13:30:00,267.555,267.654,267.078,267.148,9897
2022-05-03 13:35:00,267.148,267.912,267.028,267.842,17741
2022-05-03 13:40:00,267.753,267.798,267.465,267.793,12107
2022-05-03 13:45:00,267.763,267.937,267.525,267.753,11072
2022-05-03 13:50:00,267.684,267.808,267.247,267.416,6755
2022-05-03 13:55:00,267.425,267.569,267.128,267.306,6991
2022-05-03 14:00:00,267.267,267.604,267.227,267.475,10711
2022-05-03 14:05:00,267.495,267.495,267.118,267.237,15794
2022-05-03 14:10:00,267.197,267.306,266.959,267.068,13909
2022-05-03 14:15:00,267.068,267.257,266.84,266.86,12126
2022-05-03 14:20:00,266.81,267.133,266.651,266.83,20923
2022-05-03 14:25:00,266.86,266.86,266.408,266.408,28016
2022-05-03 14:30:00,266.482,266.492,266.085,266.185,14578
2022-05-03 14:35:00,266.244,266.681,266.165,266.681,10063
2022-05-03 14:40:00,266.76,267.217,266.611,266.611,12468
2022-05-03 14:45:00,266.611,266.611,265.648,266.458,19527
2022-05-03 14:50:00,266.711,266.721,265.926,266.711,10556
2022-05-03 14:55:00,266.592,267.396,266.532,267.162,8584
2022-05-03 15:00:00,267.152,268.056,267.152,267.962,21581
2022-05-03 15:05:00,267.947,268.2,267.793,268.001,19691
2022-05-03 15:10:00,267.887,268.398,267.887,268.289,16744
2022-05-03 15:15:00,268.344,268.418,268.101,268.24,11796
2022-05-03 15:20:00,268.225,268.24,267.575,267.624,12971
2022-05-03 15:25:00,267.664,268.091,267.217,267.376,16376
2022-05-03 15:30:00,267.535,267.991,267.406,267.823,17081
2022-05-03 15:35:00,267.833,268.051,267.357,267.942,28437
2022-05-03 15:40:00,267.981,267.981,267.058,267.177,22240
2022-05-03 15:45:00,267.157,267.157,266.661,266.87,29112
2022-05-03 15:50:00,266.79,267.336,266.532,266.929,33957
2022-05-03 15:55:00,266.969,267.852,266.582,267.743,54750
2022-05-03 16:00:00,267.793,267.852,267.177,267.396,118248
2022-05-03 16:05:00,267.425,267.425,267.425,267.425,76221
2022-05-04 09:35:00,268.488,269.332,268.259,269.024,32618
2022-05-04 09:40:00,268.93,269.634,268.587,268.845,15386
2022-05-04 09:45:00,268.706,269.212,268.478,269.212,22140
2022-05-04 09:50:00,269.54,270.93,269.212,270.93,18088
2022-05-04 09:55:00,270.841,271.665,270.394,270.394,27011
2022-05-04 10:00:00,270.434,270.98,270.305,270.98,8103
2022-05-04 10:05:00,271.287,272.016,269.848,270.285,20760
2022-05-04 10:10:00,270.324,270.642,269.858,270.175,11951
2022-05-04 10:15:00,270.079,270.722,270.022,270.027,11942
2022-05-04 10:20:00,270.136,270.652,269.888,270.3,14730
2022-05-04 10:25:00,270.374,270.394,269.57,269.883,15720
2022-05-04 10:30:00,269.808,269.854,269.371,269.371,38890
2022-05-04 10:35:00,269.61,270.444,269.515,269.828,30439
2022-05-04 10:40:00,269.848,270.573,269.699,270.573,15677
2022-05-04 10:45:00,270.622,270.731,270.185,270.265,15637
2022-05-04 10:50:00,270.265,270.573,270.175,270.533,21437
2022-05-04 10:55:00,270.612,270.821,270.185,270.821,12718
2022-05-04 11:00:00,270.712,271.188,270.612,270.93,14079
2022-05-04 11:05:00,271.079,271.228,270.88,270.94,8428
2022-05-04 11:10:00,271.069,271.069,270.583,270.771,9258
2022-05-04 11:15:00,270.722,270.781,270.394,270.622,13880
2022-05-04 11:20:00,270.811,271.168,270.801,271.089,8561
2022-05-04 11:25:00,271.059,271.268,270.95,271.019,10724
2022-05-04 11:30:00,271.009,271.41,270.851,271.114,19820
2022-05-04 11:35:00,271.039,271.067,270.533,270.652,9098
2022-05-04 11:40:00,270.731,270.731,270.195,270.215,15632
2022-05-04 11:45:00,269.997,270.175,269.833,270.037,14349
2022-05-04 11:50:00,270.154,270.265,269.987,270.255,11036
2022-05-04 11:55:00,270.235,270.235,269.669,269.947,10095
2022-05-04 12:00:00,269.838,269.898,269.52,269.759,7841
2022-05-04 12:05:00,269.659,269.707,269.351,269.351,8894
2022-05-04 12:10:00,269.371,269.709,269.371,269.615,10688
2022-05-04 12:15:00,269.55,269.729,269.381,269.699,9302
2022-05-04 12:20:00,269.818,270.344,269.641,270.27,11751
2022-05-04 12:25:00,270.205,270.563,270.205,270.543,5877
2022-05-04 12:30:00,270.592,271.059,270.563,270.99,6973
2022-05-04 12:35:00,270.99,270.999,270.652,270.955,10940
2022-05-04 12:40:00,270.89,271.153,270.856,271.119,10803
2022-05-04 12:45:00,270.975,271.258,270.821,271.258,12145
2022-05-04 12:50:00,271.297,271.883,271.238,271.883,17827
2022-05-04 12:55:00,271.764,272.896,271.615,272.896,20382
2022-05-04 13:00:00,272.866,273.462,272.707,273.283,27802
2022-05-04 13:05:00,273.253,273.481,272.886,272.916,16844
2022-05-04 13:10:00,272.906,272.906,272.449,272.449,14901
2022-05-04 13:15:00,272.409,272.533,272.092,272.439,9240
2022-05-04 13:20:00,272.439,272.697,272.28,272.29,10654
2022-05-04 13:25:00,272.289,272.985,272.289,272.787,17858
2022-05-04 13:30:00,272.757,272.791,272.141,272.141,20272
2022-05-04 13:35:00,272.101,272.34,271.948,272.25,17036
2022-05-04 13:40:00,272.265,272.28,271.57,271.764,14530
2022-05-04 13:45:00,271.784,272.31,271.734,272.28,10403
2022-05-04 13:50:00,272.221,272.31,272.072,272.131,9513
2022-05-04 13:55:00,271.962,271.962,271.387,271.387,11947
2022-05-04 14:00:00,271.297,271.526,270.87,271.526,25274
2022-05-04 14:05:00,271.546,272.628,271.148,272.141,35212
2022-05-04 14:10:00,272.161,272.727,270.275,270.776,33407
2022-05-04 14:15:00,270.831,271.486,270.364,271.138,25522
2022-05-04 14:20:00,271.042,271.129,270.354,270.533,15010
2022-05-04 14:25:00,270.453,270.92,269.862,270.801,15934
2022-05-04 14:30:00,270.731,272.509,270.682,272.101,12713
2022-05-04 14:35:00,272.26,272.37,269.401,270.106,34398
2022-05-04 14:40:00,269.848,271.61,269.471,271.387,31503
2022-05-04 14:45:00,271.382,273.7,271.129,272.945,34224
2022-05-04 14:50:00,273.243,274.901,273.055,274.276,33274
2022-05-04 14:55:00,274.415,275.487,273.998,275.477,30884
2022-05-04 15:00:00,275.487,276.152,275.348,275.616,41323
2022-05-04 15:05:00,275.537,276.271,275.477,276.132,35505
2022-05-04 15:10:00,276.261,276.638,276.063,276.42,19885
2022-05-04 15:15:00,276.405,277.621,276.405,277.373,36399
2022-05-04 15:20:00,277.324,278.207,277.254,277.889,75701
2022-05-04 15:25:00,277.78,278.594,277.74,278.584,52242
2022-05-04 15:30:00,278.634,279.369,278.634,279.369,34692
2022-05-04 15:35:00,279.369,280.123,279.269,279.984,45887
2022-05-04 15:40:00,279.935,280.242,279.786,280.103,47982
2022-05-04 15:45:00,280.044,280.361,279.767,280.217,42155
2022-05-04 15:50:00,280.232,280.61,279.959,280.61,54640
2022-05-04 15:55:00,280.639,280.957,280.093,280.153,77047
2022-05-04 16:00:00,280.064,281.106,279.947,280.709,204309
2022-05-04 16:05:00,280.49,280.49,280.49,280.49,15164
2022-05-04 16:25:00,280.49,280.49,280.49,280.49,406
2022-05-05 09:35:00,278.088,278.829,277.073,278.823,32554
2022-05-05 09:40:00,279.15,280.024,278.634,279.16,48617
2022-05-05 09:45:00,279.17,280.123,278.207,278.207,24257
2022-05-05 09:50:00,278.247,278.664,277.949,278.505,23509
2022-05-05 09:55:00,278.396,279.18,278.063,278.336,30107
2022-05-05 10:00:00,278.505,278.624,277.026,277.999,22828
2022-05-05 10:05:00,278.167,278.287,277.363,277.363,40984
2022-05-05 10:10:00,277.105,277.621,276.777,277.165,27032
2022-05-05 10:15:00,277.125,278.108,276.926,278.108,23477
2022-05-05 10:20:00,278.118,278.118,277.204,277.492,11494
2022-05-05 10:25:00,277.601,277.691,276.956,277.194,18020
2022-05-05 10:30:00,277.254,278.038,277.115,277.74,15380
2022-05-05 10:35:00,277.582,278.009,277.522,277.77,27955
2022-05-05 10:40:00,277.75,277.929,277.046,277.055,17931
2022-05-05 10:45:00,276.976,277.036,275.348,276.142,45452
2022-05-05 10:50:00,276.152,276.4,275.467,275.916,24697
2022-05-05 10:55:00,275.725,276.837,275.636,276.45,23685
2022-05-05 11:00:00,276.579,277.016,276.311,276.976,83700
2022-05-05 11:05:00,276.936,277.115,274.777,275.01,13276
2022-05-05 11:10:00,275.06,275.06,273.75,274.077,10233
2022-05-05 11:15:00,274.261,274.365,273.725,274.236,19396
2022-05-05 11:20:00,274.166,274.703,273.497,274.226,16112
2022-05-05 11:25:00,274.484,274.812,273.571,273.64,27557
2022-05-05 11:30:00,273.64,273.948,272.826,273.283,25087
2022-05-05 11:35:00,273.323,274.008,272.777,273.685,16402
2022-05-05 11:40:00,273.809,274.792,273.809,274.345,13608
2022-05-05 11:45:00,274.613,274.613,274.047,274.415,9247
2022-05-05 11:50:00,274.365,274.976,273.67,273.67,27278
2022-05-05 11:55:00,273.63,273.63,271.992,272.146,10384
2022-05-05 12:00:00,272.29,272.757,272.151,272.578,13308
2022-05-05 12:05:00,272.578,272.578,271.635,272.29,11593
2022-05-05 12:10:00,272.489,273.352,272.417,273.342,12400
2022-05-05 12:15:00,273.263,273.978,272.995,273.908,17658
2022-05-05 12:20:00,273.73,273.978,273.263,273.913,10571
2022-05-05 12:25:00,274.027,274.395,273.392,273.472,12468
2022-05-05 12:30:00,273.73,274.435,273.73,274.047,12667
2022-05-05 12:35:00,273.998,274.504,273.948,274.166,11785
2022-05-05 12:40:00,274.018,274.018,273.313,273.7,11931
2022-05-05 12:45:00,273.601,273.63,273.233,273.506,15963
2022-05-05 12:50:00,273.67,274.127,273.494,273.978,51920
2022-05-05 12:55:00,273.888,274.583,273.879,274.286,99303
2022-05-05 13:00:00,274.286,274.951,274.157,274.951,16164
2022-05-05 13:05:00,275.1,275.616,275.07,275.517,15224
2022-05-05 13:10:00,275.626,276.281,275.398,275.983,23847
2022-05-05 13:15:00,275.943,276.041,275.497,275.527,14025
2022-05-05 13:20:00,275.646,276.097,275.398,276.013,13851
2022-05-05 13:25:00,275.904,276.172,275.636,275.735,11243
2022-05-05 13:30:00,275.824,275.894,275.368,275.636,13714
2022-05-05 13:35:00,275.378,275.378,274.421,274.703,16631
2022-05-05 13:40:00,274.861,275.437,274.524,274.822,15306
2022-05-05 13:45:00,274.653,275.71,274.593,275.358,13637
2022-05-05 13:50:00,275.159,275.249,274.504,274.673,11801
2022-05-05 13:55:00,274.603,274.792,274.107,274.415,10783
2022-05-05 14:00:00,274.464,274.782,274.286,274.673,14033
2022-05-05 14:05:00,274.703,274.951,274.554,274.772,17332
2022-05-05 14:10:00,274.703,275.278,274.603,275.199,18996
2022-05-05 14:15:00,275.288,275.517,274.549,274.812,13939
2022-05-05 14:20:00,274.792,275.79,274.752,275.79,18894
2022-05-05 14:25:00,275.755,275.829,274.454,274.484,18020
2022-05-05 14:30:00,274.504,274.772,273.923,274.122,25069
2022-05-05 14:35:00,274.032,274.335,273.854,274.117,18723
2022-05-05 14:40:00,274.122,274.554,273.998,274.554,30502
2022-05-05 14:45:00,274.593,274.961,274.494,274.951,23123
2022-05-05 14:50:00,274.99,275.432,274.911,275.278,17864
2022-05-05 14:55:00,275.209,276.162,275.12,275.497,21521
2022-05-05 15:00:00,275.338,275.546,275.06,275.517,23529
2022-05-05 15:05:00,275.551,275.551,274.514,274.633,19356
2022-05-05 15:10:00,274.613,274.693,274.166,274.454,19130
2022-05-05 15:15:00,274.395,274.752,273.913,273.978,41059
2022-05-05 15:20:00,274.008,274.256,273.849,274.166,25490
2022-05-05 15:25:00,274.147,274.246,273.184,273.184,23352
2022-05-05 15:30:00,273.174,273.66,272.578,272.945,20079
2022-05-05 15:35:00,272.767,273.392,272.479,273.194,24477
2022-05-05 15:40:00,273.452,273.809,273.124,273.64,27316
2022-05-05 15:45:00,273.888,274.137,273.402,273.501,24302
2022-05-05 15:50:00,273.591,273.978,272.439,272.588,37968
2022-05-05 15:55:00,272.757,275.12,272.399,274.037,68720
2022-05-05 16:00:00,274.147,275.537,273.968,275.249,150188
2022-05-05 16:05:00,274.951,274.951,274.951,274.951,4658
2022-05-05 16:15:00,274.951,274.951,274.951,274.951,687
2022-05-05 16:55:00,274.951,274.951,274.951,274.951,233
2022-05-06 09:35:00,273.779,273.779,270.662,270.9,47099
2022-05-06 09:40:00,270.94,271.213,269.739,270.096,14158
2022-05-06 09:45:00,270.3,271.387,270.056,270.056,14499
2022-05-06 09:50:00,270.195,270.2,267.237,268.242,24659
2022-05-06 09:55:00,268.408,268.875,266.929,267.545,17615
2022-05-06 10:00:00,267.723,268.051,266.199,267.981,23829
2022-05-06 10:05:00,268.24,268.776,267.515,267.713,11181
2022-05-06 10:10:00,267.699,268.175,267.356,267.703,32107
2022-05-06 10:15:00,267.689,268.22,267.028,267.584,13317
2022-05-06 10:20:00,267.788,269.917,267.788,268.587,26806
2022-05-06 10:25:00,268.537,269.262,268.235,269.257,12451
2022-05-06 10:30:00,269.272,269.371,268.14,268.349,19252
2022-05-06 10:35:00,268.18,269.54,267.833,267.882,27383
2022-05-06 10:40:00,267.674,267.872,266.532,267.425,14023
2022-05-06 10:45:00,267.784,268.329,267.644,267.991,18252
2022-05-06 10:50:00,267.842,269.183,267.55,268.686,18213
2022-05-06 10:55:00,268.815,269.719,268.805,269.55,18794
2022-05-06 11:00:00,269.729,270.99,269.153,270.195,26033
2022-05-06 11:05:00,270.339,270.766,269.873,270.429,12890
2022-05-06 11:10:00,270.215,270.761,270.101,270.553,8765
2022-05-06 11:15:00,270.513,271.595,270.022,271.595,13726
2022-05-06 11:20:00,271.714,271.953,271.422,271.65,15452
2022-05-06 11:25:00,271.546,272.31,271.019,272.062,14241
2022-05-06 11:30:00,271.972,272.002,271.228,271.271,13698
2022-05-06 11:35:00,271.357,271.595,270.712,270.88,9246
2022-05-06 11:40:00,270.9,270.9,269.788,269.788,17622
2022-05-06 11:45:00,269.977,270.364,269.977,270.175,9365
2022-05-06 11:50:00,269.907,270.275,269.719,269.997,9564
2022-05-06 11:55:00,269.957,270.295,269.292,269.342,6997
2022-05-06 12:00:00,269.351,269.937,269.351,269.461,6453
2022-05-06 12:05:00,269.421,270.662,269.252,270.483,11193
2022-05-06 12:10:00,270.573,271.675,270.573,271.307,10324
2022-05-06 12:15:00,270.99,270.99,269.848,269.947,4710
2022-05-06 12:20:00,269.997,270.379,269.56,269.689,24718
2022-05-06 12:25:00,269.778,271.685,269.763,271.332,27378
2022-05-06 12:30:00,271.397,271.446,270.791,271.347,30215
2022-05-06 12:35:00,271.208,271.833,270.642,271.387,11663
2022-05-06 12:40:00,271.486,271.625,270.503,271.009,13134
2022-05-06 12:45:00,271.059,271.307,270.836,271.218,21261
2022-05-06 12:50:00,271.243,271.536,271.148,271.178,12776
2022-05-06 12:55:00,271.129,271.724,270.692,271.58,13003
2022-05-06 13:00:00,271.625,273.407,271.595,273.203,39330
2022-05-06 13:05:00,273.124,273.124,272.37,272.717,27359
2022-05-06 13:10:00,272.677,272.677,271.486,271.615,17773
2022-05-06 13:15:00,271.575,272.429,271.555,272.032,33593
2022-05-06 13:20:00,272.131,272.419,271.029,271.089,18749
2022-05-06 13:25:00,271.134,271.883,270.97,271.645,19464
2022-05-06 13:30:00,271.814,271.843,270.92,271.347,17353
2022-05-06 13:35:00,271.456,271.883,271.178,271.367,17512
2022-05-06 13:40:00,271.446,271.933,270.821,270.975,17117
2022-05-06 13:45:00,271.218,271.833,270.592,271.367,16928
2022-05-06 13:50:00,271.436,271.883,270.9,271.287,11473
2022-05-06 13:55:00,271.295,271.506,270.799,271.089,17681
2022-05-06 14:00:00,271.029,271.248,270.841,271.163,12451
2022-05-06 14:05:00,270.99,271.243,270.493,270.493,16800
2022-05-06 14:10:00,270.513,270.513,268.935,268.984,16552
2022-05-06 14:15:00,268.994,269.639,268.875,269.371,20805
2022-05-06 14:20:00,269.371,269.917,269.242,269.242,14372
2022-05-06 14:25:00,269.093,269.213,268.756,268.915,19777
2022-05-06 14:30:00,268.885,268.935,268.388,268.478,18177
2022-05-06 14:35:00,268.473,268.706,268.061,268.349,12850
2022-05-06 14:40:00,268.279,268.597,268.12,268.428,13865
2022-05-06 14:45:00,268.498,269.123,268.448,268.666,13241
2022-05-06 14:50:00,268.746,269.59,268.557,269.59,16467
2022-05-06 14:55:00,269.51,270.066,269.51,269.982,11383
2022-05-06 15:00:00,270.066,270.225,269.441,269.55,20167
2022-05-06 15:05:00,269.203,269.54,268.994,269.441,13599
2022-05-06 15:10:00,269.5,269.5,268.428,268.696,12766
2022-05-06 15:15:00,268.825,269.481,268.805,268.984,17196
2022-05-06 15:20:00,269.014,269.418,268.86,269.193,21480
2022-05-06 15:25:00,269.034,269.044,268.617,268.766,17492
2022-05-06 15:30:00,268.855,269.526,268.627,269.461,21624
2022-05-06 15:35:00,269.416,270.215,269.416,270.205,27387
2022-05-06 15:40:00,270.28,272.052,270.225,271.903,38348
2022-05-06 15:45:00,271.804,271.953,271.218,271.255,37512
2022-05-06 15:50:00,271.297,272.399,271.178,272.062,57345
2022-05-06 15:55:00,272.032,272.588,271.526,271.794,57001
2022-05-06 16:00:00,271.843,271.923,271.228,271.367,132987
2022-05-06 16:05:00,271.407,271.426,271.407,271.407,34426
2022-05-09 09:35:00,268.041,271.079,267.574,270.255,33373
2022-05-09 09:40:00,270.364,272.836,269.679,271.794,33755
2022-05-09 09:45:00,271.784,272.558,270.672,272.518,36372
2022-05-09 09:50:00,272.151,273.968,271.665,273.893,41671
2022-05-09 09:55:00,274.047,275.834,273.74,275.765,43872
2022-05-09 10:00:00,275.874,277.125,275.874,276.862,48865
2022-05-09 10:05:00,276.807,276.807,275.68,275.953,34334
2022-05-09 10:10:00,275.953,276.37,275.576,275.666,22036
2022-05-09 10:15:00,275.775,276.218,275.308,275.894,33540
2022-05-09 10:20:00,275.889,276.073,274.653,274.911,27053
2022-05-09 10:25:00,274.886,274.931,273.561,273.809,20404
2022-05-09 10:30:00,273.804,274.266,272.995,273.189,21689
2022-05-09 10:35:00,273.025,275.278,273.025,275.03,24985
2022-05-09 10:40:00,275.085,275.477,274.444,274.643,38292
2022-05-09 10:45:00,274.658,274.658,273.73,273.849,40065
2022-05-09 10:50:00,273.998,274.216,273.511,273.844,22013
2022-05-09 10:55:00,274.077,274.484,273.561,274.057,20314
2022-05-09 11:00:00,274.018,274.266,273.74,273.988,21261
2022-05-09 11:05:00,273.888,274.752,273.7,274.643,23970
2022-05-09 11:10:00,274.305,274.514,273.74,274.464,16876
2022-05-09 11:15:00,274.345,274.842,273.64,274.166,19186
2022-05-09 11:20:00,274.246,275.07,274.246,274.365,13812
2022-05-09 11:25:00,274.31,274.732,274.201,274.653,20616
2022-05-09 11:30:00,274.633,274.742,274.226,274.613,15312
2022-05-09 11:35:00,274.574,274.732,273.829,274.732,13922
2022-05-09 11:40:00,275.0,275.814,274.802,275.606,21555
2022-05-09 11:45:00,275.586,275.666,275.1,275.442,14441
2022-05-09 11:50:00,275.467,275.606,275.05,275.263,14261
2022-05-09 11:55:00,275.308,276.023,275.169,275.308,15190
2022-05-09 12:00:00,275.298,275.447,274.961,275.268,9160
2022-05-09 12:05:00,275.08,275.308,274.683,274.732,19576
2022-05-09 12:10:00,274.693,276.033,274.683,275.819,10283
2022-05-09 12:15:00,275.934,276.112,275.646,275.735,13863
2022-05-09 12:20:00,275.904,276.37,275.844,276.341,18601
2022-05-09 12:25:00,276.286,276.509,275.934,276.301,13242
2022-05-09 12:30:00,276.43,276.43,275.517,275.705,12649
2022-05-09 12:35:00,275.755,276.122,275.477,275.939,9930
2022-05-09 12:40:00,275.666,275.715,275.229,275.656,11054
2022-05-09 12:45:00,275.477,276.137,275.467,275.904,54837
2022-05-09 12:50:00,275.775,275.874,275.204,275.333,14024
2022-05-09 12:55:00,275.268,275.487,274.807,275.02,17292
2022-05-09 13:00:00,274.959,275.398,274.959,275.328,11974
2022-05-09 13:05:00,275.293,275.656,275.03,275.497,14486
2022-05-09 13:10:00,275.437,275.884,275.403,275.685,13604
2022-05-09 13:15:00,275.636,276.147,275.537,276.147,17531
2022-05-09 13:20:00,276.261,277.402,276.261,276.817,49147
2022-05-09 13:25:00,276.758,277.006,276.553,276.807,19935
2022-05-09 13:30:00,276.708,277.552,276.688,277.433,28693
2022-05-09 13:35:00,277.428,277.626,276.728,276.897,18577
2022-05-09 13:40:00,276.857,276.857,276.271,276.5,14710
2022-05-09 13:45:00,276.658,277.711,276.509,277.522,18524
2022-05-09 13:50:00,277.532,277.651,276.624,276.624,18304
2022-05-09 13:55:00,276.748,276.897,275.67,275.864,20497
2022-05-09 14:00:00,275.755,277.219,275.755,277.125,28520
2022-05-09 14:05:00,277.125,278.058,276.966,276.976,30542
2022-05-09 14:10:00,277.185,277.512,277.006,277.214,19305
2022-05-09 14:15:00,277.125,278.028,277.085,277.517,15364
2022-05-09 14:20:00,277.651,278.222,277.542,278.018,24405
2022-05-09 14:25:00,278.257,278.257,277.373,277.472,21743
2022-05-09 14:30:00,277.482,277.572,276.976,277.046,21443
2022-05-09 14:35:00,276.986,277.065,276.222,276.787,24705
2022-05-09 14:40:00,276.792,277.636,276.792,277.189,13500
2022-05-09 14:45:00,277.155,277.81,277.155,277.592,15097
2022-05-09 14:50:00,277.661,278.118,277.363,277.428,19180
2022-05-09 14:55:00,277.47,277.552,276.827,277.001,34112
2022-05-09 15:00:00,276.936,277.214,276.837,277.026,25817
2022-05-09 15:05:00,276.976,278.018,276.857,277.557,52780
2022-05-09 15:10:00,277.453,278.217,277.403,277.403,35409
2022-05-09 15:15:00,277.433,278.455,277.433,278.356,25043
2022-05-09 15:20:00,278.624,278.813,277.84,278.088,21736
2022-05-09 15:25:00,278.048,278.048,277.036,277.036,20626
2022-05-09 15:30:00,276.956,277.08,276.296,276.5,36812
2022-05-09 15:35:00,276.49,276.738,276.073,276.514,31574
2022-05-09 15:40:00,276.529,276.956,276.341,276.648,29002
2022-05-09 15:45:00,276.619,276.619,275.765,275.834,37501
2022-05-09 15:50:00,275.805,276.013,275.129,275.338,47445
2022-05-09 15:55:00,275.368,275.452,274.658,274.981,69204
2022-05-09 16:00:00,275.05,275.447,274.623,274.971,211672
2022-05-09 16:05:00,274.971,274.971,274.971,274.971,13120
2022-05-09 16:30:00,274.971,274.971,274.971,274.971,236
2022-05-09 18:05:00,275.0,275.0,275.0,275.0,122
2022-05-09 19:55:00,276.5,276.5,276.5,276.5,100
2022-05-10 07:30:00,276.569,276.569,276.569,276.569,100
2022-05-10 09:30:00,276.877,276.877,276.768,276.768,335
2022-05-10 09:35:00,276.658,277.979,275.288,275.805,35360
2022-05-10 09:40:00,275.765,276.624,275.07,275.07,14911
2022-05-10 09:45:00,275.02,275.02,273.849,274.613,22251
2022-05-10 09:50:00,274.762,274.772,271.972,272.643,25946
2022-05-10 09:55:00,272.379,274.246,271.843,273.174,33368
2022-05-10 10:00:00,273.313,273.313,272.022,272.702,47423
2022-05-10 10:05:00,272.717,272.717,271.655,271.853,17201
2022-05-10 10:10:00,271.873,271.873,271.158,271.193,37852
2022-05-10 10:15:00,271.506,271.828,270.295,270.543,54097
2022-05-10 10:20:00,270.712,271.258,269.471,269.471,35827
2022-05-10 10:25:00,269.466,269.665,268.627,269.255,24246
2022-05-10 10:30:00,269.083,269.778,268.637,269.778,33639
2022-05-10 10:35:00,269.798,270.066,267.872,268.001,21702
2022-05-10 10:40:00,267.922,268.12,267.018,267.018,24713
2022-05-10 10:45:00,267.038,267.23,266.244,266.542,34051
2022-05-10 10:50:00,266.532,266.78,265.668,265.887,23318
2022-05-10 10:55:00,265.936,266.274,265.47,266.1,20200
2022-05-10 11:00:00,266.001,266.001,264.775,265.539,26648
2022-05-10 11:05:00,265.41,265.499,264.477,264.775,27692
2022-05-10 11:10:00,264.775,265.149,264.229,264.958,24072
2022-05-10 11:15:00,264.894,265.519,264.41,265.172,21233
2022-05-10 11:20:00,265.251,265.624,264.919,265.361,24715
2022-05-10 11:25:00,265.529,265.579,264.532,264.586,20865
2022-05-10 11:30:00,264.566,264.944,264.179,264.626,20758
2022-05-10 11:35:00,264.695,265.152,264.08,264.417,15513
2022-05-10 11:40:00,264.417,265.857,264.407,265.713,20925
2022-05-10 11:45:00,265.713,265.728,264.775,264.834,28806
2022-05-10 11:50:00,264.805,264.914,264.0,264.755,19391
2022-05-10 11:55:00,264.616,264.725,263.851,264.318,19676
2022-05-10 12:00:00,264.209,264.616,263.266,264.338,22554
2022-05-10 12:05:00,264.517,265.42,264.467,265.42,16850
2022-05-10 12:10:00,265.42,265.579,264.427,264.427,15723
2022-05-10 12:15:00,264.586,265.37,264.075,265.083,15959
2022-05-10 12:20:00,264.904,265.47,264.259,264.626,13498
2022-05-10 12:25:00,264.666,265.142,264.129,264.487,14202
2022-05-10 12:30:00,264.616,264.934,264.497,264.805,23739
2022-05-10 12:35:00,264.8,265.43,263.971,264.527,18030
2022-05-10 12:40:00,264.268,264.934,264.239,264.666,19879
2022-05-10 12:45:00,264.556,265.212,264.447,265.083,14275
2022-05-10 12:50:00,265.212,266.065,265.013,265.887,18503
2022-05-10 12:55:00,265.663,265.663,264.566,264.755,14937
2022-05-10 13:00:00,264.675,265.202,264.636,264.819,14335
2022-05-10 13:05:00,264.695,265.738,264.536,265.112,28801
2022-05-10 13:10:00,265.152,265.758,264.963,265.222,25278
2022-05-10 13:15:00,265.053,265.068,263.844,264.154,18534
2022-05-10 13:20:00,263.971,264.378,263.464,264.308,20367
2022-05-10 13:25:00,264.616,264.616,264.08,264.497,20522
2022-05-10 13:30:00,264.497,265.455,264.497,265.455,13481
2022-05-10 13:35:00,265.619,266.651,265.44,266.637,35013
2022-05-10 13:40:00,266.577,268.14,266.577,268.13,18903
2022-05-10 13:45:00,268.14,269.113,268.12,268.587,33717
2022-05-10 13:50:00,268.746,270.056,268.736,269.495,27244
2022-05-10 13:55:00,269.446,270.553,269.212,270.453,22809
2022-05-10 14:00:00,270.543,270.543,269.113,269.361,19123
2022-05-10 14:05:00,269.103,269.54,268.979,269.481,17507
2022-05-10 14:10:00,269.52,269.644,268.498,268.498,15026
2022-05-10 14:15:00,268.388,268.984,268.18,268.939,13270
2022-05-10 14:20:00,268.974,268.974,267.167,267.753,23606
2022-05-10 14:25:00,267.882,268.23,267.306,267.306,26371
2022-05-10 14:30:00,267.306,267.515,266.691,267.421,18600
2022-05-10 14:35:00,267.555,267.823,267.217,267.386,15016
2022-05-10 14:40:00,267.465,267.674,266.661,266.671,14439
2022-05-10 14:45:00,266.661,267.525,266.388,267.401,20825
2022-05-10 14:50:00,267.316,267.316,265.921,266.011,22145
2022-05-10 14:55:00,266.105,266.363,265.713,266.194,28429
2022-05-10 15:00:00,266.274,266.274,265.465,265.763,14973
2022-05-10 15:05:00,265.877,266.77,265.797,266.532,20437
2022-05-10 15:10:00,266.542,267.346,266.542,266.944,28034
2022-05-10 15:15:00,266.909,267.396,266.83,267.098,22008
2022-05-10 15:20:00,267.068,267.296,266.532,267.038,18578
2022-05-10 15:25:00,267.083,267.316,265.976,265.976,20445
2022-05-10 15:30:00,266.041,266.125,265.053,265.415,25783
2022-05-10 15:35:00,265.222,265.311,264.546,264.77,29674
2022-05-10 15:40:00,264.829,265.092,264.328,264.626,29791
2022-05-10 15:45:00,264.477,264.616,263.881,263.995,46113
2022-05-10 15:50:00,263.985,264.656,263.524,264.358,77892
2022-05-10 15:55:00,264.268,264.477,263.837,264.239,63023
2022-05-10 16:00:00,264.229,264.566,263.732,264.378,126558
2022-05-10 16:05:00,264.447,264.447,264.447,264.447,21627
2022-05-10 16:10:00,264.447,264.447,264.447,264.447,712
2022-05-10 18:30:00,264.675,264.675,264.675,264.675,563
2022-05-11 09:35:00,263.444,265.609,263.087,264.239,22014
2022-05-11 09:40:00,264.328,264.993,263.549,264.646,14336
2022-05-11 09:45:00,264.427,266.175,264.075,265.996,16119
2022-05-11 09:50:00,265.996,267.018,265.594,266.919,8375
2022-05-11 09:55:00,266.77,268.369,266.671,268.155,20731
2022-05-11 10:00:00,268.15,269.51,267.689,269.163,29740
2022-05-11 10:05:00,269.024,269.353,268.379,268.905,26689
2022-05-11 10:10:00,268.666,268.666,266.85,267.019,18286
2022-05-11 10:15:00,266.681,268.021,266.507,267.634,24012
2022-05-11 10:20:00,267.584,268.666,267.331,268.205,13437
2022-05-11 10:25:00,268.329,268.703,267.634,268.676,10463
2022-05-11 10:30:00,268.676,269.193,268.195,268.299,19167
2022-05-11 10:35:00,268.339,268.498,267.557,267.862,10433
2022-05-11 10:40:00,267.842,269.044,267.386,268.925,12956
2022-05-11 10:45:00,268.815,269.113,268.597,269.093,8026
2022-05-11 10:50:00,269.208,269.242,268.309,268.388,14554
2022-05-11 10:55:00,268.379,268.379,267.068,267.331,11862
2022-05-11 11:00:00,267.267,267.664,266.85,267.346,18023
2022-05-11 11:05:00,267.247,267.535,266.79,267.167,11558
2022-05-11 11:10:00,267.247,267.277,266.77,266.969,7147
2022-05-11 11:15:00,267.058,267.555,266.77,267.455,7225
2022-05-11 11:20:00,267.574,267.694,265.956,266.075,7862
2022-05-11 11:25:00,266.224,267.078,266.224,267.009,7157
2022-05-11 11:30:00,266.87,267.634,266.81,267.386,10034
2022-05-11 11:35:00,267.118,267.594,267.038,267.212,7711
2022-05-11 11:40:00,267.326,268.603,267.207,267.942,7982
2022-05-11 11:45:00,267.852,268.091,267.485,267.614,6775
2022-05-11 11:50:00,267.713,267.773,267.306,267.703,7483
2022-05-11 11:55:00,267.574,267.679,266.919,267.088,8113
2022-05-11 12:00:00,266.949,267.515,266.721,267.46,10042
2022-05-11 12:05:00,267.346,267.406,266.889,266.939,8139
2022-05-11 12:10:00,267.237,267.535,266.914,267.088,5574
2022-05-11 12:15:00,267.028,267.445,266.84,267.351,7049
2022-05-11 12:20:00,267.277,267.802,266.889,267.138,12573
2022-05-11 12:25:00,267.197,268.279,267.197,267.882,14949
2022-05-11 12:30:00,268.031,268.24,266.194,266.194,16671
2022-05-11 12:35:00,266.036,266.135,265.787,266.1,8105
2022-05-11 12:40:00,265.941,266.512,265.941,266.16,8529
2022-05-11 12:45:00,266.199,266.542,265.638,265.837,8193
2022-05-11 12:50:00,265.648,266.065,265.39,266.065,10898
2022-05-11 12:55:00,266.135,266.135,265.37,265.539,8244
2022-05-11 13:00:00,265.37,265.519,264.646,264.656,7988
2022-05-11 13:05:00,264.586,264.596,263.802,263.911,11031
2022-05-11 13:10:00,263.791,264.09,263.549,263.911,12193
2022-05-11 13:15:00,263.802,264.422,263.802,264.1,9501
2022-05-11 13:20:00,264.124,264.323,263.772,264.308,10629
2022-05-11 13:25:00,264.209,264.368,263.653,264.219,12907
2022-05-11 13:30:00,264.219,264.378,263.335,263.494,10603
2022-05-11 13:35:00,263.494,264.373,263.176,264.373,9782
2022-05-11 13:40:00,264.12,264.348,263.683,263.683,7137
2022-05-11 13:45:00,263.531,263.732,263.266,263.266,7906
2022-05-11 13:50:00,263.236,263.256,262.67,263.018,14960
2022-05-11 13:55:00,263.047,263.415,262.849,262.849,10588
2022-05-11 14:00:00,263.077,263.157,261.876,262.114,12904
2022-05-11 14:05:00,262.184,263.598,261.995,263.598,13244
2022-05-11 14:10:00,263.792,263.792,262.988,263.42,7194
2022-05-11 14:15:00,263.305,264.11,263.137,263.842,19975
2022-05-11 14:20:00,263.951,264.487,263.499,264.259,16163
2022-05-11 14:25:00,264.1,265.112,263.693,265.112,20771
2022-05-11 14:30:00,265.202,265.807,264.695,264.934,20788
2022-05-11 14:35:00,264.765,265.658,264.546,265.614,13622
2022-05-11 14:40:00,265.648,265.837,265.368,265.698,12163
2022-05-11 14:45:00,265.604,267.177,265.41,267.177,24273
2022-05-11 14:50:00,267.316,267.316,266.006,266.472,26238
2022-05-11 14:55:00,266.562,266.562,265.787,265.857,23910
2022-05-11 15:00:00,265.708,266.135,265.683,265.911,17620
2022-05-11 15:05:00,265.847,266.075,265.281,265.41,19923
2022-05-11 15:10:00,265.341,266.016,265.063,266.006,11421
2022-05-11 15:15:00,265.907,266.547,265.549,265.658,13230
2022-05-11 15:20:00,265.619,266.085,265.202,265.797,14300
2022-05-11 15:25:00,265.708,266.026,265.41,265.425,10541
2022-05-11 15:30:00,265.569,266.036,265.301,265.45,11385
2022-05-11 15:35:00,265.4,265.703,264.97,265.053,20996
2022-05-11 15:40:00,264.973,265.013,264.115,264.115,18689
2022-05-11 15:45:00,264.199,264.467,263.861,263.966,21358
2022-05-11 15:50:00,263.931,263.987,262.829,262.829,32592
2022-05-11 15:55:00,262.591,263.524,262.591,262.978,53956
2022-05-11 16:00:00,262.968,263.097,262.551,262.73,97411
2022-05-11 16:05:00,262.759,262.759,262.759,262.759,19224
2022-05-11 16:25:00,262.759,262.759,262.759,262.759,215
2022-05-12 08:05:00,260.575,260.843,260.575,260.843,207
2022-05-12 09:35:00,260.526,260.899,259.116,259.235,56109
2022-05-12 09:40:00,259.741,261.211,259.741,261.171,39612
2022-05-12 09:45:00,261.032,263.898,260.615,263.082,25069
2022-05-12 09:50:00,262.928,263.703,262.382,263.529,36020
2022-05-12 09:55:00,263.643,267.167,263.33,266.433,52735
2022-05-12 10:00:00,266.075,266.507,265.192,265.39,19788
2022-05-12 10:05:00,265.4,265.4,264.368,265.37,24468
2022-05-12 10:10:00,265.39,268.418,265.341,268.18,45462
2022-05-12 10:15:00,268.42,269.143,268.001,268.671,29954
2022-05-12 10:20:00,268.671,268.671,266.254,267.038,35125
2022-05-12 10:25:00,267.023,269.004,266.85,268.845,28580
2022-05-12 10:30:00,268.771,269.247,267.823,268.16,43779
2022-05-12 10:35:00,268.249,268.647,267.604,268.036,40577
2022-05-12 10:40:00,268.19,269.332,267.917,269.173,19094
2022-05-12 10:45:00,269.163,269.163,267.862,268.056,25929
2022-05-12 10:50:00,267.952,268.542,267.808,268.542,22645
2022-05-12 10:55:00,268.612,269.759,268.269,269.481,16782
2022-05-12 11:00:00,269.411,270.096,269.252,269.868,12726
2022-05-12 11:05:00,270.007,271.069,269.853,271.069,19572
2022-05-12 11:10:00,271.125,272.002,270.771,271.6,37931
2022-05-12 11:15:00,271.774,271.982,270.811,270.811,32623
2022-05-12 11:20:00,270.707,271.407,270.707,270.96,23209
2022-05-12 11:25:00,271.019,271.337,270.419,270.419,14648
2022-05-12 11:30:00,270.379,270.98,270.235,270.692,50564
2022-05-12 11:35:00,270.543,271.694,270.543,271.511,33856
2022-05-12 11:40:00,271.565,272.111,271.372,271.516,30583
2022-05-12 11:45:00,271.575,271.709,269.55,269.699,9636
2022-05-12 11:50:00,269.59,270.255,269.401,269.858,28959
2022-05-12 11:55:00,269.679,270.543,269.471,270.543,25566
2022-05-12 12:00:00,270.553,270.796,269.729,270.037,28523
2022-05-12 12:05:00,270.027,270.339,269.6,269.997,13410
2022-05-12 12:10:00,269.932,271.327,269.763,271.089,28815
2022-05-12 12:15:00,271.094,271.635,270.791,271.486,18444
2022-05-12 12:20:00,271.277,271.585,270.592,271.292,29143
2022-05-12 12:25:00,271.148,271.635,270.99,271.138,17984
2022-05-12 12:30:00,271.153,271.903,271.153,271.595,13746
2022-05-12 12:35:00,271.694,272.667,271.694,271.933,31132
2022-05-12 12:40:00,272.042,272.131,271.625,272.03,37203
2022-05-12 12:45:00,272.037,272.3,271.575,272.3,42828
2022-05-12 12:50:00,272.37,272.747,272.022,272.355,37483
2022-05-12 12:55:00,272.518,272.687,272.101,272.365,13430
2022-05-12 13:00:00,272.355,272.935,272.012,272.012,30565
2022-05-12 13:05:00,271.734,271.933,270.98,271.119,51125
2022-05-12 13:10:00,271.119,271.506,270.875,271.307,32144
2022-05-12 13:15:00,271.327,271.873,271.218,271.367,19896
2022-05-12 13:20:00,271.486,271.814,271.216,271.397,12070
2022-05-12 13:25:00,271.536,271.734,271.208,271.615,34021
2022-05-12 13:30:00,271.689,271.883,271.387,271.794,19418
2022-05-12 13:35:00,271.714,272.042,271.178,271.625,22926
2022-05-12 13:40:00,271.62,271.913,271.595,271.794,20912
2022-05-12 13:45:00,271.724,272.245,271.575,272.072,22453
2022-05-12 13:50:00,272.022,272.072,271.413,271.421,23512
2022-05-12 13:55:00,271.421,271.685,270.88,271.208,30441
2022-05-12 14:00:00,271.238,271.833,271.019,271.501,31297
2022-05-12 14:05:00,271.416,271.655,270.88,271.029,40519
2022-05-12 14:10:00,271.029,271.029,269.808,269.828,32942
2022-05-12 14:15:00,269.898,270.368,269.624,270.265,30011
2022-05-12 14:20:00,270.3,270.444,269.947,270.364,59592
2022-05-12 14:25:00,270.185,270.583,269.054,269.054,30094
2022-05-12 14:30:00,269.034,269.659,268.577,269.272,24710
2022-05-12 14:35:00,269.376,269.62,268.809,269.51,34633
2022-05-12 14:40:00,269.56,269.679,269.193,269.312,18893
2022-05-12 14:45:00,269.431,269.431,268.448,268.706,14002
2022-05-12 14:50:00,268.706,269.113,268.458,268.542,20118
2022-05-12 14:55:00,268.478,268.835,268.349,268.379,28045
2022-05-12 15:00:00,268.23,268.488,267.803,268.076,10058
2022-05-12 15:05:00,267.972,268.716,267.644,268.681,20318
2022-05-12 15:10:00,268.751,268.751,267.803,267.872,21380
2022-05-12 15:15:00,268.091,268.269,267.396,268.269,28549
2022-05-12 15:20:00,268.269,269.391,268.269,269.332,22032
2022-05-12 15:25:00,269.232,271.009,269.153,270.841,27073
2022-05-12 15:30:00,270.741,271.372,270.185,270.339,27222
2022-05-12 15:35:00,270.434,271.431,270.414,271.119,48731
2022-05-12 15:40:00,271.069,271.416,270.672,271.402,52544
2022-05-12 15:45:00,271.456,272.022,270.93,271.277,32468
2022-05-12 15:50:00,271.218,272.067,271.059,271.645,64777
2022-05-12 15:55:00,271.843,273.124,271.605,271.665,83395
2022-05-12 16:00:00,271.675,272.727,271.605,272.553,167471
2022-05-12 16:05:00,272.558,272.558,272.558,272.558,20253
2022-05-12 16:25:00,272.558,272.558,272.558,272.558,115
2022-05-13 09:20:00,275.993,275.993,275.993,275.993,100
2022-05-13 09:30:00,275.06,275.06,275.03,275.03,969
2022-05-13 09:35:00,273.67,273.67,271.069,271.526,42760
2022-05-13 09:40:00,271.223,274.335,270.622,273.71,30905
2022-05-13 09:45:00,273.62,273.968,272.181,272.667,11514
2022-05-13 09:50:00,273.055,273.968,272.578,273.442,23485
2022-05-13 09:55:00,273.531,274.593,273.432,274.593,20785
2022-05-13 10:00:00,274.752,275.725,274.186,274.876,12621
2022-05-13 10:05:00,274.782,275.209,274.018,274.484,12745
2022-05-13 10:10:00,274.504,274.881,273.968,274.514,14487
2022-05-13 10:15:00,274.832,274.832,273.948,274.499,16366
2022-05-13 10:20:00,274.549,275.03,273.958,274.866,13637
2022-05-13 10:25:00,275.0,275.398,274.712,274.812,10269
2022-05-13 10:30:00,274.931,275.905,274.832,275.556,11707
2022-05-13 10:35:00,275.268,275.616,275.01,275.278,17737
2022-05-13 10:40:00,275.318,275.348,274.722,274.854,20406
2022-05-13 10:45:00,274.951,274.971,273.759,273.888,9177
2022-05-13 10:50:00,273.764,274.124,273.432,273.809,7756
2022-05-13 10:55:00,273.799,273.948,273.472,273.879,9452
2022-05-13 11:00:00,273.879,274.166,273.65,273.869,11054
2022-05-13 11:05:00,273.824,273.824,273.109,273.124,12359
2022-05-13 11:10:00,273.174,273.606,273.124,273.606,12585
2022-05-13 11:15:00,273.72,273.779,272.846,272.876,17399
2022-05-13 11:20:00,272.816,272.881,272.161,272.27,17015
2022-05-13 11:25:00,272.236,272.37,271.635,271.699,15803
2022-05-13 11:30:00,271.699,271.774,271.198,271.466,18764
2022-05-13 11:35:00,271.431,271.908,271.258,271.908,20243
2022-05-13 11:40:00,271.764,271.853,271.387,271.67,14551
2022-05-13 11:45:00,271.63,271.63,271.029,271.124,19533
2022-05-13 11:50:00,271.039,271.476,271.029,271.476,24046
2022-05-13 11:55:00,271.565,271.714,271.451,271.625,13356
2022-05-13 12:00:00,271.565,271.769,271.416,271.769,17928
2022-05-13 12:05:00,271.764,271.878,271.183,271.198,16983
2022-05-13 12:10:00,271.119,272.201,271.119,272.201,15216
2022-05-13 12:15:00,272.181,272.221,271.238,271.357,26102
2022-05-13 12:20:00,271.407,271.759,271.387,271.471,13976
2022-05-13 12:25:00,271.516,271.734,271.516,271.655,8736
2022-05-13 12:30:00,271.516,271.516,270.982,271.178,8586
2022-05-13 12:35:00,271.258,271.794,271.258,271.444,10538
2022-05-13 12:40:00,271.337,271.943,271.238,271.943,16543
2022-05-13 12:45:00,271.843,271.913,271.138,271.138,11959
2022-05-13 12:50:00,271.148,271.148,270.275,270.344,13219
2022-05-13 12:55:00,270.334,270.334,269.768,269.818,11377
2022-05-13 13:00:00,269.902,270.027,269.709,269.808,12054
2022-05-13 13:05:00,269.878,270.771,269.858,270.533,19863
2022-05-13 13:10:00,270.533,270.533,269.942,269.942,8939
2022-05-13 13:15:00,269.942,270.444,269.868,270.434,17856
2022-05-13 13:20:00,270.434,270.741,270.017,270.717,15833
2022-05-13 13:25:00,270.806,270.93,270.444,270.444,12609
2022-05-13 13:30:00,270.503,270.503,269.937,269.937,12972
2022-05-13 13:35:00,269.987,270.602,269.987,270.488,11487
2022-05-13 13:40:00,270.512,270.622,270.136,270.225,10086
2022-05-13 13:45:00,270.166,270.463,269.937,270.255,25348
2022-05-13 13:50:00,270.255,270.265,270.022,270.235,6104
2022-05-13 13:55:00,270.295,270.295,269.972,270.146,26820
2022-05-13 14:00:00,270.106,270.116,269.639,269.957,23699
2022-05-13 14:05:00,270.037,270.037,268.676,268.815,11834
2022-05-13 14:10:00,268.766,269.332,268.537,269.332,11536
2022-05-13 14:15:00,269.361,269.709,269.272,269.342,18217
2022-05-13 14:20:00,269.322,269.798,268.979,269.699,16900
2022-05-13 14:25:00,269.659,269.868,269.237,269.322,13538
2022-05-13 14:30:00,269.431,269.669,269.242,269.669,10643
2022-05-13 14:35:00,269.639,270.612,269.639,269.868,16858
2022-05-13 14:40:00,269.828,270.017,269.53,269.947,21284
2022-05-13 14:45:00,270.027,270.429,269.768,270.106,20977
2022-05-13 14:50:00,270.076,270.106,268.875,269.054,11653
2022-05-13 14:55:00,269.039,269.997,268.994,269.997,9255
2022-05-13 15:00:00,270.056,270.136,269.892,270.022,10352
2022-05-13 15:05:00,270.136,270.404,270.046,270.126,8200
2022-05-13 15:10:00,270.166,270.553,270.166,270.513,12775
2022-05-13 15:15:00,270.533,270.781,270.404,270.751,10950
2022-05-13 15:20:00,270.791,270.91,270.523,270.771,14234
2022-05-13 15:25:00,270.791,270.791,270.444,270.622,18351
2022-05-13 15:30:00,270.553,270.88,270.429,270.88,15480
2022-05-13 15:35:00,270.811,270.999,269.947,270.086,27240
2022-05-13 15:40:00,270.086,270.508,269.749,270.21,23958
2022-05-13 15:45:00,270.156,270.781,270.046,270.672,20887
2022-05-13 15:50:00,270.722,271.129,270.394,270.801,31181
2022-05-13 15:55:00,270.702,270.781,269.917,270.508,51744
2022-05-13 16:00:00,270.493,271.377,270.215,271.377,120732
2022-05-13 16:05:00,271.357,271.357,271.357,271.357,14278
2022-05-13 16:15:00,271.893,271.893,271.873,271.893,2812
2022-05-13 16:20:00,271.357,271.357,271.357,271.357,372
2022-05-16 09:35:00,268.666,269.064,267.053,267.991,35909
2022-05-16 09:40:00,267.975,268.493,266.681,268.488,13928
2022-05-16 09:45:00,268.393,268.423,264.581,264.864,13633
2022-05-16 09:50:00,264.857,268.666,263.405,264.179,39768
2022-05-16 09:55:00,264.115,265.777,264.11,265.326,20296
2022-05-16 10:00:00,265.4,265.887,265.142,265.569,17779
2022-05-16 10:05:00,265.678,265.748,265.083,265.353,20497
2022-05-16 10:10:00,265.619,266.85,265.619,266.681,12732
2022-05-16 10:15:00,266.681,267.485,266.631,267.311,11870
2022-05-16 10:20:00,267.286,267.882,267.227,267.564,14335
2022-05-16 10:25:00,267.654,268.483,267.654,268.483,11416
2022-05-16 10:30:00,268.498,269.044,268.225,269.044,12355
2022-05-16 10:35:00,268.984,269.029,268.369,268.369,10074
2022-05-16 10:40:00,268.15,268.994,267.902,268.994,17572
2022-05-16 10:45:00,269.064,270.056,268.845,269.987,13211
2022-05-16 10:50:00,270.046,270.364,269.481,269.58,17003
2022-05-16 10:55:00,269.57,269.739,269.113,269.292,11660
2022-05-16 11:00:00,269.044,269.351,268.786,268.954,22911
2022-05-16 11:05:00,268.845,269.868,268.845,269.868,17389
2022-05-16 11:10:00,269.868,269.927,269.381,269.664,13289
2022-05-16 11:15:00,269.62,269.838,269.52,269.813,9168
2022-05-16 11:20:00,269.793,270.523,269.768,269.967,10159
2022-05-16 11:25:00,269.838,269.997,269.342,269.629,11309
2022-05-16 11:30:00,269.476,270.344,269.444,269.898,14862
2022-05-16 11:35:00,269.778,270.543,269.729,270.543,6989
2022-05-16 11:40:00,270.414,270.424,269.759,270.175,13434
2022-05-16 11:45:00,270.225,270.781,270.086,270.781,12939
2022-05-16 11:50:00,270.795,271.496,270.795,271.441,12423
2022-05-16 11:55:00,271.357,271.764,271.178,271.496,9602
2022-05-16 12:00:00,271.565,272.121,271.536,271.833,11331
2022-05-16 12:05:00,271.995,272.727,271.863,272.568,7035
2022-05-16 12:10:00,272.492,272.492,271.6,271.615,13112
2022-05-16 12:15:00,271.536,272.082,271.347,272.082,5674
2022-05-16 12:20:00,271.764,271.863,271.387,271.863,11307
2022-05-16 12:25:00,271.675,271.724,270.95,270.96,9781
2022-05-16 12:30:00,270.88,271.059,270.637,270.712,8003
2022-05-16 12:35:00,270.523,270.741,270.275,270.652,10601
2022-05-16 12:40:00,270.692,271.039,270.622,270.652,6808
2022-05-16 12:45:00,270.622,270.722,270.28,270.374,4873
2022-05-16 12:50:00,270.394,270.652,269.942,270.503,8682
2022-05-16 12:55:00,270.493,270.563,269.927,270.185,9149
2022-05-16 13:00:00,270.106,270.404,269.999,270.404,9508
2022-05-16 13:05:00,270.156,270.404,269.977,270.404,7822
2022-05-16 13:10:00,270.205,270.473,270.037,270.185,13544
2022-05-16 13:15:00,270.185,270.91,270.06,270.791,9728
2022-05-16 13:20:00,270.846,271.268,270.731,271.079,7743
2022-05-16 13:25:00,271.029,271.863,271.029,271.754,6109
2022-05-16 13:30:00,271.685,271.734,271.436,271.546,8041
2022-05-16 13:35:00,271.685,271.863,271.645,271.754,8424
2022-05-16 13:40:00,271.853,271.953,271.555,271.625,7074
2022-05-16 13:45:00,271.595,271.933,271.268,271.794,10982
2022-05-16 13:50:00,271.685,271.685,271.248,271.307,8772
2022-05-16 13:55:00,271.248,271.506,271.079,271.079,7904
2022-05-16 14:00:00,271.163,271.327,270.771,270.89,10590
2022-05-16 14:05:00,270.87,271.019,270.672,271.009,7668
2022-05-16 14:10:00,271.253,271.56,271.218,271.347,13593
2022-05-16 14:15:00,271.277,271.297,270.702,270.751,13761
2022-05-16 14:20:00,270.702,271.049,270.563,270.95,7389
2022-05-16 14:25:00,271.138,271.486,271.029,271.446,6968
2022-05-16 14:30:00,271.496,271.953,271.263,271.853,9732
2022-05-16 14:35:00,271.923,272.697,271.923,272.645,27666
2022-05-16 14:40:00,272.568,272.717,272.389,272.598,18980
2022-05-16 14:45:00,272.623,272.667,272.26,272.324,27188
2022-05-16 14:50:00,272.24,272.26,271.734,271.893,15476
2022-05-16 14:55:00,271.992,272.231,271.883,272.101,12054
2022-05-16 15:00:00,272.141,272.399,272.077,272.399,9842
2022-05-16 15:05:00,272.231,272.578,272.101,272.231,15127
2022-05-16 15:10:00,272.201,272.439,272.042,272.042,8686
2022-05-16 15:15:00,272.002,272.002,271.198,271.258,10691
2022-05-16 15:20:00,271.248,271.416,270.573,270.88,18976
2022-05-16 15:25:00,270.791,270.88,270.493,270.702,13093
2022-05-16 15:30:00,270.796,270.796,270.463,270.553,8574
2022-05-16 15:35:00,270.414,270.702,270.116,270.215,17834
2022-05-16 15:40:00,270.096,270.334,269.868,270.156,24465
2022-05-16 15:45:00,270.205,270.235,269.639,269.659,12249
2022-05-16 15:50:00,269.55,269.629,269.113,269.332,34809
2022-05-16 15:55:00,269.222,270.215,269.222,269.957,36601
2022-05-16 16:00:00,270.007,270.116,269.103,269.699,104473
2022-05-16 16:05:00,269.411,269.411,269.411,269.411,16222
2022-05-17 09:35:00,273.313,274.454,271.258,272.499,33595
2022-05-17 09:40:00,272.598,272.623,271.416,271.456,16925
2022-05-17 09:45:00,271.387,271.397,270.126,270.682,31977
2022-05-17 09:50:00,270.841,270.95,268.791,268.925,9596
2022-05-17 09:55:00,268.776,269.59,267.912,267.912,21512
2022-05-17 10:00:00,268.031,269.302,267.465,269.014,19239
2022-05-17 10:05:00,269.173,270.523,269.163,269.843,41773
2022-05-17 10:10:00,269.778,269.778,267.804,268.15,13385
2022-05-17 10:15:00,268.101,268.349,267.495,267.897,47195
2022-05-17 10:20:00,267.743,268.13,267.535,267.823,13788
2022-05-17 10:25:00,267.932,268.607,267.748,267.932,11615
2022-05-17 10:30:00,268.051,268.051,266.879,266.949,14815
2022-05-17 10:35:00,266.949,267.644,266.949,267.396,21262
2022-05-17 10:40:00,267.495,267.495,265.916,266.095,35136
2022-05-17 10:45:00,266.155,266.462,265.802,266.314,9768
2022-05-17 10:50:00,266.085,266.14,265.112,265.39,15337
2022-05-17 10:55:00,265.425,265.499,264.983,264.983,21778
2022-05-17 11:00:00,264.834,265.946,264.735,265.946,20949
2022-05-17 11:05:00,266.046,266.403,265.837,266.264,12829
2022-05-17 11:10:00,266.155,266.671,265.946,266.259,9770
2022-05-17 11:15:00,266.284,266.319,265.976,266.269,7375
2022-05-17 11:20:00,266.249,267.078,266.155,266.999,15975
2022-05-17 11:25:00,266.929,267.078,266.443,266.721,16680
2022-05-17 11:30:00,266.86,267.316,266.433,267.306,11624
2022-05-17 11:35:00,267.217,267.349,267.048,267.058,10460
2022-05-17 11:40:00,267.048,267.435,266.82,267.341,14419
2022-05-17 11:45:00,267.401,267.644,266.949,266.979,14401
2022-05-17 11:50:00,266.979,267.326,266.899,267.227,13531
2022-05-17 11:55:00,267.207,267.495,267.192,267.217,12051
2022-05-17 12:00:00,267.133,267.157,266.76,266.867,9217
2022-05-17 12:05:00,266.85,266.929,266.646,266.914,9061
2022-05-17 12:10:00,266.97,267.093,266.502,267.018,8646
2022-05-17 12:15:00,266.949,267.495,266.77,267.306,14607
2022-05-17 12:20:00,267.416,267.818,267.416,267.743,8984
2022-05-17 12:25:00,267.684,267.835,267.465,267.813,13262
2022-05-17 12:30:00,267.803,267.981,267.773,267.862,6091
2022-05-17 12:35:00,267.837,267.892,267.599,267.763,8301
2022-05-17 12:40:00,267.862,267.862,267.555,267.674,8987
2022-05-17 12:45:00,267.703,267.703,267.157,267.157,13557
2022-05-17 12:50:00,267.257,267.505,267.034,267.341,14335
2022-05-17 12:55:00,267.267,267.416,266.959,266.979,11941
2022-05-17 13:00:00,266.979,267.197,266.939,267.063,7569
2022-05-17 13:05:00,267.068,267.157,266.656,267.157,10808
2022-05-17 13:10:00,267.128,267.694,267.118,267.654,8043
2022-05-17 13:15:00,267.505,267.823,267.485,267.748,18860
2022-05-17 13:20:00,267.728,268.125,267.728,268.046,10166
2022-05-17 13:25:00,267.981,267.981,267.505,267.505,8933
2022-05-17 13:30:00,267.425,267.525,266.884,266.899,10211
2022-05-17 13:35:00,266.979,267.296,266.929,266.969,11436
2022-05-17 13:40:00,266.969,267.148,266.765,266.765,7582
2022-05-17 13:45:00,266.765,267.018,266.433,266.433,14303
2022-05-17 13:50:00,266.353,266.679,265.877,266.679,18687
2022-05-17 13:55:00,266.512,266.909,266.512,266.909,12040
2022-05-17 14:00:00,267.048,267.753,266.944,267.158,20403
2022-05-17 14:05:00,267.376,267.619,266.562,266.731,11546
2022-05-17 14:10:00,266.87,268.111,266.86,268.051,18881
2022-05-17 14:15:00,268.12,268.13,266.286,266.286,23784
2022-05-17 14:20:00,266.274,266.87,266.125,266.363,15205
2022-05-17 14:25:00,266.249,266.249,264.973,265.455,14850
2022-05-17 14:30:00,265.509,266.006,265.281,265.519,17788
2022-05-17 14:35:00,265.495,265.857,265.236,265.241,16997
2022-05-17 14:40:00,265.053,266.065,264.824,266.065,22860
2022-05-17 14:45:00,266.095,266.74,265.996,266.482,17425
2022-05-17 14:50:00,266.582,267.545,266.413,267.545,13524
2022-05-17 14:55:00,267.485,267.555,267.148,267.267,14395
2022-05-17 15:00:00,267.406,268.18,267.366,267.798,24226
2022-05-17 15:05:00,267.803,268.21,267.475,267.634,19951
2022-05-17 15:10:00,267.634,267.872,267.078,267.217,18098
2022-05-17 15:15:00,267.267,267.267,266.84,266.899,10949
2022-05-17 15:20:00,266.855,267.237,266.641,267.103,16419
2022-05-17 15:25:00,267.103,267.237,266.706,266.76,14140
2022-05-17 15:30:00,266.711,266.909,266.517,266.77,19175
2022-05-17 15:35:00,266.631,266.919,266.373,266.919,26214
2022-05-17 15:40:00,266.949,267.272,266.651,266.681,22784
2022-05-17 15:45:00,266.731,267.217,266.731,267.028,30765
2022-05-17 15:50:00,266.989,266.989,266.085,266.358,47273
2022-05-17 15:55:00,266.393,266.641,266.234,266.383,62851
2022-05-17 16:00:00,266.383,267.346,266.348,267.316,141418
2022-05-17 16:05:00,267.316,267.316,267.316,267.316,18561
2022-05-17 16:15:00,267.316,267.316,267.316,267.316,413
2022-05-17 16:20:00,267.316,267.316,267.316,267.316,148
2022-05-18 07:45:00,261.856,263.087,261.856,263.087,428
2022-05-18 09:30:00,264.427,264.427,264.427,264.427,958
2022-05-18 09:35:00,264.477,266.041,263.097,264.517,59952
2022-05-18 09:40:00,264.517,264.561,262.342,262.489,26935
2022-05-18 09:45:00,263.087,263.613,262.596,262.601,8437
2022-05-18 09:50:00,262.695,263.564,262.511,262.769,19384
2022-05-18 09:55:00,262.749,263.474,262.576,263.132,16908
2022-05-18 10:00:00,263.166,263.712,262.561,263.236,14333
2022-05-18 10:05:00,263.425,263.663,262.779,263.246,12611
2022-05-18 10:10:00,263.166,263.484,262.144,262.144,7751
2022-05-18 10:15:00,262.243,262.462,261.558,262.035,10348
2022-05-18 10:20:00,262.035,262.879,261.638,262.735,27495
2022-05-18 10:25:00,262.62,262.62,261.101,261.598,9246
2022-05-18 10:30:00,261.548,261.925,260.739,260.739,8895
2022-05-18 10:35:00,260.804,261.25,260.739,260.982,13775
2022-05-18 10:40:00,260.843,261.657,260.774,261.479,10651
2022-05-18 10:45:00,261.389,262.283,261.31,262.283,14065
2022-05-18 10:50:00,262.362,262.362,261.767,261.955,14747
2022-05-18 10:55:00,261.921,261.93,261.221,261.221,7471
2022-05-18 11:00:00,261.191,262.283,261.131,262.233,18685
2022-05-18 11:05:00,262.203,262.233,261.757,261.925,9441
2022-05-18 11:10:00,261.985,262.01,261.605,261.754,11849
2022-05-18 11:15:00,261.747,262.024,261.588,262.015,10148
2022-05-18 11:20:00,262.04,262.228,261.985,262.184,11239
2022-05-18 11:25:00,262.194,262.263,261.489,261.489,14417
2022-05-18 11:30:00,261.638,261.638,260.744,261.032,8130
2022-05-18 11:35:00,260.868,260.893,260.546,260.635,5970
2022-05-18 11:40:00,260.774,262.05,260.714,261.489,9482
2022-05-18 11:45:00,261.484,262.094,261.459,262.094,2930
2022-05-18 11:50:00,262.263,262.263,261.96,261.975,5883
2022-05-18 11:55:00,261.96,262.203,261.212,261.212,6017
2022-05-18 12:00:00,261.141,261.419,261.062,261.27,6014
2022-05-18 12:05:00,261.131,261.211,260.873,261.082,6093
2022-05-18 12:10:00,261.3,261.3,260.933,261.24,7131
2022-05-18 12:15:00,261.25,261.439,260.918,261.439,6766
2022-05-18 12:20:00,261.27,261.568,261.097,261.28,7452
2022-05-18 12:25:00,261.379,261.379,260.744,260.744,8067
2022-05-18 12:30:00,260.829,260.829,260.426,260.546,7101
2022-05-18 12:35:00,260.516,261.022,260.516,261.017,5354
2022-05-18 12:40:00,260.953,260.953,260.352,260.516,9526
2022-05-18 12:45:00,260.58,260.58,260.129,260.129,4868
2022-05-18 12:50:00,260.193,260.838,260.193,260.692,8293
2022-05-18 12:55:00,260.615,260.953,260.575,260.933,6167
2022-05-18 13:00:00,261.052,261.409,260.982,261.409,5556
2022-05-18 13:05:00,261.201,261.201,260.754,260.858,5788
2022-05-18 13:10:00,260.823,260.823,260.039,260.039,8196
2022-05-18 13:15:00,260.029,260.049,259.587,259.935,12550
2022-05-18 13:20:00,259.87,259.89,258.967,259.041,18457
2022-05-18 13:25:00,259.081,259.225,258.927,259.036,23400
2022-05-18 13:30:00,259.146,259.384,259.007,259.384,23581
2022-05-18 13:35:00,259.305,260.238,259.156,260.125,16244
2022-05-18 13:40:00,260.158,260.516,260.089,260.516,9956
2022-05-18 13:45:00,260.456,260.456,258.322,258.466,19037
2022-05-18 13:50:00,258.401,258.54,258.034,258.034,19728
2022-05-18 13:55:00,258.049,258.133,257.666,257.766,21907
2022-05-18 14:00:00,257.676,258.312,257.488,258.312,14904
2022-05-18 14:05:00,258.322,258.639,258.222,258.292,10396
2022-05-18 14:10:00,258.466,258.54,258.138,258.361,10207
2022-05-18 14:15:00,258.431,258.6,257.736,257.964,15393
2022-05-18 14:20:00,257.736,258.381,257.627,258.381,21249
2022-05-18 14:25:00,258.277,258.401,257.984,258.054,19022
2022-05-18 14:30:00,258.054,258.53,258.054,258.401,33684
2022-05-18 14:35:00,258.401,258.52,258.064,258.222,19154
2022-05-18 14:40:00,258.143,258.168,257.468,257.572,15281
2022-05-18 14:45:00,257.676,257.88,257.249,257.418,16161
2022-05-18 14:50:00,257.359,257.954,257.245,257.731,14526
2022-05-18 14:55:00,257.736,257.934,257.369,257.458,10894
2022-05-18 15:00:00,257.408,257.666,257.259,257.503,18536
2022-05-18 15:05:00,257.498,257.786,257.498,257.587,9232
2022-05-18 15:10:00,257.701,258.56,257.701,258.173,16499
2022-05-18 15:15:00,258.232,258.411,258.064,258.083,15433
2022-05-18 15:20:00,258.123,258.52,258.108,258.212,15781
2022-05-18 15:25:00,258.381,258.411,257.627,257.826,11691
2022-05-18 15:30:00,257.786,257.825,257.508,257.587,12580
2022-05-18 15:35:00,257.637,257.834,257.359,257.513,22081
2022-05-18 15:40:00,257.418,258.699,257.339,258.441,26100
2022-05-18 15:45:00,258.481,258.58,257.428,257.607,20139
2022-05-18 15:50:00,257.657,257.696,256.197,256.207,76678
2022-05-18 15:55:00,256.227,256.914,256.197,256.639,84407
2022-05-18 16:00:00,256.634,258.183,256.614,257.905,150304
2022-05-18 16:05:00,257.786,257.786,257.786,257.786,17642
2022-05-18 16:10:00,257.786,257.786,257.786,257.786,1000
2022-05-18 16:25:00,257.786,257.786,257.786,257.786,244
2022-05-19 09:35:00,256.471,257.118,255.138,255.138,35661
2022-05-19 09:40:00,255.352,256.362,254.65,254.849,23528
2022-05-19 09:45:00,255.038,255.815,254.023,254.078,35115
2022-05-19 09:50:00,254.402,254.531,253.904,254.387,14326
2022-05-19 09:55:00,254.67,256.76,254.548,256.561,33202
2022-05-19 10:00:00,257.108,258.382,256.84,258.083,26249
2022-05-19 10:05:00,258.372,260.442,257.889,260.123,31863
2022-05-19 10:10:00,260.163,260.511,259.009,259.705,25730
2022-05-19 10:15:00,259.815,260.183,259.437,259.83,22253
2022-05-19 10:20:00,259.984,260.541,259.87,260.034,20563
2022-05-19 10:25:00,259.989,260.979,259.989,260.352,34360
2022-05-19 10:30:00,260.402,260.412,259.312,259.377,16615
2022-05-19 10:35:00,259.168,260.203,258.84,260.203,42555
2022-05-19 10:40:00,260.501,260.531,258.72,258.974,45299
2022-05-19 10:45:00,258.899,259.118,258.531,258.7,10582
2022-05-19 10:50:00,259.069,259.168,258.342,258.541,19834
2022-05-19 10:55:00,258.491,258.909,258.233,258.879,11751
2022-05-19 11:00:00,258.77,259.014,258.412,258.471,9528
2022-05-19 11:05:00,258.73,258.939,258.382,258.382,7610
2022-05-19 11:10:00,258.362,258.362,257.417,257.765,13955
2022-05-19 11:15:00,258.004,258.601,257.656,257.656,10043
2022-05-19 11:20:00,257.556,258.382,257.347,258.382,8356
2022-05-19 11:25:00,258.243,258.551,257.974,258.412,40264
2022-05-19 11:30:00,258.213,258.352,258.044,258.193,5939
2022-05-19 11:35:00,258.631,259.427,258.631,259.138,6735
2022-05-19 11:40:00,259.049,259.621,258.939,259.606,5377
2022-05-19 11:45:00,259.666,259.974,259.516,259.516,8458
2022-05-19 11:50:00,259.646,259.775,259.327,259.755,29084
2022-05-19 11:55:00,259.765,260.153,259.258,259.397,17550
2022-05-19 12:00:00,259.218,259.218,258.621,259.128,10149
2022-05-19 12:05:00,259.069,259.138,258.611,258.72,6427
2022-05-19 12:10:00,258.636,258.899,258.591,258.82,6451
2022-05-19 12:15:00,258.879,259.476,258.879,259.138,6637
2022-05-19 12:20:00,259.093,259.238,258.489,258.601,8523
2022-05-19 12:25:00,258.531,258.601,257.805,258.153,5555
2022-05-19 12:30:00,258.352,258.382,258.133,258.263,8096
2022-05-19 12:35:00,258.054,258.173,257.785,258.123,10996
2022-05-19 12:40:00,258.193,258.193,257.72,257.743,6817
2022-05-19 12:45:00,257.646,257.835,257.387,257.775,21323
2022-05-19 12:50:00,257.72,257.805,257.364,257.656,9025
2022-05-19 12:55:00,257.735,258.133,257.656,257.924,6704
2022-05-19 13:00:00,257.845,258.516,257.735,258.516,7903
2022-05-19 13:05:00,258.501,258.606,257.894,258.034,6265
2022-05-19 13:10:00,258.163,258.382,257.765,257.964,8444
2022-05-19 13:15:00,258.014,258.014,257.382,257.78,10345
2022-05-19 13:20:00,257.576,258.462,257.576,258.462,7546
2022-05-19 13:25:00,258.352,258.83,258.233,258.621,7264
2022-05-19 13:30:00,258.591,258.886,258.322,258.447,7683
2022-05-19 13:35:00,258.352,258.989,258.253,258.69,8380
2022-05-19 13:40:00,258.591,259.059,258.382,259.059,7565
2022-05-19 13:45:00,258.949,259.228,258.756,259.198,7043
2022-05-19 13:50:00,259.069,259.308,258.163,258.272,9078
2022-05-19 13:55:00,258.213,259.536,258.213,259.496,6334
2022-05-19 14:00:00,259.745,260.561,259.745,260.283,10635
2022-05-19 14:05:00,260.193,260.263,259.302,259.447,10664
2022-05-19 14:10:00,259.397,259.397,258.79,258.939,30117
2022-05-19 14:15:00,259.088,259.486,259.019,259.198,18041
2022-05-19 14:20:00,259.268,259.904,259.268,259.447,29721
2022-05-19 14:25:00,259.287,260.004,259.213,259.7,8039
2022-05-19 14:30:00,259.705,259.815,259.397,259.457,11178
2022-05-19 14:35:00,259.457,259.596,259.148,259.526,6582
2022-05-19 14:40:00,259.516,260.203,259.327,259.919,9058
2022-05-19 14:45:00,259.765,259.825,259.108,259.805,7541
2022-05-19 14:50:00,260.004,260.661,259.652,260.661,8090
2022-05-19 14:55:00,260.81,260.939,260.482,260.939,8034
2022-05-19 15:00:00,260.86,260.999,260.372,260.82,9383
2022-05-19 15:05:00,260.795,261.944,260.775,261.875,26626
2022-05-19 15:10:00,262.014,262.024,261.049,261.049,10733
2022-05-19 15:15:00,260.681,260.899,260.312,260.432,16640
2022-05-19 15:20:00,260.611,260.834,260.193,260.412,13548
2022-05-19 15:25:00,260.362,260.362,259.705,259.745,12955
2022-05-19 15:30:00,259.685,260.024,259.317,259.357,9418
2022-05-19 15:35:00,259.357,259.596,259.108,259.108,14974
2022-05-19 15:40:00,259.208,259.347,258.74,259.039,30946
2022-05-19 15:45:00,259.108,259.715,258.909,259.676,19293
2022-05-19 15:50:00,259.715,259.88,258.865,259.178,37371
2022-05-19 15:55:00,259.228,259.277,258.631,259.108,37502
2022-05-19 16:00:00,259.138,259.317,258.272,258.75,211026
2022-05-19 16:05:00,258.093,258.093,258.093,258.093,24786
2022-05-20 09:35:00,259.228,261.019,258.7,261.019,46131
2022-05-20 09:40:00,260.79,260.83,258.561,260.511,13270
2022-05-20 09:45:00,259.994,260.302,258.631,259.544,20126
2022-05-20 09:50:00,259.491,259.765,256.386,256.561,21581
2022-05-20 09:55:00,256.392,257.039,256.133,256.869,22547
2022-05-20 10:00:00,256.71,256.76,256.083,256.11,13979
2022-05-20 10:05:00,255.944,256.382,255.387,255.586,32141
2022-05-20 10:10:00,255.581,255.581,253.994,254.168,34539
2022-05-20 10:15:00,254.168,255.078,253.715,254.501,23530
2022-05-20 10:20:00,254.531,254.919,254.123,254.889,18055
2022-05-20 10:25:00,254.86,254.86,253.964,253.979,13788
2022-05-20 10:30:00,254.123,254.441,253.745,254.441,21961
2022-05-20 10:35:00,254.322,254.362,253.581,253.581,19618
2022-05-20 10:40:00,253.67,253.741,252.859,253.237,19775
2022-05-20 10:45:00,253.287,253.596,252.909,253.198,16050
2022-05-20 10:50:00,253.128,253.158,252.153,252.367,24561
2022-05-20 10:55:00,252.307,252.471,251.436,251.466,23058
2022-05-20 11:00:00,251.377,251.765,251.148,251.461,25244
2022-05-20 11:05:00,251.476,252.158,251.476,251.994,13123
2022-05-20 11:10:00,251.934,252.003,251.486,251.879,22917
2022-05-20 11:15:00,251.97,252.073,251.705,252.073,15583
2022-05-20 11:20:00,252.153,252.392,251.78,252.322,20001
2022-05-20 11:25:00,252.332,252.66,251.854,251.974,20768
2022-05-20 11:30:00,251.974,252.859,251.974,252.69,21472
2022-05-20 11:35:00,252.68,252.979,252.441,252.591,17281
2022-05-20 11:40:00,252.61,252.71,252.053,252.342,25347
2022-05-20 11:45:00,252.337,252.531,251.794,251.814,18196
2022-05-20 11:50:00,251.809,252.63,251.809,252.277,22561
2022-05-20 11:55:00,252.257,252.904,252.113,252.451,8504
2022-05-20 12:00:00,252.551,252.551,252.083,252.362,17618
2022-05-20 12:05:00,252.421,252.62,251.237,251.237,19906
2022-05-20 12:10:00,251.287,251.675,251.148,251.22,29974
2022-05-20 12:15:00,251.188,251.307,250.252,250.252,26270
2022-05-20 12:20:00,250.222,250.421,249.944,250.367,25532
2022-05-20 12:25:00,250.367,251.864,250.282,251.864,26856
2022-05-20 12:30:00,251.715,251.73,250.526,250.536,17421
2022-05-20 12:35:00,250.461,250.988,250.372,250.68,31054
2022-05-20 12:40:00,250.68,251.048,250.561,250.959,20149
2022-05-20 12:45:00,250.761,251.108,250.242,250.242,14063
2022-05-20 12:50:00,250.232,251.118,250.128,251.078,19716
2022-05-20 12:55:00,250.988,251.168,250.292,250.531,16039
2022-05-20 13:00:00,250.332,250.69,249.74,249.894,25123
2022-05-20 13:05:00,249.859,250.043,249.347,249.725,18577
2022-05-20 13:10:00,249.665,250.133,249.078,249.426,18108
2022-05-20 13:15:00,249.46,249.46,248.978,249.282,9120
2022-05-20 13:20:00,249.307,249.371,248.978,249.028,15467
2022-05-20 13:25:00,248.949,249.774,248.949,249.774,17419
2022-05-20 13:30:00,249.665,249.904,249.436,249.849,13046
2022-05-20 13:35:00,249.794,251.785,249.794,251.785,20975
2022-05-20 13:40:00,251.785,252.551,251.546,252.551,27908
2022-05-20 13:45:00,252.476,252.75,251.576,252.75,28122
2022-05-20 13:50:00,252.74,253.745,252.601,253.307,42202
2022-05-20 13:55:00,253.312,253.581,252.73,253.217,21033
2022-05-20 14:00:00,253.496,253.904,252.899,253.048,18121
2022-05-20 14:05:00,253.282,253.849,252.949,253.836,28288
2022-05-20 14:10:00,253.615,253.615,251.954,252.183,21775
2022-05-20 14:15:00,252.222,252.964,252.003,252.69,18028
2022-05-20 14:20:00,252.601,252.62,251.864,252.232,13625
2022-05-20 14:25:00,252.188,252.483,251.755,252.451,14398
2022-05-20 14:30:00,252.401,252.775,252.217,252.75,16440
2022-05-20 14:35:00,252.591,252.77,251.499,251.735,14387
2022-05-20 14:40:00,251.645,252.69,251.645,252.262,30811
2022-05-20 14:45:00,251.994,252.829,251.994,252.74,13997
2022-05-20 14:50:00,252.77,252.77,252.362,252.67,9482
2022-05-20 14:55:00,252.675,253.984,252.675,253.685,14581
2022-05-20 15:00:00,253.596,253.735,252.939,252.949,15599
2022-05-20 15:05:00,253.038,253.128,252.163,252.332,15395
2022-05-20 15:10:00,252.352,252.481,251.934,251.984,16141
2022-05-20 15:15:00,251.934,252.073,251.705,251.978,16737
2022-05-20 15:20:00,251.924,252.382,251.914,252.337,20600
2022-05-20 15:25:00,252.332,252.73,252.143,252.481,15773
2022-05-20 15:30:00,252.521,253.188,252.372,253.188,17793
2022-05-20 15:35:00,253.277,253.864,252.63,253.775,21954
2022-05-20 15:40:00,253.755,254.949,253.645,254.623,36353
2022-05-20 15:45:00,254.66,256.432,254.66,255.596,56296
2022-05-20 15:50:00,255.695,256.083,254.969,255.944,53118
2022-05-20 15:55:00,256.053,256.581,255.835,256.541,84280
2022-05-20 16:00:00,256.541,256.999,256.153,256.67,179364
2022-05-20 16:05:00,256.68,256.68,256.68,256.68,60822
2022-05-20 16:15:00,256.68,256.68,256.68,256.68,652
2022-05-23 09:35:00,259.327,260.044,257.456,258.949,17090
2022-05-23 09:40:00,259.108,259.108,257.108,257.606,15888
2022-05-23 09:45:00,257.576,258.372,257.576,257.725,11384
2022-05-23 09:50:00,257.526,258.183,256.969,258.183,14571
2022-05-23 09:55:00,258.014,259.606,257.486,257.969,17423
2022-05-23 10:00:00,257.825,257.954,256.82,257.377,11720
2022-05-23 10:05:00,257.626,257.626,256.631,256.65,15023
2022-05-23 10:10:00,256.82,257.088,256.272,256.65,10246
2022-05-23 10:15:00,256.676,257.527,256.555,257.138,9874
2022-05-23 10:20:00,257.238,257.238,256.412,256.77,9011
2022-05-23 10:25:00,256.601,257.068,256.451,256.949,8451
2022-05-23 10:30:00,256.7,257.297,256.242,257.297,10094
2022-05-23 10:35:00,257.506,257.884,257.173,257.486,9653
2022-05-23 10:40:00,257.456,258.546,257.317,258.471,19433
2022-05-23 10:45:00,258.422,258.939,258.193,258.193,11267
2022-05-23 10:50:00,258.243,258.78,257.78,258.656,12175
2022-05-23 10:55:00,258.442,258.462,257.347,257.76,8895
2022-05-23 11:00:00,257.884,258.223,257.785,257.964,8894
2022-05-23 11:05:00,258.004,258.77,258.004,258.661,8540
2022-05-23 11:10:00,258.661,258.78,258.282,258.651,12642
2022-05-23 11:15:00,258.83,259.457,258.636,259.457,11965
2022-05-23 11:20:00,259.481,260.034,259.317,259.984,15216
2022-05-23 11:25:00,259.904,260.123,259.656,260.093,12291
2022-05-23 11:30:00,260.034,260.506,259.357,259.377,18604
2022-05-23 11:35:00,259.277,259.695,258.979,259.695,7457
2022-05-23 11:40:00,259.79,259.835,259.486,259.835,4491
2022-05-23 11:45:00,259.755,259.82,259.616,259.616,5105
2022-05-23 11:50:00,259.377,259.755,259.203,259.496,7383
2022-05-23 11:55:00,259.561,259.561,259.029,259.029,4306
2022-05-23 12:00:00,259.069,259.248,258.71,258.909,11675
2022-05-23 12:05:00,258.989,259.198,258.86,258.999,3680
2022-05-23 12:10:00,259.059,259.198,258.82,259.004,7557
2022-05-23 12:15:00,258.919,258.919,258.457,258.561,3872
2022-05-23 12:20:00,258.462,258.561,257.994,258.163,6969
2022-05-23 12:25:00,258.263,258.75,258.243,258.69,6176
2022-05-23 12:30:00,258.77,258.77,257.894,257.894,7322
2022-05-23 12:35:00,257.745,257.984,257.551,257.914,4427
2022-05-23 12:40:00,258.143,258.282,257.83,258.208,8654
2022-05-23 12:45:00,258.163,258.233,257.845,257.919,4513
2022-05-23 12:50:00,258.073,258.153,257.287,257.287,7773
2022-05-23 12:55:00,257.427,257.735,257.397,257.735,10146
2022-05-23 13:00:00,257.576,257.74,257.238,257.651,10503
2022-05-23 13:05:00,257.616,258.034,257.526,257.765,6194
2022-05-23 13:10:00,257.705,257.705,257.352,257.546,10746
2022-05-23 13:15:00,257.526,257.765,257.327,257.347,11390
2022-05-23 13:20:00,257.307,257.317,256.103,256.412,12027
2022-05-23 13:25:00,256.451,256.81,256.297,256.81,7180
2022-05-23 13:30:00,256.869,256.929,256.72,256.75,6561
2022-05-23 13:35:00,256.72,257.516,256.621,257.397,7445
2022-05-23 13:40:00,257.267,257.546,257.148,257.198,11446
2022-05-23 13:45:00,257.138,257.571,257.029,257.496,8909
2022-05-23 13:50:00,257.407,257.855,257.407,257.76,10855
2022-05-23 13:55:00,257.735,257.765,257.546,257.586,9024
2022-05-23 14:00:00,257.695,258.282,257.626,258.218,13253
2022-05-23 14:05:00,258.282,258.571,257.715,257.989,11955
2022-05-23 14:10:00,257.864,258.078,257.688,257.919,5304
2022-05-23 14:15:00,257.845,258.382,257.84,258.362,8864
2022-05-23 14:20:00,258.417,258.602,258.263,258.292,11785
2022-05-23 14:25:00,258.332,258.573,258.332,258.466,8960
2022-05-23 14:30:00,258.541,258.541,258.034,258.133,10716
2022-05-23 14:35:00,258.088,258.193,257.845,257.845,12775
2022-05-23 14:40:00,257.805,258.063,257.685,257.984,12947
2022-05-23 14:45:00,257.969,258.516,257.919,258.516,9140
2022-05-23 14:50:00,258.511,258.611,257.83,257.904,11531
2022-05-23 14:55:00,257.914,258.173,257.466,257.556,10343
2022-05-23 15:00:00,257.665,257.695,257.287,257.347,11269
2022-05-23 15:05:00,257.397,257.795,257.362,257.626,8821
2022-05-23 15:10:00,257.745,257.805,257.481,257.805,15843
2022-05-23 15:15:00,257.874,257.914,257.148,257.323,15926
2022-05-23 15:20:00,257.322,257.874,257.253,257.646,15180
2022-05-23 15:25:00,257.755,257.859,256.73,256.959,26846
2022-05-23 15:30:00,256.979,257.158,256.899,257.039,18207
2022-05-23 15:35:00,257.073,257.679,256.919,257.506,22625
2022-05-23 15:40:00,257.556,257.984,257.108,257.108,30511
2022-05-23 15:45:00,257.128,257.317,256.78,256.849,24624
2022-05-23 15:50:00,256.899,256.899,256.252,256.546,36280
2022-05-23 15:55:00,256.65,257.402,256.581,256.914,66314
2022-05-23 16:00:00,256.909,258.183,256.77,257.924,104062
2022-05-23 16:05:00,257.994,257.994,257.994,257.994,22970
2022-05-23 16:15:00,257.994,257.994,257.994,257.994,767
2022-05-24 09:35:00,258.113,258.74,256.969,256.969,24837
2022-05-24 09:40:00,256.402,256.979,255.188,255.75,17955
2022-05-24 09:45:00,255.446,256.213,254.929,255.088,8242
2022-05-24 09:50:00,255.551,256.271,255.367,256.242,9064
2022-05-24 09:55:00,255.785,256.69,255.675,255.994,14092
2022-05-24 10:00:00,255.815,256.282,255.645,256.223,5859
2022-05-24 10:05:00,256.641,256.641,254.69,254.979,21057
2022-05-24 10:10:00,254.81,255.019,253.824,255.019,30631
2022-05-24 10:15:00,254.964,255.705,254.69,255.128,13660
2022-05-24 10:20:00,254.959,254.959,253.645,254.093,11854
2022-05-24 10:25:00,253.974,254.869,253.944,254.65,6467
2022-05-24 10:30:00,254.581,254.79,254.113,254.79,7825
2022-05-24 10:35:00,254.79,254.79,254.267,254.461,13893
2022-05-24 10:40:00,254.392,254.621,253.854,254.342,7859
2022-05-24 10:45:00,254.412,255.068,254.322,254.68,7676
2022-05-24 10:50:00,254.7,254.7,253.063,253.063,8544
2022-05-24 10:55:00,253.083,254.033,252.949,253.924,10297
2022-05-24 11:00:00,253.904,254.451,253.854,254.451,10140
2022-05-24 11:05:00,254.251,255.029,254.251,254.65,7229
2022-05-24 11:10:00,254.621,254.76,254.063,254.412,7571
2022-05-24 11:15:00,254.382,254.859,253.934,254.252,23252
2022-05-24 11:20:00,254.033,254.77,253.745,253.78,9891
2022-05-24 11:25:00,253.695,254.183,253.466,254.093,11149
2022-05-24 11:30:00,254.123,254.262,253.446,254.123,9131
2022-05-24 11:35:00,254.203,254.312,253.839,254.123,7439
2022-05-24 11:40:00,254.163,254.372,253.775,253.904,7035
2022-05-24 11:45:00,254.123,255.148,253.994,255.148,6232
2022-05-24 11:50:00,255.108,255.805,255.048,255.725,8700
2022-05-24 11:55:00,255.596,255.596,255.257,255.462,6971
2022-05-24 12:00:00,255.208,255.884,255.208,255.753,6679
2022-05-24 12:05:00,255.546,255.546,254.979,255.496,8389
2022-05-24 12:10:00,255.536,255.835,255.476,255.626,5193
2022-05-24 12:15:00,255.765,256.053,255.765,255.889,7884
2022-05-24 12:20:00,256.043,256.437,255.576,255.67,5569
2022-05-24 12:25:00,255.596,255.8,255.377,255.715,6263
2022-05-24 12:30:00,255.675,256.003,255.506,255.591,5812
2022-05-24 12:35:00,255.576,255.735,254.979,254.979,15724
2022-05-24 12:40:00,255.029,255.029,254.471,254.63,8891
2022-05-24 12:45:00,254.68,254.859,254.601,254.8,5974
2022-05-24 12:50:00,254.7,254.989,254.621,254.959,8617
2022-05-24 12:55:00,254.989,254.999,254.72,254.795,10125
2022-05-24 13:00:00,254.879,255.765,254.879,255.481,9801
2022-05-24 13:05:00,255.068,255.068,254.302,254.302,7168
2022-05-24 13:10:00,254.387,254.78,254.387,254.521,6994
2022-05-24 13:15:00,254.491,255.267,254.491,255.267,5434
2022-05-24 13:20:00,255.327,255.765,255.188,255.506,7200
2022-05-24 13:25:00,255.436,255.436,255.108,255.108,18315
2022-05-24 13:30:00,255.118,255.586,254.919,255.586,8242
2022-05-24 13:35:00,255.387,255.387,254.441,254.879,5541
2022-05-24 13:40:00,254.879,255.725,254.879,255.622,10502
2022-05-24 13:45:00,255.765,256.322,255.765,255.954,8543
2022-05-24 13:50:00,256.048,256.392,255.785,256.265,12371
2022-05-24 13:55:00,256.043,256.242,255.974,255.974,4239
2022-05-24 14:00:00,255.974,256.302,255.874,256.163,7689
2022-05-24 14:05:00,256.183,256.252,255.427,255.456,8186
2022-05-24 14:10:00,255.526,256.73,255.526,256.581,16501
2022-05-24 14:15:00,256.541,257.078,256.238,256.238,13480
2022-05-24 14:20:00,256.113,256.113,255.596,255.72,10058
2022-05-24 14:25:00,255.626,256.262,255.446,256.242,10165
2022-05-24 14:30:00,256.561,256.611,256.163,256.173,7140
2022-05-24 14:35:00,255.954,256.481,255.835,256.451,6917
2022-05-24 14:40:00,256.442,256.73,256.402,256.66,5101
2022-05-24 14:45:00,256.623,256.623,255.675,255.675,10417
2022-05-24 14:50:00,255.665,255.924,254.959,254.959,16751
2022-05-24 14:55:00,254.969,254.999,254.601,254.74,12865
2022-05-24 15:00:00,254.74,255.327,254.695,255.327,9657
2022-05-24 15:05:00,255.327,256.342,255.327,256.093,10831
2022-05-24 15:10:00,256.312,256.442,255.954,256.034,8446
2022-05-24 15:15:00,256.043,256.436,255.954,255.954,8702
2022-05-24 15:20:00,256.053,256.272,255.88,255.904,6917
2022-05-24 15:25:00,255.815,256.451,255.596,256.203,17343
2022-05-24 15:30:00,256.083,256.541,255.954,256.531,10040
2022-05-24 15:35:00,256.541,256.79,256.372,256.735,15841
2022-05-24 15:40:00,256.83,257.626,256.83,257.432,22699
2022-05-24 15:45:00,257.243,257.576,256.979,256.979,22626
2022-05-24 15:50:00,256.909,257.437,256.849,256.909,21507
2022-05-24 15:55:00,257.058,257.108,255.894,255.894,39466
2022-05-24 16:00:00,255.795,256.501,255.695,256.491,120695
2022-05-24 16:05:00,256.382,256.382,256.382,256.382,350908
2022-05-24 16:35:00,256.382,256.382,256.382,256.382,449
2022-05-25 09:35:00,255.944,257.208,254.501,257.203,23199
2022-05-25 09:40:00,257.526,258.143,256.392,257.636,21475
2022-05-25 09:45:00,257.74,258.442,257.362,258.327,10014
2022-05-25 09:50:00,258.491,258.969,257.795,257.937,17805
2022-05-25 09:55:00,258.044,259.108,258.044,258.611,14749
2022-05-25 10:00:00,258.82,259.059,258.103,258.496,9481
2022-05-25 10:05:00,258.466,259.437,258.153,259.098,21281
2022-05-25 10:10:00,258.77,259.049,258.432,258.535,18605
2022-05-25 10:15:00,258.491,259.337,258.432,259.009,20409
2022-05-25 10:20:00,259.128,259.898,259.014,259.898,19598
2022-05-25 10:25:00,259.801,259.801,259.118,259.208,11129
2022-05-25 10:30:00,259.377,259.725,259.238,259.636,11668
2022-05-25 10:35:00,259.775,260.377,259.73,260.332,12454
2022-05-25 10:40:00,260.312,261.138,260.153,261.105,12137
2022-05-25 10:45:00,261.138,261.586,261.079,261.506,23319
2022-05-25 10:50:00,261.536,262.213,261.536,262.084,19934
2022-05-25 10:55:00,262.213,262.76,262.213,262.511,31436
2022-05-25 11:00:00,262.502,262.86,262.482,262.691,28505
2022-05-25 11:05:00,262.581,262.581,261.651,261.651,13402
2022-05-25 11:10:00,261.531,262.233,261.531,261.984,11494
2022-05-25 11:15:00,262.024,262.342,261.924,262.004,11811
2022-05-25 11:20:00,262.038,262.303,261.974,262.176,7997
2022-05-25 11:25:00,262.233,262.233,261.974,262.074,9519
2022-05-25 11:30:00,261.984,262.074,261.795,261.964,13836
2022-05-25 11:35:00,261.994,262.108,261.546,262.029,16297
2022-05-25 11:40:00,261.904,261.904,260.885,261.163,25925
2022-05-25 11:45:00,261.148,261.934,261.108,261.795,13636
2022-05-25 11:50:00,261.686,262.133,261.626,261.954,6627
2022-05-25 11:55:00,261.964,262.064,261.561,261.646,4966
2022-05-25 12:00:00,261.576,261.904,261.546,261.586,7756
2022-05-25 12:05:00,261.656,262.223,261.611,262.034,6364
2022-05-25 12:10:00,262.004,262.233,261.581,261.581,13517
2022-05-25 12:15:00,261.611,261.755,261.178,261.307,5850
2022-05-25 12:20:00,261.307,261.417,261.009,261.019,7151
2022-05-25 12:25:00,260.979,260.979,260.551,260.631,6742
2022-05-25 12:30:00,260.233,260.477,260.153,260.477,6461
2022-05-25 12:35:00,260.651,260.89,260.651,260.681,6316
2022-05-25 12:40:00,260.646,260.84,260.243,260.671,7014
2022-05-25 12:45:00,260.74,260.77,260.432,260.735,4562
2022-05-25 12:50:00,260.661,261.178,260.611,261.118,8910
2022-05-25 12:55:00,260.969,260.969,260.482,260.571,7246
2022-05-25 13:00:00,260.541,260.686,260.392,260.686,7057
2022-05-25 13:05:00,260.72,260.72,260.034,260.034,6899
2022-05-25 13:10:00,260.054,260.352,259.894,260.083,12559
2022-05-25 13:15:00,260.108,260.108,259.606,259.904,8216
2022-05-25 13:20:00,259.934,260.113,259.576,259.576,10686
2022-05-25 13:25:00,259.357,259.596,259.297,259.576,11204
2022-05-25 13:30:00,259.556,260.024,259.422,259.959,7516
2022-05-25 13:35:00,260.004,260.302,259.855,259.984,11071
2022-05-25 13:40:00,259.934,260.541,259.884,260.283,9383
2022-05-25 13:45:00,260.442,260.49,259.964,260.462,11347
2022-05-25 13:50:00,260.511,260.765,260.133,260.412,14113
2022-05-25 13:55:00,260.412,260.511,259.476,259.83,13803
2022-05-25 14:00:00,259.815,259.825,259.556,259.705,9713
2022-05-25 14:05:00,259.705,261.671,259.586,261.307,24440
2022-05-25 14:10:00,261.327,261.407,259.297,260.233,16940
2022-05-25 14:15:00,260.87,260.87,260.074,260.526,13700
2022-05-25 14:20:00,260.636,261.536,260.312,260.805,13934
2022-05-25 14:25:00,260.671,261.477,260.641,261.198,16324
2022-05-25 14:30:00,261.128,261.825,261.069,261.606,14317
2022-05-25 14:35:00,261.755,262.004,261.288,261.611,11250
2022-05-25 14:40:00,261.601,261.86,261.148,261.218,13320
2022-05-25 14:45:00,261.297,262.044,261.138,261.556,11366
2022-05-25 14:50:00,261.447,261.919,261.039,261.108,17265
2022-05-25 14:55:00,261.248,261.994,261.153,261.815,12935
2022-05-25 15:00:00,262.054,262.482,262.014,262.372,11880
2022-05-25 15:05:00,262.332,263.576,262.183,263.357,17416
2022-05-25 15:10:00,263.327,263.696,263.079,263.526,13099
2022-05-25 15:15:00,263.526,263.845,263.467,263.76,11967
2022-05-25 15:20:00,263.855,263.964,263.536,263.805,15206
2022-05-25 15:25:00,263.82,263.845,263.497,263.745,13701
2022-05-25 15:30:00,263.73,264.148,263.676,263.825,17120
2022-05-25 15:35:00,263.825,264.153,263.805,263.88,20452
2022-05-25 15:40:00,263.855,263.944,263.397,263.87,31574
2022-05-25 15:45:00,263.825,263.924,263.387,263.875,17568
2022-05-25 15:50:00,263.831,264.009,263.646,263.755,30719
2022-05-25 15:55:00,263.775,263.775,262.999,263.696,63203
2022-05-25 16:00:00,263.661,264.064,263.487,263.974,144720
2022-05-25 16:05:00,263.815,263.815,263.815,263.815,17325
2022-05-25 16:30:00,263.815,263.815,263.815,263.815,21703
2022-05-25 18:05:00,262.701,262.701,262.701,262.701,400
2022-05-26 09:30:00,268.084,268.691,268.084,268.691,949
2022-05-26 09:35:00,268.94,270.383,265.089,269.522,38212
2022-05-26 09:40:00,270.313,270.975,269.179,269.368,23513
2022-05-26 09:45:00,269.213,270.741,268.955,270.402,17264
2022-05-26 09:50:00,269.985,271.228,269.731,270.407,17338
2022-05-26 09:55:00,270.378,272.92,270.378,272.92,39646
2022-05-26 10:00:00,272.91,272.91,272.019,272.024,17900
2022-05-26 10:05:00,271.915,272.552,271.711,272.243,18843
2022-05-26 10:10:00,272.194,272.87,271.965,272.607,25723
2022-05-26 10:15:00,272.582,272.582,272.179,272.398,13596
2022-05-26 10:20:00,272.343,272.731,272.313,272.582,19112
2022-05-26 10:25:00,272.507,272.701,272.238,272.452,10343
2022-05-26 10:30:00,272.398,272.541,271.706,271.726,21569
2022-05-26 10:35:00,271.855,272.293,271.328,271.808,24698
2022-05-26 10:40:00,271.796,271.796,270.611,270.88,15882
2022-05-26 10:45:00,270.855,270.855,269.706,269.756,13380
2022-05-26 10:50:00,269.845,269.945,269.407,269.557,16238
2022-05-26 10:55:00,269.606,270.218,269.497,270.218,8021
2022-05-26 11:00:00,270.303,270.791,270.114,270.791,11732
2022-05-26 11:05:00,270.641,270.641,270.243,270.402,8319
2022-05-26 11:10:00,270.462,270.542,270.134,270.383,17442
2022-05-26 11:15:00,270.452,270.865,270.442,270.656,12976
2022-05-26 11:20:00,270.791,271.233,270.532,270.611,13828
2022-05-26 11:25:00,270.472,270.582,270.238,270.422,10737
2022-05-26 11:30:00,270.442,270.572,269.87,270.044,14118
2022-05-26 11:35:00,270.044,270.238,269.812,270.034,10809
2022-05-26 11:40:00,270.034,270.89,270.034,270.89,12353
2022-05-26 11:45:00,270.81,271.039,270.8,270.86,7819
2022-05-26 11:50:00,270.905,270.905,270.472,270.651,13099
2022-05-26 11:55:00,270.601,270.651,269.945,270.074,14960
2022-05-26 12:00:00,270.154,270.751,270.154,270.631,10196
2022-05-26 12:05:00,270.766,271.318,270.766,271.243,8180
2022-05-26 12:10:00,271.238,271.318,271.079,271.318,8756
2022-05-26 12:15:00,271.293,271.855,271.268,271.855,11563
2022-05-26 12:20:00,271.83,271.99,271.706,271.99,10632
2022-05-26 12:25:00,271.99,272.044,271.875,271.875,5009
2022-05-26 12:30:00,271.945,272.612,271.676,272.612,23774
2022-05-26 12:35:00,272.547,272.681,272.323,272.442,15531
2022-05-26 12:40:00,272.492,272.512,272.293,272.383,7372
2022-05-26 12:45:00,272.512,272.741,272.194,272.204,35344
2022-05-26 12:50:00,272.268,272.313,271.328,271.587,22237
2022-05-26 12:55:00,271.487,271.626,271.228,271.626,8845
2022-05-26 13:00:00,271.736,272.174,271.736,272.174,8222
2022-05-26 13:05:00,272.223,272.283,272.074,272.223,7668
2022-05-26 13:10:00,272.174,272.174,271.517,271.975,11099
2022-05-26 13:15:00,272.005,272.169,271.706,271.96,6687
2022-05-26 13:20:00,271.915,271.999,271.656,271.686,8579
2022-05-26 13:25:00,271.741,271.741,271.149,271.248,8083
2022-05-26 13:30:00,271.189,271.328,271.069,271.129,9678
2022-05-26 13:35:00,271.253,271.487,271.119,271.487,6230
2022-05-26 13:40:00,271.606,271.676,271.517,271.606,8215
2022-05-26 13:45:00,271.626,272.328,271.626,272.323,12413
2022-05-26 13:50:00,272.194,272.194,271.328,271.487,11186
2022-05-26 13:55:00,271.537,271.557,271.318,271.442,9113
2022-05-26 14:00:00,271.378,271.776,271.009,271.776,11797
2022-05-26 14:05:00,271.815,271.935,271.378,271.393,9699
2022-05-26 14:10:00,271.403,271.606,270.88,271.606,11732
2022-05-26 14:15:00,271.517,271.517,271.263,271.467,7885
2022-05-26 14:20:00,271.388,271.567,271.014,271.014,7660
2022-05-26 14:25:00,271.029,271.218,270.965,271.079,11612
2022-05-26 14:30:00,270.99,270.99,270.552,270.582,10870
2022-05-26 14:35:00,270.681,270.711,270.268,270.268,6619
2022-05-26 14:40:00,270.213,270.475,269.825,270.475,12527
2022-05-26 14:45:00,270.412,270.751,270.343,270.661,8389
2022-05-26 14:50:00,270.676,270.96,270.661,270.96,9151
2022-05-26 14:55:00,270.93,271.069,270.81,270.825,8457
2022-05-26 15:00:00,270.781,270.81,270.537,270.537,8361
2022-05-26 15:05:00,270.472,270.552,270.124,270.238,11163
2022-05-26 15:10:00,270.253,270.91,270.253,270.88,9945
2022-05-26 15:15:00,270.85,270.85,270.343,270.432,11505
2022-05-26 15:20:00,270.432,270.542,270.074,270.542,14303
2022-05-26 15:25:00,270.592,270.592,270.139,270.223,9486
2022-05-26 15:30:00,270.238,270.791,270.114,270.642,14628
2022-05-26 15:35:00,270.611,270.88,270.482,270.731,17413
2022-05-26 15:40:00,270.83,271.398,270.736,271.338,25598
2022-05-26 15:45:00,271.328,271.592,271.238,271.507,21891
2022-05-26 15:50:00,271.532,271.756,271.152,271.746,38101
2022-05-26 15:55:00,271.815,272.029,270.92,270.98,63867
2022-05-26 16:00:00,270.95,271.029,270.422,270.87,94746
2022-05-26 16:05:00,270.631,270.631,270.631,270.631,11687
2022-05-26 16:15:00,270.631,270.631,270.631,270.631,452
2022-05-26 16:35:00,270.631,270.631,270.631,270.631,2677
2022-05-27 09:35:00,272.751,274.801,272.383,273.746,29685
2022-05-27 09:40:00,273.379,273.756,272.98,273.169,23518
2022-05-27 09:45:00,273.467,274.841,273.467,274.064,18155
2022-05-27 09:50:00,274.064,274.721,274.054,274.353,19274
2022-05-27 09:55:00,273.826,273.915,273.069,273.139,20623
2022-05-27 10:00:00,273.159,273.368,271.686,271.86,15614
2022-05-27 10:05:00,271.885,272.711,271.626,272.641,17222
2022-05-27 10:10:00,272.617,273.228,272.116,273.039,48297
2022-05-27 10:15:00,272.95,273.248,272.393,272.82,23951
2022-05-27 10:20:00,272.691,273.01,272.442,272.93,14778
2022-05-27 10:25:00,272.96,273.074,272.552,272.88,10151
2022-05-27 10:30:00,272.9,273.064,272.353,272.98,14618
2022-05-27 10:35:00,273.074,273.074,272.721,272.847,10075
2022-05-27 10:40:00,272.885,273.005,272.447,272.472,11212
2022-05-27 10:45:00,272.472,272.562,271.885,272.422,17613
2022-05-27 10:50:00,272.373,272.522,271.915,272.452,15192
2022-05-27 10:55:00,272.512,272.512,272.159,272.462,8764
2022-05-27 11:00:00,272.582,272.582,271.975,272.268,6601
2022-05-27 11:05:00,272.273,272.99,272.273,272.99,7620
2022-05-27 11:10:00,272.791,273.368,272.661,273.368,14182
2022-05-27 11:15:00,273.303,273.776,273.303,273.776,10870
2022-05-27 11:20:00,273.845,274.452,273.845,273.975,8597
2022-05-27 11:25:00,273.83,274.343,273.83,274.238,12051
2022-05-27 11:30:00,274.333,274.343,273.686,273.686,9122
2022-05-27 11:35:00,273.781,273.885,273.425,273.821,8454
2022-05-27 11:40:00,273.597,273.801,273.144,273.378,7467
2022-05-27 11:45:00,273.378,273.875,273.228,273.537,8152
2022-05-27 11:50:00,273.597,273.756,273.368,273.462,11127
2022-05-27 11:55:00,273.577,273.651,273.298,273.338,7228
2022-05-27 12:00:00,273.323,273.363,272.771,272.87,6534
2022-05-27 12:05:00,272.741,273.328,272.741,273.159,5599
2022-05-27 12:10:00,273.238,273.238,272.631,272.89,7243
2022-05-27 12:15:00,272.98,273.214,272.98,273.214,5434
2022-05-27 12:20:00,273.288,273.318,272.781,272.91,7566
2022-05-27 12:25:00,272.95,273.398,272.875,273.0,9950
2022-05-27 12:30:00,273.0,273.099,272.761,272.89,12766
2022-05-27 12:35:00,272.94,272.94,272.532,272.532,8551
2022-05-27 12:40:00,272.462,272.621,272.408,272.413,8466
2022-05-27 12:45:00,272.353,272.383,271.945,272.273,7728
2022-05-27 12:50:00,272.039,272.263,271.597,271.597,8846
2022-05-27 12:55:00,271.636,272.124,271.572,272.024,7581
2022-05-27 13:00:00,272.124,272.233,271.955,271.975,6629
2022-05-27 13:05:00,272.114,272.343,272.039,272.343,4198
2022-05-27 13:10:00,272.293,272.562,272.223,272.502,7735
2022-05-27 13:15:00,272.363,272.492,272.0,272.104,13313
2022-05-27 13:20:00,272.119,272.154,271.845,272.144,9765
2022-05-27 13:25:00,272.273,272.408,271.935,271.955,10111
2022-05-27 13:30:00,271.895,272.263,271.885,272.253,7031
2022-05-27 13:35:00,272.383,272.512,272.313,272.323,7322
2022-05-27 13:40:00,272.263,272.293,272.174,272.194,6279
2022-05-27 13:45:00,272.213,272.313,272.154,272.164,6531
2022-05-27 13:50:00,272.273,272.353,272.114,272.253,8550
2022-05-27 13:55:00,272.313,272.313,271.865,271.977,10145
2022-05-27 14:00:00,272.067,272.067,271.661,271.661,10544
2022-05-27 14:05:00,271.626,271.626,271.164,271.333,13478
2022-05-27 14:10:00,271.218,271.577,271.218,271.517,6688
2022-05-27 14:15:00,271.517,271.567,271.407,271.422,5369
2022-05-27 14:20:00,271.388,271.696,271.388,271.636,12063
2022-05-27 14:25:00,271.557,271.985,271.422,271.985,11283
2022-05-27 14:30:00,272.094,272.094,271.786,271.835,6034
2022-05-27 14:35:00,271.915,272.164,271.87,272.049,6784
2022-05-27 14:40:00,272.049,272.049,271.766,271.895,14096
2022-05-27 14:45:00,271.85,272.099,271.806,272.054,8007
2022-05-27 14:50:00,272.064,272.154,271.835,271.885,7958
2022-05-27 14:55:00,271.975,272.288,271.905,272.288,10689
2022-05-27 15:00:00,272.313,272.383,272.204,272.263,6924
2022-05-27 15:05:00,272.293,272.751,272.154,272.751,11324
2022-05-27 15:10:00,272.756,273.487,272.671,273.209,14210
2022-05-27 15:15:00,273.139,273.139,272.99,273.029,9184
2022-05-27 15:20:00,273.01,273.288,272.87,273.288,9403
2022-05-27 15:25:00,273.283,273.328,273.079,273.263,12420
2022-05-27 15:30:00,273.348,273.517,273.348,273.482,11495
2022-05-27 15:35:00,273.447,273.925,273.408,273.855,21320
2022-05-27 15:40:00,273.858,273.885,273.497,273.686,24801
2022-05-27 15:45:00,273.656,274.253,273.587,274.253,18470
2022-05-27 15:50:00,274.253,274.363,273.681,273.806,39890
2022-05-27 15:55:00,273.826,274.054,273.408,273.925,36892
2022-05-27 16:00:00,274.034,275.02,273.985,274.95,117862
2022-05-27 16:05:00,274.99,274.99,274.99,274.99,10395
2022-05-27 16:25:00,274.99,274.99,274.99,274.99,316
2022-05-31 09:30:00,271.796,271.796,271.796,271.796,207
2022-05-31 09:35:00,271.368,271.368,267.955,267.955,52013
2022-05-31 09:40:00,268.069,268.154,265.726,266.124,39186
2022-05-31 09:45:00,265.696,265.696,263.696,265.497,34790
2022-05-31 09:50:00,265.706,266.163,264.959,264.959,22764
2022-05-31 09:55:00,264.935,266.104,264.935,265.636,29532
2022-05-31 10:00:00,265.437,266.213,265.238,265.626,17977
2022-05-31 10:05:00,265.586,265.805,265.059,265.129,13353
2022-05-31 10:10:00,265.148,265.507,264.591,265.507,23391
2022-05-31 10:15:00,265.248,266.397,265.089,266.397,11987
2022-05-31 10:20:00,266.283,266.78,266.153,266.651,12958
2022-05-31 10:25:00,266.681,266.845,266.263,266.263,14746
2022-05-31 10:30:00,266.034,266.462,265.885,266.313,14019
2022-05-31 10:35:00,266.372,266.77,266.372,266.681,15834
2022-05-31 10:40:00,266.681,266.86,266.487,266.596,21381
2022-05-31 10:45:00,266.661,267.119,266.552,266.88,26559
2022-05-31 10:50:00,266.905,267.099,266.482,266.83,19465
2022-05-31 10:55:00,266.77,268.124,266.751,267.611,15124
2022-05-31 11:00:00,267.566,267.885,267.248,267.268,21893
2022-05-31 11:05:00,267.139,267.775,267.089,267.527,23190
2022-05-31 11:10:00,267.626,267.671,265.706,265.855,18752
2022-05-31 11:15:00,265.785,265.895,265.233,265.258,9260
2022-05-31 11:20:00,265.183,265.736,265.119,265.676,8135
2022-05-31 11:25:00,265.477,265.895,265.308,265.457,10118
2022-05-31 11:30:00,265.497,266.016,265.497,265.745,12545
2022-05-31 11:35:00,265.755,266.422,265.755,266.163,9239
2022-05-31 11:40:00,266.034,266.999,266.004,266.88,9842
2022-05-31 11:45:00,266.928,267.278,266.591,267.278,7099
2022-05-31 11:50:00,267.268,267.736,267.268,267.557,10746
2022-05-31 11:55:00,267.517,268.701,267.323,268.661,14953
2022-05-31 12:00:00,268.552,268.79,268.363,268.502,9028
2022-05-31 12:05:00,268.547,269.139,268.422,268.91,14385
2022-05-31 12:10:00,268.88,268.88,268.641,268.641,6619
2022-05-31 12:15:00,268.601,268.731,268.522,268.532,8811
2022-05-31 12:20:00,268.472,268.537,267.606,268.084,13088
2022-05-31 12:25:00,268.024,268.074,267.362,267.676,5946
2022-05-31 12:30:00,267.574,267.646,267.407,267.611,5863
2022-05-31 12:35:00,267.537,267.955,267.198,267.835,20612
2022-05-31 12:40:00,267.875,268.154,267.676,267.865,13890
2022-05-31 12:45:00,267.875,267.875,267.49,267.49,17592
2022-05-31 12:50:00,267.467,267.467,266.452,266.84,24782
2022-05-31 12:55:00,267.059,267.87,267.059,267.696,11522
2022-05-31 13:00:00,267.825,267.865,267.432,267.527,12473
2022-05-31 13:05:00,267.437,267.626,267.168,267.377,9002
2022-05-31 13:10:00,267.537,268.074,267.537,268.029,7203
2022-05-31 13:15:00,267.945,268.173,267.795,267.865,7857
2022-05-31 13:20:00,267.805,267.845,267.109,267.109,8602
2022-05-31 13:25:00,267.009,267.019,266.482,266.482,9976
2022-05-31 13:30:00,266.581,266.77,266.163,266.561,7645
2022-05-31 13:35:00,266.591,267.696,266.532,267.696,11799
2022-05-31 13:40:00,267.557,267.855,267.402,267.402,8599
2022-05-31 13:45:00,267.487,268.173,267.487,268.173,8078
2022-05-31 13:50:00,268.169,268.263,267.746,267.835,9148
2022-05-31 13:55:00,267.716,268.611,267.709,268.591,9591
2022-05-31 14:00:00,268.572,269.348,268.572,269.333,13278
2022-05-31 14:05:00,269.159,269.159,268.581,268.805,20909
2022-05-31 14:10:00,268.761,268.78,268.233,268.452,13956
2022-05-31 14:15:00,268.442,268.681,268.313,268.542,14879
2022-05-31 14:20:00,268.382,268.472,268.054,268.238,8811
2022-05-31 14:25:00,268.253,268.313,267.765,267.915,12549
2022-05-31 14:30:00,267.805,267.805,267.248,267.646,20268
2022-05-31 14:35:00,267.671,267.795,267.437,267.557,12796
2022-05-31 14:40:00,267.507,267.701,267.457,267.666,7447
2022-05-31 14:45:00,267.576,267.616,266.84,266.84,14132
2022-05-31 14:50:00,266.86,266.86,266.432,266.641,15953
2022-05-31 14:55:00,266.731,266.999,266.216,266.216,17060
2022-05-31 15:00:00,266.188,266.382,266.024,266.114,22641
2022-05-31 15:05:00,266.064,266.293,265.517,265.855,20879
2022-05-31 15:10:00,265.949,266.586,265.949,266.586,20278
2022-05-31 15:15:00,266.576,266.681,266.104,266.452,17986
2022-05-31 15:20:00,266.532,267.268,266.372,266.372,24875
2022-05-31 15:25:00,266.452,266.915,266.422,266.691,19301
2022-05-31 15:30:00,266.716,266.79,266.208,266.422,33070
2022-05-31 15:35:00,266.442,266.671,266.323,266.323,43437
2022-05-31 15:40:00,266.253,266.467,265.915,266.253,57989
2022-05-31 15:45:00,266.213,266.283,265.407,265.467,55552
2022-05-31 15:50:00,265.467,265.875,265.407,265.556,78584
2022-05-31 15:55:00,265.696,267.278,265.606,267.159,101542
2022-05-31 16:00:00,267.178,267.348,266.621,266.8,273048
2022-05-31 16:05:00,266.721,266.721,266.721,266.721,521142
2022-05-31 16:30:00,266.721,266.721,266.721,266.721,393227
2022-05-31 16:40:00,266.721,266.721,266.721,266.721,149
2022-06-01 09:35:00,268.79,268.79,266.044,266.129,35564
2022-06-01 09:40:00,266.194,267.089,265.049,265.049,17812
2022-06-01 09:45:00,265.119,266.183,265.034,265.656,10297
2022-06-01 09:50:00,265.785,265.8,264.541,264.969,14821
2022-06-01 09:55:00,265.094,265.338,264.243,264.616,11544
2022-06-01 10:00:00,264.745,265.328,264.367,264.969,18939
2022-06-01 10:05:00,264.959,265.323,264.163,264.163,12491
2022-06-01 10:10:00,264.357,264.357,263.551,263.924,17107
2022-06-01 10:15:00,264.114,264.86,264.114,264.571,16319
2022-06-01 10:20:00,264.452,264.591,264.034,264.034,10282
2022-06-01 10:25:00,264.303,264.432,263.676,264.044,10384
2022-06-01 10:30:00,264.114,264.114,263.586,263.825,13560
2022-06-01 10:35:00,263.805,264.472,263.268,263.452,16952
2022-06-01 10:40:00,263.417,263.815,262.999,263.785,12684
2022-06-01 10:45:00,263.716,263.785,263.243,263.556,11171
2022-06-01 10:50:00,263.556,263.686,262.75,262.75,21449
2022-06-01 10:55:00,262.656,263.158,262.492,262.999,15929
2022-06-01 11:00:00,262.959,263.064,262.81,262.979,8000
2022-06-01 11:05:00,262.91,262.979,262.402,262.711,15479
2022-06-01 11:10:00,262.696,262.84,262.472,262.795,11839
2022-06-01 11:15:00,262.78,263.367,262.73,263.109,11804
2022-06-01 11:20:00,263.238,263.417,262.885,263.258,12631
2022-06-01 11:25:00,263.357,263.482,262.79,262.914,7970
2022-06-01 11:30:00,262.825,262.89,262.322,262.82,11540
2022-06-01 11:35:00,262.87,263.656,262.74,263.656,14337
2022-06-01 11:40:00,263.526,263.706,263.198,263.526,13323
2022-06-01 11:45:00,263.337,263.367,262.84,263.118,6301
2022-06-01 11:50:00,262.91,263.308,262.81,263.069,12203
2022-06-01 11:55:00,262.89,263.352,262.89,263.248,3032
2022-06-01 12:00:00,263.158,263.168,262.87,262.897,4223
2022-06-01 12:05:00,262.924,263.039,262.173,262.392,11993
2022-06-01 12:10:00,262.392,262.8,262.362,262.432,9127
2022-06-01 12:15:00,262.362,262.676,262.133,262.676,8676
2022-06-01 12:20:00,262.541,263.158,262.541,263.039,8924
2022-06-01 12:25:00,263.039,263.133,262.905,262.905,4843
2022-06-01 12:30:00,262.919,263.049,262.492,262.492,6095
2022-06-01 12:35:00,262.521,263.153,262.521,262.928,7730
2022-06-01 12:40:00,263.138,263.138,262.8,263.089,6986
2022-06-01 12:45:00,263.318,263.318,262.86,262.86,4774
2022-06-01 12:50:00,262.79,262.83,262.507,262.735,7203
2022-06-01 12:55:00,262.715,263.143,262.452,263.143,9671
2022-06-01 13:00:00,263.288,263.566,263.089,263.566,7172
2022-06-01 13:05:00,263.521,263.825,263.377,263.755,13890
2022-06-01 13:10:00,263.636,264.288,263.596,264.203,8798
2022-06-01 13:15:00,264.153,264.382,263.905,263.905,10169
2022-06-01 13:20:00,263.91,264.541,263.91,264.193,8187
2022-06-01 13:25:00,264.213,264.313,263.795,263.845,8091
2022-06-01 13:30:00,264.054,264.412,263.765,264.193,34565
2022-06-01 13:35:00,264.114,264.412,263.915,264.412,12179
2022-06-01 13:40:00,264.412,264.497,264.044,264.178,11298
2022-06-01 13:45:00,264.104,264.233,263.83,263.845,10405
2022-06-01 13:50:00,263.984,264.347,263.984,264.258,7389
2022-06-01 13:55:00,264.183,264.407,263.815,263.984,10902
2022-06-01 14:00:00,263.795,264.332,263.795,264.163,6921
2022-06-01 14:05:00,264.004,264.571,263.994,264.571,10222
2022-06-01 14:10:00,264.541,264.706,264.233,264.619,8673
2022-06-01 14:15:00,264.581,264.581,264.173,264.472,10164
2022-06-01 14:20:00,264.342,264.606,264.213,264.382,9030
2022-06-01 14:25:00,264.551,265.303,264.551,265.303,11792
2022-06-01 14:30:00,265.407,265.785,265.407,265.427,16294
2022-06-01 14:35:00,265.462,265.586,265.402,265.402,13864
2022-06-01 14:40:00,265.402,265.586,265.218,265.218,14459
2022-06-01 14:45:00,265.188,265.537,264.949,265.427,12940
2022-06-01 14:50:00,265.457,265.497,265.143,265.357,11915
2022-06-01 14:55:00,265.193,265.318,264.9,264.905,6765
2022-06-01 15:00:00,264.959,265.168,264.631,264.716,12228
2022-06-01 15:05:00,264.651,264.82,264.377,264.422,21463
2022-06-01 15:10:00,264.422,264.81,264.422,264.81,9779
2022-06-01 15:15:00,264.601,265.183,264.601,265.143,8948
2022-06-01 15:20:00,265.059,265.238,264.76,264.989,14988
2022-06-01 15:25:00,265.069,265.253,264.999,265.223,9545
2022-06-01 15:30:00,265.148,265.148,264.731,264.77,15863
2022-06-01 15:35:00,264.601,265.109,264.591,264.86,18438
2022-06-01 15:40:00,264.82,265.517,264.721,265.298,33151
2022-06-01 15:45:00,265.347,265.611,265.309,265.309,22139
2022-06-01 15:50:00,265.308,265.372,264.93,265.318,20435
2022-06-01 15:55:00,265.367,265.666,264.392,264.502,40796
2022-06-01 16:00:00,264.536,264.561,263.815,263.865,81191
2022-06-01 16:05:00,263.954,263.954,263.954,263.954,19794
2022-06-02 09:30:00,265.188,265.188,265.188,265.188,1455
2022-06-02 09:35:00,265.238,267.208,265.238,265.708,41048
2022-06-02 09:40:00,265.795,266.223,265.114,265.925,22532
2022-06-02 09:45:00,265.497,266.323,265.079,265.129,12497
2022-06-02 09:50:00,265.178,265.994,265.034,265.895,13251
2022-06-02 09:55:00,265.795,265.855,264.666,265.019,12541
2022-06-02 10:00:00,264.74,264.91,263.875,264.91,9546
2022-06-02 10:05:00,264.661,264.8,264.004,264.104,11229
2022-06-02 10:10:00,264.322,264.974,263.924,264.939,10161
2022-06-02 10:15:00,265.044,265.641,264.87,265.357,10090
2022-06-02 10:20:00,265.318,265.785,265.079,265.079,17635
2022-06-02 10:25:00,265.158,265.318,263.765,264.213,30021
2022-06-02 10:30:00,264.213,264.86,264.153,264.631,14874
2022-06-02 10:35:00,264.711,265.228,264.308,265.218,14676
2022-06-02 10:40:00,265.148,265.423,264.92,265.248,13458
2022-06-02 10:45:00,265.323,265.556,265.019,265.178,9954
2022-06-02 10:50:00,265.089,265.646,264.681,265.591,11395
2022-06-02 10:55:00,265.621,265.785,265.457,265.576,21741
2022-06-02 11:00:00,265.586,265.825,265.417,265.825,28562
2022-06-02 11:05:00,265.765,266.034,265.596,265.835,28936
2022-06-02 11:10:00,265.885,266.243,265.805,265.841,14837
2022-06-02 11:15:00,265.885,266.78,265.855,266.778,27667
2022-06-02 11:20:00,266.84,266.84,266.104,266.288,18179
2022-06-02 11:25:00,266.328,266.343,266.014,266.333,25796
2022-06-02 11:30:00,266.343,266.392,265.527,265.656,29927
2022-06-02 11:35:00,265.855,266.054,265.736,265.984,6911
2022-06-02 11:40:00,265.979,266.177,265.755,266.177,10168
2022-06-02 11:45:00,266.213,266.412,266.134,266.392,24115
2022-06-02 11:50:00,266.422,267.477,266.422,267.377,15858
2022-06-02 11:55:00,267.477,267.497,266.631,266.631,29890
2022-06-02 12:00:00,266.691,266.82,266.477,266.586,8109
2022-06-02 12:05:00,266.586,266.621,266.293,266.412,13729
2022-06-02 12:10:00,266.437,266.79,266.392,266.641,88755
2022-06-02 12:15:00,266.681,267.119,266.641,267.005,39630
2022-06-02 12:20:00,267.109,267.139,266.92,266.999,23893
2022-06-02 12:25:00,267.034,267.178,266.945,267.069,28286
2022-06-02 12:30:00,267.094,267.367,266.945,267.039,75953
2022-06-02 12:35:00,267.233,267.547,267.029,267.318,59444
2022-06-02 12:40:00,267.382,267.646,267.099,267.407,65459
2022-06-02 12:45:00,267.497,267.497,267.109,267.218,7608
2022-06-02 12:50:00,267.188,267.517,267.188,267.437,6379
2022-06-02 12:55:00,267.427,267.487,267.218,267.377,11085
2022-06-02 13:00:00,267.397,267.397,267.159,267.218,7617
2022-06-02 13:05:00,267.149,267.462,267.149,267.377,10631
2022-06-02 13:10:00,267.358,267.377,266.9,266.9,22760
2022-06-02 13:15:00,266.92,267.288,266.895,267.182,10098
2022-06-02 13:20:00,267.288,267.507,267.288,267.427,7948
2022-06-02 13:25:00,267.397,267.736,267.397,267.656,9434
2022-06-02 13:30:00,267.656,267.736,267.198,267.502,11671
2022-06-02 13:35:00,267.606,267.716,267.487,267.676,6840
2022-06-02 13:40:00,267.676,267.706,267.417,267.552,6534
2022-06-02 13:45:00,267.566,267.726,267.447,267.666,12983
2022-06-02 13:50:00,267.716,267.78,267.586,267.711,16375
2022-06-02 13:55:00,267.815,267.945,267.586,267.676,10076
2022-06-02 14:00:00,267.701,267.765,267.487,267.636,13856
2022-06-02 14:05:00,267.681,267.775,267.557,267.696,23447
2022-06-02 14:10:00,267.656,267.726,267.507,267.691,15640
2022-06-02 14:15:00,267.621,267.726,267.502,267.606,13108
2022-06-02 14:20:00,267.626,267.746,267.562,267.566,10454
2022-06-02 14:25:00,267.576,267.716,267.566,267.586,24874
2022-06-02 14:30:00,267.612,267.716,267.472,267.507,14875
2022-06-02 14:35:00,267.537,267.83,267.537,267.686,29613
2022-06-02 14:40:00,267.696,267.731,267.507,267.571,17109
2022-06-02 14:45:00,267.537,267.601,267.159,267.273,18754
2022-06-02 14:50:00,267.278,267.397,267.163,267.163,11920
2022-06-02 14:55:00,267.119,267.243,266.86,267.009,13734
2022-06-02 15:00:00,266.93,267.029,266.711,266.765,19582
2022-06-02 15:05:00,266.78,267.268,266.78,267.168,19030
2022-06-02 15:10:00,267.059,267.208,267.039,267.094,19015
2022-06-02 15:15:00,267.049,267.208,267.039,267.178,23393
2022-06-02 15:20:00,267.178,267.228,267.014,267.178,36011
2022-06-02 15:25:00,267.178,267.298,267.069,267.223,47758
2022-06-02 15:30:00,267.223,267.721,267.109,267.606,32693
2022-06-02 15:35:00,267.606,268.034,267.517,267.825,44284
2022-06-02 15:40:00,267.86,268.439,267.621,267.621,55094
2022-06-02 15:45:00,267.631,267.775,267.586,267.706,27514
2022-06-02 15:50:00,267.646,268.074,267.527,267.775,45473
2022-06-02 15:55:00,267.865,268.044,267.576,267.835,76799
2022-06-02 16:00:00,267.83,268.114,267.636,267.935,243210
2022-06-02 16:05:00,268.164,268.164,268.164,268.164,164071
2022-06-03 09:05:00,266.661,266.661,266.661,266.661,150
2022-06-03 09:25:00,265.686,265.686,265.686,265.686,300
2022-06-03 09:30:00,265.686,265.686,265.686,265.686,202
2022-06-03 09:35:00,265.487,267.198,265.099,266.92,22278
2022-06-03 09:40:00,267.069,268.392,266.9,268.149,20297
2022-06-03 09:45:00,268.392,269.681,268.014,268.8,20084
2022-06-03 09:50:00,268.442,268.87,267.935,268.562,31044
2022-06-03 09:55:00,268.671,269.273,268.382,268.92,45127
2022-06-03 10:00:00,268.85,269.348,268.815,269.315,18640
2022-06-03 10:05:00,269.278,271.019,268.885,270.701,29206
2022-06-03 10:10:00,270.552,271.875,270.308,271.029,38742
2022-06-03 10:15:00,271.089,271.258,270.512,271.079,17984
2022-06-03 10:20:00,271.348,272.084,270.98,271.631,26143
2022-06-03 10:25:00,271.427,271.905,270.582,270.582,34056
2022-06-03 10:30:00,270.467,270.781,269.865,270.044,17467
2022-06-03 10:35:00,270.049,270.87,269.8,270.87,12960
2022-06-03 10:40:00,270.82,271.034,270.378,270.881,14944
2022-06-03 10:45:00,270.81,270.86,270.343,270.84,18122
2022-06-03 10:50:00,270.835,271.507,270.671,271.417,10540
2022-06-03 10:55:00,271.427,271.517,270.81,270.861,9159
2022-06-03 11:00:00,270.786,271.141,270.253,270.273,13730
2022-06-03 11:05:00,269.985,270.134,269.318,269.626,14269
2022-06-03 11:10:00,269.517,270.149,269.422,270.004,10610
2022-06-03 11:15:00,270.114,270.303,269.348,269.392,14743
2022-06-03 11:20:00,269.447,269.726,269.258,269.567,9281
2022-06-03 11:25:00,269.427,269.577,268.562,268.716,27930
2022-06-03 11:30:00,268.79,268.97,268.422,268.671,7604
2022-06-03 11:35:00,268.621,269.392,268.621,269.283,8989
2022-06-03 11:40:00,269.338,269.895,269.323,269.835,10650
2022-06-03 11:45:00,269.935,269.981,269.557,269.557,8981
2022-06-03 11:50:00,269.467,269.487,268.203,268.283,13700
2022-06-03 11:55:00,268.223,268.223,267.88,267.925,12273
2022-06-03 12:00:00,267.974,268.82,267.795,268.671,13840
2022-06-03 12:05:00,268.925,269.119,268.392,268.392,8790
2022-06-03 12:10:00,268.442,268.532,268.084,268.382,7748
2022-06-03 12:15:00,268.328,268.562,268.258,268.363,6136
2022-06-03 12:20:00,268.452,268.661,268.014,268.054,5162
2022-06-03 12:25:00,268.029,268.681,267.788,268.661,15990
2022-06-03 12:30:00,268.542,268.552,268.004,268.224,17437
2022-06-03 12:35:00,268.203,268.442,268.029,268.442,6936
2022-06-03 12:40:00,268.353,268.945,268.353,268.945,4814
2022-06-03 12:45:00,268.955,269.169,268.601,269.114,17466
2022-06-03 12:50:00,269.169,269.298,268.989,269.238,7363
2022-06-03 12:55:00,269.139,269.522,268.78,269.482,12016
2022-06-03 13:00:00,269.537,269.915,269.467,269.835,12999
2022-06-03 13:05:00,269.766,270.004,269.676,269.895,9012
2022-06-03 13:10:00,269.786,269.975,269.537,269.726,10547
2022-06-03 13:15:00,269.795,270.074,269.611,269.776,12953
2022-06-03 13:20:00,269.766,269.835,269.149,269.218,39425
2022-06-03 13:25:00,269.169,269.736,269.109,269.736,11471
2022-06-03 13:30:00,269.616,269.865,269.537,269.691,7577
2022-06-03 13:35:00,269.616,269.616,269.144,269.407,11942
2022-06-03 13:40:00,269.492,269.567,269.009,269.064,13289
2022-06-03 13:45:00,269.079,269.099,268.173,268.382,16757
2022-06-03 13:50:00,268.382,268.39,267.925,268.39,16257
2022-06-03 13:55:00,268.353,268.353,267.984,267.995,16069
2022-06-03 14:00:00,267.855,267.865,267.268,267.268,17693
2022-06-03 14:05:00,267.278,267.552,266.94,267.367,12732
2022-06-03 14:10:00,267.412,268.273,267.402,268.109,11553
2022-06-03 14:15:00,268.014,268.427,268.014,268.273,12088
2022-06-03 14:20:00,268.253,268.318,267.974,268.198,11428
2022-06-03 14:25:00,268.203,268.203,267.935,267.994,8518
2022-06-03 14:30:00,267.994,268.338,267.95,268.313,21128
2022-06-03 14:35:00,268.273,268.283,267.716,267.716,12257
2022-06-03 14:40:00,267.825,267.956,267.477,267.566,9571
2022-06-03 14:45:00,267.596,267.696,267.323,267.646,9805
2022-06-03 14:50:00,267.706,267.87,267.477,267.87,10029
2022-06-03 14:55:00,267.87,268.014,267.726,267.845,10433
2022-06-03 15:00:00,267.762,268.084,267.762,267.875,9332
2022-06-03 15:05:00,267.925,268.208,267.626,268.139,17377
2022-06-03 15:10:00,268.024,268.024,267.377,267.377,12994
2022-06-03 15:15:00,267.566,267.706,266.959,267.029,14600
2022-06-03 15:20:00,266.989,267.303,266.93,267.258,13329
2022-06-03 15:25:00,267.358,267.397,266.989,267.149,9423
2022-06-03 15:30:00,267.139,267.706,267.139,267.671,13218
2022-06-03 15:35:00,267.596,267.596,267.248,267.382,16967
2022-06-03 15:40:00,267.298,267.775,267.129,267.497,20341
2022-06-03 15:45:00,267.557,267.696,267.079,267.168,18203
2022-06-03 15:50:00,267.089,267.387,266.8,267.208,30894
2022-06-03 15:55:00,267.159,267.805,267.009,267.805,48145
2022-06-03 16:00:00,267.865,267.994,267.288,267.308,84573
2022-06-03 16:05:00,267.557,267.557,267.557,267.557,10002
2022-06-06 09:35:00,267.666,268.263,266.86,268.203,17419
2022-06-06 09:40:00,267.915,269.091,267.84,269.091,11138
2022-06-06 09:45:00,269.151,269.855,269.151,269.467,8244
2022-06-06 09:50:00,269.666,269.666,268.84,269.586,11899
2022-06-06 09:55:00,269.646,270.293,269.328,270.253,23179
2022-06-06 10:00:00,270.243,272.174,270.054,271.825,43515
2022-06-06 10:05:00,271.935,272.199,271.547,272.104,20482
2022-06-06 10:10:00,272.213,272.851,272.204,272.577,16546
2022-06-06 10:15:00,272.592,272.85,272.044,272.293,14422
2022-06-06 10:20:00,272.134,272.482,271.965,272.323,13021
2022-06-06 10:25:00,272.432,273.029,272.432,272.84,12292
2022-06-06 10:30:00,272.711,272.91,272.462,272.84,6507
2022-06-06 10:35:00,272.92,273.189,272.751,272.811,13881
2022-06-06 10:40:00,272.92,273.039,272.422,272.696,10880
2022-06-06 10:45:00,272.85,273.826,272.751,273.646,19713
2022-06-06 10:50:00,273.676,274.044,273.467,273.612,21758
2022-06-06 10:55:00,273.607,273.955,273.487,273.845,25649
2022-06-06 11:00:00,273.845,274.393,273.736,274.313,8360
2022-06-06 11:05:00,274.333,274.532,273.726,273.87,15227
2022-06-06 11:10:00,273.895,274.294,273.88,273.88,12370
2022-06-06 11:15:00,273.895,274.154,273.069,273.895,16896
2022-06-06 11:20:00,273.88,274.005,273.029,273.074,18068
2022-06-06 11:25:00,273.054,273.686,273.01,273.607,9710
2022-06-06 11:30:00,273.646,273.726,273.378,273.378,7100
2022-06-06 11:35:00,273.567,273.676,273.293,273.368,11795
2022-06-06 11:40:00,273.388,273.766,273.238,273.646,10450
2022-06-06 11:45:00,273.701,273.826,273.477,273.756,8060
2022-06-06 11:50:00,273.826,274.373,273.821,274.214,9456
2022-06-06 11:55:00,274.099,274.248,274.064,274.094,4079
2022-06-06 12:00:00,274.164,274.283,273.905,274.044,4594
2022-06-06 12:05:00,274.064,274.154,273.398,273.457,11030
2022-06-06 12:10:00,273.477,273.646,273.398,273.507,5595
2022-06-06 12:15:00,273.437,273.567,273.308,273.398,7281
2022-06-06 12:20:00,273.398,273.627,273.328,273.627,7914
2022-06-06 12:25:00,273.537,273.736,273.303,273.398,7066
2022-06-06 12:30:00,273.348,273.646,273.219,273.318,9953
2022-06-06 12:35:00,273.303,273.497,273.278,273.388,13236
2022-06-06 12:40:00,273.288,273.388,272.432,272.562,7446
2022-06-06 12:45:00,272.661,273.089,272.661,273.059,9871
2022-06-06 12:50:00,273.129,273.442,272.91,273.039,4980
2022-06-06 12:55:00,272.91,273.248,272.811,273.248,3990
2022-06-06 13:00:00,273.139,273.318,273.139,273.219,3775
2022-06-06 13:05:00,273.253,273.308,272.99,272.99,6370
2022-06-06 13:10:00,273.099,273.333,273.099,273.268,7113
2022-06-06 13:15:00,273.288,273.439,273.069,273.181,5268
2022-06-06 13:20:00,273.189,273.258,272.597,272.9,7427
2022-06-06 13:25:00,272.87,273.278,272.761,273.248,4952
2022-06-06 13:30:00,273.199,273.388,273.109,273.358,9238
2022-06-06 13:35:00,273.278,273.368,273.099,273.313,9094
2022-06-06 13:40:00,273.248,273.935,273.248,273.746,9555
2022-06-06 13:45:00,273.766,273.835,273.666,273.706,6779
2022-06-06 13:50:00,273.676,273.696,273.149,273.358,8862
2022-06-06 13:55:00,273.378,273.592,273.248,273.487,10092
2022-06-06 14:00:00,273.547,273.547,273.243,273.278,6041
2022-06-06 14:05:00,273.199,273.427,273.199,273.338,5782
2022-06-06 14:10:00,273.308,273.467,273.149,273.268,15874
2022-06-06 14:15:00,273.388,273.507,273.268,273.328,6206
2022-06-06 14:20:00,273.278,273.577,273.189,273.517,10304
2022-06-06 14:25:00,273.388,273.489,273.089,273.243,11762
2022-06-06 14:30:00,273.219,273.318,273.02,273.149,22305
2022-06-06 14:35:00,273.139,273.219,272.845,273.069,16052
2022-06-06 14:40:00,273.074,273.313,273.074,273.209,7103
2022-06-06 14:45:00,273.368,273.646,273.358,273.517,7420
2022-06-06 14:50:00,273.487,273.768,273.427,273.656,6077
2022-06-06 14:55:00,273.587,273.656,273.169,273.622,7345
2022-06-06 15:00:00,273.477,273.786,273.477,273.627,9047
2022-06-06 15:05:00,273.487,273.716,273.398,273.666,9083
2022-06-06 15:10:00,273.547,273.756,273.477,273.716,14431
2022-06-06 15:15:00,273.716,273.816,273.487,273.577,17365
2022-06-06 15:20:00,273.607,273.716,273.328,273.328,15059
2022-06-06 15:25:00,273.219,273.686,273.109,273.557,10326
2022-06-06 15:30:00,273.547,273.835,273.547,273.816,16379
2022-06-06 15:35:00,273.796,273.965,273.726,273.821,20007
2022-06-06 15:40:00,273.806,274.144,273.711,274.109,33445
2022-06-06 15:45:00,274.109,274.214,273.93,274.134,25880
2022-06-06 15:50:00,274.258,274.313,273.507,273.538,32203
2022-06-06 15:55:00,273.527,274.154,273.527,274.025,46952
2022-06-06 16:00:00,273.985,274.044,273.408,273.636,90141
2022-06-06 16:05:00,273.676,273.676,273.676,273.676,38723
2022-06-06 16:35:00,273.676,273.676,273.676,273.676,11695
2022-06-07 07:30:00,269.666,269.666,269.666,269.666,924
2022-06-07 09:35:00,270.791,272.641,270.114,272.283,29092
2022-06-07 09:40:00,272.542,272.602,271.308,271.995,19702
2022-06-07 09:45:00,271.656,272.303,271.139,271.437,7516
2022-06-07 09:50:00,271.124,271.517,270.318,271.452,21475
2022-06-07 09:55:00,271.616,271.806,271.208,271.606,11024
2022-06-07 10:00:00,271.368,271.81,270.94,271.666,8795
2022-06-07 10:05:00,271.348,271.761,271.149,271.208,4838
2022-06-07 10:10:00,271.298,271.676,271.258,271.567,5667
2022-06-07 10:15:00,271.835,271.835,271.089,271.089,11173
2022-06-07 10:20:00,271.318,271.776,270.91,271.756,8374
2022-06-07 10:25:00,271.736,272.204,271.616,271.636,10369
2022-06-07 10:30:00,271.676,273.149,271.676,272.887,17190
2022-06-07 10:35:00,272.791,273.995,272.582,273.905,13851
2022-06-07 10:40:00,273.816,274.97,273.636,274.952,12771
2022-06-07 10:45:00,274.791,275.408,274.781,275.408,19719
2022-06-07 10:50:00,275.368,275.467,275.049,275.348,21886
2022-06-07 10:55:00,275.398,275.398,274.88,275.179,8888
2022-06-07 11:00:00,275.089,275.089,274.666,274.936,9180
2022-06-07 11:05:00,274.885,274.89,274.492,274.641,8701
2022-06-07 11:10:00,274.761,275.04,274.572,274.92,9454
2022-06-07 11:15:00,274.89,275.497,274.741,275.219,8885
2022-06-07 11:20:00,275.308,275.487,275.04,275.059,10750
2022-06-07 11:25:00,275.149,275.293,274.761,274.761,6422
2022-06-07 11:30:00,274.612,274.761,274.512,274.761,7380
2022-06-07 11:35:00,274.761,275.079,274.736,274.89,9174
2022-06-07 11:40:00,274.89,275.298,274.89,275.298,16107
2022-06-07 11:45:00,275.388,275.398,275.064,275.134,5945
2022-06-07 11:50:00,275.139,275.308,274.363,274.363,11264
2022-06-07 11:55:00,274.562,274.701,274.084,274.462,11699
2022-06-07 12:00:00,274.403,274.612,274.283,274.522,9611
2022-06-07 12:05:00,274.423,274.741,274.333,274.477,10777
2022-06-07 12:10:00,274.452,274.452,273.895,273.99,7821
2022-06-07 12:15:00,274.03,274.134,273.806,274.064,10882
2022-06-07 12:20:00,273.985,274.144,273.835,273.88,14126
2022-06-07 12:25:00,273.88,274.005,273.865,273.91,6465
2022-06-07 12:30:00,274.054,274.263,273.821,273.821,5093
2022-06-07 12:35:00,273.875,274.094,273.706,273.855,12188
2022-06-07 12:40:00,273.86,273.962,273.781,273.816,4211
2022-06-07 12:45:00,273.776,274.144,273.736,273.845,7589
2022-06-07 12:50:00,274.114,274.243,274.034,274.243,2424
2022-06-07 12:55:00,274.293,274.433,274.074,274.383,5320
2022-06-07 13:00:00,274.363,274.393,273.995,274.064,7501
2022-06-07 13:05:00,274.059,274.423,274.059,274.403,7262
2022-06-07 13:10:00,274.373,274.561,274.194,274.522,2886
2022-06-07 13:15:00,274.612,274.781,274.313,274.612,10448
2022-06-07 13:20:00,274.661,275.059,274.661,275.059,4445
2022-06-07 13:25:00,275.059,275.268,275.01,275.169,4934
2022-06-07 13:30:00,275.194,275.209,274.895,275.01,8415
2022-06-07 13:35:00,275.129,275.189,274.95,275.0,4986
2022-06-07 13:40:00,275.079,275.099,274.781,274.92,4481
2022-06-07 13:45:00,274.88,274.92,274.582,274.681,6510
2022-06-07 13:50:00,274.701,274.701,274.323,274.333,8224
2022-06-07 13:55:00,274.338,274.522,274.338,274.383,3708
2022-06-07 14:00:00,274.452,274.452,274.084,274.094,5534
2022-06-07 14:05:00,274.014,274.383,273.865,274.363,7630
2022-06-07 14:10:00,274.393,274.89,274.393,274.821,8348
2022-06-07 14:15:00,274.94,274.955,274.681,274.846,6737
2022-06-07 14:20:00,274.831,274.95,274.651,274.781,6588
2022-06-07 14:25:00,274.741,274.811,274.592,274.783,5905
2022-06-07 14:30:00,274.731,275.099,274.731,275.089,9057
2022-06-07 14:35:00,275.089,275.617,275.069,275.438,12485
2022-06-07 14:40:00,275.627,276.045,275.557,275.985,12326
2022-06-07 14:45:00,276.0,276.035,275.736,275.756,13613
2022-06-07 14:50:00,275.587,275.587,274.885,274.915,12025
2022-06-07 14:55:00,274.843,275.03,274.801,275.01,8962
2022-06-07 15:00:00,274.9,275.338,274.811,275.298,11381
2022-06-07 15:05:00,275.248,275.806,275.129,275.617,16891
2022-06-07 15:10:00,275.592,275.666,275.169,275.656,9004
2022-06-07 15:15:00,275.607,275.656,275.159,275.388,14119
2022-06-07 15:20:00,275.447,276.134,275.447,275.915,24165
2022-06-07 15:25:00,275.895,275.945,275.487,275.537,24547
2022-06-07 15:30:00,275.607,275.806,275.607,275.786,16610
2022-06-07 15:35:00,275.716,276.184,275.676,276.184,28158
2022-06-07 15:40:00,276.214,276.94,276.184,276.716,29782
2022-06-07 15:45:00,276.716,276.751,276.035,276.273,22713
2022-06-07 15:50:00,276.243,276.472,276.214,276.293,34546
2022-06-07 15:55:00,276.254,276.624,275.88,276.094,65659
2022-06-07 16:00:00,276.054,276.139,275.477,275.497,137421
2022-06-07 16:05:00,275.865,275.865,275.865,275.865,59523
2022-06-07 16:30:00,275.865,275.865,275.865,275.865,1438
2022-06-08 09:35:00,273.666,273.666,270.273,271.895,28690
2022-06-08 09:40:00,271.965,272.766,271.965,272.049,4039
2022-06-08 09:45:00,271.806,272.86,271.597,271.624,10936
2022-06-08 09:50:00,271.751,273.607,271.751,273.348,5993
2022-06-08 09:55:00,273.388,274.263,273.079,274.149,8640
2022-06-08 10:00:00,274.333,274.413,272.462,272.462,6823
2022-06-08 10:05:00,272.487,273.059,272.487,272.84,6695
2022-06-08 10:10:00,272.706,272.83,272.174,272.223,4393
2022-06-08 10:15:00,271.736,271.905,271.189,271.293,6518
2022-06-08 10:20:00,271.139,271.537,270.681,271.089,14971
2022-06-08 10:25:00,271.338,271.398,270.85,270.998,13430
2022-06-08 10:30:00,270.985,271.497,270.766,271.009,11570
2022-06-08 10:35:00,271.009,271.756,270.771,271.606,15565
2022-06-08 10:40:00,271.636,272.442,271.636,272.049,7779
2022-06-08 10:45:00,272.114,272.164,270.8,271.159,7725
2022-06-08 10:50:00,270.97,271.298,270.84,271.149,7201
2022-06-08 10:55:00,271.338,271.338,270.791,270.791,6307
2022-06-08 11:00:00,270.582,271.258,270.492,271.208,10537
2022-06-08 11:05:00,271.208,271.368,270.671,270.8,7400
2022-06-08 11:10:00,270.716,270.716,270.203,270.412,4544
2022-06-08 11:15:00,270.412,270.482,270.164,270.482,6395
2022-06-08 11:20:00,270.492,271.348,270.452,271.298,5994
2022-06-08 11:25:00,271.169,271.223,270.89,270.89,7518
2022-06-08 11:30:00,270.676,270.88,270.537,270.542,5666
2022-06-08 11:35:00,270.453,270.661,270.432,270.432,4264
2022-06-08 11:40:00,270.502,270.502,270.164,270.313,4750
2022-06-08 11:45:00,270.402,270.502,270.169,270.174,6847
2022-06-08 11:50:00,270.303,270.552,270.243,270.542,8603
2022-06-08 11:55:00,270.522,270.641,270.144,270.144,5658
2022-06-08 12:00:00,270.054,270.562,269.945,270.343,12420
2022-06-08 12:05:00,270.487,270.562,270.164,270.303,4565
2022-06-08 12:10:00,270.353,270.412,270.203,270.373,6734
2022-06-08 12:15:00,270.351,270.532,270.308,270.462,2679
2022-06-08 12:20:00,270.522,270.751,270.452,270.751,7412
2022-06-08 12:25:00,270.935,270.99,270.651,270.855,18274
2022-06-08 12:30:00,270.895,270.98,270.781,270.98,10640
2022-06-08 12:35:00,270.87,270.88,270.114,270.174,8804
2022-06-08 12:40:00,270.114,270.174,269.387,269.457,5252
2022-06-08 12:45:00,269.258,269.258,268.691,268.691,8744
2022-06-08 12:50:00,268.532,269.079,268.353,269.069,10444
2022-06-08 12:55:00,269.159,269.407,268.82,268.82,12279
2022-06-08 13:00:00,268.915,269.104,268.86,269.059,6100
2022-06-08 13:05:00,269.089,269.089,268.547,268.82,6560
2022-06-08 13:10:00,268.83,269.069,268.756,269.069,4816
2022-06-08 13:15:00,269.248,269.507,269.183,269.183,9073
2022-06-08 13:20:00,269.203,269.368,269.159,269.318,3306
2022-06-08 13:25:00,269.308,269.318,268.89,268.89,6629
2022-06-08 13:30:00,269.069,269.238,268.925,268.97,7411
2022-06-08 13:35:00,268.88,268.88,268.154,268.303,4974
2022-06-08 13:40:00,268.164,268.183,267.915,267.915,4409
2022-06-08 13:45:00,268.173,268.422,268.173,268.323,6829
2022-06-08 13:50:00,268.228,268.412,268.119,268.263,5820
2022-06-08 13:55:00,268.213,268.333,267.686,267.686,6522
2022-06-08 14:00:00,267.701,267.751,267.119,267.149,6728
2022-06-08 14:05:00,267.233,267.487,266.989,267.238,19717
2022-06-08 14:10:00,267.193,267.778,267.193,267.775,14997
2022-06-08 14:15:00,267.746,267.974,267.736,267.905,6957
2022-06-08 14:20:00,268.014,268.104,267.865,267.89,6647
2022-06-08 14:25:00,267.935,268.173,267.726,268.173,8350
2022-06-08 14:30:00,268.253,268.253,267.641,267.736,15845
2022-06-08 14:35:00,267.751,267.855,267.318,267.318,6623
2022-06-08 14:40:00,267.318,267.467,266.85,266.85,8496
2022-06-08 14:45:00,266.91,267.472,266.91,267.338,9526
2022-06-08 14:50:00,267.377,267.432,267.087,267.087,5108
2022-06-08 14:55:00,267.049,267.139,266.743,266.92,10649
2022-06-08 15:00:00,266.85,266.925,266.442,266.527,9976
2022-06-08 15:05:00,266.402,266.522,266.014,266.243,32335
2022-06-08 15:10:00,266.243,266.313,265.616,265.835,17035
2022-06-08 15:15:00,265.825,267.044,265.736,266.81,11475
2022-06-08 15:20:00,266.83,267.268,266.76,266.92,17614
2022-06-08 15:25:00,266.895,267.089,266.89,266.979,13641
2022-06-08 15:30:00,267.009,267.253,266.979,267.218,9049
2022-06-08 15:35:00,267.278,267.406,267.044,267.223,16430
2022-06-08 15:40:00,267.278,267.527,267.049,267.084,24088
2022-06-08 15:45:00,267.084,267.198,266.89,267.183,27105
2022-06-08 15:50:00,267.198,267.198,266.472,266.502,43046
2022-06-08 15:55:00,266.472,267.666,266.472,267.562,79584
2022-06-08 16:00:00,267.576,267.656,266.522,266.661,143759
2022-06-08 16:05:00,266.76,266.76,266.76,266.76,39878
2022-06-08 16:10:00,267.795,269.507,266.76,269.507,3033
2022-06-08 16:25:00,266.78,266.78,266.78,266.78,250
2022-06-08 16:35:00,266.76,266.76,266.76,266.76,3886
2022-06-09 09:35:00,265.984,267.434,264.88,267.228,15613
2022-06-09 09:40:00,267.676,268.263,266.666,267.358,32130
2022-06-09 09:45:00,267.044,268.721,267.044,268.721,27810
2022-06-09 09:50:00,268.808,269.382,268.785,269.029,16321
2022-06-09 09:55:00,269.089,270.661,269.059,270.482,20535
2022-06-09 10:00:00,270.333,271.278,270.213,271.009,31227
2022-06-09 10:05:00,271.009,272.497,270.92,271.497,26326
2022-06-09 10:10:00,271.577,271.577,270.164,270.422,22461
2022-06-09 10:15:00,270.592,270.721,269.296,269.686,15177
2022-06-09 10:20:00,269.557,270.044,269.487,269.596,10613
2022-06-09 10:25:00,269.81,270.432,269.586,270.193,10056
2022-06-09 10:30:00,270.223,270.223,269.179,269.179,10118
2022-06-09 10:35:00,269.497,269.537,268.586,268.731,4125
2022-06-09 10:40:00,268.8,269.159,268.621,269.069,10641
2022-06-09 10:45:00,268.91,269.109,268.562,268.731,7674
2022-06-09 10:50:00,268.84,269.049,268.661,268.94,10164
2022-06-09 10:55:00,268.89,268.89,267.945,268.144,7243
2022-06-09 11:00:00,268.044,268.979,268.034,268.746,9007
2022-06-09 11:05:00,268.671,268.731,267.811,267.811,12898
2022-06-09 11:10:00,267.805,268.293,267.805,268.283,14614
2022-06-09 11:15:00,268.318,268.96,268.318,268.776,11633
2022-06-09 11:20:00,268.771,268.95,268.616,268.93,7404
2022-06-09 11:25:00,268.95,269.059,268.641,268.825,10745
2022-06-09 11:30:00,268.681,268.706,268.134,268.422,8005
2022-06-09 11:35:00,268.387,268.452,268.094,268.213,7779
2022-06-09 11:40:00,268.193,268.462,267.805,268.233,20494
2022-06-09 11:45:00,268.242,268.94,268.242,268.701,6270
2022-06-09 11:50:00,268.621,268.751,268.105,268.169,8827
2022-06-09 11:55:00,267.915,268.348,267.915,268.348,6954
2022-06-09 12:00:00,268.124,268.213,267.795,268.183,6484
2022-06-09 12:05:00,268.213,268.213,267.581,267.581,7012
2022-06-09 12:10:00,267.571,267.736,267.159,267.736,7361
2022-06-09 12:15:00,267.666,267.666,266.81,267.139,31475
2022-06-09 12:20:00,266.89,267.079,266.504,267.079,16051
2022-06-09 12:25:00,267.268,267.377,267.178,267.367,10493
2022-06-09 12:30:00,267.353,267.785,267.298,267.701,13334
2022-06-09 12:35:00,267.756,267.845,267.487,267.487,12549
2022-06-09 12:40:00,267.557,267.8,267.507,267.8,7256
2022-06-09 12:45:00,267.915,268.303,267.835,268.303,7006
2022-06-09 12:50:00,268.203,268.203,267.626,267.636,7570
2022-06-09 12:55:00,267.785,267.965,267.696,267.855,6442
2022-06-09 13:00:00,267.79,267.96,267.586,267.805,16501
2022-06-09 13:05:00,267.965,268.084,267.825,267.9,11468
2022-06-09 13:10:00,267.994,268.223,267.656,267.675,11912
2022-06-09 13:15:00,267.576,267.736,267.462,267.462,5948
2022-06-09 13:20:00,267.527,267.527,267.178,267.452,14523
2022-06-09 13:25:00,267.437,267.497,267.114,267.218,10980
2022-06-09 13:30:00,267.233,267.308,266.233,266.571,48730
2022-06-09 13:35:00,266.596,266.596,266.074,266.248,18063
2022-06-09 13:40:00,266.253,266.253,265.905,266.034,43245
2022-06-09 13:45:00,265.964,266.094,265.539,265.576,12587
2022-06-09 13:50:00,265.556,265.726,265.029,265.392,26332
2022-06-09 13:55:00,265.457,265.716,265.319,265.651,13419
2022-06-09 14:00:00,265.696,265.905,265.616,265.83,8186
2022-06-09 14:05:00,265.745,265.745,265.238,265.238,9030
2022-06-09 14:10:00,265.238,265.238,264.855,264.875,9875
2022-06-09 14:15:00,264.905,264.939,264.691,264.726,9254
2022-06-09 14:20:00,264.661,264.755,264.374,264.462,9327
2022-06-09 14:25:00,264.352,264.462,263.924,263.924,7520
2022-06-09 14:30:00,263.865,264.362,263.725,264.263,7897
2022-06-09 14:35:00,264.278,264.422,264.004,264.084,8381
2022-06-09 14:40:00,264.034,264.094,263.765,263.845,8480
2022-06-09 14:45:00,264.054,264.104,263.885,263.996,6516
2022-06-09 14:50:00,264.094,264.561,264.049,264.323,4891
2022-06-09 14:55:00,264.581,265.054,264.497,265.054,8200
2022-06-09 15:00:00,265.089,265.278,264.646,264.681,12252
2022-06-09 15:05:00,264.462,264.531,263.82,263.82,7480
2022-06-09 15:10:00,263.865,264.054,263.795,263.835,7483
2022-06-09 15:15:00,263.944,263.949,263.517,263.596,15198
2022-06-09 15:20:00,263.666,264.153,263.546,263.974,15777
2022-06-09 15:25:00,264.024,264.133,263.686,263.845,17696
2022-06-09 15:30:00,263.915,263.954,263.168,263.308,16091
2022-06-09 15:35:00,263.208,263.293,262.959,263.079,20524
2022-06-09 15:40:00,263.118,263.417,263.074,263.25,23795
2022-06-09 15:45:00,263.253,263.253,262.233,262.332,50055
2022-06-09 15:50:00,262.263,262.293,261.307,261.407,74410
2022-06-09 15:55:00,261.347,261.705,261.009,261.302,87412
2022-06-09 16:00:00,261.497,261.521,260.581,260.671,100763
2022-06-09 16:05:00,260.7,260.7,260.7,260.7,146236
2022-06-09 16:35:00,260.7,260.7,260.7,260.7,1692
2022-06-09 16:45:00,260.7,260.7,260.7,260.7,1000
2022-06-10 09:35:00,256.859,257.024,252.959,253.516,32970
2022-06-10 09:40:00,253.551,255.357,253.188,254.033,18436
2022-06-10 09:45:00,254.014,255.108,253.252,253.785,15708
2022-06-10 09:50:00,253.974,254.551,253.208,253.974,16849
2022-06-10 09:55:00,254.193,254.81,253.526,253.645,17505
2022-06-10 10:00:00,253.526,253.596,252.232,252.292,10049
2022-06-10 10:05:00,252.292,252.292,250.819,251.083,20647
2022-06-10 10:10:00,250.979,251.834,250.889,251.529,13665
2022-06-10 10:15:00,251.67,251.839,251.148,251.406,15465
2022-06-10 10:20:00,251.441,251.645,250.73,250.789,10948
2022-06-10 10:25:00,250.969,250.969,250.023,250.192,11535
2022-06-10 10:30:00,250.123,250.511,249.844,249.944,8807
2022-06-10 10:35:00,249.794,250.849,249.794,250.735,13133
2022-06-10 10:40:00,250.77,251.655,250.77,251.615,9957
2022-06-10 10:45:00,251.615,251.844,251.476,251.615,12264
2022-06-10 10:50:00,251.576,251.804,251.168,251.6,10393
2022-06-10 10:55:00,251.804,251.804,251.078,251.078,9532
2022-06-10 11:00:00,251.118,251.287,249.924,249.924,16046
2022-06-10 11:05:00,250.083,250.396,250.013,250.282,9394
2022-06-10 11:10:00,250.083,250.372,249.785,250.372,8451
2022-06-10 11:15:00,250.511,250.899,250.312,250.401,4683
2022-06-10 11:20:00,250.501,250.571,250.028,250.526,10561
2022-06-10 11:25:00,250.501,250.988,250.222,250.222,7075
2022-06-10 11:30:00,250.163,250.585,249.708,250.536,10086
2022-06-10 11:35:00,250.608,250.608,250.202,250.551,6155
2022-06-10 11:40:00,250.421,250.59,250.242,250.242,7413
2022-06-10 11:45:00,250.242,250.64,250.237,250.566,7740
2022-06-10 11:50:00,250.64,250.849,250.058,250.058,7867
2022-06-10 11:55:00,249.884,250.103,249.854,249.854,6777
2022-06-10 12:00:00,249.655,250.411,249.655,250.411,7535
2022-06-10 12:05:00,250.302,250.77,250.302,250.76,11262
2022-06-10 12:10:00,250.71,251.038,250.675,251.038,8679
2022-06-10 12:15:00,251.048,251.317,250.491,250.536,23677
2022-06-10 12:20:00,250.536,250.65,250.212,250.501,61923
2022-06-10 12:25:00,250.59,251.506,250.531,251.277,13323
2022-06-10 12:30:00,251.197,251.367,250.879,251.367,9351
2022-06-10 12:35:00,251.446,251.446,250.74,250.889,9568
2022-06-10 12:40:00,250.904,251.148,250.466,250.481,12643
2022-06-10 12:45:00,250.471,250.471,249.978,250.249,10230
2022-06-10 12:50:00,250.212,250.212,249.098,249.098,8040
2022-06-10 12:55:00,249.028,249.028,248.451,248.63,13665
2022-06-10 13:00:00,248.551,248.949,248.491,248.929,10434
2022-06-10 13:05:00,248.909,248.983,248.57,248.675,8692
2022-06-10 13:10:00,248.76,249.023,248.401,249.023,10081
2022-06-10 13:15:00,248.998,249.217,248.929,248.978,7828
2022-06-10 13:20:00,248.819,249.217,248.71,249.187,10673
2022-06-10 13:25:00,249.123,249.556,249.123,249.267,6294
2022-06-10 13:30:00,249.292,249.446,249.197,249.347,7049
2022-06-10 13:35:00,249.347,249.347,248.476,248.689,12044
2022-06-10 13:40:00,248.74,249.695,248.74,249.695,16983
2022-06-10 13:45:00,249.635,249.765,249.237,249.367,9219
2022-06-10 13:50:00,249.277,249.904,249.277,249.884,10139
2022-06-10 13:55:00,249.864,250.063,249.327,249.352,7128
2022-06-10 14:00:00,249.284,249.575,249.227,249.575,21713
2022-06-10 14:05:00,249.506,249.57,249.212,249.347,12124
2022-06-10 14:10:00,249.342,249.814,249.337,249.64,9951
2022-06-10 14:15:00,249.665,249.705,249.287,249.416,12015
2022-06-10 14:20:00,249.347,249.595,249.307,249.595,15491
2022-06-10 14:25:00,249.575,249.954,249.575,249.755,7801
2022-06-10 14:30:00,249.725,249.725,248.75,249.108,18607
2022-06-10 14:35:00,249.153,249.277,249.028,249.217,13432
2022-06-10 14:40:00,249.148,249.267,248.819,248.874,33040
2022-06-10 14:45:00,248.76,248.809,248.282,248.67,13205
2022-06-10 14:50:00,248.73,249.167,248.73,249.068,22191
2022-06-10 14:55:00,248.949,249.088,248.64,248.799,11246
2022-06-10 15:00:00,248.879,249.426,248.839,249.227,15573
2022-06-10 15:05:00,249.446,249.491,248.421,248.421,10183
2022-06-10 15:10:00,248.461,248.461,247.894,248.292,25099
2022-06-10 15:15:00,248.073,248.6,248.008,248.565,10401
2022-06-10 15:20:00,248.65,248.819,248.461,248.76,11688
2022-06-10 15:25:00,248.531,248.58,247.829,248.57,13008
2022-06-10 15:30:00,248.66,250.033,248.66,249.884,34879
2022-06-10 15:35:00,249.814,249.934,249.048,249.093,61294
2022-06-10 15:40:00,249.033,249.536,248.819,248.879,25335
2022-06-10 15:45:00,248.819,249.068,247.735,247.899,29450
2022-06-10 15:50:00,247.764,247.904,246.789,246.789,35888
2022-06-10 15:55:00,246.744,247.247,246.65,247.028,69701
2022-06-10 16:00:00,247.008,247.187,246.003,246.023,135471
2022-06-10 16:05:00,246.202,246.202,246.202,246.202,11994
2022-06-10 16:25:00,246.202,246.202,246.202,246.202,1156
2022-06-13 08:05:00,237.223,237.223,237.223,237.223,200
2022-06-13 08:35:00,239.814,239.814,239.814,239.814,400
2022-06-13 09:35:00,240.262,241.645,239.514,239.963,52432
2022-06-13 09:40:00,240.222,241.575,239.834,239.844,27228
2022-06-13 09:45:00,239.459,243.695,239.459,243.575,39456
2022-06-13 09:50:00,243.297,243.744,242.799,243.386,15232
2022-06-13 09:55:00,243.028,243.058,241.884,242.769,16750
2022-06-13 10:00:00,242.714,244.043,242.67,243.192,19331
2022-06-13 10:05:00,243.282,243.431,242.247,242.247,16551
2022-06-13 10:10:00,242.088,243.316,242.033,243.316,29215
2022-06-13 10:15:00,242.981,243.098,241.316,241.694,13842
2022-06-13 10:20:00,241.665,241.685,240.172,240.391,14394
2022-06-13 10:25:00,240.55,240.913,240.471,240.62,8496
2022-06-13 10:30:00,240.698,240.698,239.754,239.933,9179
2022-06-13 10:35:00,240.063,240.152,239.396,239.684,12423
2022-06-13 10:40:00,239.655,240.262,239.655,240.192,12754
2022-06-13 10:45:00,239.993,240.182,239.426,239.525,14336
2022-06-13 10:50:00,239.565,239.565,238.669,238.764,14714
2022-06-13 10:55:00,238.764,239.033,238.441,238.819,21394
2022-06-13 11:00:00,238.878,238.918,238.361,238.361,9023
2022-06-13 11:05:00,238.251,238.555,237.732,237.963,14038
2022-06-13 11:10:00,237.873,237.873,237.326,237.326,13689
2022-06-13 11:15:00,237.227,237.535,236.938,237.416,19953
2022-06-13 11:20:00,237.495,238.082,237.426,238.033,12632
2022-06-13 11:25:00,237.973,238.341,237.515,238.336,13542
2022-06-13 11:30:00,238.301,238.341,237.654,238.033,16805
2022-06-13 11:35:00,237.983,238.242,237.028,237.565,18779
2022-06-13 11:40:00,237.873,238.441,237.704,238.441,10675
2022-06-13 11:45:00,238.331,238.58,237.998,238.296,12062
2022-06-13 11:50:00,238.251,238.251,237.515,237.694,11598
2022-06-13 11:55:00,237.744,237.933,237.386,237.386,18758
2022-06-13 12:00:00,237.48,237.873,237.406,237.635,11678
2022-06-13 12:05:00,237.63,238.341,237.416,238.341,16267
2022-06-13 12:10:00,238.306,239.306,238.306,238.968,13002
2022-06-13 12:15:00,238.858,239.774,238.849,239.028,8792
2022-06-13 12:20:00,239.237,239.475,238.829,239.147,5989
2022-06-13 12:25:00,239.266,239.545,239.048,239.087,10865
2022-06-13 12:30:00,239.266,239.575,239.077,239.316,23623
2022-06-13 12:35:00,239.127,240.291,239.077,240.291,8221
2022-06-13 12:40:00,240.257,240.62,240.252,240.49,4521
2022-06-13 12:45:00,240.281,240.351,239.505,239.553,7920
2022-06-13 12:50:00,239.565,239.744,239.296,239.401,10047
2022-06-13 12:55:00,239.475,239.625,239.077,239.077,9757
2022-06-13 13:00:00,239.247,239.247,238.46,238.714,7670
2022-06-13 13:05:00,238.63,238.64,238.132,238.271,11413
2022-06-13 13:10:00,238.301,238.391,238.162,238.261,7190
2022-06-13 13:15:00,238.247,238.341,237.953,238.341,8524
2022-06-13 13:20:00,238.5,238.789,238.271,238.789,5681
2022-06-13 13:25:00,238.839,238.998,238.51,238.51,19654
2022-06-13 13:30:00,238.674,238.819,238.381,238.719,17448
2022-06-13 13:35:00,238.64,238.809,237.814,237.814,15431
2022-06-13 13:40:00,237.704,238.102,237.684,238.102,9043
2022-06-13 13:45:00,238.281,239.396,238.162,239.396,18239
2022-06-13 13:50:00,239.525,240.082,239.525,239.998,6401
2022-06-13 13:55:00,240.038,240.301,238.968,238.968,18536
2022-06-13 14:00:00,239.247,239.515,239.157,239.446,5415
2022-06-13 14:05:00,239.386,239.396,238.701,238.908,14874
2022-06-13 14:10:00,238.908,238.908,238.276,238.291,6881
2022-06-13 14:15:00,237.963,238.441,237.963,238.008,9827
2022-06-13 14:20:00,238.112,238.659,238.112,238.659,7970
2022-06-13 14:25:00,238.689,238.988,238.251,238.361,12307
2022-06-13 14:30:00,238.291,238.64,238.281,238.54,11301
2022-06-13 14:35:00,238.535,238.57,237.799,238.371,13857
2022-06-13 14:40:00,238.381,239.062,238.321,238.968,16438
2022-06-13 14:45:00,238.799,239.386,238.779,239.257,12573
2022-06-13 14:50:00,239.311,239.585,239.147,239.545,14695
2022-06-13 14:55:00,239.475,239.714,239.187,239.266,14925
2022-06-13 15:00:00,239.172,239.172,238.033,238.132,13617
2022-06-13 15:05:00,237.948,238.451,237.775,238.446,11368
2022-06-13 15:10:00,238.281,238.381,237.585,237.585,11717
2022-06-13 15:15:00,237.644,237.704,237.147,237.286,15181
2022-06-13 15:20:00,237.241,238.261,236.848,237.426,25291
2022-06-13 15:25:00,237.244,237.724,236.997,237.087,19646
2022-06-13 15:30:00,237.167,237.376,236.63,236.63,21175
2022-06-13 15:35:00,236.664,236.848,236.291,236.634,34833
2022-06-13 15:40:00,236.639,237.386,236.222,236.43,25152
2022-06-13 15:45:00,236.426,236.426,235.694,235.923,30037
2022-06-13 15:50:00,235.794,236.256,235.655,236.092,68159
2022-06-13 15:55:00,236.177,236.421,235.465,236.331,71990
2022-06-13 16:00:00,236.411,236.838,236.092,236.829,90431
2022-06-13 16:05:00,236.689,236.689,236.689,236.689,22407
2022-06-13 16:25:00,236.689,236.689,236.689,236.689,448
2022-06-13 16:40:00,236.689,236.689,236.689,236.689,567
2022-06-14 09:25:00,236.679,236.679,236.669,236.669,320
2022-06-14 09:30:00,235.734,235.734,235.734,235.734,324
2022-06-14 09:35:00,235.754,237.087,234.998,236.052,31969
2022-06-14 09:40:00,235.978,237.525,235.495,236.868,15101
2022-06-14 09:45:00,236.679,237.117,236.49,236.505,27177
2022-06-14 09:50:00,236.55,237.315,236.052,236.938,16533
2022-06-14 09:55:00,236.759,237.426,236.207,237.162,8537
2022-06-14 10:00:00,237.197,237.873,237.167,237.839,8648
2022-06-14 10:05:00,237.819,238.023,236.988,237.107,12632
2022-06-14 10:10:00,237.033,237.087,236.251,236.719,15293
2022-06-14 10:15:00,236.659,236.659,235.495,236.361,15269
2022-06-14 10:20:00,236.127,236.361,235.226,235.226,8498
2022-06-14 10:25:00,234.888,234.888,234.102,234.391,7591
2022-06-14 10:30:00,234.147,234.57,233.565,233.709,10153
2022-06-14 10:35:00,233.704,233.903,233.306,233.634,6098
2022-06-14 10:40:00,233.609,233.609,232.699,232.699,9884
2022-06-14 10:45:00,232.739,232.918,232.042,232.271,7312
2022-06-14 10:50:00,232.351,232.928,232.221,232.609,6430
2022-06-14 10:55:00,232.505,233.137,232.47,232.57,6443
2022-06-14 11:00:00,232.659,232.789,232.51,232.789,8006
2022-06-14 11:05:00,232.699,233.475,232.689,233.167,9076
2022-06-14 11:10:00,232.923,233.027,232.639,232.908,11727
2022-06-14 11:15:00,232.873,232.898,232.47,232.57,10145
2022-06-14 11:20:00,232.4,232.51,232.042,232.122,11087
2022-06-14 11:25:00,232.112,232.112,231.465,231.953,7611
2022-06-14 11:30:00,232.49,232.759,232.261,232.261,8106
2022-06-14 11:35:00,232.266,233.117,232.092,233.117,11727
2022-06-14 11:40:00,233.092,233.525,233.092,233.226,8172
2022-06-14 11:45:00,233.174,233.794,233.174,233.604,11765
2022-06-14 11:50:00,233.684,233.779,232.988,233.152,15992
2022-06-14 11:55:00,233.137,233.475,232.838,233.321,18235
2022-06-14 12:00:00,233.405,233.634,233.351,233.445,6107
2022-06-14 12:05:00,233.296,233.366,232.828,233.067,12837
2022-06-14 12:10:00,233.027,233.092,232.689,232.808,12387
2022-06-14 12:15:00,232.888,232.888,231.973,231.973,18987
2022-06-14 12:20:00,231.873,231.903,231.341,231.689,24395
2022-06-14 12:25:00,231.863,232.156,231.089,231.306,12252
2022-06-14 12:30:00,231.191,231.475,231.067,231.067,19406
2022-06-14 12:35:00,231.087,231.221,230.714,231.157,15583
2022-06-14 12:40:00,231.087,231.206,230.331,230.331,16995
2022-06-14 12:45:00,230.291,230.968,230.142,230.56,9565
2022-06-14 12:50:00,230.49,230.679,230.331,230.356,10458
2022-06-14 12:55:00,230.191,230.51,229.992,230.132,9384
2022-06-14 13:00:00,229.982,230.43,229.982,230.361,13597
2022-06-14 13:05:00,230.361,230.545,230.032,230.122,15308
2022-06-14 13:10:00,230.251,230.52,230.201,230.47,11273
2022-06-14 13:15:00,230.5,230.5,230.162,230.231,12744
2022-06-14 13:20:00,230.291,231.196,230.286,231.196,24256
2022-06-14 13:25:00,231.306,231.356,230.968,230.968,16485
2022-06-14 13:30:00,230.918,230.928,230.301,230.301,13859
2022-06-14 13:35:00,230.221,230.465,229.806,229.806,13273
2022-06-14 13:40:00,229.709,229.913,229.276,229.54,13516
2022-06-14 13:45:00,229.465,229.48,228.778,228.838,16414
2022-06-14 13:50:00,228.808,229.316,228.709,229.007,8682
2022-06-14 13:55:00,228.956,229.186,228.829,229.037,9292
2022-06-14 14:00:00,228.948,229.365,228.828,228.828,10941
2022-06-14 14:05:00,228.908,229.206,228.848,229.067,14362
2022-06-14 14:10:00,228.987,229.515,228.853,229.321,6803
2022-06-14 14:15:00,229.296,229.296,228.629,228.639,12681
2022-06-14 14:20:00,228.649,228.828,228.092,228.35,16944
2022-06-14 14:25:00,228.321,228.52,228.141,228.256,22577
2022-06-14 14:30:00,228.201,228.52,227.763,228.311,11273
2022-06-14 14:35:00,228.092,228.261,227.793,228.221,10934
2022-06-14 14:40:00,228.331,228.977,228.331,228.729,14009
2022-06-14 14:45:00,228.659,228.709,227.883,227.883,12219
2022-06-14 14:50:00,227.883,227.893,227.181,227.236,24021
2022-06-14 14:55:00,227.166,227.355,227.067,227.206,10775
2022-06-14 15:00:00,227.092,227.365,226.977,227.161,17377
2022-06-14 15:05:00,227.166,227.196,226.758,226.823,18207
2022-06-14 15:10:00,226.818,226.942,226.43,226.43,11174
2022-06-14 15:15:00,226.473,226.977,226.037,226.082,37833
2022-06-14 15:20:00,226.082,226.34,225.823,226.34,38257
2022-06-14 15:25:00,226.29,226.768,226.29,226.38,16507
2022-06-14 15:30:00,226.37,227.748,226.347,227.694,20256
2022-06-14 15:35:00,227.743,228.982,227.743,228.798,30511
2022-06-14 15:40:00,228.783,229.579,228.756,229.395,47094
2022-06-14 15:45:00,229.4,229.763,228.843,228.863,25967
2022-06-14 15:50:00,228.938,229.654,228.729,229.385,52190
2022-06-14 15:55:00,229.425,229.515,228.291,228.51,66462
2022-06-14 16:00:00,228.48,228.739,228.082,228.42,113896
2022-06-14 16:05:00,228.35,228.35,228.35,228.35,46245
2022-06-14 16:20:00,228.35,228.35,228.35,228.35,575
2022-06-14 17:40:00,226.878,226.878,226.878,226.878,125
2022-06-14 17:55:00,230.162,230.162,230.162,230.162,100
2022-06-15 09:35:00,230.579,231.097,229.017,229.226,39936
2022-06-15 09:40:00,229.087,229.803,228.191,228.898,23870
2022-06-15 09:45:00,228.858,230.201,228.629,230.147,22234
2022-06-15 09:50:00,230.072,231.644,229.699,231.52,22150
2022-06-15 09:55:00,231.525,231.714,230.43,231.052,19265
2022-06-15 10:00:00,231.107,231.793,230.828,231.346,30314
2022-06-15 10:05:00,231.147,231.604,231.117,231.346,24618
2022-06-15 10:10:00,231.256,232.211,231.256,232.092,13992
2022-06-15 10:15:00,232.201,232.361,231.694,231.734,8281
2022-06-15 10:20:00,231.704,231.734,230.599,230.599,5916
2022-06-15 10:25:00,230.39,230.659,230.196,230.47,10757
2022-06-15 10:30:00,230.301,230.41,229.495,229.604,8599
2022-06-15 10:35:00,229.55,229.833,228.918,229.644,11285
2022-06-15 10:40:00,229.604,229.644,228.4,228.4,9686
2022-06-15 10:45:00,228.365,229.077,228.221,228.221,13951
2022-06-15 10:50:00,228.211,228.301,227.724,227.729,14352
2022-06-15 10:55:00,227.743,227.848,226.714,226.772,9734
2022-06-15 11:00:00,226.748,227.395,226.549,227.395,11137
2022-06-15 11:05:00,227.375,227.465,227.107,227.435,6385
2022-06-15 11:10:00,227.614,227.614,226.967,227.052,12078
2022-06-15 11:15:00,227.052,227.136,226.102,226.102,20149
2022-06-15 11:20:00,226.032,226.321,226.022,226.022,10054
2022-06-15 11:25:00,226.002,226.913,225.783,226.714,33486
2022-06-15 11:30:00,226.669,226.669,226.216,226.44,9737
2022-06-15 11:35:00,226.38,226.48,226.062,226.062,11644
2022-06-15 11:40:00,226.052,226.281,225.893,226.087,9495
2022-06-15 11:45:00,226.112,226.788,226.112,226.639,17902
2022-06-15 11:50:00,226.768,226.908,226.256,226.445,13517
2022-06-15 11:55:00,226.34,226.613,226.231,226.613,6583
2022-06-15 12:00:00,226.569,226.997,226.49,226.898,9369
2022-06-15 12:05:00,226.719,227.455,226.694,227.455,33885
2022-06-15 12:10:00,227.569,227.923,227.161,227.903,17930
2022-06-15 12:15:00,227.783,228.908,227.773,228.908,14303
2022-06-15 12:20:00,228.848,228.848,228.062,228.132,8055
2022-06-15 12:25:00,228.132,228.331,228.11,228.11,14876
2022-06-15 12:30:00,228.326,228.41,227.983,228.331,4179
2022-06-15 12:35:00,228.241,228.42,228.022,228.042,7257
2022-06-15 12:40:00,228.032,228.277,227.873,228.037,8643
2022-06-15 12:45:00,227.962,228.012,227.654,227.729,7700
2022-06-15 12:50:00,227.714,227.724,227.495,227.719,6887
2022-06-15 12:55:00,227.559,227.694,226.967,227.072,15099
2022-06-15 13:00:00,227.072,227.196,226.992,227.166,12323
2022-06-15 13:05:00,227.276,227.873,227.087,227.808,9690
2022-06-15 13:10:00,227.798,227.843,227.236,227.335,6801
2022-06-15 13:15:00,227.326,227.724,227.276,227.495,15774
2022-06-15 13:20:00,227.495,227.564,226.808,227.067,39728
2022-06-15 13:25:00,227.082,227.326,226.967,227.326,13390
2022-06-15 13:30:00,227.301,227.465,226.928,227.316,9074
2022-06-15 13:35:00,227.375,227.669,227.087,227.196,28036
2022-06-15 13:40:00,227.196,227.465,227.146,227.39,8619
2022-06-15 13:45:00,227.38,227.614,227.248,227.316,11530
2022-06-15 13:50:00,227.196,227.365,226.357,226.357,14029
2022-06-15 13:55:00,226.241,226.738,225.992,226.649,17109
2022-06-15 14:00:00,226.649,227.515,226.639,227.515,11736
2022-06-15 14:05:00,227.335,228.301,225.306,225.714,42085
2022-06-15 14:10:00,225.704,226.261,224.261,225.813,25288
2022-06-15 14:15:00,225.843,226.191,224.888,225.992,11523
2022-06-15 14:20:00,226.057,227.166,225.524,226.49,14063
2022-06-15 14:25:00,226.679,226.788,224.861,225.146,9312
2022-06-15 14:30:00,225.375,225.823,224.98,224.987,15984
2022-06-15 14:35:00,224.853,225.196,223.295,224.614,29325
2022-06-15 14:40:00,224.33,227.007,224.131,226.335,31073
2022-06-15 14:45:00,225.903,228.828,225.873,228.569,17494
2022-06-15 14:50:00,228.729,229.206,227.931,228.36,16788
2022-06-15 14:55:00,228.51,228.818,226.753,227.107,22508
2022-06-15 15:00:00,227.365,227.614,226.46,226.893,15272
2022-06-15 15:05:00,226.997,227.972,226.898,227.256,21331
2022-06-15 15:10:00,227.525,227.803,226.918,227.365,14303
2022-06-15 15:15:00,227.425,227.783,226.719,226.982,11515
2022-06-15 15:20:00,226.733,227.171,226.44,226.758,12504
2022-06-15 15:25:00,226.898,228.349,226.898,228.181,18566
2022-06-15 15:30:00,228.181,229.485,227.982,229.485,21655
2022-06-15 15:35:00,229.47,230.39,228.997,230.241,30690
2022-06-15 15:40:00,230.39,230.49,229.758,229.905,51130
2022-06-15 15:45:00,229.853,229.893,228.151,228.261,33939
2022-06-15 15:50:00,228.141,228.609,227.823,228.599,41705
2022-06-15 15:55:00,228.45,228.589,227.496,227.773,51392
2022-06-15 16:00:00,227.883,228.176,227.714,227.853,89349
2022-06-15 16:05:00,227.863,227.863,227.863,227.863,17991
2022-06-16 09:35:00,222.191,222.718,220.101,220.251,65236
2022-06-16 09:40:00,220.38,220.38,218.231,218.589,43395
2022-06-16 09:45:00,218.489,219.255,218.081,218.629,27890
2022-06-16 09:50:00,218.459,220.201,218.459,219.783,18606
2022-06-16 09:55:00,219.42,220.071,219.126,219.862,16481
2022-06-16 10:00:00,219.912,220.549,219.614,220.052,19875
2022-06-16 10:05:00,219.967,219.967,218.937,219.228,18030
2022-06-16 10:10:00,218.982,219.305,218.693,219.285,12038
2022-06-16 10:15:00,219.146,219.763,218.838,219.126,20347
2022-06-16 10:20:00,218.927,219.524,218.927,219.373,9743
2022-06-16 10:25:00,219.405,220.061,219.285,219.678,14107
2022-06-16 10:30:00,219.584,220.34,219.534,220.34,16860
2022-06-16 10:35:00,220.31,220.36,219.474,219.524,22126
2022-06-16 10:40:00,219.405,219.594,218.221,218.37,16872
2022-06-16 10:45:00,218.146,218.146,216.947,217.136,27773
2022-06-16 10:50:00,217.096,217.643,217.08,217.385,34138
2022-06-16 10:55:00,217.295,217.713,217.121,217.713,13096
2022-06-16 11:00:00,217.823,218.27,217.653,217.653,15105
2022-06-16 11:05:00,217.355,217.892,217.355,217.862,12031
2022-06-16 11:10:00,217.774,217.775,217.255,217.775,10212
2022-06-16 11:15:00,217.952,218.828,217.912,218.733,10457
2022-06-16 11:20:00,218.728,219.106,218.38,218.629,9961
2022-06-16 11:25:00,218.544,219.196,218.459,219.196,6008
2022-06-16 11:30:00,218.892,219.663,218.892,219.305,4871
2022-06-16 11:35:00,218.957,219.335,218.77,219.141,9498
2022-06-16 11:40:00,219.166,220.151,219.086,220.141,12249
2022-06-16 11:45:00,220.211,220.236,219.355,219.852,15351
2022-06-16 11:50:00,219.808,220.047,219.747,219.828,4434
2022-06-16 11:55:00,220.032,220.052,219.435,219.753,6740
2022-06-16 12:00:00,219.763,220.36,219.763,220.191,8929
2022-06-16 12:05:00,220.191,220.191,219.457,219.892,7469
2022-06-16 12:10:00,219.803,219.912,218.997,219.186,9969
2022-06-16 12:15:00,219.007,219.519,218.708,218.748,8582
2022-06-16 12:20:00,218.907,219.096,218.907,219.017,7222
2022-06-16 12:25:00,218.648,219.076,218.604,218.818,7316
2022-06-16 12:30:00,218.857,219.454,218.703,219.454,23292
2022-06-16 12:35:00,219.315,219.454,218.579,219.146,9689
2022-06-16 12:40:00,218.887,218.887,218.362,218.783,4987
2022-06-16 12:45:00,218.728,219.275,218.728,219.156,12102
2022-06-16 12:50:00,219.101,219.101,218.621,218.778,11378
2022-06-16 12:55:00,218.698,218.867,218.012,218.081,11256
2022-06-16 13:00:00,217.989,218.3,217.793,218.211,10342
2022-06-16 13:05:00,218.151,218.41,217.922,218.002,6688
2022-06-16 13:10:00,218.012,218.748,218.012,218.386,5719
2022-06-16 13:15:00,218.34,218.41,217.744,217.922,7404
2022-06-16 13:20:00,217.887,218.012,217.713,217.912,7188
2022-06-16 13:25:00,217.862,217.942,217.633,217.857,9556
2022-06-16 13:30:00,217.753,218.967,217.753,218.967,19380
2022-06-16 13:35:00,218.708,218.967,218.31,218.31,6893
2022-06-16 13:40:00,218.167,218.43,217.962,218.246,11248
2022-06-16 13:45:00,218.184,218.184,217.663,217.663,7884
2022-06-16 13:50:00,217.643,217.713,217.385,217.653,7281
2022-06-16 13:55:00,217.962,217.962,217.554,217.604,9372
2022-06-16 14:00:00,217.385,217.793,217.245,217.395,12834
2022-06-16 14:05:00,217.35,217.564,217.106,217.425,20733
2022-06-16 14:10:00,217.39,217.39,216.638,216.648,29171
2022-06-16 14:15:00,216.638,217.098,216.638,216.987,10122
2022-06-16 14:20:00,216.897,216.977,216.638,216.827,17202
2022-06-16 14:25:00,216.748,216.748,216.33,216.33,17245
2022-06-16 14:30:00,216.181,216.29,216.021,216.083,6393
2022-06-16 14:35:00,216.061,216.091,215.783,215.902,8848
2022-06-16 14:40:00,215.852,216.206,215.812,216.071,9202
2022-06-16 14:45:00,216.191,216.579,216.044,216.044,7097
2022-06-16 14:50:00,216.27,216.39,215.156,215.156,9782
2022-06-16 14:55:00,215.295,215.972,215.056,215.972,24853
2022-06-16 15:00:00,215.912,216.614,215.912,216.614,17141
2022-06-16 15:05:00,216.499,217.216,216.499,217.186,14948
2022-06-16 15:10:00,217.136,218.002,216.877,217.927,12739
2022-06-16 15:15:00,218.012,218.435,217.434,217.643,13634
2022-06-16 15:20:00,217.494,218.136,217.415,218.032,11658
2022-06-16 15:25:00,218.39,218.529,218.171,218.244,15761
2022-06-16 15:30:00,218.211,218.688,218.061,218.37,12372
2022-06-16 15:35:00,218.26,218.569,217.315,217.415,20155
2022-06-16 15:40:00,217.42,217.683,217.314,217.589,12757
2022-06-16 15:45:00,217.653,218.041,217.4,217.4,23515
2022-06-16 15:50:00,217.375,217.633,216.618,216.748,28616
2022-06-16 15:55:00,216.808,217.564,216.808,217.186,64132
2022-06-16 16:00:00,217.275,218.061,217.146,218.061,117837
2022-06-16 16:05:00,217.872,217.872,217.872,217.872,40645
2022-06-16 16:10:00,217.872,217.872,217.872,217.872,360
2022-06-16 16:20:00,217.454,217.454,217.454,217.454,560
2022-06-16 16:25:00,217.872,217.872,217.872,217.872,1495
2022-06-16 17:05:00,218.171,218.171,218.171,218.171,149
2022-06-16 18:05:00,218.171,218.171,218.171,218.171,151
2022-06-17 09:25:00,217.285,217.285,217.285,217.285,100
2022-06-17 09:35:00,217.484,218.917,216.211,217.823,260574
2022-06-17 09:40:00,217.544,218.504,217.225,218.113,19859
2022-06-17 09:45:00,218.38,219.584,218.275,218.838,20106
2022-06-17 09:50:00,218.658,218.897,217.444,217.444,15342
2022-06-17 09:55:00,217.571,218.539,217.571,218.007,6001
2022-06-17 10:00:00,218.002,218.569,217.335,217.335,8640
2022-06-17 10:05:00,217.106,217.106,215.922,216.031,12842
2022-06-17 10:10:00,216.201,216.35,215.494,215.524,9341
2022-06-17 10:15:00,215.693,216.031,215.663,215.832,11702
2022-06-17 10:20:00,215.773,215.872,214.837,214.837,12278
2022-06-17 10:25:00,214.708,214.807,214.459,214.718,7989
2022-06-17 10:30:00,214.708,215.106,214.151,214.429,8035
2022-06-17 10:35:00,214.34,214.648,213.365,213.623,17059
2022-06-17 10:40:00,213.494,214.38,213.166,213.802,14436
2022-06-17 10:45:00,213.802,214.041,213.444,213.932,6931
2022-06-17 10:50:00,213.812,213.932,213.574,213.768,24626
2022-06-17 10:55:00,213.623,214.051,213.534,214.051,9830
2022-06-17 11:00:00,214.141,214.937,214.036,214.842,14776
2022-06-17 11:05:00,214.648,216.011,214.469,215.827,8600
2022-06-17 11:10:00,215.822,217.305,215.633,217.156,48803
2022-06-17 11:15:00,217.206,217.902,217.206,217.73,17102
2022-06-17 11:20:00,217.818,219.206,217.653,219.101,16731
2022-06-17 11:25:00,219.216,219.494,218.469,218.569,48675
2022-06-17 11:30:00,218.564,219.246,218.564,219.141,15967
2022-06-17 11:35:00,219.166,220.335,219.126,219.872,41179
2022-06-17 11:40:00,219.808,220.012,218.847,219.415,15043
2022-06-17 11:45:00,219.435,219.833,219.206,219.395,15166
2022-06-17 11:50:00,219.395,219.793,219.275,219.703,14630
2022-06-17 11:55:00,219.818,219.912,219.196,219.564,30140
2022-06-17 12:00:00,219.579,220.032,219.445,219.833,14392
2022-06-17 12:05:00,219.803,219.823,219.285,219.484,16346
2022-06-17 12:10:00,219.554,220.091,219.285,219.728,7524
2022-06-17 12:15:00,219.872,220.221,219.559,220.081,5962
2022-06-17 12:20:00,220.35,220.469,219.942,219.977,7190
2022-06-17 12:25:00,219.912,220.166,219.645,220.111,9309
2022-06-17 12:30:00,220.211,220.479,220.042,220.131,7396
2022-06-17 12:35:00,220.111,220.196,219.813,220.121,11484
2022-06-17 12:40:00,220.191,220.44,220.002,220.44,9410
2022-06-17 12:45:00,220.519,220.559,220.002,220.489,10106
2022-06-17 12:50:00,220.549,220.579,220.127,220.41,9831
2022-06-17 12:55:00,220.45,220.529,219.773,220.007,11714
2022-06-17 13:00:00,219.942,220.43,219.942,220.251,6110
2022-06-17 13:05:00,220.241,220.668,220.181,220.589,8831
2022-06-17 13:10:00,220.738,222.101,220.688,221.962,20685
2022-06-17 13:15:00,221.937,223.206,221.843,222.893,32270
2022-06-17 13:20:00,223.007,223.007,222.559,222.788,16569
2022-06-17 13:25:00,222.788,223.475,222.688,223.46,23607
2022-06-17 13:30:00,223.355,223.544,222.733,222.758,23741
2022-06-17 13:35:00,222.917,222.927,222.499,222.758,13830
2022-06-17 13:40:00,222.838,222.838,222.181,222.45,11502
2022-06-17 13:45:00,222.579,222.688,222.28,222.639,7878
2022-06-17 13:50:00,222.569,222.569,221.723,222.141,14341
2022-06-17 13:55:00,222.44,223.047,222.44,222.97,12764
2022-06-17 14:00:00,222.927,223.674,222.858,223.365,32870
2022-06-17 14:05:00,223.465,223.942,223.315,223.942,15085
2022-06-17 14:10:00,223.932,224.002,223.524,223.883,21529
2022-06-17 14:15:00,223.694,223.873,223.176,223.713,25778
2022-06-17 14:20:00,223.728,224.022,223.564,223.803,16399
2022-06-17 14:25:00,223.972,224.465,223.922,224.246,23034
2022-06-17 14:30:00,224.201,224.32,223.763,223.863,19996
2022-06-17 14:35:00,223.843,224.092,223.365,224.092,25038
2022-06-17 14:40:00,224.191,224.45,223.982,224.3,13934
2022-06-17 14:45:00,224.669,225.166,224.669,224.798,23358
2022-06-17 14:50:00,224.758,224.997,224.614,224.684,18585
2022-06-17 14:55:00,224.599,224.654,224.037,224.121,13510
2022-06-17 15:00:00,224.181,224.34,223.465,223.937,21394
2022-06-17 15:05:00,223.992,224.425,223.957,224.141,19899
2022-06-17 15:10:00,224.111,224.524,223.848,223.917,30772
2022-06-17 15:15:00,223.893,223.942,222.917,223.286,25621
2022-06-17 15:20:00,223.286,223.833,223.037,223.783,20488
2022-06-17 15:25:00,223.818,224.689,223.818,224.599,32719
2022-06-17 15:30:00,224.669,224.838,224.519,224.768,62639
2022-06-17 15:35:00,224.783,224.783,224.057,224.176,30873
2022-06-17 15:40:00,224.191,224.395,223.728,224.181,33438
2022-06-17 15:45:00,224.191,224.196,223.395,223.554,45374
2022-06-17 15:50:00,223.524,223.534,222.927,223.124,36641
2022-06-17 15:55:00,223.077,223.077,221.813,221.828,88710
2022-06-17 16:00:00,221.793,222.062,221.236,221.574,187324
2022-06-17 16:05:00,221.693,221.693,221.693,221.693,47125
2022-06-17 16:10:00,221.693,221.693,221.693,221.693,6594
2022-06-17 16:15:00,221.693,221.693,221.693,221.693,210
2022-06-17 16:20:00,221.693,221.693,221.693,221.693,950
2022-06-17 16:25:00,221.677,221.709,221.677,221.709,1183
2022-06-17 16:30:00,221.693,221.693,221.693,221.693,3322
2022-06-17 16:35:00,221.693,221.693,221.693,221.693,1718
2022-06-21 08:50:00,224.878,224.878,224.878,224.878,100
2022-06-21 09:00:00,222.31,222.31,222.31,222.31,193
2022-06-21 09:05:00,222.887,222.897,222.887,222.897,916
2022-06-21 09:25:00,221.664,221.664,221.664,221.664,291
2022-06-21 09:30:00,220.907,220.907,219.355,220.559,2231
2022-06-21 09:35:00,220.609,223.057,218.449,219.753,150662
2022-06-21 09:40:00,220.037,220.41,216.29,216.36,48143
2022-06-21 09:45:00,216.668,218.867,216.161,218.867,44553
2022-06-21 09:50:00,218.648,219.086,216.887,218.778,69796
2022-06-21 09:55:00,218.693,218.927,216.708,217.444,84728
2022-06-21 10:00:00,217.434,218.201,216.618,217.748,35434
2022-06-21 10:05:00,217.683,217.713,216.763,217.345,44977
2022-06-21 10:10:00,217.355,219.733,217.355,219.166,29893
2022-06-21 10:15:00,219.405,220.081,219.139,219.345,59090
2022-06-21 10:20:00,219.524,220.042,218.708,219.504,39088
2022-06-21 10:25:00,219.056,220.002,218.549,219.952,112370
2022-06-21 10:30:00,219.753,219.982,219.176,219.808,41452
2022-06-21 10:35:00,219.892,220.464,218.758,218.997,39745
2022-06-21 10:40:00,218.917,219.196,218.718,219.176,29620
2022-06-21 10:45:00,219.255,219.445,218.111,218.131,37713
2022-06-21 10:50:00,218.141,219.355,218.131,219.355,18996
2022-06-21 10:55:00,219.408,219.912,219.345,219.902,28225
2022-06-21 11:00:00,219.813,219.848,219.38,219.395,48232
2022-06-21 11:05:00,219.42,219.683,219.146,219.325,24368
2022-06-21 11:10:00,219.206,219.206,218.917,219.116,13138
2022-06-21 11:15:00,219.116,219.226,218.489,218.678,48958
2022-06-21 11:20:00,218.678,218.857,217.964,218.221,28490
2022-06-21 11:25:00,218.26,218.589,218.111,218.235,11011
2022-06-21 11:30:00,218.221,218.639,218.146,218.375,10609
2022-06-21 11:35:00,218.469,218.977,218.41,218.867,14236
2022-06-21 11:40:00,218.838,218.987,218.221,218.599,12699
2022-06-21 11:45:00,218.439,218.778,218.201,218.539,19774
2022-06-21 11:50:00,218.36,218.499,218.111,218.499,15092
2022-06-21 11:55:00,218.499,218.619,218.091,218.161,20366
2022-06-21 12:00:00,218.3,218.803,218.26,218.509,18220
2022-06-21 12:05:00,218.33,218.539,217.832,218.221,29997
2022-06-21 12:10:00,218.161,218.499,218.081,218.41,10377
2022-06-21 12:15:00,218.385,218.678,218.27,218.27,3695
2022-06-21 12:20:00,218.33,218.41,218.101,218.3,8954
2022-06-21 12:25:00,218.279,218.629,218.151,218.29,9285
2022-06-21 12:30:00,218.31,218.678,218.255,218.619,7929
2022-06-21 12:35:00,218.519,218.738,218.489,218.599,11557
2022-06-21 12:40:00,218.619,218.733,217.922,218.469,32468
2022-06-21 12:45:00,218.415,218.867,218.35,218.857,17697
2022-06-21 12:50:00,219.027,219.027,218.38,218.589,12796
2022-06-21 12:55:00,218.683,219.385,218.509,219.275,15649
2022-06-21 13:00:00,219.275,219.385,218.828,218.828,38573
2022-06-21 13:05:00,218.927,219.385,218.549,218.549,18428
2022-06-21 13:10:00,218.584,218.932,218.39,218.758,27393
2022-06-21 13:15:00,218.758,218.817,218.639,218.708,6699
2022-06-21 13:20:00,218.648,218.718,218.3,218.325,10625
2022-06-21 13:25:00,218.38,218.4,217.932,218.091,10429
2022-06-21 13:30:00,218.032,218.032,217.584,217.753,23231
2022-06-21 13:35:00,217.793,218.385,217.793,218.385,12397
2022-06-21 13:40:00,218.29,218.828,218.221,218.788,12653
2022-06-21 13:45:00,218.668,219.265,218.579,219.265,21324
2022-06-21 13:50:00,219.146,219.216,218.619,218.648,33908
2022-06-21 13:55:00,218.648,218.738,218.211,218.254,11809
2022-06-21 14:00:00,218.201,218.4,218.121,218.33,13298
2022-06-21 14:05:00,218.32,218.609,218.116,218.285,18541
2022-06-21 14:10:00,218.34,218.37,217.643,218.091,16774
2022-06-21 14:15:00,218.101,218.211,217.643,218.061,27864
2022-06-21 14:20:00,218.151,218.351,217.594,217.932,33357
2022-06-21 14:25:00,218.051,218.231,217.703,217.773,8977
2022-06-21 14:30:00,217.852,218.111,217.574,218.022,11486
2022-06-21 14:35:00,218.041,218.38,218.041,218.171,13538
2022-06-21 14:40:00,218.121,218.216,217.86,217.872,19982
2022-06-21 14:45:00,217.848,218.758,217.848,218.619,9756
2022-06-21 14:50:00,218.559,218.857,218.509,218.589,12179
2022-06-21 14:55:00,218.678,219.484,218.678,219.285,11681
2022-06-21 15:00:00,219.295,219.534,219.126,219.534,34592
2022-06-21 15:05:00,219.445,219.852,219.435,219.733,12703
2022-06-21 15:10:00,219.564,219.783,219.335,219.464,30452
2022-06-21 15:15:00,219.39,219.952,219.39,219.723,12201
2022-06-21 15:20:00,219.723,219.763,219.275,219.275,15386
2022-06-21 15:25:00,219.206,219.355,219.116,219.355,15351
2022-06-21 15:30:00,219.355,219.385,218.917,219.206,17760
2022-06-21 15:35:00,219.226,219.285,218.937,219.146,28313
2022-06-21 15:40:00,219.146,219.146,218.847,219.007,23940
2022-06-21 15:45:00,219.007,219.086,218.768,218.987,35445
2022-06-21 15:50:00,218.959,219.176,218.708,219.146,45265
2022-06-21 15:55:00,219.146,219.355,219.138,219.275,57485
2022-06-21 16:00:00,219.246,219.315,218.887,219.056,145578
2022-06-21 16:05:00,219.066,219.066,219.066,219.066,15669
2022-06-21 16:10:00,219.066,219.066,219.066,219.066,9852
2022-06-21 16:40:00,219.066,219.066,219.066,219.066,8851
2022-06-22 09:35:00,214.071,217.295,213.952,215.643,83861
2022-06-22 09:40:00,216.161,218.191,215.902,217.235,35146
2022-06-22 09:45:00,217.375,217.842,215.733,217.26,41775
2022-06-22 09:50:00,217.3,217.604,216.499,217.539,20352
2022-06-22 09:55:00,217.375,218.619,216.947,218.619,29998
2022-06-22 10:00:00,218.609,219.435,218.38,218.559,45875
2022-06-22 10:05:00,218.678,219.146,218.25,218.708,63753
2022-06-22 10:10:00,218.658,219.892,218.589,219.892,20634
2022-06-22 10:15:00,219.912,220.022,219.141,220.022,31719
2022-06-22 10:20:00,220.186,221.365,220.151,221.226,32768
2022-06-22 10:25:00,221.236,221.758,221.126,221.484,29075
2022-06-22 10:30:00,221.405,221.405,220.743,221.106,39857
2022-06-22 10:35:00,221.216,221.328,219.753,219.882,52364
2022-06-22 10:40:00,220.012,221.256,219.992,221.168,24268
2022-06-22 10:45:00,221.231,221.256,220.828,220.907,33631
2022-06-22 10:50:00,220.957,221.106,220.539,220.877,17488
2022-06-22 10:55:00,220.778,220.778,220.191,220.251,5964
2022-06-22 11:00:00,220.126,220.758,219.982,220.584,8982
2022-06-22 11:05:00,220.491,220.529,219.833,220.081,25114
2022-06-22 11:10:00,219.882,220.435,219.798,220.206,9325
2022-06-22 11:15:00,220.161,220.728,220.161,220.251,16004
2022-06-22 11:20:00,220.256,220.659,220.141,220.38,25261
2022-06-22 11:25:00,220.285,220.668,220.131,220.499,10573
2022-06-22 11:30:00,220.649,221.076,220.569,220.947,13319
2022-06-22 11:35:00,221.066,221.266,220.589,220.589,24840
2022-06-22 11:40:00,220.629,220.818,220.27,220.748,16838
2022-06-22 11:45:00,220.808,220.808,220.126,220.126,23473
2022-06-22 11:50:00,220.072,220.569,219.703,220.458,9630
2022-06-22 11:55:00,220.509,220.509,219.872,220.26,10124
2022-06-22 12:00:00,220.33,220.539,220.022,220.221,6010
2022-06-22 12:05:00,220.26,220.713,220.101,220.26,14269
2022-06-22 12:10:00,220.211,220.35,219.892,220.31,6361
2022-06-22 12:15:00,220.4,220.599,220.166,220.37,14950
2022-06-22 12:20:00,220.4,221.355,220.335,221.345,16417
2022-06-22 12:25:00,221.285,221.858,221.106,221.415,9841
2022-06-22 12:30:00,221.325,221.395,220.778,220.778,16980
2022-06-22 12:35:00,220.663,220.738,220.171,220.484,31851
2022-06-22 12:40:00,220.532,220.778,220.35,220.519,16578
2022-06-22 12:45:00,220.499,220.967,220.499,220.867,18459
2022-06-22 12:50:00,220.902,221.131,220.509,220.897,29140
2022-06-22 12:55:00,220.984,221.783,220.984,221.718,7310
2022-06-22 13:00:00,221.783,221.833,221.285,221.305,16220
2022-06-22 13:05:00,221.375,221.415,220.698,221.057,28001
2022-06-22 13:10:00,221.166,221.285,220.927,221.106,12000
2022-06-22 13:15:00,221.136,221.425,220.987,221.425,37789
2022-06-22 13:20:00,221.479,221.604,221.047,221.071,61134
2022-06-22 13:25:00,221.071,221.644,221.007,221.499,22518
2022-06-22 13:30:00,221.499,221.574,221.146,221.305,24820
2022-06-22 13:35:00,221.285,221.325,221.037,221.246,10387
2022-06-22 13:40:00,220.937,221.405,220.848,221.36,22953
2022-06-22 13:45:00,221.36,221.504,221.057,221.305,52495
2022-06-22 13:50:00,221.355,221.514,221.086,221.246,54669
2022-06-22 13:55:00,221.106,221.703,221.106,221.425,49002
2022-06-22 14:00:00,221.465,221.743,221.445,221.524,15521
2022-06-22 14:05:00,221.614,221.644,221.335,221.335,36264
2022-06-22 14:10:00,221.405,222.45,221.355,222.201,53678
2022-06-22 14:15:00,222.201,222.201,221.305,221.614,63152
2022-06-22 14:20:00,221.589,222.091,221.335,222.002,32475
2022-06-22 14:25:00,221.917,222.022,220.828,221.395,61659
2022-06-22 14:30:00,221.37,221.534,221.037,221.33,27651
2022-06-22 14:35:00,221.31,221.634,221.196,221.455,20162
2022-06-22 14:40:00,221.42,221.42,220.897,221.096,24455
2022-06-22 14:45:00,221.096,221.312,220.828,220.828,29894
2022-06-22 14:50:00,220.867,221.146,220.589,220.758,17369
2022-06-22 14:55:00,220.668,220.698,220.081,220.698,30158
2022-06-22 15:00:00,220.788,221.017,220.659,220.808,14850
2022-06-22 15:05:00,220.803,221.037,220.569,221.037,19668
2022-06-22 15:10:00,220.972,220.997,220.654,220.654,15735
2022-06-22 15:15:00,220.609,220.818,220.479,220.818,12339
2022-06-22 15:20:00,220.828,220.867,220.619,220.619,17838
2022-06-22 15:25:00,220.688,220.867,220.688,220.867,11472
2022-06-22 15:30:00,220.818,220.877,220.091,220.121,21748
2022-06-22 15:35:00,220.091,220.38,220.042,220.131,22761
2022-06-22 15:40:00,220.141,220.251,219.693,219.773,21137
2022-06-22 15:45:00,219.723,220.002,219.469,219.972,22829
2022-06-22 15:50:00,219.952,219.952,219.474,219.594,36451
2022-06-22 15:55:00,219.574,220.41,219.548,220.39,53868
2022-06-22 16:00:00,220.39,220.599,219.942,219.942,144626
2022-06-22 16:05:00,220.111,220.111,220.111,220.111,11591
2022-06-22 16:35:00,220.111,220.111,220.111,220.111,514
2022-06-23 09:35:00,220.967,222.101,219.534,221.415,51939
2022-06-23 09:40:00,221.135,222.325,221.057,221.474,55867
2022-06-23 09:45:00,221.32,222.529,221.216,221.763,98955
2022-06-23 09:50:00,221.763,223.733,220.997,223.067,97925
2022-06-23 09:55:00,222.927,223.111,222.48,222.594,57518
2022-06-23 10:00:00,222.634,222.967,221.902,222.858,44931
2022-06-23 10:05:00,222.748,223.246,222.35,222.718,77231
2022-06-23 10:10:00,222.718,223.216,222.131,222.131,35718
2022-06-23 10:15:00,222.261,222.395,221.126,222.062,26544
2022-06-23 10:20:00,222.072,222.907,221.972,222.549,27862
2022-06-23 10:25:00,222.554,223.629,222.529,223.375,76984
2022-06-23 10:30:00,223.325,223.644,222.37,223.111,99499
2022-06-23 10:35:00,223.186,223.514,222.579,223.027,44725
2022-06-23 10:40:00,223.027,223.305,222.659,223.305,34318
2022-06-23 10:45:00,223.415,223.763,222.549,222.649,15376
2022-06-23 10:50:00,222.679,223.425,222.679,223.052,25058
2022-06-23 10:55:00,223.096,223.295,222.738,222.987,21384
2022-06-23 11:00:00,222.987,223.514,222.977,223.136,16060
2022-06-23 11:05:00,223.047,223.524,222.897,223.017,28505
2022-06-23 11:10:00,223.126,223.136,222.47,222.897,16133
2022-06-23 11:15:00,222.917,223.405,222.519,223.106,10122
2022-06-23 11:20:00,223.037,223.037,222.619,222.959,5864
2022-06-23 11:25:00,222.868,223.047,221.664,221.897,12683
2022-06-23 11:30:00,221.793,221.803,221.435,221.455,11280
2022-06-23 11:35:00,221.594,221.743,220.788,220.788,14948
2022-06-23 11:40:00,220.798,220.798,220.385,220.569,10633
2022-06-23 11:45:00,220.509,220.967,220.484,220.887,11542
2022-06-23 11:50:00,220.858,220.858,220.36,220.659,19624
2022-06-23 11:55:00,220.703,221.146,220.499,220.698,9185
2022-06-23 12:00:00,220.629,220.629,220.121,220.186,7805
2022-06-23 12:05:00,220.201,220.459,219.405,219.634,23999
2022-06-23 12:10:00,219.594,220.181,219.594,219.962,11401
2022-06-23 12:15:00,220.002,220.509,220.002,220.31,7971
2022-06-23 12:20:00,220.375,220.947,220.375,220.867,6330
2022-06-23 12:25:00,220.853,221.062,220.708,221.007,6801
2022-06-23 12:30:00,221.002,221.116,220.678,220.942,12366
2022-06-23 12:35:00,220.942,221.002,220.41,220.614,10499
2022-06-23 12:40:00,220.698,221.275,220.649,221.136,14013
2022-06-23 12:45:00,221.111,221.489,221.037,221.111,13595
2022-06-23 12:50:00,221.096,221.773,221.047,221.524,11918
2022-06-23 12:55:00,221.425,221.733,221.196,221.728,9878
2022-06-23 13:00:00,221.743,221.863,221.614,221.698,9209
2022-06-23 13:05:00,221.614,221.962,221.484,221.823,9016
2022-06-23 13:10:00,221.773,221.972,221.614,221.783,9713
2022-06-23 13:15:00,221.793,222.33,221.793,222.072,9675
2022-06-23 13:20:00,222.131,222.151,221.654,221.803,12878
2022-06-23 13:25:00,221.803,221.987,221.305,221.654,16931
2022-06-23 13:30:00,221.574,221.882,221.28,221.673,12789
2022-06-23 13:35:00,221.713,222.062,221.693,222.062,9447
2022-06-23 13:40:00,221.982,222.38,221.902,222.271,20127
2022-06-23 13:45:00,222.28,222.39,222.091,222.335,10531
2022-06-23 13:50:00,222.335,222.569,222.186,222.42,9684
2022-06-23 13:55:00,222.48,222.823,222.48,222.816,10400
2022-06-23 14:00:00,222.808,222.887,222.39,222.778,18267
2022-06-23 14:05:00,222.748,223.022,222.619,222.803,10612
2022-06-23 14:10:00,222.858,223.007,222.33,222.788,38825
2022-06-23 14:15:00,222.813,222.952,222.614,222.823,21471
2022-06-23 14:20:00,222.828,222.828,222.629,222.669,15746
2022-06-23 14:25:00,222.644,222.977,222.396,222.977,14684
2022-06-23 14:30:00,223.077,223.082,222.713,222.808,19704
2022-06-23 14:35:00,222.788,223.146,222.788,223.096,15817
2022-06-23 14:40:00,223.052,223.146,222.753,222.937,17206
2022-06-23 14:45:00,222.992,223.694,222.897,222.932,40584
2022-06-23 14:50:00,223.017,223.176,222.858,222.927,19325
2022-06-23 14:55:00,222.977,223.136,222.942,223.091,9273
2022-06-23 15:00:00,223.096,223.375,222.838,223.355,18125
2022-06-23 15:05:00,223.375,223.554,223.151,223.355,22337
2022-06-23 15:10:00,223.36,223.36,223.156,223.295,14296
2022-06-23 15:15:00,223.276,223.276,222.937,223.077,30213
2022-06-23 15:20:00,223.156,223.37,222.907,223.111,38961
2022-06-23 15:25:00,223.057,223.305,223.047,223.196,34073
2022-06-23 15:30:00,223.196,224.022,223.196,223.733,37269
2022-06-23 15:35:00,223.783,224.211,223.494,224.111,70673
2022-06-23 15:40:00,224.111,224.151,223.315,223.514,38998
2022-06-23 15:45:00,223.524,223.768,223.415,223.694,40710
2022-06-23 15:50:00,223.624,223.863,223.514,223.743,63270
2022-06-23 15:55:00,223.773,224.022,223.276,223.395,126742
2022-06-23 16:00:00,223.425,223.823,223.181,223.733,164676
2022-06-23 16:05:00,223.783,223.783,223.783,223.783,8069
2022-06-23 16:10:00,223.783,223.783,223.783,223.783,7482
2022-06-24 09:35:00,225.883,227.933,225.315,226.669,29395
2022-06-24 09:40:00,226.559,226.937,224.888,225.33,29801
2022-06-24 09:45:00,225.495,227.146,225.495,226.37,42464
2022-06-24 09:50:00,226.4,227.21,226.4,226.913,56994
2022-06-24 09:55:00,226.967,227.36,226.609,226.614,47071
2022-06-24 10:00:00,226.679,226.823,225.803,226.823,37404
2022-06-24 10:05:00,226.868,229.584,226.45,228.918,74336
2022-06-24 10:10:00,228.982,229.067,228.589,228.948,41319
2022-06-24 10:15:00,228.957,228.957,228.161,228.868,32052
2022-06-24 10:20:00,228.868,229.574,228.4,228.928,48117
2022-06-24 10:25:00,228.952,229.047,228.564,228.748,22275
2022-06-24 10:30:00,228.858,229.166,228.48,228.967,39111
2022-06-24 10:35:00,228.957,229.017,228.669,228.838,34421
2022-06-24 10:40:00,228.878,229.341,228.649,228.898,25024
2022-06-24 10:45:00,229.037,229.355,228.768,228.913,28039
2022-06-24 10:50:00,228.908,229.555,228.719,229.346,31949
2022-06-24 10:55:00,229.346,230.291,229.346,230.291,16813
2022-06-24 11:00:00,230.301,230.515,229.594,229.594,46191
2022-06-24 11:05:00,229.495,229.953,229.495,229.763,27029
2022-06-24 11:10:00,229.773,229.773,228.858,228.952,21106
2022-06-24 11:15:00,229.017,229.017,228.564,228.803,19752
2022-06-24 11:20:00,228.818,228.868,228.43,228.669,13742
2022-06-24 11:25:00,228.659,228.918,228.53,228.584,27822
2022-06-24 11:30:00,228.629,228.868,228.38,228.868,16140
2022-06-24 11:35:00,228.868,229.147,228.614,228.709,22160
2022-06-24 11:40:00,228.659,229.007,228.639,229.007,19705
2022-06-24 11:45:00,228.948,229.057,228.848,229.007,14800
2022-06-24 11:50:00,229.022,229.196,228.53,228.649,18442
2022-06-24 11:55:00,228.609,228.957,228.495,228.952,16176
2022-06-24 12:00:00,228.982,229.072,228.619,228.828,17693
2022-06-24 12:05:00,228.739,229.186,228.709,229.052,8859
2022-06-24 12:10:00,229.166,229.445,229.156,229.286,8043
2022-06-24 12:15:00,229.236,229.913,229.216,229.913,12134
2022-06-24 12:20:00,229.962,230.221,229.883,230.149,8860
2022-06-24 12:25:00,230.122,230.122,228.997,229.122,43023
2022-06-24 12:30:00,229.206,229.276,228.621,228.744,29034
2022-06-24 12:35:00,228.808,228.918,228.39,228.605,16209
2022-06-24 12:40:00,228.52,228.569,228.221,228.569,14981
2022-06-24 12:45:00,228.51,228.52,228.271,228.48,13588
2022-06-24 12:50:00,228.44,228.45,228.186,228.251,10968
2022-06-24 12:55:00,228.306,228.5,228.156,228.477,11949
2022-06-24 13:00:00,228.445,228.549,228.311,228.38,11306
2022-06-24 13:05:00,228.42,228.669,228.38,228.619,16278
2022-06-24 13:10:00,228.54,229.067,228.47,228.679,21250
2022-06-24 13:15:00,228.798,228.868,228.649,228.699,8954
2022-06-24 13:20:00,228.634,229.037,228.634,228.948,17798
2022-06-24 13:25:00,228.928,229.007,228.788,228.803,26413
2022-06-24 13:30:00,228.803,228.868,228.584,228.753,14238
2022-06-24 13:35:00,228.748,228.868,228.535,228.768,14459
2022-06-24 13:40:00,228.748,229.351,228.679,229.351,16251
2022-06-24 13:45:00,229.276,229.346,229.047,229.097,13516
2022-06-24 13:50:00,229.037,229.156,228.858,229.027,18251
2022-06-24 13:55:00,229.052,229.206,228.893,229.042,30079
2022-06-24 14:00:00,229.042,229.485,229.042,229.256,12239
2022-06-24 14:05:00,229.256,229.734,229.206,229.644,12507
2022-06-24 14:10:00,229.644,229.714,229.266,229.375,15457
2022-06-24 14:15:00,229.415,229.445,228.838,228.883,15818
2022-06-24 14:20:00,228.883,229.057,228.714,228.908,16984
2022-06-24 14:25:00,228.888,228.948,228.41,228.569,12026
2022-06-24 14:30:00,228.569,228.684,228.47,228.549,11153
2022-06-24 14:35:00,228.619,228.689,228.5,228.659,9448
2022-06-24 14:40:00,228.659,228.699,228.321,228.38,10881
2022-06-24 14:45:00,228.241,228.609,228.206,228.485,9926
2022-06-24 14:50:00,228.47,228.777,228.47,228.719,13257
2022-06-24 14:55:00,228.719,228.918,228.699,228.873,17544
2022-06-24 15:00:00,228.873,228.938,228.788,228.818,11716
2022-06-24 15:05:00,228.828,228.948,228.793,228.898,14257
2022-06-24 15:10:00,228.948,229.117,228.918,228.957,26371
2022-06-24 15:15:00,228.987,228.987,228.798,228.948,19814
2022-06-24 15:20:00,228.962,228.997,228.54,228.798,20171
2022-06-24 15:25:00,228.782,228.858,228.748,228.818,11953
2022-06-24 15:30:00,228.828,229.027,228.803,228.858,20288
2022-06-24 15:35:00,228.858,229.067,228.798,228.997,37179
2022-06-24 15:40:00,228.992,229.405,228.992,229.405,42681
2022-06-24 15:45:00,229.415,229.943,229.375,229.943,36264
2022-06-24 15:50:00,229.933,230.221,229.823,229.933,51696
2022-06-24 15:55:00,229.923,230.191,229.604,229.714,121721
2022-06-24 16:00:00,229.679,230.171,229.246,230.072,244344
2022-06-24 16:05:00,230.112,230.112,230.112,230.112,33912
2022-06-24 16:10:00,230.112,230.112,230.112,230.112,10472
2022-06-24 16:15:00,230.112,230.112,230.112,230.112,1622
2022-06-24 17:20:00,230.112,230.112,230.112,230.112,65801
2022-06-27 09:35:00,229.226,230.072,228.4,229.346,23380
2022-06-27 09:40:00,229.316,229.525,227.952,229.525,13368
2022-06-27 09:45:00,228.331,228.878,227.773,228.798,9203
2022-06-27 09:50:00,228.171,228.559,227.525,228.559,21488
2022-06-27 09:55:00,228.271,228.559,228.082,228.271,8235
2022-06-27 10:00:00,228.042,228.046,227.604,227.913,13337
2022-06-27 10:05:00,228.311,229.161,228.042,229.161,11884
2022-06-27 10:10:00,229.236,229.336,228.254,228.604,15148
2022-06-27 10:15:00,228.54,228.54,227.206,227.226,20750
2022-06-27 10:20:00,227.117,227.326,226.524,227.326,19227
2022-06-27 10:25:00,227.156,227.326,226.788,227.196,19727
2022-06-27 10:30:00,227.047,227.375,226.758,227.002,27595
2022-06-27 10:35:00,226.957,227.375,226.853,226.883,10104
2022-06-27 10:40:00,226.883,227.196,226.758,226.967,12081
2022-06-27 10:45:00,227.017,227.734,226.778,227.569,14591
2022-06-27 10:50:00,227.505,227.505,227.037,227.256,20154
2022-06-27 10:55:00,227.395,227.719,227.34,227.425,12400
2022-06-27 11:00:00,227.42,227.485,227.057,227.057,9058
2022-06-27 11:05:00,227.027,227.146,226.659,226.868,15210
2022-06-27 11:10:00,226.728,226.848,226.38,226.38,26769
2022-06-27 11:15:00,226.38,226.584,226.241,226.539,11832
2022-06-27 11:20:00,226.47,226.997,226.47,226.928,14111
2022-06-27 11:25:00,226.967,227.714,226.848,227.554,17297
2022-06-27 11:30:00,227.694,227.942,227.495,227.704,12769
2022-06-27 11:35:00,227.813,227.813,227.395,227.53,13653
2022-06-27 11:40:00,227.539,227.644,227.127,227.191,34566
2022-06-27 11:45:00,227.256,227.385,227.136,227.206,14846
2022-06-27 11:50:00,227.136,227.345,226.977,227.057,19332
2022-06-27 11:55:00,226.987,227.216,226.818,226.898,20326
2022-06-27 12:00:00,226.878,227.087,226.669,227.022,12918
2022-06-27 12:05:00,227.027,227.136,226.48,226.48,14011
2022-06-27 12:10:00,226.639,226.758,226.43,226.5,13265
2022-06-27 12:15:00,226.44,226.579,226.032,226.38,15861
2022-06-27 12:20:00,226.45,226.51,226.032,226.445,11043
2022-06-27 12:25:00,226.45,226.45,225.804,225.952,8480
2022-06-27 12:30:00,225.878,225.962,225.614,225.684,11419
2022-06-27 12:35:00,225.783,225.833,225.385,225.43,8407
2022-06-27 12:40:00,225.325,225.845,225.271,225.758,9048
2022-06-27 12:45:00,225.743,226.161,225.604,226.042,17327
2022-06-27 12:50:00,226.062,226.062,225.733,225.833,8694
2022-06-27 12:55:00,225.813,226.003,225.609,225.932,12180
2022-06-27 13:00:00,226.022,226.102,225.843,225.942,13139
2022-06-27 13:05:00,225.982,226.052,225.505,225.898,13628
2022-06-27 13:10:00,225.823,225.843,225.505,225.594,9320
2022-06-27 13:15:00,225.599,225.893,225.599,225.868,9051
2022-06-27 13:20:00,225.913,226.042,225.654,225.813,13394
2022-06-27 13:25:00,225.848,225.952,225.699,225.813,7762
2022-06-27 13:30:00,225.723,226.271,225.604,226.271,15168
2022-06-27 13:35:00,226.271,226.35,226.151,226.306,9499
2022-06-27 13:40:00,226.291,226.48,226.201,226.39,6605
2022-06-27 13:45:00,226.34,226.36,225.922,226.037,9381
2022-06-27 13:50:00,226.087,226.087,225.554,225.704,12203
2022-06-27 13:55:00,225.714,225.952,225.614,225.883,9603
2022-06-27 14:00:00,225.873,225.932,225.654,225.803,9053
2022-06-27 14:05:00,225.803,225.873,225.544,225.699,14327
2022-06-27 14:10:00,225.833,225.833,225.554,225.728,5895
2022-06-27 14:15:00,225.714,226.072,225.614,226.072,8698
2022-06-27 14:20:00,226.102,226.131,225.952,226.107,6533
2022-06-27 14:25:00,226.042,226.042,225.793,225.903,8796
2022-06-27 14:30:00,225.853,226.052,225.803,225.977,6970
2022-06-27 14:35:00,226.042,226.41,225.863,226.41,11619
2022-06-27 14:40:00,226.41,226.699,226.4,226.619,9986
2022-06-27 14:45:00,226.539,226.604,226.44,226.48,6803
2022-06-27 14:50:00,226.38,226.549,226.35,226.48,10787
2022-06-27 14:55:00,226.44,226.45,226.121,226.161,11576
2022-06-27 15:00:00,226.151,226.301,226.042,226.077,9199
2022-06-27 15:05:00,226.181,226.181,225.644,225.743,10664
2022-06-27 15:10:00,225.748,226.052,225.574,225.922,12089
2022-06-27 15:15:00,225.922,226.171,225.913,226.171,10798
2022-06-27 15:20:00,226.112,226.559,226.112,226.554,14057
2022-06-27 15:25:00,226.49,226.5,226.171,226.291,16129
2022-06-27 15:30:00,226.301,226.45,226.032,226.296,13817
2022-06-27 15:35:00,226.241,226.241,225.858,225.922,16571
2022-06-27 15:40:00,225.898,225.932,225.415,225.42,18933
2022-06-27 15:45:00,225.435,226.052,225.306,226.052,24307
2022-06-27 15:50:00,226.022,226.256,225.594,225.833,44400
2022-06-27 15:55:00,225.828,225.913,225.067,225.564,68647
2022-06-27 16:00:00,225.554,226.072,225.554,226.042,84961
2022-06-27 16:05:00,226.042,226.042,226.042,226.042,163964
2022-06-28 09:30:00,227.286,228.201,227.286,228.201,725
2022-06-28 09:35:00,227.962,230.052,226.888,229.057,34167
2022-06-28 09:40:00,228.709,229.843,228.042,229.465,12084
2022-06-28 09:45:00,229.505,230.052,229.375,230.052,6675
2022-06-28 09:50:00,230.231,230.231,228.624,229.027,13748
2022-06-28 09:55:00,229.242,229.953,229.166,229.624,10670
2022-06-28 10:00:00,229.694,229.788,229.425,229.654,8078
2022-06-28 10:05:00,229.465,229.604,228.798,229.156,14534
2022-06-28 10:10:00,229.077,229.196,227.684,228.171,14426
2022-06-28 10:15:00,228.052,228.5,227.644,228.5,20401
2022-06-28 10:20:00,228.49,229.147,228.46,228.758,8236
2022-06-28 10:25:00,228.549,228.549,227.644,227.992,10287
2022-06-28 10:30:00,227.893,228.206,227.813,228.048,14518
2022-06-28 10:35:00,227.952,228.092,227.634,227.634,14217
2022-06-28 10:40:00,227.624,227.952,227.435,227.704,13259
2022-06-28 10:45:00,227.624,227.753,227.326,227.659,7687
2022-06-28 10:50:00,227.793,227.798,226.748,226.868,10318
2022-06-28 10:55:00,226.878,227.017,226.5,227.017,8096
2022-06-28 11:00:00,226.947,227.674,226.838,227.674,7729
2022-06-28 11:05:00,227.734,227.734,227.321,227.704,9439
2022-06-28 11:10:00,227.674,227.883,227.497,227.614,7756
2022-06-28 11:15:00,227.624,227.942,227.495,227.763,10710
2022-06-28 11:20:00,227.704,227.724,227.196,227.271,9711
2022-06-28 11:25:00,227.246,227.291,226.858,226.868,5866
2022-06-28 11:30:00,226.848,226.883,226.38,226.559,9706
2022-06-28 11:35:00,226.559,226.868,226.559,226.748,7187
2022-06-28 11:40:00,226.778,226.788,226.062,226.082,7919
2022-06-28 11:45:00,226.231,226.251,225.783,225.893,9883
2022-06-28 11:50:00,226.072,226.46,226.072,226.39,6576
2022-06-28 11:55:00,226.191,226.191,225.634,225.753,8813
2022-06-28 12:00:00,225.753,225.962,225.684,225.743,7121
2022-06-28 12:05:00,225.733,225.962,225.514,225.532,6839
2022-06-28 12:10:00,225.495,225.763,225.196,225.763,10820
2022-06-28 12:15:00,225.813,226.032,225.654,225.743,6026
2022-06-28 12:20:00,225.544,225.868,225.405,225.868,6627
2022-06-28 12:25:00,225.783,225.972,225.704,225.803,12156
2022-06-28 12:30:00,225.804,226.529,225.803,226.4,9370
2022-06-28 12:35:00,226.311,226.42,225.793,225.793,6214
2022-06-28 12:40:00,225.723,225.982,225.723,225.763,8812
2022-06-28 12:45:00,225.783,226.211,225.783,226.191,3528
2022-06-28 12:50:00,226.102,226.43,226.102,226.321,5298
2022-06-28 12:55:00,226.271,226.39,225.932,225.942,10241
2022-06-28 13:00:00,225.853,226.316,225.853,226.316,5943
2022-06-28 13:05:00,226.306,226.306,225.813,225.843,6224
2022-06-28 13:10:00,225.714,225.773,225.201,225.266,9655
2022-06-28 13:15:00,225.136,225.39,225.126,225.256,7467
2022-06-28 13:20:00,225.186,225.584,225.186,225.415,4688
2022-06-28 13:25:00,225.286,225.475,225.276,225.425,7509
2022-06-28 13:30:00,225.465,225.843,225.325,225.733,9168
2022-06-28 13:35:00,225.763,225.783,225.475,225.475,5934
2022-06-28 13:40:00,225.539,225.674,225.335,225.554,8058
2022-06-28 13:45:00,225.435,225.644,225.325,225.485,6548
2022-06-28 13:50:00,225.455,225.524,225.276,225.276,9116
2022-06-28 13:55:00,225.286,225.514,225.196,225.246,8666
2022-06-28 14:00:00,225.211,225.315,224.838,224.888,7708
2022-06-28 14:05:00,224.868,225.306,224.828,224.927,8237
2022-06-28 14:10:00,224.907,224.937,224.43,224.43,8677
2022-06-28 14:15:00,224.415,224.49,224.007,224.101,9884
2022-06-28 14:20:00,224.002,224.121,223.609,223.619,18909
2022-06-28 14:25:00,223.634,223.733,223.325,223.325,8840
2022-06-28 14:30:00,223.256,223.475,223.096,223.385,10600
2022-06-28 14:35:00,223.325,223.325,222.688,222.828,13637
2022-06-28 14:40:00,222.698,222.698,222.48,222.529,10354
2022-06-28 14:45:00,222.519,222.519,222.057,222.116,12939
2022-06-28 14:50:00,222.201,222.808,222.151,222.688,9943
2022-06-28 14:55:00,222.669,222.718,222.43,222.718,7036
2022-06-28 15:00:00,222.778,222.848,222.28,222.47,9981
2022-06-28 15:05:00,222.41,222.514,221.823,222.002,13548
2022-06-28 15:10:00,221.977,221.982,221.723,221.922,11530
2022-06-28 15:15:00,222.027,222.34,221.912,222.34,15001
2022-06-28 15:20:00,222.161,222.569,222.161,222.569,10964
2022-06-28 15:25:00,222.47,222.738,222.271,222.698,13925
2022-06-28 15:30:00,222.649,222.713,222.191,222.35,11105
2022-06-28 15:35:00,222.32,222.44,221.922,222.042,13216
2022-06-28 15:40:00,222.022,222.206,221.922,222.206,11398
2022-06-28 15:45:00,222.251,222.31,221.833,221.972,16346
2022-06-28 15:50:00,221.972,222.052,221.713,221.972,21219
2022-06-28 15:55:00,221.873,222.261,221.748,222.231,36267
2022-06-28 16:00:00,222.251,222.33,221.843,222.101,85198
2022-06-28 16:05:00,222.211,222.211,222.211,222.211,15231
2022-06-28 16:10:00,222.211,222.211,222.211,222.211,5482
2022-06-29 08:45:00,222.211,222.211,222.211,222.211,163
2022-06-29 09:30:00,221.007,221.007,221.007,221.007,210
2022-06-29 09:35:00,221.226,222.201,220.459,221.43,33538
2022-06-29 09:40:00,221.196,222.29,220.823,221.594,7699
2022-06-29 09:45:00,221.484,221.813,220.489,220.773,20807
2022-06-29 09:50:00,220.609,221.106,220.002,221.057,17011
2022-06-29 09:55:00,221.057,222.739,221.057,222.13,7360
2022-06-29 10:00:00,222.499,223.087,222.271,222.271,15264
2022-06-29 10:05:00,222.241,223.096,221.395,222.937,16655
2022-06-29 10:10:00,222.937,222.987,222.385,222.46,9806
2022-06-29 10:15:00,222.519,222.649,221.823,222.176,13465
2022-06-29 10:20:00,222.081,223.116,222.081,222.659,26292
2022-06-29 10:25:00,222.549,223.233,222.549,222.858,11091
2022-06-29 10:30:00,223.196,223.753,223.196,223.597,7846
2022-06-29 10:35:00,223.853,224.649,223.813,224.39,14467
2022-06-29 10:40:00,224.35,224.509,223.763,224.425,4815
2022-06-29 10:45:00,224.34,225.097,224.151,224.708,9235
2022-06-29 10:50:00,224.838,225.176,224.649,225.097,10805
2022-06-29 10:55:00,225.027,225.206,224.43,224.43,7148
2022-06-29 11:00:00,224.664,224.699,224.181,224.181,6382
2022-06-29 11:05:00,224.131,224.271,223.853,223.893,13629
2022-06-29 11:10:00,223.733,224.246,223.614,224.067,4724
2022-06-29 11:15:00,223.982,224.241,223.828,223.833,7789
2022-06-29 11:20:00,223.833,224.171,223.624,223.873,6619
2022-06-29 11:25:00,223.843,223.942,222.743,223.156,12070
2022-06-29 11:30:00,223.305,223.902,223.256,223.753,5533
2022-06-29 11:35:00,223.703,224.201,223.534,223.952,9611
2022-06-29 11:40:00,224.037,224.39,224.037,224.181,5923
2022-06-29 11:45:00,224.181,224.34,223.676,223.773,5270
2022-06-29 11:50:00,223.763,224.33,223.763,224.181,7158
2022-06-29 11:55:00,223.982,224.649,223.927,224.579,7806
2022-06-29 12:00:00,224.48,224.529,223.773,224.271,8032
2022-06-29 12:05:00,224.31,224.38,223.922,224.365,4622
2022-06-29 12:10:00,224.261,224.261,223.803,223.962,5730
2022-06-29 12:15:00,223.922,223.962,223.524,223.604,6798
2022-06-29 12:20:00,223.624,223.733,222.818,222.868,18744
2022-06-29 12:25:00,222.957,222.987,221.942,221.942,22719
2022-06-29 12:30:00,221.843,221.853,221.238,221.573,51093
2022-06-29 12:35:00,221.594,221.818,221.415,221.634,14386
2022-06-29 12:40:00,221.793,222.539,221.678,222.395,8922
2022-06-29 12:45:00,222.31,222.37,222.181,222.345,4365
2022-06-29 12:50:00,222.29,222.45,221.813,221.952,7784
2022-06-29 12:55:00,222.251,222.38,222.027,222.191,4197
2022-06-29 13:00:00,222.062,222.405,221.962,222.405,6203
2022-06-29 13:05:00,222.33,222.45,222.181,222.34,6023
2022-06-29 13:10:00,222.271,222.514,222.101,222.46,9020
2022-06-29 13:15:00,222.559,222.614,221.743,221.743,15758
2022-06-29 13:20:00,221.713,221.897,221.594,221.723,5839
2022-06-29 13:25:00,221.544,221.783,221.465,221.564,9439
2022-06-29 13:30:00,221.604,222.138,221.484,222.022,7015
2022-06-29 13:35:00,222.081,222.161,221.703,221.703,23475
2022-06-29 13:40:00,221.649,222.091,221.649,221.992,6539
2022-06-29 13:45:00,221.962,222.31,221.922,222.261,5981
2022-06-29 13:50:00,222.33,222.529,222.33,222.475,4773
2022-06-29 13:55:00,222.34,222.43,222.261,222.36,4295
2022-06-29 14:00:00,222.375,222.669,222.35,222.584,8931
2022-06-29 14:05:00,222.499,222.858,222.489,222.858,16446
2022-06-29 14:10:00,223.106,223.106,222.768,222.887,6581
2022-06-29 14:15:00,223.017,223.126,222.878,222.902,8975
2022-06-29 14:20:00,222.902,223.067,222.728,222.778,9252
2022-06-29 14:25:00,222.679,222.907,222.589,222.768,19929
2022-06-29 14:30:00,222.808,223.604,222.773,223.445,10229
2022-06-29 14:35:00,223.544,223.564,223.305,223.45,7107
2022-06-29 14:40:00,223.485,223.485,223.315,223.351,9576
2022-06-29 14:45:00,223.276,223.345,223.077,223.136,7210
2022-06-29 14:50:00,223.176,223.226,223.047,223.151,6974
2022-06-29 14:55:00,223.136,223.216,223.007,223.194,7872
2022-06-29 15:00:00,223.236,223.35,223.206,223.246,7266
2022-06-29 15:05:00,223.305,223.305,222.965,223.116,10358
2022-06-29 15:10:00,223.156,223.494,223.096,223.494,8791
2022-06-29 15:15:00,223.435,223.435,223.166,223.39,8622
2022-06-29 15:20:00,223.335,223.893,223.315,223.554,16731
2022-06-29 15:25:00,223.614,223.893,223.504,223.893,14251
2022-06-29 15:30:00,223.813,224.092,223.803,224.092,12513
2022-06-29 15:35:00,224.106,224.106,223.206,223.325,9865
2022-06-29 15:40:00,223.206,223.435,223.136,223.281,11287
2022-06-29 15:45:00,223.345,223.763,223.256,223.584,24496
2022-06-29 15:50:00,223.634,223.818,223.584,223.818,25722
2022-06-29 15:55:00,223.818,224.072,223.554,223.763,56051
2022-06-29 16:00:00,223.783,224.46,223.783,224.31,122358
2022-06-29 16:05:00,224.3,224.3,224.3,224.3,103054
2022-06-29 16:10:00,224.3,224.3,224.3,224.3,4129
2022-06-29 16:15:00,224.3,224.3,224.3,224.3,12322
2022-06-29 18:25:00,224.3,224.3,224.3,224.3,2195
2022-06-29 18:50:00,224.3,224.3,224.3,224.3,220
2022-06-30 09:35:00,222.897,222.897,221.275,222.017,19112
2022-06-30 09:40:00,221.266,221.494,219.126,219.549,21008
2022-06-30 09:45:00,219.663,219.952,218.937,219.216,27329
2022-06-30 09:50:00,219.504,220.435,219.049,220.36,12861
2022-06-30 09:55:00,220.36,220.445,219.216,219.345,22510
2022-06-30 10:00:00,219.375,219.514,218.629,218.708,27922
2022-06-30 10:05:00,218.569,218.569,217.534,218.3,12086
2022-06-30 10:10:00,218.37,218.698,218.071,218.27,7328
2022-06-30 10:15:00,218.36,219.081,218.36,219.081,6432
2022-06-30 10:20:00,219.176,219.663,219.046,219.236,16937
2022-06-30 10:25:00,219.241,219.653,219.116,219.449,10476
2022-06-30 10:30:00,219.445,219.554,219.216,219.375,7838
2022-06-30 10:35:00,219.348,220.45,219.189,220.101,16115
2022-06-30 10:40:00,220.096,220.141,219.604,219.683,9548
2022-06-30 10:45:00,219.683,219.971,219.473,219.683,8895
2022-06-30 10:50:00,219.743,220.589,219.743,220.479,12586
2022-06-30 10:55:00,220.405,221.151,219.683,221.027,30170
2022-06-30 11:00:00,221.015,221.251,220.678,220.788,17896
2022-06-30 11:05:00,220.639,221.116,220.201,220.201,11062
2022-06-30 11:10:00,220.285,221.624,220.285,221.465,16227
2022-06-30 11:15:00,221.614,221.654,220.649,221.196,15280
2022-06-30 11:20:00,221.086,221.136,220.768,220.827,23274
2022-06-30 11:25:00,220.708,221.355,220.708,221.246,10538
2022-06-30 11:30:00,221.096,221.882,221.076,221.639,10056
2022-06-30 11:35:00,221.584,221.743,221.465,221.554,9996
2022-06-30 11:40:00,221.554,221.773,221.375,221.743,6288
2022-06-30 11:45:00,222.131,222.579,222.111,222.226,12014
2022-06-30 11:50:00,222.076,222.33,222.042,222.231,4656
2022-06-30 11:55:00,222.072,222.101,221.813,221.917,13028
2022-06-30 12:00:00,221.922,221.982,221.753,221.942,9142
2022-06-30 12:05:00,221.962,222.181,221.853,221.972,16639
2022-06-30 12:10:00,222.047,222.201,221.803,222.027,12314
2022-06-30 12:15:00,221.962,222.669,221.952,222.669,10439
2022-06-30 12:20:00,222.703,223.091,222.599,222.758,10048
2022-06-30 12:25:00,222.778,223.465,222.679,223.465,13182
2022-06-30 12:30:00,223.763,224.111,223.763,224.007,12870
2022-06-30 12:35:00,224.12,224.49,223.942,224.057,19638
2022-06-30 12:40:00,223.982,224.022,223.256,223.286,17023
2022-06-30 12:45:00,223.504,223.644,223.295,223.534,15105
2022-06-30 12:50:00,223.465,223.674,222.828,222.828,11783
2022-06-30 12:55:00,222.798,223.116,222.609,223.116,6293
2022-06-30 13:00:00,223.276,223.276,222.768,223.027,8457
2022-06-30 13:05:00,222.917,223.236,222.798,223.141,7160
2022-06-30 13:10:00,222.858,222.858,222.589,222.599,4124
2022-06-30 13:15:00,222.599,222.599,222.012,222.012,4915
2022-06-30 13:20:00,222.072,222.45,222.072,222.34,5939
2022-06-30 13:25:00,222.425,222.659,222.425,222.649,5045
2022-06-30 13:30:00,222.768,222.992,222.761,222.982,4447
2022-06-30 13:35:00,222.977,223.276,222.967,223.276,8024
2022-06-30 13:40:00,223.136,223.295,223.067,223.131,4811
2022-06-30 13:45:00,223.186,223.365,222.698,222.838,8443
2022-06-30 13:50:00,222.748,223.395,222.728,223.395,5834
2022-06-30 13:55:00,223.256,223.684,223.196,223.45,12282
2022-06-30 14:00:00,223.382,223.45,223.106,223.315,9499
2022-06-30 14:05:00,223.492,223.694,223.325,223.694,13167
2022-06-30 14:10:00,223.803,223.902,223.405,223.435,10403
2022-06-30 14:15:00,223.425,223.644,223.251,223.251,9349
2022-06-30 14:20:00,223.116,223.549,223.116,223.494,8642
2022-06-30 14:25:00,223.455,223.485,222.838,222.897,8777
2022-06-30 14:30:00,222.897,223.445,222.758,223.305,10185
2022-06-30 14:35:00,223.256,223.435,222.957,223.126,9576
2022-06-30 14:40:00,223.101,223.335,223.017,223.295,7789
2022-06-30 14:45:00,223.176,223.295,222.499,222.609,12722
2022-06-30 14:50:00,222.554,222.957,222.47,222.589,13399
2022-06-30 14:55:00,222.579,222.579,222.101,222.43,11068
2022-06-30 15:00:00,222.336,222.48,222.241,222.261,13508
2022-06-30 15:05:00,222.231,222.34,222.072,222.231,19375
2022-06-30 15:10:00,222.181,222.181,221.604,221.738,11975
2022-06-30 15:15:00,221.693,221.902,221.683,221.753,13365
2022-06-30 15:20:00,221.863,221.863,221.315,221.395,18897
2022-06-30 15:25:00,221.435,221.683,221.36,221.544,17864
2022-06-30 15:30:00,221.554,222.062,221.519,221.932,21340
2022-06-30 15:35:00,222.091,223.216,222.091,223.032,25481
2022-06-30 15:40:00,223.032,223.345,222.629,222.659,24726
2022-06-30 15:45:00,222.659,222.838,221.922,222.062,24340
2022-06-30 15:50:00,222.052,222.669,221.987,222.42,38451
2022-06-30 15:55:00,222.39,223.037,221.733,221.902,63855
2022-06-30 16:00:00,221.863,223.007,221.773,222.868,124129
2022-06-30 16:05:00,222.808,222.808,222.808,222.808,38635
2022-06-30 16:15:00,222.808,222.808,222.808,222.808,2021
2022-06-30 16:50:00,222.997,222.997,222.997,222.997,300
2022-06-30 16:55:00,222.997,222.997,222.997,222.997,300
2022-06-30 17:00:00,222.997,222.997,222.997,222.997,308
2022-06-30 17:05:00,222.997,222.997,222.997,222.997,200
2022-06-30 18:05:00,222.997,222.997,222.997,222.997,1055
2022-06-30 18:15:00,220.629,220.629,220.629,220.629,337
2022-07-01 09:35:00,223.893,228.122,223.276,228.122,91966
2022-07-01 09:40:00,228.37,229.445,226.569,226.873,103752
2022-07-01 09:45:00,226.878,230.261,226.878,229.336,67940
2022-07-01 09:50:00,229.166,232.888,229.166,231.654,105932
2022-07-01 09:55:00,231.555,231.684,229.773,229.982,29171
2022-07-01 10:00:00,230.057,230.615,229.221,229.256,18501
2022-07-01 10:05:00,229.385,229.962,228.579,229.112,25054
2022-07-01 10:10:00,229.331,229.331,228.231,228.798,20065
2022-07-01 10:15:00,229.067,229.152,227.256,227.475,27345
2022-07-01 10:20:00,227.306,227.942,226.838,227.938,36612
2022-07-01 10:25:00,227.997,228.221,227.316,227.883,37973
2022-07-01 10:30:00,227.883,227.957,227.196,227.196,37802
2022-07-01 10:35:00,227.077,227.082,226.33,226.87,22620
2022-07-01 10:40:00,226.818,226.918,225.853,226.241,12009
2022-07-01 10:45:00,226.161,226.803,225.843,226.694,23889
2022-07-01 10:50:00,226.599,227.465,226.529,226.818,18673
2022-07-01 10:55:00,226.838,227.176,225.843,227.017,14331
2022-07-01 11:00:00,226.738,227.554,226.738,227.176,17449
2022-07-01 11:05:00,227.156,227.843,227.097,227.485,46360
2022-07-01 11:10:00,227.574,228.843,227.574,228.843,15672
2022-07-01 11:15:00,228.778,229.087,228.49,228.778,23855
2022-07-01 11:20:00,228.878,230.162,228.749,229.833,40135
2022-07-01 11:25:00,229.783,229.992,229.654,229.982,45898
2022-07-01 11:30:00,229.878,229.938,229.296,229.43,40412
2022-07-01 11:35:00,229.614,230.097,229.579,229.634,21045
2022-07-01 11:40:00,229.664,230.44,229.624,230.37,15627
2022-07-01 11:45:00,230.346,230.629,230.166,230.166,53794
2022-07-01 11:50:00,230.2,230.281,229.694,229.953,11160
2022-07-01 11:55:00,229.903,229.933,229.365,229.47,22919
2022-07-01 12:00:00,229.44,229.833,229.375,229.485,13895
2022-07-01 12:05:00,229.375,229.704,229.306,229.614,17207
2022-07-01 12:10:00,229.629,230.291,229.629,230.231,7253
2022-07-01 12:15:00,230.112,230.112,229.614,230.062,9761
2022-07-01 12:20:00,230.057,230.569,229.953,230.569,11516
2022-07-01 12:25:00,230.574,230.759,230.44,230.629,6622
2022-07-01 12:30:00,230.714,231.007,230.694,230.754,11438
2022-07-01 12:35:00,230.754,230.759,230.291,230.38,9940
2022-07-01 12:40:00,230.385,230.395,230.102,230.147,12917
2022-07-01 12:45:00,230.022,230.345,229.843,230.345,8188
2022-07-01 12:50:00,230.284,230.284,229.833,230.032,11686
2022-07-01 12:55:00,230.107,230.54,230.107,230.361,7550
2022-07-01 13:00:00,230.41,230.659,229.933,230.072,12364
2022-07-01 13:05:00,229.923,230.102,229.624,229.714,7295
2022-07-01 13:10:00,229.843,229.883,229.654,229.883,6870
2022-07-01 13:15:00,229.908,230.002,229.833,229.913,9807
2022-07-01 13:20:00,230.032,230.271,229.714,230.162,15243
2022-07-01 13:25:00,230.122,230.318,229.863,229.953,8041
2022-07-01 13:30:00,229.883,230.37,229.813,230.37,8354
2022-07-01 13:35:00,230.374,230.5,230.181,230.181,10509
2022-07-01 13:40:00,230.191,230.938,229.853,230.908,24328
2022-07-01 13:45:00,230.908,231.346,230.788,230.992,16201
2022-07-01 13:50:00,231.127,231.147,230.898,231.027,10101
2022-07-01 13:55:00,231.117,231.341,230.977,230.977,11257
2022-07-01 14:00:00,230.972,231.316,230.938,231.281,9591
2022-07-01 14:05:00,231.201,231.276,231.057,231.172,12639
2022-07-01 14:10:00,231.172,231.296,230.659,230.759,32859
2022-07-01 14:15:00,230.898,231.017,230.689,231.017,14725
2022-07-01 14:20:00,231.077,231.186,230.868,231.186,11018
2022-07-01 14:25:00,231.137,231.857,231.067,231.857,9317
2022-07-01 14:30:00,231.783,231.783,231.455,231.46,11173
2022-07-01 14:35:00,231.485,231.928,231.485,231.813,12937
2022-07-01 14:40:00,231.744,232.012,231.674,232.002,13429
2022-07-01 14:45:00,232.082,232.162,231.963,231.963,9912
2022-07-01 14:50:00,231.973,232.49,231.973,232.49,10900
2022-07-01 14:55:00,232.51,232.958,232.41,232.709,31155
2022-07-01 15:00:00,232.749,232.948,232.55,232.808,14232
2022-07-01 15:05:00,232.734,232.749,231.913,232.062,20923
2022-07-01 15:10:00,232.152,232.55,232.142,232.46,12902
2022-07-01 15:15:00,232.475,232.749,232.291,232.729,15772
2022-07-01 15:20:00,232.634,233.057,232.634,232.853,21675
2022-07-01 15:25:00,232.963,233.097,232.44,232.789,23318
2022-07-01 15:30:00,232.803,232.878,232.56,232.808,24556
2022-07-01 15:35:00,232.789,233.565,232.789,233.196,23244
2022-07-01 15:40:00,233.246,233.535,233.206,233.405,25239
2022-07-01 15:45:00,233.396,233.958,233.276,233.764,39040
2022-07-01 15:50:00,233.774,234.331,233.759,234.221,50734
2022-07-01 15:55:00,234.182,234.311,233.575,234.012,109249
2022-07-01 16:00:00,234.052,234.211,233.515,234.072,166537
2022-07-01 16:05:00,234.072,234.072,234.072,234.072,28128
2022-07-01 16:15:00,234.072,234.072,234.072,234.072,2821
2022-07-01 17:00:00,234.072,234.072,234.072,234.072,10487
2022-07-05 08:05:00,241.774,241.774,241.774,241.774,128
2022-07-05 09:35:00,231.853,233.241,229.833,232.749,35244
2022-07-05 09:40:00,233.027,234.022,232.649,233.356,17413
2022-07-05 09:45:00,233.127,233.445,232.032,233.296,23857
2022-07-05 09:50:00,233.333,234.251,233.067,233.55,36119
2022-07-05 09:55:00,233.55,233.585,232.48,232.53,13664
2022-07-05 10:00:00,232.808,233.246,232.042,232.699,12533
2022-07-05 10:05:00,232.56,232.56,231.435,231.475,12637
2022-07-05 10:10:00,231.495,232.326,231.485,232.326,20550
2022-07-05 10:15:00,232.301,233.445,232.301,233.266,18322
2022-07-05 10:20:00,233.167,233.833,233.092,233.6,29877
2022-07-05 10:25:00,233.475,234.012,233.321,233.913,23434
2022-07-05 10:30:00,234.032,234.998,233.913,234.998,16125
2022-07-05 10:35:00,234.888,235.107,234.082,234.236,15368
2022-07-05 10:40:00,234.182,235.077,234.112,234.296,10306
2022-07-05 10:45:00,234.221,234.764,233.734,233.843,23573
2022-07-05 10:50:00,233.813,234.217,233.465,234.137,22251
2022-07-05 10:55:00,234.072,234.629,233.988,234.192,14410
2022-07-05 11:00:00,234.027,234.659,233.913,234.321,17909
2022-07-05 11:05:00,234.281,234.649,233.794,234.52,13402
2022-07-05 11:10:00,234.629,235.435,234.58,235.435,22322
2022-07-05 11:15:00,235.435,235.699,235.286,235.48,30657
2022-07-05 11:20:00,235.475,235.704,235.306,235.45,18188
2022-07-05 11:25:00,235.535,235.535,235.107,235.376,16645
2022-07-05 11:30:00,235.326,235.804,235.236,235.644,17456
2022-07-05 11:35:00,235.754,236.042,235.336,235.336,28586
2022-07-05 11:40:00,235.331,235.515,235.027,235.047,8831
2022-07-05 11:45:00,235.157,235.983,235.057,235.764,12232
2022-07-05 11:50:00,235.774,235.973,235.465,235.465,12663
2022-07-05 11:55:00,235.425,235.823,235.346,235.823,9982
2022-07-05 12:00:00,235.933,236.361,235.893,236.241,19923
2022-07-05 12:05:00,236.251,236.62,236.082,236.192,17286
2022-07-05 12:10:00,236.321,236.938,236.321,236.54,20944
2022-07-05 12:15:00,236.52,237.157,236.43,236.769,27146
2022-07-05 12:20:00,236.769,237.187,236.51,237.102,12144
2022-07-05 12:25:00,237.057,237.575,236.928,237.505,17739
2022-07-05 12:30:00,237.485,237.744,237.261,237.356,26806
2022-07-05 12:35:00,237.465,237.565,237.117,237.195,21540
2022-07-05 12:40:00,237.028,237.177,236.769,237.028,13213
2022-07-05 12:45:00,237.033,237.227,236.878,237.157,13305
2022-07-05 12:50:00,237.047,237.276,236.968,237.137,10641
2022-07-05 12:55:00,237.117,237.237,236.888,237.107,12650
2022-07-05 13:00:00,237.177,237.306,236.888,236.888,14957
2022-07-05 13:05:00,236.928,237.416,236.928,237.376,11793
2022-07-05 13:10:00,237.371,237.416,237.023,237.336,10731
2022-07-05 13:15:00,237.266,237.844,237.246,237.366,21077
2022-07-05 13:20:00,237.326,238.197,236.888,238.132,36933
2022-07-05 13:25:00,237.973,238.212,237.824,238.003,14561
2022-07-05 13:30:00,238.038,238.251,238.023,238.067,13909
2022-07-05 13:35:00,238.127,238.6,238.102,238.6,18735
2022-07-05 13:40:00,238.635,238.948,238.52,238.893,31251
2022-07-05 13:45:00,238.998,239.117,238.789,238.794,29579
2022-07-05 13:50:00,238.799,239.028,238.54,238.804,45402
2022-07-05 13:55:00,238.878,239.217,238.799,239.217,13092
2022-07-05 14:00:00,239.187,239.864,239.127,239.864,24251
2022-07-05 14:05:00,239.888,240.217,239.674,240.142,29115
2022-07-05 14:10:00,240.147,240.147,239.674,239.988,23334
2022-07-05 14:15:00,239.983,239.998,239.764,239.804,16300
2022-07-05 14:20:00,239.844,239.873,239.018,239.57,32558
2022-07-05 14:25:00,239.58,239.873,239.013,239.416,35797
2022-07-05 14:30:00,239.416,239.993,239.247,239.993,40557
2022-07-05 14:35:00,240.033,240.132,239.774,240.132,26134
2022-07-05 14:40:00,240.033,241.197,239.953,241.197,30805
2022-07-05 14:45:00,241.167,241.466,240.988,241.092,38959
2022-07-05 14:50:00,241.092,241.092,240.331,240.351,16972
2022-07-05 14:55:00,240.416,240.49,240.112,240.271,20170
2022-07-05 15:00:00,240.212,240.351,240.112,240.187,20341
2022-07-05 15:05:00,240.222,240.341,239.784,240.132,26933
2022-07-05 15:10:00,240.172,240.65,240.172,240.48,17953
2022-07-05 15:15:00,240.48,240.48,239.913,240.298,18026
2022-07-05 15:20:00,240.232,240.291,239.615,239.684,22756
2022-07-05 15:25:00,239.779,240.59,239.724,240.48,19031
2022-07-05 15:30:00,240.495,240.66,240.072,240.398,30225
2022-07-05 15:35:00,240.411,240.809,240.262,240.809,30256
2022-07-05 15:40:00,240.819,240.819,239.923,240.341,35691
2022-07-05 15:45:00,240.351,240.774,240.351,240.471,38211
2022-07-05 15:50:00,240.471,240.938,240.451,240.938,43408
2022-07-05 15:55:00,240.948,241.018,240.49,240.854,73631
2022-07-05 16:00:00,240.829,241.127,240.63,241.048,164300
2022-07-05 16:05:00,241.038,241.038,241.038,241.038,28515
2022-07-05 16:15:00,241.038,241.038,241.038,241.038,444
2022-07-05 16:35:00,241.694,241.694,241.694,241.694,200
2022-07-05 16:45:00,241.038,241.038,241.038,241.038,400
2022-07-06 08:05:00,248.441,248.441,248.441,248.441,100
2022-07-06 09:35:00,241.645,245.824,241.645,245.317,59563
2022-07-06 09:40:00,245.416,245.416,241.903,242.142,66904
2022-07-06 09:45:00,241.545,242.51,241.262,242.282,24163
2022-07-06 09:50:00,242.212,242.779,240.968,242.038,57815
2022-07-06 09:55:00,241.963,242.252,241.277,241.704,19894
2022-07-06 10:00:00,241.555,242.028,241.028,241.028,22377
2022-07-06 10:05:00,241.112,241.834,240.918,241.217,16403
2022-07-06 10:10:00,241.117,241.983,240.958,241.237,14822
2022-07-06 10:15:00,241.296,241.595,240.62,240.983,28150
2022-07-06 10:20:00,241.192,242.361,241.137,241.973,27754
2022-07-06 10:25:00,242.222,242.5,241.893,242.5,23443
2022-07-06 10:30:00,242.311,242.52,241.854,242.058,28772
2022-07-06 10:35:00,242.152,242.55,241.854,242.102,25875
2022-07-06 10:40:00,242.122,242.262,241.58,241.973,20456
2022-07-06 10:45:00,241.884,242.56,241.56,242.56,14302
2022-07-06 10:50:00,242.52,242.54,241.968,242.142,15211
2022-07-06 10:55:00,242.048,242.083,241.515,241.724,11440
2022-07-06 11:00:00,241.918,241.918,241.038,241.137,7979
2022-07-06 11:05:00,240.869,241.346,239.625,239.655,9672
2022-07-06 11:10:00,239.754,240.162,239.714,240.003,20525
2022-07-06 11:15:00,239.864,240.48,239.674,239.983,13724
2022-07-06 11:20:00,239.794,240.351,239.669,240.092,14665
2022-07-06 11:25:00,240.003,240.152,239.933,240.142,11624
2022-07-06 11:30:00,240.401,240.431,239.898,240.132,13881
2022-07-06 11:35:00,240.053,240.112,239.187,239.48,14431
2022-07-06 11:40:00,239.416,240.252,239.386,240.182,8005
2022-07-06 11:45:00,240.003,240.162,239.754,239.953,14603
2022-07-06 11:50:00,239.953,240.271,239.694,240.271,13863
2022-07-06 11:55:00,240.162,240.54,240.097,240.247,11906
2022-07-06 12:00:00,240.281,240.57,239.953,240.152,9888
2022-07-06 12:05:00,240.212,240.351,239.714,239.923,33129
2022-07-06 12:10:00,239.898,240.112,239.66,239.734,8308
2022-07-06 12:15:00,239.814,240.053,239.57,239.873,6707
2022-07-06 12:20:00,239.923,240.212,239.754,240.112,7963
2022-07-06 12:25:00,240.147,240.247,239.714,239.714,6230
2022-07-06 12:30:00,239.545,239.804,239.545,239.734,10083
2022-07-06 12:35:00,239.704,239.988,239.694,239.988,9900
2022-07-06 12:40:00,240.003,240.217,239.893,239.913,11583
2022-07-06 12:45:00,239.913,240.48,239.754,240.441,11186
2022-07-06 12:50:00,240.59,240.59,240.271,240.461,8911
2022-07-06 12:55:00,240.371,240.391,240.112,240.341,9591
2022-07-06 13:00:00,240.311,240.351,240.112,240.112,7427
2022-07-06 13:05:00,240.053,240.251,239.973,240.177,10525
2022-07-06 13:10:00,240.222,240.421,240.112,240.112,8110
2022-07-06 13:15:00,240.142,240.262,239.983,240.182,12651
2022-07-06 13:20:00,240.202,240.351,240.112,240.162,14384
2022-07-06 13:25:00,240.142,240.281,239.983,240.281,12064
2022-07-06 13:30:00,240.316,240.351,240.082,240.252,11716
2022-07-06 13:35:00,240.212,240.311,239.943,239.973,11936
2022-07-06 13:40:00,239.893,240.092,239.65,239.704,12358
2022-07-06 13:45:00,239.684,239.843,239.61,239.615,17125
2022-07-06 13:50:00,239.704,240.063,239.664,240.063,10933
2022-07-06 13:55:00,240.028,240.028,239.635,239.864,7841
2022-07-06 14:00:00,239.913,239.923,239.694,239.694,12804
2022-07-06 14:05:00,239.446,240.072,239.446,239.913,22624
2022-07-06 14:10:00,240.003,240.57,239.814,239.933,13684
2022-07-06 14:15:00,239.684,240.291,239.386,240.182,16078
2022-07-06 14:20:00,240.063,240.063,239.55,239.764,9035
2022-07-06 14:25:00,239.854,240.082,239.804,239.963,11149
2022-07-06 14:30:00,239.883,240.908,239.525,240.764,19422
2022-07-06 14:35:00,241.147,241.575,240.64,240.869,11385
2022-07-06 14:40:00,241.038,241.336,240.689,241.018,12368
2022-07-06 14:45:00,241.038,241.515,240.988,241.073,15864
2022-07-06 14:50:00,241.048,241.217,240.52,240.52,13952
2022-07-06 14:55:00,240.471,240.878,240.411,240.839,10402
2022-07-06 15:00:00,240.779,240.958,240.67,240.938,12086
2022-07-06 15:05:00,240.859,240.869,240.421,240.62,15204
2022-07-06 15:10:00,240.59,240.958,240.5,240.948,19204
2022-07-06 15:15:00,240.998,241.814,240.998,241.794,20041
2022-07-06 15:20:00,241.834,242.296,241.714,242.164,12629
2022-07-06 15:25:00,242.181,242.6,242.103,242.592,26332
2022-07-06 15:30:00,242.665,242.665,242.033,242.033,19985
2022-07-06 15:35:00,242.048,242.142,241.874,242.023,24692
2022-07-06 15:40:00,242.023,242.341,241.844,241.984,35752
2022-07-06 15:45:00,242.008,242.137,241.58,241.868,46864
2022-07-06 15:50:00,241.794,241.903,241.576,241.844,32666
2022-07-06 15:55:00,241.854,241.898,240.819,241.217,55323
2022-07-06 16:00:00,241.187,241.645,241.097,241.545,99092
2022-07-06 16:05:00,241.545,241.545,241.545,241.545,118584
2022-07-07 09:25:00,239.655,239.674,239.655,239.674,200
2022-07-07 09:30:00,239.664,239.664,239.664,239.664,175
2022-07-07 09:35:00,239.605,243.346,238.988,243.147,47152
2022-07-07 09:40:00,242.879,244.471,242.461,244.053,34719
2022-07-07 09:45:00,244.018,244.55,243.431,243.431,24482
2022-07-07 09:50:00,243.396,243.824,242.361,243.098,58678
2022-07-07 09:55:00,243.008,243.008,240.51,240.56,38849
2022-07-07 10:00:00,240.569,240.839,239.734,240.162,38607
2022-07-07 10:05:00,240.013,240.013,238.849,239.257,31980
2022-07-07 10:10:00,239.222,239.426,238.59,238.59,25487
2022-07-07 10:15:00,238.669,239.436,238.669,239.436,25634
2022-07-07 10:20:00,239.426,239.426,238.441,238.659,22431
2022-07-07 10:25:00,238.659,238.953,238.48,238.953,19029
2022-07-07 10:30:00,238.968,239.625,238.968,239.167,8835
2022-07-07 10:35:00,239.137,239.137,238.734,238.759,6676
2022-07-07 10:40:00,238.694,239.137,238.694,239.087,6485
2022-07-07 10:45:00,239.097,239.276,238.816,238.928,14956
2022-07-07 10:50:00,238.923,239.306,238.858,239.192,9446
2022-07-07 10:55:00,239.227,239.759,239.227,239.406,5354
2022-07-07 11:00:00,239.456,240.112,239.456,239.983,5504
2022-07-07 11:05:00,240.212,240.64,239.973,240.485,8692
2022-07-07 11:10:00,240.461,240.898,240.361,240.63,6884
2022-07-07 11:15:00,240.62,240.679,240.063,240.242,5707
2022-07-07 11:20:00,240.132,240.451,240.102,240.192,5677
2022-07-07 11:25:00,240.157,240.371,239.824,240.023,5445
2022-07-07 11:30:00,240.212,240.212,239.469,239.625,5535
2022-07-07 11:35:00,239.704,239.704,239.406,239.5,7581
2022-07-07 11:40:00,239.465,239.465,238.928,239.023,8556
2022-07-07 11:45:00,238.958,239.634,238.958,239.634,5393
2022-07-07 11:50:00,239.674,239.854,239.505,239.505,5665
2022-07-07 11:55:00,239.585,239.595,239.028,239.237,6638
2022-07-07 12:00:00,239.286,239.381,238.968,239.028,5619
2022-07-07 12:05:00,238.888,239.366,238.888,239.286,14398
2022-07-07 12:10:00,239.306,239.326,239.157,239.217,5196
2022-07-07 12:15:00,239.257,239.406,239.122,239.122,4599
2022-07-07 12:20:00,238.928,239.177,238.908,239.177,5536
2022-07-07 12:25:00,239.117,239.17,238.809,238.968,9259
2022-07-07 12:30:00,238.918,239.182,238.902,239.182,5578
2022-07-07 12:35:00,239.182,239.704,239.182,239.704,5701
2022-07-07 12:40:00,239.724,240.063,239.724,239.754,4095
2022-07-07 12:45:00,239.684,239.844,239.585,239.585,16045
2022-07-07 12:50:00,239.426,239.426,238.923,238.928,8812
2022-07-07 12:55:00,238.898,239.187,238.843,239.097,10022
2022-07-07 13:00:00,238.868,239.207,238.829,238.958,8716
2022-07-07 13:05:00,238.998,239.107,238.863,238.983,8124
2022-07-07 13:10:00,238.918,239.257,238.789,238.908,8573
2022-07-07 13:15:00,238.918,239.008,238.669,238.789,8176
2022-07-07 13:20:00,238.839,238.948,238.749,238.948,5254
2022-07-07 13:25:00,238.918,239.341,238.898,239.291,6761
2022-07-07 13:30:00,239.316,239.316,239.018,239.286,10069
2022-07-07 13:35:00,239.227,239.632,239.227,239.632,4988
2022-07-07 13:40:00,239.625,239.674,239.346,239.386,7173
2022-07-07 13:45:00,239.461,239.525,238.958,239.008,7990
2022-07-07 13:50:00,238.908,238.908,238.779,238.814,9912
2022-07-07 13:55:00,238.809,238.958,238.779,238.873,10159
2022-07-07 14:00:00,238.918,239.053,238.774,238.814,10103
2022-07-07 14:05:00,238.814,239.077,238.769,239.077,17441
2022-07-07 14:10:00,239.058,239.067,238.709,238.829,10361
2022-07-07 14:15:00,238.834,239.092,238.834,238.948,4222
2022-07-07 14:20:00,238.978,239.097,238.809,239.097,7655
2022-07-07 14:25:00,239.112,239.237,239.077,239.117,12440
2022-07-07 14:30:00,239.157,239.366,239.048,239.311,15318
2022-07-07 14:35:00,239.266,239.266,238.888,238.888,7867
2022-07-07 14:40:00,238.893,239.575,238.868,239.505,7956
2022-07-07 14:45:00,239.515,239.575,239.217,239.217,7742
2022-07-07 14:50:00,239.207,239.635,239.207,239.635,6905
2022-07-07 14:55:00,239.545,239.585,239.376,239.376,8165
2022-07-07 15:00:00,239.446,239.684,239.411,239.545,9337
2022-07-07 15:05:00,239.575,239.585,239.346,239.47,9182
2022-07-07 15:10:00,239.436,239.565,239.306,239.336,12250
2022-07-07 15:15:00,239.366,239.664,239.336,239.635,9055
2022-07-07 15:20:00,239.724,239.829,239.684,239.744,10295
2022-07-07 15:25:00,239.754,239.834,239.446,239.461,15728
2022-07-07 15:30:00,239.391,239.475,239.227,239.237,18027
2022-07-07 15:35:00,239.137,239.351,239.122,239.254,18455
2022-07-07 15:40:00,239.237,239.237,238.693,238.693,27183
2022-07-07 15:45:00,238.694,238.863,238.52,238.689,38977
2022-07-07 15:50:00,238.64,238.739,238.331,238.451,42941
2022-07-07 15:55:00,238.48,238.62,238.112,238.207,55412
2022-07-07 16:00:00,238.187,238.48,238.033,238.242,128678
2022-07-07 16:05:00,238.311,238.311,238.311,238.311,57511
2022-07-08 09:35:00,237.326,237.326,235.525,235.525,22128
2022-07-08 09:40:00,236.013,237.754,235.376,237.465,24875
2022-07-08 09:45:00,237.346,238.311,236.749,237.535,21558
2022-07-08 09:50:00,237.232,237.635,236.052,236.386,16176
2022-07-08 09:55:00,236.331,236.719,235.246,235.331,30610
2022-07-08 10:00:00,235.294,236.133,234.998,235.774,15411
2022-07-08 10:05:00,235.774,236.779,235.291,236.769,8618
2022-07-08 10:10:00,236.6,236.749,236.143,236.639,10754
2022-07-08 10:15:00,236.639,237.087,236.401,236.744,6808
2022-07-08 10:20:00,236.779,236.831,236.052,236.117,19384
2022-07-08 10:25:00,236.202,236.61,235.943,236.59,7616
2022-07-08 10:30:00,236.838,237.276,236.59,236.948,18211
2022-07-08 10:35:00,236.709,237.227,236.63,237.077,5243
2022-07-08 10:40:00,237.117,237.505,237.072,237.296,6504
2022-07-08 10:45:00,237.261,237.261,236.351,236.61,12395
2022-07-08 10:50:00,236.61,236.888,236.47,236.888,6280
2022-07-08 10:55:00,236.709,236.878,236.52,236.545,9747
2022-07-08 11:00:00,236.421,237.465,236.421,237.152,8280
2022-07-08 11:05:00,237.127,237.167,236.809,237.097,6895
2022-07-08 11:10:00,237.092,237.615,237.018,237.615,9779
2022-07-08 11:15:00,237.774,237.873,237.316,237.316,6623
2022-07-08 11:20:00,237.276,237.406,236.888,236.993,4063
2022-07-08 11:25:00,237.037,237.455,237.037,237.281,5258
2022-07-08 11:30:00,237.296,237.893,237.296,237.734,6503
2022-07-08 11:35:00,237.575,237.734,237.376,237.734,4079
2022-07-08 11:40:00,237.605,237.605,237.227,237.306,4642
2022-07-08 11:45:00,237.317,237.734,237.276,237.436,4900
2022-07-08 11:50:00,237.545,237.585,237.167,237.266,5345
2022-07-08 11:55:00,237.306,237.465,237.276,237.276,3393
2022-07-08 12:00:00,237.227,237.664,237.227,237.575,1996
2022-07-08 12:05:00,237.694,237.814,237.426,237.57,5137
2022-07-08 12:10:00,237.455,237.669,237.276,237.396,3713
2022-07-08 12:15:00,237.515,237.595,237.376,237.406,3172
2022-07-08 12:20:00,237.316,237.366,237.018,237.207,5842
2022-07-08 12:25:00,237.306,237.575,237.047,237.177,5928
2022-07-08 12:30:00,237.147,237.341,236.769,237.147,5776
2022-07-08 12:35:00,237.147,237.177,236.958,237.117,4935
2022-07-08 12:40:00,237.107,237.177,236.888,236.888,3513
2022-07-08 12:45:00,236.858,236.978,236.484,236.888,5705
2022-07-08 12:50:00,237.028,237.127,236.719,236.938,2799
2022-07-08 12:55:00,236.938,237.018,236.809,236.978,4297
2022-07-08 13:00:00,236.928,237.237,236.759,236.759,4916
2022-07-08 13:05:00,236.893,237.127,236.799,236.888,7379
2022-07-08 13:10:00,237.018,237.58,237.018,237.58,4591
2022-07-08 13:15:00,237.555,237.794,237.416,237.46,6913
2022-07-08 13:20:00,237.4,237.525,237.189,237.376,6679
2022-07-08 13:25:00,237.371,237.371,237.147,237.197,5500
2022-07-08 13:30:00,237.386,237.834,237.366,237.834,5528
2022-07-08 13:35:00,237.844,237.973,237.704,237.893,3784
2022-07-08 13:40:00,237.754,237.933,237.605,237.868,5665
2022-07-08 13:45:00,237.878,238.162,237.878,237.953,6138
2022-07-08 13:50:00,237.824,237.824,237.565,237.722,6888
2022-07-08 13:55:00,237.704,237.764,237.615,237.684,3749
2022-07-08 14:00:00,237.585,237.585,237.276,237.336,4836
2022-07-08 14:05:00,237.336,237.903,237.286,237.834,6372
2022-07-08 14:10:00,237.943,238.082,237.834,238.013,3591
2022-07-08 14:15:00,238.013,238.132,237.943,237.982,3850
2022-07-08 14:20:00,237.925,238.013,237.863,238.013,4180
2022-07-08 14:25:00,238.003,238.381,237.953,238.247,6233
2022-07-08 14:30:00,238.311,238.401,238.122,238.182,10540
2022-07-08 14:35:00,238.142,238.182,238.072,238.182,3348
2022-07-08 14:40:00,238.207,238.361,238.152,238.311,5719
2022-07-08 14:45:00,238.261,238.361,238.112,238.361,7729
2022-07-08 14:50:00,238.331,238.341,238.172,238.217,6504
2022-07-08 14:55:00,238.232,238.311,237.983,237.983,4675
2022-07-08 15:00:00,237.943,238.331,237.863,238.311,7359
2022-07-08 15:05:00,238.311,238.48,238.162,238.475,9912
2022-07-08 15:10:00,238.431,238.46,238.217,238.271,10786
2022-07-08 15:15:00,238.242,238.431,238.217,238.321,10864
2022-07-08 15:20:00,238.322,238.322,237.983,238.013,7018
2022-07-08 15:25:00,238.077,238.077,237.794,237.893,6863
2022-07-08 15:30:00,237.844,237.844,237.535,237.565,5706
2022-07-08 15:35:00,237.605,237.605,237.117,237.316,10366
2022-07-08 15:40:00,237.296,237.441,237.127,237.246,14092
2022-07-08 15:45:00,237.366,237.386,237.142,237.336,8931
2022-07-08 15:50:00,237.356,237.376,237.062,237.087,14742
2022-07-08 15:55:00,237.057,237.197,236.759,237.177,31339
2022-07-08 16:00:00,237.097,237.406,236.878,237.127,70003
2022-07-08 16:05:00,237.117,237.117,237.117,237.117,32120
2022-07-08 16:10:00,237.117,237.117,237.117,237.117,781
2022-07-11 09:35:00,235.077,239.286,234.848,239.286,23676
2022-07-11 09:40:00,238.64,238.779,237.704,237.903,7818
2022-07-11 09:45:00,237.654,238.65,237.445,238.411,29804
2022-07-11 09:50:00,238.197,239.316,238.137,239.127,29731
2022-07-11 09:55:00,239.097,240.212,239.058,239.525,14392
2022-07-11 10:00:00,239.563,240.435,239.563,240.381,40862
2022-07-11 10:05:00,240.346,240.56,239.689,239.689,14367
2022-07-11 10:10:00,239.645,240.689,239.527,240.689,24478
2022-07-11 10:15:00,240.59,242.441,240.59,242.441,20870
2022-07-11 10:20:00,242.406,242.466,241.704,241.903,20636
2022-07-11 10:25:00,241.893,242.013,241.147,241.197,18053
2022-07-11 10:30:00,241.201,241.296,240.421,240.968,11133
2022-07-11 10:35:00,240.928,240.997,240.097,240.232,15093
2022-07-11 10:40:00,240.043,240.859,239.898,240.859,12070
2022-07-11 10:45:00,240.799,241.256,240.724,241.172,12928
2022-07-11 10:50:00,241.306,241.485,241.207,241.485,6742
2022-07-11 10:55:00,241.396,241.466,240.769,240.988,7679
2022-07-11 11:00:00,241.028,241.028,240.575,240.859,13083
2022-07-11 11:05:00,240.789,241.436,240.789,241.203,8209
2022-07-11 11:10:00,241.301,241.626,241.167,241.565,7614
2022-07-11 11:15:00,241.485,241.703,241.147,241.227,7807
2022-07-11 11:20:00,241.137,241.296,240.605,240.605,8606
2022-07-11 11:25:00,240.689,240.739,240.102,240.311,6397
2022-07-11 11:30:00,240.192,240.789,240.192,240.55,7865
2022-07-11 11:35:00,240.64,241.028,240.546,240.729,9031
2022-07-11 11:40:00,240.704,240.769,240.033,240.55,10492
2022-07-11 11:45:00,240.436,240.451,240.102,240.451,7723
2022-07-11 11:50:00,240.605,240.749,240.451,240.66,5511
2022-07-11 11:55:00,240.58,240.65,240.271,240.271,6701
2022-07-11 12:00:00,240.311,240.689,240.162,240.281,6971
2022-07-11 12:05:00,240.227,240.51,240.132,240.281,7838
2022-07-11 12:10:00,240.381,240.471,240.202,240.202,6212
2022-07-11 12:15:00,240.053,240.306,240.043,240.202,6088
2022-07-11 12:20:00,240.232,240.56,240.222,240.545,19087
2022-07-11 12:25:00,240.52,240.59,240.132,240.281,8932
2022-07-11 12:30:00,240.311,240.49,240.232,240.381,6832
2022-07-11 12:35:00,240.366,240.371,239.854,239.998,9139
2022-07-11 12:40:00,240.053,240.57,240.053,240.461,7396
2022-07-11 12:45:00,240.637,240.637,240.182,240.276,6554
2022-07-11 12:50:00,240.212,240.281,239.933,239.933,13435
2022-07-11 12:55:00,239.973,240.063,239.849,240.033,8154
2022-07-11 13:00:00,240.092,240.779,240.087,240.729,9950
2022-07-11 13:05:00,240.67,241.197,240.5,240.809,11318
2022-07-11 13:10:00,240.809,241.058,240.431,240.958,9347
2022-07-11 13:15:00,240.913,241.078,240.829,240.918,6200
2022-07-11 13:20:00,240.948,241.227,240.948,241.162,8354
2022-07-11 13:25:00,241.127,241.267,240.928,241.068,6613
2022-07-11 13:30:00,240.938,241.177,240.893,241.107,7217
2022-07-11 13:35:00,241.048,241.267,240.888,241.147,10990
2022-07-11 13:40:00,241.237,241.675,241.237,241.675,7767
2022-07-11 13:45:00,241.665,241.744,241.406,241.714,10775
2022-07-11 13:50:00,241.565,241.59,241.227,241.351,11050
2022-07-11 13:55:00,241.396,241.804,241.351,241.744,6311
2022-07-11 14:00:00,241.685,241.943,241.585,241.585,9352
2022-07-11 14:05:00,241.545,241.545,241.247,241.331,5013
2022-07-11 14:10:00,241.262,241.485,241.257,241.346,8007
2022-07-11 14:15:00,241.252,241.252,240.799,240.908,8153
2022-07-11 14:20:00,240.893,241.003,240.48,240.948,7531
2022-07-11 14:25:00,240.978,241.177,240.938,241.177,5048
2022-07-11 14:30:00,241.087,241.326,241.048,241.117,8144
2022-07-11 14:35:00,241.058,241.068,240.769,240.968,7236
2022-07-11 14:40:00,240.968,241.157,240.968,241.038,5433
2022-07-11 14:45:00,241.008,241.227,241.008,241.137,6554
2022-07-11 14:50:00,241.059,241.267,241.028,241.028,7232
2022-07-11 14:55:00,240.978,240.978,240.63,240.63,11904
2022-07-11 15:00:00,240.679,240.938,240.679,240.789,9123
2022-07-11 15:05:00,240.729,240.878,240.62,240.679,12596
2022-07-11 15:10:00,240.684,240.888,240.62,240.72,16232
2022-07-11 15:15:00,240.734,240.779,240.562,240.774,14506
2022-07-11 15:20:00,240.729,240.789,240.545,240.61,12079
2022-07-11 15:25:00,240.54,240.58,240.212,240.391,12974
2022-07-11 15:30:00,240.267,240.56,240.267,240.48,17570
2022-07-11 15:35:00,240.431,240.809,240.431,240.52,15057
2022-07-11 15:40:00,240.49,240.59,240.142,240.286,22782
2022-07-11 15:45:00,240.366,240.451,240.063,240.212,24199
2022-07-11 15:50:00,240.222,240.331,240.053,240.177,29228
2022-07-11 15:55:00,240.008,240.242,239.854,240.192,57864
2022-07-11 16:00:00,240.162,240.779,240.112,240.769,111067
2022-07-11 16:05:00,240.769,240.769,240.769,240.769,11575
2022-07-11 16:10:00,240.769,240.769,240.769,240.769,150
2022-07-12 05:40:00,240.013,240.013,240.013,240.013,144
2022-07-12 07:50:00,240.411,241.068,240.411,241.068,412
2022-07-12 09:10:00,240.809,240.809,240.809,240.809,100
2022-07-12 09:35:00,243.874,245.127,242.411,244.942,35091
2022-07-12 09:40:00,245.147,248.396,245.147,248.272,36204
2022-07-12 09:45:00,248.222,248.66,246.62,247.337,20298
2022-07-12 09:50:00,247.157,248.789,246.73,248.048,37241
2022-07-12 09:55:00,247.919,248.531,247.784,248.371,34935
2022-07-12 10:00:00,248.272,248.73,248.113,248.113,36147
2022-07-12 10:05:00,247.645,247.715,246.934,247.366,47912
2022-07-12 10:10:00,247.297,247.695,246.57,247.595,23651
2022-07-12 10:15:00,247.416,248.376,247.277,247.623,22481
2022-07-12 10:20:00,247.774,248.909,247.774,248.909,40259
2022-07-12 10:25:00,249.068,249.088,248.305,248.769,34524
2022-07-12 10:30:00,248.769,249.317,247.973,247.973,47733
2022-07-12 10:35:00,247.939,248.904,247.496,248.819,27794
2022-07-12 10:40:00,248.804,249.844,248.59,249.585,36486
2022-07-12 10:45:00,249.58,249.58,248.148,248.824,35428
2022-07-12 10:50:00,249.128,250.934,248.978,250.048,32236
2022-07-12 10:55:00,250.038,250.043,249.177,249.177,11568
2022-07-12 11:00:00,249.282,249.282,248.267,248.366,19793
2022-07-12 11:05:00,248.471,248.56,247.595,247.652,13922
2022-07-12 11:10:00,247.476,247.995,247.476,247.993,9926
2022-07-12 11:15:00,248.103,248.511,247.979,248.013,11819
2022-07-12 11:20:00,248.038,248.262,247.416,247.456,9620
2022-07-12 11:25:00,247.488,247.953,247.307,247.934,10608
2022-07-12 11:30:00,248.023,248.361,247.904,248.312,9790
2022-07-12 11:35:00,248.342,248.859,248.342,248.859,9191
2022-07-12 11:40:00,248.859,248.954,247.764,247.953,19733
2022-07-12 11:45:00,247.904,248.252,247.735,247.963,14339
2022-07-12 11:50:00,247.934,248.421,247.705,248.421,19798
2022-07-12 11:55:00,248.287,248.386,247.884,248.133,39485
2022-07-12 12:00:00,248.114,248.899,248.093,248.899,13767
2022-07-12 12:05:00,248.899,248.998,248.456,248.904,13212
2022-07-12 12:10:00,248.929,249.018,248.705,248.959,14992
2022-07-12 12:15:00,248.879,249.083,248.769,249.083,10805
2022-07-12 12:20:00,249.088,249.108,248.789,248.879,8358
2022-07-12 12:25:00,248.939,249.138,248.859,249.118,13655
2022-07-12 12:30:00,249.158,249.615,249.128,249.615,16612
2022-07-12 12:35:00,249.635,249.73,249.247,249.497,12900
2022-07-12 12:40:00,249.376,249.804,248.919,249.068,26087
2022-07-12 12:45:00,249.098,249.108,248.441,248.879,10553
2022-07-12 12:50:00,248.899,248.939,248.75,248.924,6930
2022-07-12 12:55:00,248.914,249.143,248.511,249.143,12827
2022-07-12 13:00:00,248.978,249.018,248.69,249.008,17261
2022-07-12 13:05:00,249.187,249.352,248.68,248.939,14318
2022-07-12 13:10:00,248.968,249.028,248.73,249.028,10542
2022-07-12 13:15:00,248.968,249.138,248.541,248.551,8984
2022-07-12 13:20:00,248.575,248.74,248.481,248.481,8158
2022-07-12 13:25:00,248.426,248.426,248.103,248.352,9550
2022-07-12 13:30:00,248.294,248.294,247.983,248.182,7966
2022-07-12 13:35:00,248.222,248.232,247.774,247.829,8839
2022-07-12 13:40:00,247.585,248.033,247.585,248.023,14009
2022-07-12 13:45:00,247.924,248.192,247.745,247.745,12011
2022-07-12 13:50:00,247.774,247.87,247.426,247.426,17106
2022-07-12 13:55:00,247.347,247.774,247.337,247.774,7724
2022-07-12 14:00:00,247.784,247.784,247.456,247.56,5155
2022-07-12 14:05:00,247.536,247.555,246.819,246.819,8703
2022-07-12 14:10:00,246.799,246.978,246.765,246.765,7972
2022-07-12 14:15:00,246.849,247.147,246.849,246.968,9148
2022-07-12 14:20:00,246.948,247.018,246.74,246.829,8910
2022-07-12 14:25:00,246.919,246.998,246.61,246.67,11185
2022-07-12 14:30:00,246.68,246.744,246.531,246.635,7616
2022-07-12 14:35:00,246.789,246.789,246.302,246.302,7901
2022-07-12 14:40:00,246.361,246.511,246.332,246.361,8080
2022-07-12 14:45:00,246.371,246.471,246.302,246.42,8184
2022-07-12 14:50:00,246.371,246.401,246.073,246.073,10027
2022-07-12 14:55:00,246.053,246.053,245.62,245.635,11008
2022-07-12 15:00:00,245.6,245.645,245.341,245.414,9188
2022-07-12 15:05:00,245.356,245.386,244.66,244.749,18749
2022-07-12 15:10:00,244.734,245.053,244.695,244.734,15619
2022-07-12 15:15:00,244.734,245.038,244.56,245.038,12969
2022-07-12 15:20:00,244.986,245.222,244.809,245.192,15797
2022-07-12 15:25:00,245.194,245.287,244.68,244.779,9643
2022-07-12 15:30:00,244.769,245.197,244.769,244.919,16925
2022-07-12 15:35:00,244.923,245.098,244.436,244.436,15808
2022-07-12 15:40:00,244.501,244.6,244.162,244.511,19814
2022-07-12 15:45:00,244.441,244.804,244.292,244.71,16631
2022-07-12 15:50:00,244.739,245.326,244.65,245.257,31596
2022-07-12 15:55:00,245.108,245.526,244.889,245.506,59229
2022-07-12 16:00:00,245.416,245.655,245.182,245.406,91416
2022-07-12 16:05:00,245.346,245.346,245.346,245.346,30420
2022-07-12 16:15:00,245.239,245.239,245.239,245.239,10500
2022-07-12 19:55:00,245.675,245.675,245.675,245.675,200
2022-07-13 06:05:00,244.152,244.152,244.152,244.152,377
2022-07-13 07:50:00,242.451,242.451,241.028,241.028,520
2022-07-13 08:35:00,239.326,239.326,238.819,238.819,1206
2022-07-13 08:50:00,238.819,238.819,238.819,238.819,100
2022-07-13 09:30:00,238.719,238.719,238.719,238.719,333
2022-07-13 09:35:00,238.819,239.854,236.729,237.167,70302
2022-07-13 09:40:00,236.998,241.774,236.699,241.774,33853
2022-07-13 09:45:00,241.67,241.859,239.127,239.316,32338
2022-07-13 09:50:00,239.028,240.291,238.814,240.291,20294
2022-07-13 09:55:00,240.286,240.451,239.326,239.456,20040
2022-07-13 10:00:00,239.605,240.52,239.013,240.52,18614
2022-07-13 10:05:00,240.61,240.61,239.276,239.6,18573
2022-07-13 10:10:00,239.505,240.043,239.077,239.197,23980
2022-07-13 10:15:00,239.209,239.655,239.197,239.461,16780
2022-07-13 10:20:00,239.475,239.724,238.685,238.938,11445
2022-07-13 10:25:00,238.908,239.465,238.58,239.087,8236
2022-07-13 10:30:00,238.839,239.674,238.764,239.207,9042
2022-07-13 10:35:00,239.127,240.699,238.908,240.699,14069
2022-07-13 10:40:00,240.719,241.485,240.62,241.485,38634
2022-07-13 10:45:00,241.376,242.61,241.311,242.61,22039
2022-07-13 10:50:00,242.65,243.297,242.341,242.978,31196
2022-07-13 10:55:00,242.918,243.565,242.884,243.187,19541
2022-07-13 11:00:00,243.267,244.252,243.267,243.764,44025
2022-07-13 11:05:00,243.864,243.864,242.998,243.297,19498
2022-07-13 11:10:00,243.316,243.983,243.232,243.665,19566
2022-07-13 11:15:00,243.61,243.714,243.137,243.466,16067
2022-07-13 11:20:00,243.426,243.68,243.033,243.033,11819
2022-07-13 11:25:00,243.107,243.894,243.107,243.799,13527
2022-07-13 11:30:00,243.655,243.655,243.137,243.535,13987
2022-07-13 11:35:00,243.545,244.043,243.545,243.784,10573
2022-07-13 11:40:00,243.685,243.968,243.605,243.724,13478
2022-07-13 11:45:00,243.724,243.774,243.381,243.461,11737
2022-07-13 11:50:00,243.456,243.658,243.257,243.645,13756
2022-07-13 11:55:00,243.705,244.252,243.58,243.874,10584
2022-07-13 12:00:00,243.839,244.003,243.515,243.52,9741
2022-07-13 12:05:00,243.615,244.262,243.585,244.262,7979
2022-07-13 12:10:00,244.172,244.63,244.142,244.341,7396
2022-07-13 12:15:00,244.093,244.292,244.013,244.227,7542
2022-07-13 12:20:00,244.182,244.292,243.844,244.292,5194
2022-07-13 12:25:00,244.341,244.356,243.794,244.182,10873
2022-07-13 12:30:00,244.103,244.461,243.933,244.461,5517
2022-07-13 12:35:00,244.371,244.799,244.048,244.491,26233
2022-07-13 12:40:00,244.53,244.53,244.093,244.272,4227
2022-07-13 12:45:00,244.341,244.341,243.804,244.108,5793
2022-07-13 12:50:00,244.122,244.122,243.575,243.799,4620
2022-07-13 12:55:00,243.705,244.222,243.62,244.207,8302
2022-07-13 13:00:00,244.242,244.71,244.242,244.71,8037
2022-07-13 13:05:00,244.734,245.351,244.491,244.849,15352
2022-07-13 13:10:00,244.943,244.978,244.65,244.799,9429
2022-07-13 13:15:00,244.729,244.889,244.729,244.839,6887
2022-07-13 13:20:00,244.968,244.988,243.894,243.924,7556
2022-07-13 13:25:00,244.003,244.58,244.003,244.58,3761
2022-07-13 13:30:00,244.54,244.54,244.222,244.361,3105
2022-07-13 13:35:00,244.341,244.396,243.844,244.122,6522
2022-07-13 13:40:00,244.093,244.152,243.913,243.913,4117
2022-07-13 13:45:00,243.798,244.511,243.798,244.511,5571
2022-07-13 13:50:00,244.401,244.585,244.361,244.585,5131
2022-07-13 13:55:00,244.605,244.65,244.451,244.451,4398
2022-07-13 14:00:00,244.242,244.57,244.142,244.486,4240
2022-07-13 14:05:00,244.182,244.182,243.068,243.068,8462
2022-07-13 14:10:00,243.028,243.436,243.028,243.257,6553
2022-07-13 14:15:00,243.187,243.809,243.147,243.809,4619
2022-07-13 14:20:00,243.884,243.884,243.396,243.854,6515
2022-07-13 14:25:00,243.824,244.202,243.462,244.028,5123
2022-07-13 14:30:00,244.112,244.487,243.913,244.487,9083
2022-07-13 14:35:00,244.476,244.849,244.202,244.557,9957
2022-07-13 14:40:00,244.71,244.839,244.461,244.7,7895
2022-07-13 14:45:00,244.67,244.856,244.62,244.63,10210
2022-07-13 14:50:00,244.62,244.874,244.481,244.481,9779
2022-07-13 14:55:00,244.6,244.819,244.57,244.58,7678
2022-07-13 15:00:00,244.68,245.038,244.222,245.038,11091
2022-07-13 15:05:00,245.167,245.167,244.779,244.789,7553
2022-07-13 15:10:00,244.789,244.849,244.212,244.451,13129
2022-07-13 15:15:00,244.555,244.948,244.501,244.819,8047
2022-07-13 15:20:00,244.829,244.829,244.57,244.71,6087
2022-07-13 15:25:00,244.769,244.769,244.476,244.52,9199
2022-07-13 15:30:00,244.52,244.52,244.262,244.302,9616
2022-07-13 15:35:00,244.302,244.302,244.003,244.003,9541
2022-07-13 15:40:00,243.933,244.63,243.933,244.63,17751
2022-07-13 15:45:00,244.6,244.6,244.277,244.361,22867
2022-07-13 15:50:00,244.351,244.54,244.122,244.535,25832
2022-07-13 15:55:00,244.53,244.859,244.257,244.769,47761
2022-07-13 16:00:00,244.759,244.859,244.456,244.511,117653
2022-07-13 16:05:00,244.511,244.511,244.511,244.511,10246
2022-07-14 08:15:00,237.605,237.605,237.605,237.605,200
2022-07-14 09:30:00,240.978,240.978,240.978,240.978,150
2022-07-14 09:35:00,241.078,241.874,240.6,241.087,20875
2022-07-14 09:40:00,240.874,242.56,240.65,242.55,19209
2022-07-14 09:45:00,242.252,242.769,240.882,240.882,13881
2022-07-14 09:50:00,240.58,241.426,240.52,241.097,9720
2022-07-14 09:55:00,240.859,242.202,240.859,241.734,18831
2022-07-14 10:00:00,241.824,242.043,240.973,241.635,11521
2022-07-14 10:05:00,241.555,241.943,240.6,240.6,12998
2022-07-14 10:10:00,240.53,241.137,240.49,240.729,10049
2022-07-14 10:15:00,240.829,241.426,240.291,241.112,10293
2022-07-14 10:20:00,240.988,241.033,239.724,240.152,7378
2022-07-14 10:25:00,240.142,240.441,239.893,240.072,9460
2022-07-14 10:30:00,239.903,240.769,239.903,240.709,13016
2022-07-14 10:35:00,240.704,240.704,239.794,239.794,14260
2022-07-14 10:40:00,239.645,239.978,239.396,239.928,16507
2022-07-14 10:45:00,239.834,240.441,239.814,240.262,7704
2022-07-14 10:50:00,240.232,240.781,240.152,240.66,8411
2022-07-14 10:55:00,240.67,240.67,240.082,240.53,10425
2022-07-14 11:00:00,240.59,240.635,240.162,240.391,7619
2022-07-14 11:05:00,240.874,241.257,240.568,240.963,11997
2022-07-14 11:10:00,240.963,241.147,240.64,241.147,7171
2022-07-14 11:15:00,241.157,241.257,240.901,240.901,4723
2022-07-14 11:20:00,240.898,241.366,240.58,241.366,9628
2022-07-14 11:25:00,241.326,242.003,241.267,241.849,9933
2022-07-14 11:30:00,241.784,242.018,241.758,241.938,5623
2022-07-14 11:35:00,242.12,242.799,242.051,242.67,14667
2022-07-14 11:40:00,242.62,243.217,242.262,243.098,28539
2022-07-14 11:45:00,243.287,243.953,243.257,243.366,17973
2022-07-14 11:50:00,243.406,243.575,243.326,243.326,4796
2022-07-14 11:55:00,243.127,243.127,242.889,242.933,6057
2022-07-14 12:00:00,242.978,243.525,242.849,243.436,12019
2022-07-14 12:05:00,243.481,243.53,243.227,243.461,12065
2022-07-14 12:10:00,243.396,243.456,243.023,243.023,3761
2022-07-14 12:15:00,242.958,243.028,242.62,242.913,11211
2022-07-14 12:20:00,242.859,243.112,242.222,242.958,12511
2022-07-14 12:25:00,242.938,242.998,242.61,242.61,5206
2022-07-14 12:30:00,242.59,242.61,242.252,242.252,3464
2022-07-14 12:35:00,242.272,242.911,242.272,242.62,11353
2022-07-14 12:40:00,242.6,242.68,242.391,242.5,4266
2022-07-14 12:45:00,242.341,242.341,242.028,242.122,2948
2022-07-14 12:50:00,242.137,242.137,241.396,241.685,7697
2022-07-14 12:55:00,241.724,242.252,241.724,242.182,5333
2022-07-14 13:00:00,242.242,242.58,242.232,242.505,4529
2022-07-14 13:05:00,242.411,242.421,242.122,242.122,5412
2022-07-14 13:10:00,242.063,242.331,242.003,242.195,5429
2022-07-14 13:15:00,242.272,242.321,242.147,242.227,7230
2022-07-14 13:20:00,242.272,242.799,242.073,242.789,14427
2022-07-14 13:25:00,242.799,242.879,242.51,242.51,9617
2022-07-14 13:30:00,242.471,242.58,242.262,242.321,8202
2022-07-14 13:35:00,242.262,242.282,241.734,241.734,7815
2022-07-14 13:40:00,241.724,242.102,241.724,242.043,7169
2022-07-14 13:45:00,242.073,242.321,242.073,242.197,5463
2022-07-14 13:50:00,242.132,242.381,242.107,242.321,6407
2022-07-14 13:55:00,242.192,242.51,241.864,242.222,6828
2022-07-14 14:00:00,242.222,242.431,242.222,242.321,7064
2022-07-14 14:05:00,242.331,242.849,242.212,242.774,7746
2022-07-14 14:10:00,242.774,242.899,242.58,242.709,7882
2022-07-14 14:15:00,242.68,242.68,242.398,242.5,4688
2022-07-14 14:20:00,242.461,243.137,242.461,243.068,7951
2022-07-14 14:25:00,243.028,243.466,243.028,243.257,12250
2022-07-14 14:30:00,243.346,243.615,243.197,243.506,22480
2022-07-14 14:35:00,243.535,243.729,243.525,243.585,6135
2022-07-14 14:40:00,243.555,243.819,243.466,243.675,6440
2022-07-14 14:45:00,243.515,243.525,242.749,242.859,6472
2022-07-14 14:50:00,242.859,242.889,242.57,242.869,8155
2022-07-14 14:55:00,242.958,242.968,242.416,242.6,26870
2022-07-14 15:00:00,242.839,243.366,242.839,243.157,4621
2022-07-14 15:05:00,243.267,243.267,242.819,242.918,6613
2022-07-14 15:10:00,242.784,242.879,242.56,242.704,5613
2022-07-14 15:15:00,242.51,243.038,242.51,243.018,7562
2022-07-14 15:20:00,242.988,242.998,242.62,242.908,7280
2022-07-14 15:25:00,242.963,243.346,242.963,243.257,9374
2022-07-14 15:30:00,243.207,243.207,242.998,243.207,6849
2022-07-14 15:35:00,243.207,243.461,243.102,243.207,10585
2022-07-14 15:40:00,243.137,243.177,242.839,242.908,11418
2022-07-14 15:45:00,242.928,243.267,242.889,243.177,12834
2022-07-14 15:50:00,243.237,243.277,242.799,242.998,19861
2022-07-14 15:55:00,242.998,243.436,242.998,243.376,38989
2022-07-14 16:00:00,243.406,243.685,243.227,243.376,74596
2022-07-14 16:05:00,243.237,243.237,243.237,243.237,14023
2022-07-15 09:35:00,247.396,247.834,245.874,246.6,46335
2022-07-15 09:40:00,246.73,247.585,246.501,246.929,15051
2022-07-15 09:45:00,247.187,247.187,245.406,245.516,5594
2022-07-15 09:50:00,245.147,245.545,244.859,244.958,6382
2022-07-15 09:55:00,244.715,244.715,243.685,243.824,8038
2022-07-15 10:00:00,243.804,244.948,243.714,244.6,9702
2022-07-15 10:05:00,244.849,246.54,244.813,246.471,16678
2022-07-15 10:10:00,246.421,246.57,244.919,244.928,16429
2022-07-15 10:15:00,245.118,245.914,245.038,245.247,7048
2022-07-15 10:20:00,245.326,245.725,245.257,245.595,7356
2022-07-15 10:25:00,245.625,245.625,245.088,245.595,9134
2022-07-15 10:30:00,245.526,245.904,245.277,245.904,8422
2022-07-15 10:35:00,246.123,246.316,245.908,246.068,7116
2022-07-15 10:40:00,245.943,246.043,245.277,245.317,6757
2022-07-15 10:45:00,245.336,245.919,245.262,245.396,8313
2022-07-15 10:50:00,245.396,245.874,245.396,245.874,9700
2022-07-15 10:55:00,245.834,246.043,245.585,246.043,6159
2022-07-15 11:00:00,245.864,246.222,245.864,246.222,4059
2022-07-15 11:05:00,246.187,246.471,245.983,246.461,5934
2022-07-15 11:10:00,246.441,246.59,246.247,246.56,7597
2022-07-15 11:15:00,246.608,246.824,246.391,246.436,13259
2022-07-15 11:20:00,246.491,246.595,246.262,246.486,6372
2022-07-15 11:25:00,246.57,247.038,246.555,246.65,5088
2022-07-15 11:30:00,246.616,246.616,245.904,245.978,7163
2022-07-15 11:35:00,246.013,246.54,245.884,246.247,9712
2022-07-15 11:40:00,246.242,246.431,246.237,246.277,7684
2022-07-15 11:45:00,246.172,246.172,245.854,245.914,4473
2022-07-15 11:50:00,245.824,246.018,245.645,246.018,7023
2022-07-15 11:55:00,245.789,246.137,245.605,245.835,5364
2022-07-15 12:00:00,245.829,246.536,245.754,246.322,16478
2022-07-15 12:05:00,246.252,246.391,246.083,246.267,6894
2022-07-15 12:10:00,246.172,246.182,245.366,245.366,4021
2022-07-15 12:15:00,245.336,245.396,245.008,245.326,6617
2022-07-15 12:20:00,245.24,245.401,245.24,245.356,5501
2022-07-15 12:25:00,245.336,245.401,244.729,244.819,5474
2022-07-15 12:30:00,244.829,244.899,244.759,244.759,4573
2022-07-15 12:35:00,244.729,244.829,244.411,244.421,6215
2022-07-15 12:40:00,244.471,244.739,244.446,244.511,6076
2022-07-15 12:45:00,244.52,244.59,244.371,244.461,6688
2022-07-15 12:50:00,244.344,244.401,244.162,244.162,6256
2022-07-15 12:55:00,244.112,244.431,244.103,244.272,5589
2022-07-15 13:00:00,244.202,244.202,243.953,244.043,5079
2022-07-15 13:05:00,243.983,244.302,243.983,244.302,8482
2022-07-15 13:10:00,244.361,244.859,244.361,244.759,9809
2022-07-15 13:15:00,244.829,244.928,244.69,244.7,4440
2022-07-15 13:20:00,244.69,244.69,244.53,244.63,6562
2022-07-15 13:25:00,244.471,244.471,244.162,244.162,5779
2022-07-15 13:30:00,244.083,244.152,243.804,244.152,7819
2022-07-15 13:35:00,244.093,244.491,244.003,244.491,4213
2022-07-15 13:40:00,244.411,244.411,244.018,244.033,4315
2022-07-15 13:45:00,243.943,244.033,243.884,244.033,10067
2022-07-15 13:50:00,244.192,244.222,244.083,244.093,4547
2022-07-15 13:55:00,244.013,244.302,243.928,243.928,8588
2022-07-15 14:00:00,243.963,244.272,243.938,244.142,8025
2022-07-15 14:05:00,244.122,244.137,243.943,244.043,7247
2022-07-15 14:10:00,244.093,244.172,243.988,244.033,4656
2022-07-15 14:15:00,244.093,244.172,243.754,243.814,6862
2022-07-15 14:20:00,243.824,243.909,243.774,243.909,5214
2022-07-15 14:25:00,243.844,243.869,243.615,243.663,5653
2022-07-15 14:30:00,243.754,243.754,243.381,243.381,7370
2022-07-15 14:35:00,243.466,243.744,243.247,243.51,12780
2022-07-15 14:40:00,243.466,243.535,243.426,243.426,3548
2022-07-15 14:45:00,243.406,243.466,243.356,243.396,5109
2022-07-15 14:50:00,243.239,243.416,243.227,243.321,4178
2022-07-15 14:55:00,243.356,243.366,243.137,243.277,6646
2022-07-15 15:00:00,243.277,243.66,243.277,243.416,8622
2022-07-15 15:05:00,243.386,243.993,243.386,243.993,7653
2022-07-15 15:10:00,244.112,244.227,243.913,244.053,6698
2022-07-15 15:15:00,244.003,244.003,243.426,243.506,14254
2022-07-15 15:20:00,243.406,243.406,242.938,243.107,17898
2022-07-15 15:25:00,243.127,243.386,242.61,242.729,37362
2022-07-15 15:30:00,242.769,243.147,242.714,243.127,21993
2022-07-15 15:35:00,243.147,243.257,242.978,243.028,19285
2022-07-15 15:40:00,243.197,243.655,243.197,243.655,16922
2022-07-15 15:45:00,243.645,244.013,243.555,244.003,15425
2022-07-15 15:50:00,243.983,244.172,243.909,244.073,21875
2022-07-15 15:55:00,244.142,244.242,243.545,244.192,43815
2022-07-15 16:00:00,244.112,244.69,244.023,244.511,78729
2022-07-15 16:05:00,244.361,244.361,244.361,244.361,18841
2022-07-15 16:15:00,244.361,244.361,244.199,244.199,16546
2022-07-15 16:55:00,241.008,241.008,241.008,241.008,100
2022-07-15 17:10:00,243.714,243.714,241.605,242.411,700
2022-07-15 17:25:00,244.292,244.292,244.292,244.292,301
2022-07-18 09:25:00,277.627,277.627,277.627,277.627,100
2022-07-18 09:35:00,244.899,245.874,244.719,245.212,21218
2022-07-18 09:40:00,244.839,244.839,243.008,243.147,11968
2022-07-18 09:45:00,242.591,244.909,242.102,244.605,16551
2022-07-18 09:50:00,244.202,244.282,243.157,243.724,13636
2022-07-18 09:55:00,243.545,243.904,243.127,243.904,10674
2022-07-18 10:00:00,243.705,244.177,243.476,243.476,9922
2022-07-18 10:05:00,243.615,243.814,242.769,242.819,11811
2022-07-18 10:10:00,242.804,242.804,241.257,241.804,21781
2022-07-18 10:15:00,241.719,241.923,241.495,241.923,21990
2022-07-18 10:20:00,241.714,242.59,241.714,242.481,21172
2022-07-18 10:25:00,242.58,242.67,242.102,242.63,12351
2022-07-18 10:30:00,242.55,242.988,242.51,242.769,10649
2022-07-18 10:35:00,242.799,243.506,242.799,243.506,10667
2022-07-18 10:40:00,243.551,243.884,243.476,243.834,7676
2022-07-18 10:45:00,243.884,244.172,243.565,243.565,4727
2022-07-18 10:50:00,243.476,243.794,243.253,243.784,10195
2022-07-18 10:55:00,243.729,244.093,243.685,244.093,6666
2022-07-18 11:00:00,244.083,244.083,243.754,243.794,3504
2022-07-18 11:05:00,243.794,243.996,243.705,243.854,11997
2022-07-18 11:10:00,243.864,243.864,243.506,243.675,8567
2022-07-18 11:15:00,243.744,243.769,243.231,243.406,6297
2022-07-18 11:20:00,243.406,243.486,243.297,243.476,7761
2022-07-18 11:25:00,243.535,243.565,243.396,243.396,4243
2022-07-18 11:30:00,243.297,243.714,243.297,243.575,5858
2022-07-18 11:35:00,243.544,243.904,243.456,243.794,5189
2022-07-18 11:40:00,243.864,244.043,243.864,243.983,3873
2022-07-18 11:45:00,243.854,243.933,243.724,243.864,9402
2022-07-18 11:50:00,243.858,244.053,243.754,244.053,13023
2022-07-18 11:55:00,244.063,244.511,244.013,244.331,9727
2022-07-18 12:00:00,244.411,244.411,244.142,244.192,12617
2022-07-18 12:05:00,244.167,244.252,244.023,244.152,6172
2022-07-18 12:10:00,244.073,244.282,243.844,244.028,6809
2022-07-18 12:15:00,243.973,244.142,243.913,244.083,4390
2022-07-18 12:20:00,244.003,244.003,243.744,243.834,6894
2022-07-18 12:25:00,243.933,243.953,243.66,243.834,7132
2022-07-18 12:30:00,243.844,243.859,243.695,243.719,9170
2022-07-18 12:35:00,243.854,244.038,243.854,243.983,3088
2022-07-18 12:40:00,243.973,244.078,243.854,243.854,3197
2022-07-18 12:45:00,243.814,244.053,243.794,244.044,3505
2022-07-18 12:50:00,244.053,244.321,244.023,244.182,3835
2022-07-18 12:55:00,244.162,244.192,243.968,243.968,4076
2022-07-18 13:00:00,243.894,243.904,243.257,243.456,4801
2022-07-18 13:05:00,243.565,243.933,243.565,243.864,7047
2022-07-18 13:10:00,243.829,243.894,243.774,243.794,3657
2022-07-18 13:15:00,243.714,243.874,243.675,243.754,4827
2022-07-18 13:20:00,243.769,243.769,243.441,243.496,5253
2022-07-18 13:25:00,243.486,243.784,243.426,243.66,11417
2022-07-18 13:30:00,243.615,244.093,243.615,243.933,13974
2022-07-18 13:35:00,243.938,244.008,243.306,243.366,8055
2022-07-18 13:40:00,243.302,243.491,243.157,243.491,8492
2022-07-18 13:45:00,243.446,243.545,243.336,243.496,6340
2022-07-18 13:50:00,243.431,243.864,243.386,243.709,13930
2022-07-18 13:55:00,243.729,243.923,243.59,243.635,20674
2022-07-18 14:00:00,243.515,243.55,242.59,242.789,8987
2022-07-18 14:05:00,242.834,243.197,242.819,243.127,7358
2022-07-18 14:10:00,243.162,243.167,243.038,243.167,5563
2022-07-18 14:15:00,242.869,242.869,242.58,242.699,3530
2022-07-18 14:20:00,242.729,243.033,242.729,243.018,3261
2022-07-18 14:25:00,242.968,243.068,242.63,242.63,3887
2022-07-18 14:30:00,242.361,242.461,242.227,242.351,5649
2022-07-18 14:35:00,242.296,242.918,242.172,242.879,8523
2022-07-18 14:40:00,242.799,242.948,242.679,242.829,7037
2022-07-18 14:45:00,242.834,242.834,242.461,242.68,12941
2022-07-18 14:50:00,242.635,242.889,242.58,242.709,7183
2022-07-18 14:55:00,242.55,242.819,242.5,242.769,16079
2022-07-18 15:00:00,242.779,242.799,242.391,242.505,11397
2022-07-18 15:05:00,242.65,242.739,242.495,242.64,10571
2022-07-18 15:10:00,242.699,242.829,242.685,242.809,5747
2022-07-18 15:15:00,242.759,242.759,242.481,242.758,9838
2022-07-18 15:20:00,242.749,242.908,242.63,242.889,8544
2022-07-18 15:25:00,242.918,242.958,242.481,242.53,13726
2022-07-18 15:30:00,242.491,242.665,242.287,242.287,9471
2022-07-18 15:35:00,242.162,242.162,241.784,241.973,15217
2022-07-18 15:40:00,241.913,241.948,241.192,241.207,20355
2022-07-18 15:45:00,241.237,241.436,240.878,241.267,25860
2022-07-18 15:50:00,241.262,241.336,240.988,241.053,65415
2022-07-18 15:55:00,241.068,241.933,240.988,241.804,87781
2022-07-18 16:00:00,241.744,242.431,241.6,241.973,145875
2022-07-18 16:05:00,242.053,242.053,242.053,242.053,10570
2022-07-18 17:35:00,242.053,242.053,242.053,242.053,1000
2022-07-19 09:35:00,244.998,245.038,243.794,243.794,24434
2022-07-19 09:40:00,243.794,244.62,243.794,244.461,27237
2022-07-19 09:45:00,244.252,244.252,242.62,242.918,8019
2022-07-19 09:50:00,242.66,242.799,241.854,242.411,9472
2022-07-19 09:55:00,242.471,242.869,242.311,242.58,14100
2022-07-19 10:00:00,242.426,242.789,242.055,242.54,13270
2022-07-19 10:05:00,242.819,243.535,242.819,243.491,8456
2022-07-19 10:10:00,243.391,244.501,243.297,244.501,7640
2022-07-19 10:15:00,244.54,245.137,244.262,244.899,10309
2022-07-19 10:20:00,244.928,245.237,244.64,245.177,19187
2022-07-19 10:25:00,245.301,245.7,245.287,245.615,8111
2022-07-19 10:30:00,245.426,245.953,245.346,245.784,7515
2022-07-19 10:35:00,245.804,245.933,245.172,245.172,5883
2022-07-19 10:40:00,245.078,245.476,244.914,244.968,7922
2022-07-19 10:45:00,244.948,245.137,244.719,245.098,10832
2022-07-19 10:50:00,245.118,245.565,245.108,245.446,11494
2022-07-19 10:55:00,245.496,246.212,245.496,246.167,16017
2022-07-19 11:00:00,246.088,246.232,245.814,245.889,6906
2022-07-19 11:05:00,245.919,246.282,245.884,245.914,6568
2022-07-19 11:10:00,245.894,246.212,245.695,245.963,16277
2022-07-19 11:15:00,245.904,246.003,245.774,246.003,7745
2022-07-19 11:20:00,246.059,246.202,245.162,245.257,8468
2022-07-19 11:25:00,245.252,245.376,245.008,245.257,10395
2022-07-19 11:30:00,245.297,245.884,245.297,245.705,5617
2022-07-19 11:35:00,245.665,246.252,245.665,246.152,5771
2022-07-19 11:40:00,246.182,246.202,245.859,246.073,10504
2022-07-19 11:45:00,245.953,246.033,245.585,245.585,6882
2022-07-19 11:50:00,245.585,245.615,245.237,245.406,4894
2022-07-19 11:55:00,245.426,245.794,245.426,245.794,7291
2022-07-19 12:00:00,245.665,245.665,245.336,245.486,5497
2022-07-19 12:05:00,245.336,245.575,244.988,244.988,11252
2022-07-19 12:10:00,245.048,245.048,244.829,245.023,9067
2022-07-19 12:15:00,245.018,245.072,244.585,244.65,12287
2022-07-19 12:20:00,244.568,244.65,244.172,244.61,8380
2022-07-19 12:25:00,244.61,245.098,244.56,245.098,9288
2022-07-19 12:30:00,245.108,245.237,245.013,245.207,5884
2022-07-19 12:35:00,245.212,245.486,245.177,245.466,8590
2022-07-19 12:40:00,245.376,245.376,244.889,245.058,7838
2022-07-19 12:45:00,245.247,245.426,245.167,245.212,8188
2022-07-19 12:50:00,245.267,245.386,245.172,245.237,8082
2022-07-19 12:55:00,245.326,245.366,245.167,245.257,6537
2022-07-19 13:00:00,245.297,245.486,245.207,245.466,5396
2022-07-19 13:05:00,245.516,245.595,245.187,245.297,9158
2022-07-19 13:10:00,245.287,245.326,245.157,245.257,4485
2022-07-19 13:15:00,245.297,245.426,245.088,245.088,4521
2022-07-19 13:20:00,245.127,245.157,244.789,244.789,6691
2022-07-19 13:25:00,244.769,244.948,244.65,244.889,7605
2022-07-19 13:30:00,244.919,244.958,244.708,244.739,11608
2022-07-19 13:35:00,244.739,244.958,244.61,244.909,7689
2022-07-19 13:40:00,244.909,244.958,244.65,244.958,6961
2022-07-19 13:45:00,245.123,245.187,244.869,245.177,5559
2022-07-19 13:50:00,245.238,245.262,244.978,244.978,6594
2022-07-19 13:55:00,244.869,245.157,244.799,245.008,7190
2022-07-19 14:00:00,245.088,245.496,245.088,245.496,5363
2022-07-19 14:05:00,245.356,246.003,245.356,245.953,11778
2022-07-19 14:10:00,246.103,246.227,246.063,246.113,5256
2022-07-19 14:15:00,246.053,246.113,245.769,245.784,6426
2022-07-19 14:20:00,245.814,245.864,245.635,245.784,10516
2022-07-19 14:25:00,245.844,245.844,245.605,245.794,13746
2022-07-19 14:30:00,245.715,245.715,245.456,245.615,8557
2022-07-19 14:35:00,245.62,246.162,245.62,245.924,10104
2022-07-19 14:40:00,245.933,246.093,245.933,245.953,5907
2022-07-19 14:45:00,245.894,246.003,245.744,245.945,7703
2022-07-19 14:50:00,245.904,245.904,245.446,245.665,5285
2022-07-19 14:55:00,245.705,246.073,245.565,246.013,7514
2022-07-19 15:00:00,246.023,246.108,245.884,245.914,7226
2022-07-19 15:05:00,245.988,245.988,245.635,245.675,9528
2022-07-19 15:10:00,245.605,245.983,245.605,245.834,6930
2022-07-19 15:15:00,245.834,245.924,245.53,245.909,9759
2022-07-19 15:20:00,245.904,246.043,245.824,246.023,7614
2022-07-19 15:25:00,246.013,246.118,245.904,246.073,7418
2022-07-19 15:30:00,246.043,246.312,246.033,246.162,10281
2022-07-19 15:35:00,246.212,246.272,245.884,245.884,11000
2022-07-19 15:40:00,245.884,246.302,245.814,246.262,26445
2022-07-19 15:45:00,246.302,246.779,246.192,246.72,16765
2022-07-19 15:50:00,246.715,246.789,246.565,246.565,19932
2022-07-19 15:55:00,246.317,246.64,246.033,246.033,67639
2022-07-19 16:00:00,246.013,246.451,245.874,246.103,103832
2022-07-19 16:05:00,246.262,246.262,246.262,246.262,12310
2022-07-19 16:15:00,246.262,246.262,246.262,246.262,183
2022-07-20 09:35:00,247.028,247.909,246.58,246.849,17460
2022-07-20 09:40:00,247.068,247.929,246.879,247.69,15035
2022-07-20 09:45:00,247.745,247.745,246.948,247.138,6581
2022-07-20 09:50:00,246.811,246.811,245.884,246.595,8508
2022-07-20 09:55:00,246.57,246.988,246.57,246.819,8556
2022-07-20 10:00:00,246.511,246.511,245.809,245.809,3449
2022-07-20 10:05:00,245.78,245.78,245.058,245.371,7680
2022-07-20 10:10:00,245.516,245.963,244.968,245.963,9786
2022-07-20 10:15:00,246.317,246.481,246.063,246.481,10616
2022-07-20 10:20:00,246.411,246.511,245.854,246.511,9711
2022-07-20 10:25:00,246.252,246.65,246.113,246.113,8703
2022-07-20 10:30:00,246.212,246.889,246.133,246.645,11583
2022-07-20 10:35:00,246.645,247.307,246.406,247.043,11883
2022-07-20 10:40:00,247.118,247.486,246.968,247.038,7419
2022-07-20 10:45:00,246.968,247.128,246.929,247.118,10773
2022-07-20 10:50:00,247.068,247.152,246.74,246.998,21653
2022-07-20 10:55:00,247.008,247.486,246.859,247.386,12954
2022-07-20 11:00:00,247.416,247.675,247.361,247.62,14643
2022-07-20 11:05:00,247.546,247.668,247.227,247.431,13098
2022-07-20 11:10:00,247.441,248.302,247.441,248.123,14068
2022-07-20 11:15:00,248.113,248.113,247.665,247.804,7573
2022-07-20 11:20:00,247.804,248.003,247.396,247.476,14161
2022-07-20 11:25:00,247.366,247.441,246.779,247.078,12499
2022-07-20 11:30:00,246.968,247.559,246.968,247.506,10396
2022-07-20 11:35:00,247.461,247.725,247.386,247.526,10658
2022-07-20 11:40:00,247.558,247.558,246.958,246.958,12707
2022-07-20 11:45:00,246.889,247.227,246.889,247.128,10727
2022-07-20 11:50:00,247.211,247.312,246.909,246.909,5694
2022-07-20 11:55:00,246.948,246.953,246.685,246.705,4124
2022-07-20 12:00:00,246.65,246.988,246.54,246.988,11823
2022-07-20 12:05:00,246.978,247.058,246.744,246.789,5886
2022-07-20 12:10:00,246.779,247.058,246.705,246.978,5799
2022-07-20 12:15:00,247.197,247.197,246.754,246.859,6084
2022-07-20 12:20:00,246.939,246.939,246.56,246.67,6774
2022-07-20 12:25:00,246.7,246.779,246.66,246.779,5093
2022-07-20 12:30:00,246.929,246.929,246.63,246.72,4697
2022-07-20 12:35:00,246.7,246.958,246.7,246.914,4033
2022-07-20 12:40:00,246.909,246.958,246.809,246.809,3883
2022-07-20 12:45:00,246.943,246.958,246.351,246.62,10033
2022-07-20 12:50:00,246.461,246.471,246.172,246.172,9438
2022-07-20 12:55:00,246.232,246.536,246.232,246.531,5322
2022-07-20 13:00:00,246.451,246.889,246.312,246.655,4981
2022-07-20 13:05:00,246.665,246.67,246.371,246.451,11534
2022-07-20 13:10:00,246.62,246.64,246.302,246.6,5114
2022-07-20 13:15:00,246.471,246.471,246.162,246.341,7442
2022-07-20 13:20:00,246.351,246.401,246.221,246.346,4977
2022-07-20 13:25:00,246.422,246.422,246.142,246.282,3246
2022-07-20 13:30:00,246.471,246.998,246.242,246.998,9121
2022-07-20 13:35:00,246.929,247.227,246.72,247.053,7322
2022-07-20 13:40:00,247.088,247.147,246.71,247.147,7361
2022-07-20 13:45:00,247.257,247.257,247.078,247.103,3770
2022-07-20 13:50:00,247.093,247.118,246.794,246.819,6200
2022-07-20 13:55:00,246.889,247.028,246.74,246.809,6532
2022-07-20 14:00:00,246.819,246.819,246.217,246.341,5506
2022-07-20 14:05:00,246.451,246.7,246.322,246.396,8440
2022-07-20 14:10:00,246.521,246.521,246.322,246.476,4699
2022-07-20 14:15:00,246.436,246.58,246.332,246.58,5590
2022-07-20 14:20:00,246.491,246.63,246.481,246.58,4472
2022-07-20 14:25:00,246.67,247.108,246.65,247.018,5237
2022-07-20 14:30:00,247.088,247.257,246.958,247.227,3225
2022-07-20 14:35:00,247.175,247.526,246.978,247.431,15352
2022-07-20 14:40:00,247.456,247.536,247.332,247.466,6668
2022-07-20 14:45:00,247.605,247.605,247.227,247.366,18071
2022-07-20 14:50:00,247.506,247.615,247.426,247.615,6444
2022-07-20 14:55:00,247.574,247.574,247.028,247.028,6384
2022-07-20 15:00:00,247.068,247.555,246.948,247.436,9277
2022-07-20 15:05:00,247.466,247.953,247.466,247.953,12724
2022-07-20 15:10:00,248.093,248.093,247.824,247.894,5637
2022-07-20 15:15:00,247.874,248.143,247.874,248.103,6390
2022-07-20 15:20:00,248.118,248.431,248.043,248.347,14989
2022-07-20 15:25:00,248.352,248.371,248.038,248.078,10892
2022-07-20 15:30:00,248.138,248.58,248.133,248.58,7710
2022-07-20 15:35:00,248.585,248.65,248.426,248.481,14822
2022-07-20 15:40:00,248.421,248.74,248.421,248.481,15289
2022-07-20 15:45:00,248.431,249.068,248.431,249.068,21959
2022-07-20 15:50:00,249.033,249.287,248.849,249.108,35693
2022-07-20 15:55:00,249.073,249.226,248.411,248.441,59295
2022-07-20 16:00:00,248.471,248.61,248.133,248.401,124036
2022-07-20 16:05:00,248.302,248.302,248.302,248.302,9694
2022-07-20 16:15:00,248.302,248.302,248.302,248.302,824
2022-07-20 17:10:00,248.023,248.023,247.884,247.884,344
2022-07-21 08:25:00,249.765,249.765,249.765,249.765,1285
2022-07-21 08:30:00,249.765,249.765,249.765,249.765,199
2022-07-21 09:35:00,249.227,249.526,248.531,249.272,14142
2022-07-21 09:40:00,249.317,250.013,248.491,250.013,13837
2022-07-21 09:45:00,249.645,250.163,249.277,249.695,13024
2022-07-21 09:50:00,249.386,251.108,249.257,250.68,12671
2022-07-21 09:55:00,250.645,252.401,250.645,252.352,8127
2022-07-21 10:00:00,252.431,252.68,251.188,251.188,14584
2022-07-21 10:05:00,251.506,252.272,251.506,251.605,10526
2022-07-21 10:10:00,251.705,252.036,251.466,251.884,10878
2022-07-21 10:15:00,251.909,252.337,251.765,251.864,19220
2022-07-21 10:20:00,251.849,253.138,251.849,252.909,9823
2022-07-21 10:25:00,252.809,252.819,252.023,252.441,10125
2022-07-21 10:30:00,252.581,252.61,250.988,251.785,25363
2022-07-21 10:35:00,251.864,252.013,251.506,251.605,20557
2022-07-21 10:40:00,251.695,251.904,251.202,251.824,28903
2022-07-21 10:45:00,251.874,252.133,251.506,252.103,8395
2022-07-21 10:50:00,251.964,251.994,251.486,251.625,8802
2022-07-21 10:55:00,251.705,251.964,251.675,251.794,6837
2022-07-21 11:00:00,251.984,252.416,251.984,252.232,9021
2022-07-21 11:05:00,252.143,252.829,252.008,252.819,7132
2022-07-21 11:10:00,252.819,252.819,251.944,252.421,9173
2022-07-21 11:15:00,252.511,253.282,252.441,253.282,15883
2022-07-21 11:20:00,253.456,253.456,253.108,253.297,12227
2022-07-21 11:25:00,253.247,253.247,252.889,253.118,7231
2022-07-21 11:30:00,253.118,253.347,253.108,253.297,9959
2022-07-21 11:35:00,253.317,253.964,253.058,253.964,9385
2022-07-21 11:40:00,253.914,253.914,253.606,253.615,3833
2022-07-21 11:45:00,253.606,253.606,253.208,253.387,10928
2022-07-21 11:50:00,253.416,253.615,253.257,253.257,4932
2022-07-21 11:55:00,253.288,253.511,253.262,253.496,6176
2022-07-21 12:00:00,253.576,253.615,253.412,253.446,6866
2022-07-21 12:05:00,253.466,254.133,253.426,254.133,6975
2022-07-21 12:10:00,254.173,254.68,253.994,254.68,7789
2022-07-21 12:15:00,254.655,254.72,254.362,254.66,9333
2022-07-21 12:20:00,254.63,254.994,254.531,254.944,14355
2022-07-21 12:25:00,254.924,255.138,254.561,254.77,19525
2022-07-21 12:30:00,254.8,254.879,254.262,254.75,9992
2022-07-21 12:35:00,254.775,255.078,254.775,255.003,3343
2022-07-21 12:40:00,254.869,255.029,254.571,254.571,6599
2022-07-21 12:45:00,254.501,254.546,254.322,254.352,7503
2022-07-21 12:50:00,254.272,254.342,254.232,254.332,3650
2022-07-21 12:55:00,254.332,254.511,254.073,254.183,7232
2022-07-21 13:00:00,254.242,254.272,253.924,254.004,7675
2022-07-21 13:05:00,254.033,254.242,253.934,254.242,8729
2022-07-21 13:10:00,254.203,254.312,253.914,253.918,8349
2022-07-21 13:15:00,253.929,254.073,253.824,253.824,4751
2022-07-21 13:20:00,253.815,254.051,253.765,253.785,10251
2022-07-21 13:25:00,253.735,254.178,253.576,253.576,7050
2022-07-21 13:30:00,253.606,253.765,253.431,253.695,5942
2022-07-21 13:35:00,253.685,253.745,252.969,253.208,14184
2022-07-21 13:40:00,253.272,254.208,253.217,254.073,7775
2022-07-21 13:45:00,254.093,254.133,253.75,253.834,6165
2022-07-21 13:50:00,253.884,254.382,253.884,254.267,10065
2022-07-21 13:55:00,254.252,254.417,254.222,254.312,14080
2022-07-21 14:00:00,254.292,254.501,254.242,254.267,13245
2022-07-21 14:05:00,254.362,254.362,254.073,254.232,6156
2022-07-21 14:10:00,254.188,254.621,254.103,254.561,6326
2022-07-21 14:15:00,254.571,254.66,254.392,254.412,6658
2022-07-21 14:20:00,254.422,254.68,254.362,254.63,7334
2022-07-21 14:25:00,254.561,254.72,254.531,254.616,5997
2022-07-21 14:30:00,254.481,254.769,254.332,254.64,8228
2022-07-21 14:35:00,254.68,254.77,254.516,254.68,7349
2022-07-21 14:40:00,254.541,254.81,254.541,254.79,7614
2022-07-21 14:45:00,254.7,254.849,254.461,254.471,5529
2022-07-21 14:50:00,254.471,254.545,254.292,254.448,7142
2022-07-21 14:55:00,254.541,254.611,254.347,254.491,7867
2022-07-21 15:00:00,254.541,254.635,254.282,254.347,10127
2022-07-21 15:05:00,254.362,254.506,254.312,254.402,13175
2022-07-21 15:10:00,254.417,254.889,254.342,254.889,10311
2022-07-21 15:15:00,254.859,254.869,254.461,254.581,7742
2022-07-21 15:20:00,254.529,254.551,254.247,254.382,8857
2022-07-21 15:25:00,254.402,254.77,254.39,254.561,9590
2022-07-21 15:30:00,254.561,254.919,254.561,254.849,9723
2022-07-21 15:35:00,254.75,254.849,254.571,254.825,17951
2022-07-21 15:40:00,254.839,254.939,254.67,254.76,11196
2022-07-21 15:45:00,254.839,255.009,254.76,254.77,16888
2022-07-21 15:50:00,254.76,254.964,254.75,254.939,24068
2022-07-21 15:55:00,255.038,255.317,255.038,255.208,50955
2022-07-21 16:00:00,255.198,255.825,255.158,255.327,131569
2022-07-21 16:05:00,255.327,255.327,255.327,255.327,22296
2022-07-21 16:15:00,255.327,255.327,255.327,255.327,912
2022-07-22 09:30:00,256.113,257.098,256.113,257.098,2412
2022-07-22 09:35:00,257.377,261.939,255.596,258.656,82306
2022-07-22 09:40:00,258.725,260.098,258.462,260.004,32062
2022-07-22 09:45:00,259.994,259.994,258.67,259.168,20121
2022-07-22 09:50:00,258.889,259.536,258.631,259.198,31980
2022-07-22 09:55:00,259.069,259.83,258.73,259.526,15803
2022-07-22 10:00:00,259.131,259.566,258.596,259.566,27516
2022-07-22 10:05:00,259.747,260.093,259.258,259.964,26016
2022-07-22 10:10:00,259.775,259.944,259.377,259.71,22827
2022-07-22 10:15:00,259.7,260.462,259.566,260.422,27603
2022-07-22 10:20:00,260.312,260.71,259.875,260.183,33544
2022-07-22 10:25:00,260.083,260.083,259.377,259.676,33737
2022-07-22 10:30:00,259.676,259.77,258.611,258.934,26411
2022-07-22 10:35:00,259.029,259.029,258.551,258.795,12953
2022-07-22 10:40:00,258.73,259.034,258.69,258.939,13254
2022-07-22 10:45:00,258.879,259.317,258.81,258.81,12009
2022-07-22 10:50:00,258.621,258.919,258.422,258.79,11060
2022-07-22 10:55:00,258.68,259.203,258.68,259.138,11387
2022-07-22 11:00:00,259.163,259.208,258.85,258.919,9123
2022-07-22 11:05:00,258.999,259.059,258.427,258.427,16838
2022-07-22 11:10:00,258.407,259.069,258.382,259.069,12711
2022-07-22 11:15:00,259.029,259.218,258.899,259.113,20388
2022-07-22 11:20:00,259.098,259.148,258.899,259.128,11443
2022-07-22 11:25:00,259.098,259.178,258.422,258.422,10147
2022-07-22 11:30:00,258.392,258.571,258.193,258.243,9749
2022-07-22 11:35:00,258.382,258.541,258.253,258.437,12839
2022-07-22 11:40:00,258.402,258.571,257.949,258.491,10877
2022-07-22 11:45:00,258.452,258.581,258.068,258.452,9227
2022-07-22 11:50:00,258.437,258.437,258.034,258.208,10628
2022-07-22 11:55:00,258.263,258.362,258.128,258.128,11712
2022-07-22 12:00:00,257.904,258.342,257.81,258.267,9949
2022-07-22 12:05:00,258.223,258.292,258.014,258.093,11145
2022-07-22 12:10:00,258.123,258.203,257.466,257.526,8363
2022-07-22 12:15:00,257.437,257.835,257.437,257.651,11948
2022-07-22 12:20:00,257.576,258.143,257.576,258.044,11733
2022-07-22 12:25:00,257.994,258.083,257.874,258.034,7523
2022-07-22 12:30:00,257.974,258.218,257.864,258.108,6423
2022-07-22 12:35:00,258.143,258.263,257.944,258.253,7725
2022-07-22 12:40:00,258.173,258.173,257.695,257.815,6193
2022-07-22 12:45:00,257.815,257.815,257.437,257.571,10328
2022-07-22 12:50:00,257.506,257.835,257.506,257.785,6047
2022-07-22 12:55:00,257.79,257.795,257.367,257.367,10552
2022-07-22 13:00:00,257.347,257.685,257.347,257.576,6332
2022-07-22 13:05:00,257.466,257.506,257.208,257.208,12142
2022-07-22 13:10:00,257.287,257.695,257.287,257.626,6390
2022-07-22 13:15:00,257.68,257.707,257.367,257.367,13562
2022-07-22 13:20:00,257.387,257.815,257.387,257.586,15284
2022-07-22 13:25:00,257.576,257.665,257.218,257.486,8991
2022-07-22 13:30:00,257.586,257.586,257.267,257.461,14783
2022-07-22 13:35:00,257.466,257.675,257.019,257.302,16849
2022-07-22 13:40:00,257.243,257.541,257.068,257.496,16615
2022-07-22 13:45:00,257.437,257.516,257.248,257.437,9436
2022-07-22 13:50:00,257.456,257.636,257.357,257.606,10643
2022-07-22 13:55:00,257.566,257.695,257.377,257.496,19191
2022-07-22 14:00:00,257.476,257.651,257.347,257.606,10070
2022-07-22 14:05:00,257.556,257.586,257.362,257.362,11396
2022-07-22 14:10:00,257.362,257.447,257.098,257.228,11296
2022-07-22 14:15:00,257.108,257.287,257.058,257.287,11142
2022-07-22 14:20:00,257.287,257.471,257.277,257.447,8521
2022-07-22 14:25:00,257.456,257.456,257.208,257.397,9753
2022-07-22 14:30:00,257.307,257.8,257.228,257.8,13021
2022-07-22 14:35:00,257.775,257.964,257.566,257.914,15824
2022-07-22 14:40:00,257.904,257.904,257.238,257.476,12756
2022-07-22 14:45:00,257.461,257.481,257.039,257.083,11719
2022-07-22 14:50:00,257.019,257.078,256.7,256.8,13335
2022-07-22 14:55:00,256.899,256.984,256.775,256.825,11049
2022-07-22 15:00:00,256.919,257.063,256.76,256.929,12251
2022-07-22 15:05:00,256.899,257.417,256.849,257.357,9980
2022-07-22 15:10:00,257.332,257.377,256.83,256.874,11774
2022-07-22 15:15:00,256.849,257.267,256.655,257.267,14522
2022-07-22 15:20:00,257.292,257.292,256.899,256.959,12102
2022-07-22 15:25:00,256.969,257.267,256.929,257.267,19037
2022-07-22 15:30:00,257.327,257.327,256.959,257.178,15344
2022-07-22 15:35:00,257.238,257.476,257.118,257.158,19592
2022-07-22 15:40:00,256.989,257.447,256.979,257.178,22384
2022-07-22 15:45:00,257.178,257.422,257.138,257.193,20545
2022-07-22 15:50:00,257.168,257.516,257.108,257.307,43386
2022-07-22 15:55:00,257.297,257.456,257.068,257.178,64971
2022-07-22 16:00:00,257.178,257.835,257.118,257.805,114478
2022-07-22 16:05:00,257.735,257.735,257.735,257.735,17183
2022-07-25 07:55:00,258.471,258.471,258.471,258.471,200
2022-07-25 09:35:00,256.541,257.665,255.879,255.879,28038
2022-07-25 09:40:00,255.849,256.183,254.849,254.949,33042
2022-07-25 09:45:00,254.954,255.725,254.511,255.481,9448
2022-07-25 09:50:00,255.536,256.123,255.317,256.113,9379
2022-07-25 09:55:00,255.904,255.939,255.417,255.427,15229
2022-07-25 10:00:00,255.715,256.511,255.541,256.481,14639
2022-07-25 10:05:00,256.581,257.307,256.297,256.451,8582
2022-07-25 10:10:00,256.272,257.004,256.233,257.004,18065
2022-07-25 10:15:00,256.899,258.103,256.899,257.864,14435
2022-07-25 10:20:00,257.556,258.043,257.476,257.616,12355
2022-07-25 10:25:00,257.476,257.576,256.787,257.218,8998
2022-07-25 10:30:00,257.287,257.456,256.387,257.277,10601
2022-07-25 10:35:00,257.267,257.267,256.909,256.919,5496
2022-07-25 10:40:00,256.919,256.969,256.442,256.869,7172
2022-07-25 10:45:00,256.77,258.253,256.611,258.002,20644
2022-07-25 10:50:00,257.964,257.994,257.188,257.367,10308
2022-07-25 10:55:00,257.427,257.427,256.636,256.636,8098
2022-07-25 11:00:00,256.616,257.372,256.616,257.282,9651
2022-07-25 11:05:00,257.307,257.576,257.178,257.397,10375
2022-07-25 11:10:00,257.496,258.352,257.476,258.193,12811
2022-07-25 11:15:00,258.223,258.302,257.427,257.566,15279
2022-07-25 11:20:00,257.66,257.66,257.387,257.456,8062
2022-07-25 11:25:00,257.536,257.769,257.476,257.71,12414
2022-07-25 11:30:00,257.81,258.004,257.576,257.984,8295
2022-07-25 11:35:00,257.884,258.054,257.735,257.954,10512
2022-07-25 11:40:00,257.949,258.561,257.949,258.218,9292
2022-07-25 11:45:00,258.258,258.362,257.994,258.103,9458
2022-07-25 11:50:00,258.173,258.193,257.855,257.855,4380
2022-07-25 11:55:00,257.845,257.944,257.685,257.845,7958
2022-07-25 12:00:00,257.845,258.034,257.845,257.845,6006
2022-07-25 12:05:00,257.765,258.213,257.765,258.143,10026
2022-07-25 12:10:00,258.213,258.442,258.133,258.133,14546
2022-07-25 12:15:00,257.914,257.914,257.329,257.486,8364
2022-07-25 12:20:00,257.496,257.496,256.889,257.332,8808
2022-07-25 12:25:00,257.307,257.466,257.148,257.201,8703
2022-07-25 12:30:00,257.178,257.616,257.168,257.417,13048
2022-07-25 12:35:00,257.466,257.656,257.377,257.466,7910
2022-07-25 12:40:00,257.437,257.486,257.103,257.198,7751
2022-07-25 12:45:00,257.218,257.432,257.088,257.138,5750
2022-07-25 12:50:00,257.148,257.68,257.148,257.675,5316
2022-07-25 12:55:00,257.685,257.685,257.556,257.616,6163
2022-07-25 13:00:00,257.576,257.695,257.481,257.526,8224
2022-07-25 13:05:00,257.536,257.894,257.536,257.775,5833
2022-07-25 13:10:00,257.825,257.869,257.675,257.845,7097
2022-07-25 13:15:00,257.914,258.044,257.805,257.884,6197
2022-07-25 13:20:00,257.884,258.034,257.795,258.034,4576
2022-07-25 13:25:00,257.994,258.442,257.924,258.168,24324
2022-07-25 13:30:00,258.243,258.243,257.835,257.835,7924
2022-07-25 13:35:00,257.924,257.984,257.835,257.835,5910
2022-07-25 13:40:00,257.81,257.924,257.606,257.725,9409
2022-07-25 13:45:00,257.715,257.914,257.546,257.845,10612
2022-07-25 13:50:00,257.785,258.173,257.785,258.17,14523
2022-07-25 13:55:00,258.083,258.136,257.864,258.034,11619
2022-07-25 14:00:00,258.004,258.113,257.944,258.113,9842
2022-07-25 14:05:00,257.924,258.093,257.874,257.874,6117
2022-07-25 14:10:00,257.874,258.034,257.427,257.432,16242
2022-07-25 14:15:00,257.337,257.705,257.307,257.698,9248
2022-07-25 14:20:00,257.496,257.496,257.208,257.277,9594
2022-07-25 14:25:00,257.233,257.277,257.029,257.228,9135
2022-07-25 14:30:00,257.173,257.228,256.989,257.133,8486
2022-07-25 14:35:00,257.108,257.198,256.949,257.198,6819
2022-07-25 14:40:00,257.153,257.277,257.024,257.088,10470
2022-07-25 14:45:00,257.108,257.108,256.909,256.979,7477
2022-07-25 14:50:00,256.919,256.919,256.252,256.511,13962
2022-07-25 14:55:00,256.551,256.551,256.252,256.402,7130
2022-07-25 15:00:00,256.352,256.511,256.213,256.312,10044
2022-07-25 15:05:00,256.302,256.496,255.984,256.029,10358
2022-07-25 15:10:00,255.934,256.013,255.546,255.82,11601
2022-07-25 15:15:00,255.924,256.143,255.835,256.053,9326
2022-07-25 15:20:00,256.024,257.153,255.835,256.312,41603
2022-07-25 15:25:00,256.163,256.556,256.163,256.541,7397
2022-07-25 15:30:00,256.486,256.631,256.292,256.292,8777
2022-07-25 15:35:00,256.242,256.641,256.183,256.561,13156
2022-07-25 15:40:00,256.586,257.183,256.466,257.118,20124
2022-07-25 15:45:00,257.088,257.198,256.859,256.959,33937
2022-07-25 15:50:00,256.969,257.262,256.969,257.262,34903
2022-07-25 15:55:00,257.297,257.377,256.909,256.999,79127
2022-07-25 16:00:00,257.014,257.924,257.009,257.83,139651
2022-07-25 16:05:00,257.735,257.735,257.735,257.735,7608
2022-07-26 09:35:00,255.735,256.014,254.76,255.083,26490
2022-07-26 09:40:00,255.123,255.844,254.959,255.397,16287
2022-07-26 09:45:00,255.422,255.422,252.367,252.63,29442
2022-07-26 09:50:00,252.322,252.79,251.964,252.262,24313
2022-07-26 09:55:00,252.392,253.198,252.232,252.899,24037
2022-07-26 10:00:00,252.718,252.829,251.924,252.379,24146
2022-07-26 10:05:00,252.212,252.327,251.297,251.934,24685
2022-07-26 10:10:00,251.819,252.65,251.785,252.392,15928
2022-07-26 10:15:00,252.377,253.058,252.043,252.227,31974
2022-07-26 10:20:00,252.227,252.511,252.113,252.362,17288
2022-07-26 10:25:00,252.362,252.372,251.755,251.755,20002
2022-07-26 10:30:00,251.884,252.133,251.757,251.814,19505
2022-07-26 10:35:00,251.824,252.431,251.802,252.292,13688
2022-07-26 10:40:00,252.267,252.879,252.013,252.859,15752
2022-07-26 10:45:00,252.79,253.407,252.79,253.058,14839
2022-07-26 10:50:00,253.058,253.357,253.058,253.217,13501
2022-07-26 10:55:00,253.227,253.407,253.023,253.287,13307
2022-07-26 11:00:00,253.267,253.994,253.267,253.924,9343
2022-07-26 11:05:00,253.954,254.143,253.909,254.024,9576
2022-07-26 11:10:00,254.014,254.347,253.914,254.302,13734
2022-07-26 11:15:00,254.262,254.402,253.849,254.004,24411
2022-07-26 11:20:00,254.063,254.347,254.063,254.178,9904
2022-07-26 11:25:00,254.133,254.232,253.516,253.516,13911
2022-07-26 11:30:00,253.407,253.635,253.292,253.317,14712
2022-07-26 11:35:00,253.317,253.367,253.038,253.068,7525
2022-07-26 11:40:00,253.088,253.188,252.829,253.038,8921
2022-07-26 11:45:00,253.138,253.188,252.904,252.904,7825
2022-07-26 11:50:00,252.809,252.989,252.809,252.889,5813
2022-07-26 11:55:00,252.889,253.088,252.7,252.715,8869
2022-07-26 12:00:00,252.73,252.974,252.7,252.819,15537
2022-07-26 12:05:00,252.849,253.018,252.819,253.018,7082
2022-07-26 12:10:00,253.108,253.108,252.809,252.809,8728
2022-07-26 12:15:00,252.909,253.028,252.814,253.028,8360
2022-07-26 12:20:00,253.078,253.506,253.078,253.486,4932
2022-07-26 12:25:00,253.516,253.795,253.327,253.735,9804
2022-07-26 12:30:00,253.685,253.79,253.506,253.645,10389
2022-07-26 12:35:00,253.695,254.143,253.596,254.143,9444
2022-07-26 12:40:00,254.173,254.173,253.934,254.103,6789
2022-07-26 12:45:00,254.098,254.203,253.824,253.954,7469
2022-07-26 12:50:00,254.004,254.392,253.934,254.292,15317
2022-07-26 12:55:00,254.332,254.362,254.073,254.173,6639
2022-07-26 13:00:00,254.153,254.183,253.884,253.984,7559
2022-07-26 13:05:00,253.849,254.242,253.745,254.203,11866
2022-07-26 13:10:00,254.302,254.541,254.083,254.541,4661
2022-07-26 13:15:00,254.611,254.919,254.571,254.919,18739
2022-07-26 13:20:00,254.869,254.879,254.521,254.521,9480
2022-07-26 13:25:00,254.531,254.68,254.153,254.466,17087
2022-07-26 13:30:00,254.481,254.76,254.481,254.71,8906
2022-07-26 13:35:00,254.566,254.64,254.451,254.511,9527
2022-07-26 13:40:00,254.521,254.625,254.113,254.113,7450
2022-07-26 13:45:00,254.073,254.282,254.073,254.257,8255
2022-07-26 13:50:00,254.312,254.312,254.068,254.083,5249
2022-07-26 13:55:00,254.083,254.272,253.964,254.232,7284
2022-07-26 14:00:00,254.242,254.242,254.028,254.053,5045
2022-07-26 14:05:00,254.068,254.66,254.068,254.591,8107
2022-07-26 14:10:00,254.561,254.76,253.924,253.924,7187
2022-07-26 14:15:00,253.944,253.989,253.859,253.894,6307
2022-07-26 14:20:00,253.974,253.974,253.506,253.606,8546
2022-07-26 14:25:00,253.531,253.615,253.362,253.566,12535
2022-07-26 14:30:00,253.526,253.566,253.362,253.431,9874
2022-07-26 14:35:00,253.416,253.506,253.377,253.451,11553
2022-07-26 14:40:00,253.407,253.416,253.133,253.133,10312
2022-07-26 14:45:00,253.118,253.262,253.018,253.242,9113
2022-07-26 14:50:00,253.173,253.287,253.048,253.203,11862
2022-07-26 14:55:00,253.198,253.407,252.909,252.909,12892
2022-07-26 15:00:00,252.839,252.894,252.601,252.76,16348
2022-07-26 15:05:00,252.74,252.949,252.63,252.69,29868
2022-07-26 15:10:00,252.675,252.75,252.262,252.461,17046
2022-07-26 15:15:00,252.501,252.899,252.441,252.77,19243
2022-07-26 15:20:00,252.79,253.158,252.77,252.979,19084
2022-07-26 15:25:00,253.048,253.168,252.864,252.924,20457
2022-07-26 15:30:00,252.79,253.138,252.76,253.098,13426
2022-07-26 15:35:00,253.098,253.143,252.79,252.849,18634
2022-07-26 15:40:00,252.809,253.108,252.675,253.083,29715
2022-07-26 15:45:00,253.108,253.133,252.471,252.889,24620
2022-07-26 15:50:00,252.859,252.902,252.392,252.63,39605
2022-07-26 15:55:00,252.75,253.377,252.382,253.372,58802
2022-07-26 16:00:00,253.377,253.551,252.899,253.038,110819
2022-07-26 16:05:00,253.038,253.038,253.038,253.038,9328
2022-07-26 16:15:00,253.237,253.496,253.237,253.446,704
2022-07-26 16:25:00,254.143,254.143,254.143,254.143,101
2022-07-26 16:30:00,253.357,253.357,253.247,253.357,1169
2022-07-27 07:05:00,251.765,252.75,240.441,252.75,2353
2022-07-27 07:10:00,238.61,240.311,238.61,240.311,500
2022-07-27 07:20:00,237.664,237.664,234.838,234.838,496
2022-07-27 07:35:00,229.962,229.962,226.878,226.878,1405
2022-07-27 07:40:00,226.888,226.888,226.888,226.888,100
2022-07-27 07:45:00,228.868,230.858,228.868,229.077,2238
2022-07-27 07:50:00,228.868,228.868,228.868,228.868,202
2022-07-27 08:00:00,228.868,229.346,223.893,223.893,9525
2022-07-27 08:05:00,230.858,230.858,218.529,218.917,9586
2022-07-27 08:10:00,220.907,220.907,220.41,220.41,208
2022-07-27 08:15:00,221.892,222.897,219.076,222.897,12662
2022-07-27 08:20:00,221.902,222.897,220.907,222.788,10482
2022-07-27 08:25:00,222.4,226.251,222.4,224.888,2254
2022-07-27 08:30:00,224.888,224.888,223.893,223.893,7876
2022-07-27 08:35:00,223.893,225.873,223.773,225.873,5500
2022-07-27 08:40:00,223.893,228.868,223.863,225.385,11393
2022-07-27 08:45:00,225.385,228.868,225.315,228.868,15443
2022-07-27 08:50:00,229.863,229.863,228.788,228.868,8239
2022-07-27 08:55:00,228.37,228.37,228.37,228.37,901
2022-07-27 09:00:00,225.883,226.37,223.893,224.768,7115
2022-07-27 09:05:00,224.012,224.888,222.44,222.44,10585
2022-07-27 09:10:00,223.395,223.893,222.897,223.684,11480
2022-07-27 09:15:00,222.907,225.922,222.907,224.3,11689
2022-07-27 09:20:00,224.559,225.136,222.997,224.39,15967
2022-07-27 09:25:00,224.052,224.052,220.907,221.882,10761
2022-07-27 09:30:00,221.106,224.669,221.017,224.291,40043
2022-07-27 09:35:00,225.077,225.077,219.653,221.698,420817
2022-07-27 09:40:00,221.661,224.221,221.534,223.689,310588
2022-07-27 09:45:00,223.723,224.957,222.778,223.445,251624
2022-07-27 09:50:00,223.435,227.962,223.236,227.266,241148
2022-07-27 09:55:00,227.161,228.848,225.718,226.708,177558
2022-07-27 10:00:00,226.933,227.236,222.629,223.574,93792
2022-07-27 10:05:00,223.146,225.475,221.932,225.475,86094
2022-07-27 10:10:00,225.36,226.778,223.698,224.062,105158
2022-07-27 10:15:00,223.929,224.425,223.345,223.39,59853
2022-07-27 10:20:00,223.445,224.31,222.42,222.708,64247
2022-07-27 10:25:00,222.4,223.385,222.141,222.897,98923
2022-07-27 10:30:00,222.858,223.196,222.101,223.104,71908
2022-07-27 10:35:00,223.077,223.109,221.763,221.823,54345
2022-07-27 10:40:00,221.693,222.564,221.654,222.529,44214
2022-07-27 10:45:00,222.44,222.778,221.703,222.778,46626
2022-07-27 10:50:00,222.768,222.811,222.081,222.33,39741
2022-07-27 10:55:00,222.33,222.499,221.833,222.141,44324
2022-07-27 11:00:00,222.161,223.276,221.912,223.231,54714
2022-07-27 11:05:00,223.213,223.683,222.828,223.589,48139
2022-07-27 11:10:00,223.436,225.385,223.436,224.768,113119
2022-07-27 11:15:00,224.748,225.226,224.44,224.875,76099
2022-07-27 11:20:00,224.957,224.957,224.101,224.151,39030
2022-07-27 11:25:00,224.221,224.858,224.02,224.649,74390
2022-07-27 11:30:00,224.639,224.898,224.296,224.818,34873
2022-07-27 11:35:00,224.813,225.723,224.574,225.33,52179
2022-07-27 11:40:00,225.296,229.097,224.888,228.957,87452
2022-07-27 11:45:00,228.997,229.326,227.161,227.609,128237
2022-07-27 11:50:00,227.619,230.45,227.495,230.052,156641
2022-07-27 11:55:00,229.893,230.709,229.555,229.828,106888
2022-07-27 12:00:00,229.823,230.241,228.967,229.545,90529
2022-07-27 12:05:00,229.564,230.749,229.311,230.684,70121
2022-07-27 12:10:00,230.725,231.067,228.957,229.336,101057
2022-07-27 12:15:00,229.336,229.574,228.46,228.699,54378
2022-07-27 12:20:00,228.778,228.798,227.346,228.569,81862
2022-07-27 12:25:00,228.47,228.709,228.151,228.549,23869
2022-07-27 12:30:00,228.52,230.171,228.46,229.351,47635
2022-07-27 12:35:00,229.465,229.843,228.251,228.37,57848
2022-07-27 12:40:00,228.43,229.246,228.4,229.166,28841
2022-07-27 12:45:00,229.147,229.415,229.097,229.355,34659
2022-07-27 12:50:00,229.266,229.962,229.186,229.535,51759
2022-07-27 12:55:00,229.584,229.714,229.286,229.634,31356
2022-07-27 13:00:00,229.574,229.576,229.181,229.266,20563
2022-07-27 13:05:00,229.336,229.4,228.45,228.542,48810
2022-07-27 13:10:00,228.545,228.838,228.46,228.659,25227
2022-07-27 13:15:00,228.689,228.689,228.241,228.609,27133
2022-07-27 13:20:00,228.549,228.818,228.281,228.748,26727
2022-07-27 13:25:00,228.833,228.833,227.574,227.793,22858
2022-07-27 13:30:00,227.947,228.002,227.734,227.888,37772
2022-07-27 13:35:00,227.813,227.905,227.385,227.803,23296
2022-07-27 13:40:00,227.873,228.117,227.823,227.995,24433
2022-07-27 13:45:00,228.057,228.878,228.057,228.559,22268
2022-07-27 13:50:00,228.609,228.699,228.271,228.271,16954
2022-07-27 13:55:00,228.37,229.346,228.341,229.336,27864
2022-07-27 14:00:00,229.286,230.251,229.176,229.848,22947
2022-07-27 14:05:00,229.848,230.44,229.415,229.962,63287
2022-07-27 14:10:00,229.883,230.171,229.077,229.186,62417
2022-07-27 14:15:00,229.236,229.992,229.052,229.853,43078
2022-07-27 14:20:00,229.843,229.972,229.614,229.768,49911
2022-07-27 14:25:00,229.813,229.872,229.614,229.803,75171
2022-07-27 14:30:00,229.838,230.112,229.724,229.823,40643
2022-07-27 14:35:00,229.833,230.062,228.858,229.251,78719
2022-07-27 14:40:00,229.251,230.44,229.251,230.171,50085
2022-07-27 14:45:00,230.221,230.629,230.112,230.321,39163
2022-07-27 14:50:00,230.42,231.336,230.181,230.589,73030
2022-07-27 14:55:00,230.649,231.704,230.579,231.405,62134
2022-07-27 15:00:00,231.435,231.833,230.69,231.082,76567
2022-07-27 15:05:00,231.117,231.953,230.878,231.953,55514
2022-07-27 15:10:00,231.863,232.072,231.425,231.858,41623
2022-07-27 15:15:00,231.848,232.132,231.455,231.674,81167
2022-07-27 15:20:00,231.714,231.803,231.246,231.739,96558
2022-07-27 15:25:00,231.754,231.903,231.167,231.415,112640
2022-07-27 15:30:00,231.405,231.893,231.246,231.659,146240
2022-07-27 15:35:00,231.664,231.754,230.987,231.666,159266
2022-07-27 15:40:00,231.674,231.674,230.52,230.783,125609
2022-07-27 15:45:00,230.783,231.167,230.38,230.918,85184
2022-07-27 15:50:00,230.898,231.117,230.808,230.948,190131
2022-07-27 15:55:00,230.987,231.535,230.589,231.087,223486
2022-07-27 16:00:00,231.067,231.331,228.619,230.828,618416
2022-07-27 16:05:00,230.828,230.828,230.828,230.828,1935
2022-07-27 16:10:00,230.828,230.828,230.828,230.828,154
2022-07-27 16:15:00,230.828,230.828,230.828,230.828,1799
2022-07-27 16:30:00,229.664,229.664,229.664,229.664,100
2022-07-27 18:15:00,230.45,230.56,230.45,230.56,200
2022-07-27 19:00:00,230.609,230.609,230.45,230.45,285
2022-07-27 19:15:00,230.361,230.361,230.361,230.361,150
2022-07-27 20:00:00,230.361,230.361,230.361,230.361,100
2022-07-28 09:35:00,229.694,233.017,229.375,232.042,75722
2022-07-28 09:40:00,231.634,234.541,231.634,233.386,48650
2022-07-28 09:45:00,233.216,236.465,233.177,235.714,40173
2022-07-28 09:50:00,235.804,235.953,234.43,234.54,27037
2022-07-28 09:55:00,234.61,237.515,234.291,237.256,54810
2022-07-28 10:00:00,237.177,237.625,236.291,236.938,42897
2022-07-28 10:05:00,237.158,239.316,237.147,239.316,31499
2022-07-28 10:10:00,239.306,239.58,237.266,237.858,43135
2022-07-28 10:15:00,238.003,238.759,237.903,238.067,31658
2022-07-28 10:20:00,238.162,238.57,237.903,238.57,25992
2022-07-28 10:25:00,238.689,239.605,238.5,239.461,35657
2022-07-28 10:30:00,239.565,239.625,238.878,239.406,22639
2022-07-28 10:35:00,239.391,239.391,238.647,238.978,25192
2022-07-28 10:40:00,238.893,239.824,238.59,239.789,27502
2022-07-28 10:45:00,239.913,240.993,239.907,240.829,36498
2022-07-28 10:50:00,240.839,241.675,240.839,241.652,28130
2022-07-28 10:55:00,241.66,241.903,241.456,241.595,18836
2022-07-28 11:00:00,241.57,241.983,241.505,241.665,30060
2022-07-28 11:05:00,241.555,241.739,241.505,241.675,33127
2022-07-28 11:10:00,241.724,241.824,241.525,241.545,16478
2022-07-28 11:15:00,241.545,241.545,240.48,240.48,47751
2022-07-28 11:20:00,240.515,240.58,239.252,239.436,47881
2022-07-28 11:25:00,239.371,239.744,239.028,239.701,21095
2022-07-28 11:30:00,239.849,240.958,239.849,240.921,21686
2022-07-28 11:35:00,240.908,241.142,239.645,239.645,24786
2022-07-28 11:40:00,239.764,239.84,239.172,239.192,16998
2022-07-28 11:45:00,239.316,239.545,238.878,239.485,18570
2022-07-28 11:50:00,239.625,239.674,238.739,239.028,17699
2022-07-28 11:55:00,238.973,239.207,238.794,238.868,15129
2022-07-28 12:00:00,238.839,239.038,238.62,238.759,38315
2022-07-28 12:05:00,238.759,238.868,238.615,238.749,23137
2022-07-28 12:10:00,238.719,238.958,238.61,238.674,16502
2022-07-28 12:15:00,238.674,239.008,238.659,238.719,17710
2022-07-28 12:20:00,238.704,238.779,238.072,238.112,24602
2022-07-28 12:25:00,238.062,238.739,237.943,238.739,21894
2022-07-28 12:30:00,238.809,240.112,238.809,239.859,30150
2022-07-28 12:35:00,239.878,239.963,239.291,239.62,19560
2022-07-28 12:40:00,239.615,240.5,239.416,240.301,14144
2022-07-28 12:45:00,240.341,240.361,240.087,240.356,6945
2022-07-28 12:50:00,240.331,240.66,240.172,240.471,23977
2022-07-28 12:55:00,240.461,241.207,240.461,240.983,21641
2022-07-28 13:00:00,240.988,241.376,240.988,241.058,21890
2022-07-28 13:05:00,240.978,241.834,240.809,241.222,19453
2022-07-28 13:10:00,241.204,241.366,240.993,241.058,14384
2022-07-28 13:15:00,241.117,241.177,240.918,240.953,26457
2022-07-28 13:20:00,240.998,241.416,240.869,241.416,12656
2022-07-28 13:25:00,241.525,242.102,241.525,241.958,24887
2022-07-28 13:30:00,241.963,242.471,241.903,242.292,19764
2022-07-28 13:35:00,242.326,242.759,242.033,242.381,30895
2022-07-28 13:40:00,242.381,242.481,242.013,242.013,18090
2022-07-28 13:45:00,241.923,242.132,241.655,241.694,35665
2022-07-28 13:50:00,241.635,241.685,241.197,241.317,19276
2022-07-28 13:55:00,241.257,241.53,241.058,241.296,36619
2022-07-28 14:00:00,241.306,241.645,241.147,241.555,18145
2022-07-28 14:05:00,241.476,241.884,241.023,241.824,12523
2022-07-28 14:10:00,241.973,242.381,241.973,242.331,20024
2022-07-28 14:15:00,242.232,243.038,242.222,242.799,20017
2022-07-28 14:20:00,242.799,243.058,242.759,242.804,26882
2022-07-28 14:25:00,242.918,242.948,242.65,242.859,21441
2022-07-28 14:30:00,242.834,242.834,242.481,242.67,11546
2022-07-28 14:35:00,242.799,243.177,242.779,243.177,24115
2022-07-28 14:40:00,243.227,243.993,243.207,243.879,18182
2022-07-28 14:45:00,243.923,244.023,243.824,243.839,31849
2022-07-28 14:50:00,243.839,243.953,243.779,243.909,10127
2022-07-28 14:55:00,243.958,243.963,243.615,243.764,20492
2022-07-28 15:00:00,243.794,244.396,243.794,244.038,14240
2022-07-28 15:05:00,244.028,244.028,243.207,243.212,21028
2022-07-28 15:10:00,243.107,243.297,242.67,242.958,33098
2022-07-28 15:15:00,242.958,242.958,242.6,242.724,19692
2022-07-28 15:20:00,242.759,243.247,242.749,243.127,53471
2022-07-28 15:25:00,243.217,243.247,242.799,242.928,24740
2022-07-28 15:30:00,242.978,242.978,242.53,242.938,40790
2022-07-28 15:35:00,242.908,243.207,242.54,242.54,38231
2022-07-28 15:40:00,242.51,242.69,242.222,242.331,40249
2022-07-28 15:45:00,242.366,242.371,242.023,242.023,36797
2022-07-28 15:50:00,242.013,242.491,241.744,242.491,55787
2022-07-28 15:55:00,242.57,242.704,241.903,242.303,72114
2022-07-28 16:00:00,242.321,242.68,241.525,241.834,166299
2022-07-28 16:05:00,241.844,241.844,241.844,241.844,1647
2022-07-28 16:15:00,241.844,241.844,241.844,241.844,772
2022-07-29 09:35:00,241.804,243.232,241.018,242.351,46565
2022-07-29 09:40:00,242.63,242.63,241.545,242.207,33082
2022-07-29 09:45:00,242.12,242.789,241.953,242.262,49504
2022-07-29 09:50:00,241.824,242.799,241.117,242.67,60769
2022-07-29 09:55:00,242.6,243.356,242.461,242.799,40876
2022-07-29 10:00:00,242.829,243.436,242.799,243.257,18243
2022-07-29 10:05:00,243.267,243.983,243.117,243.814,27126
2022-07-29 10:10:00,244.083,244.789,244.083,244.53,14563
2022-07-29 10:15:00,244.57,244.625,243.356,243.356,16256
2022-07-29 10:20:00,243.376,243.759,243.147,243.655,21075
2022-07-29 10:25:00,243.754,243.754,243.127,243.306,23758
2022-07-29 10:30:00,243.242,244.083,243.098,243.849,16420
2022-07-29 10:35:00,243.859,243.973,243.306,243.306,9891
2022-07-29 10:40:00,243.431,243.774,243.267,243.585,13943
2022-07-29 10:45:00,243.724,243.874,243.605,243.615,10297
2022-07-29 10:50:00,243.66,243.66,243.167,243.222,7434
2022-07-29 10:55:00,243.222,243.306,242.655,242.799,18257
2022-07-29 11:00:00,242.879,243.008,242.699,242.739,14504
2022-07-29 11:05:00,242.759,242.879,242.66,242.834,45939
2022-07-29 11:10:00,242.918,243.129,242.607,242.899,50446
2022-07-29 11:15:00,242.958,242.958,241.575,241.685,15351
2022-07-29 11:20:00,241.864,241.864,241.416,241.595,18423
2022-07-29 11:25:00,241.505,242.192,241.505,241.784,21528
2022-07-29 11:30:00,241.704,241.804,240.769,241.068,16301
2022-07-29 11:35:00,241.078,241.326,240.988,241.286,7868
2022-07-29 11:40:00,241.286,241.635,241.267,241.585,8532
2022-07-29 11:45:00,241.675,242.237,241.675,242.222,11506
2022-07-29 11:50:00,242.351,242.5,242.232,242.341,7305
2022-07-29 11:55:00,242.441,243.22,242.336,243.22,10316
2022-07-29 12:00:00,243.197,243.237,242.903,243.107,14689
2022-07-29 12:05:00,243.127,243.635,243.127,243.635,17216
2022-07-29 12:10:00,243.595,243.595,243.326,243.456,11993
2022-07-29 12:15:00,243.461,243.993,243.461,243.849,19624
2022-07-29 12:20:00,243.904,244.103,243.744,243.953,9161
2022-07-29 12:25:00,244.038,244.307,243.874,244.262,7777
2022-07-29 12:30:00,244.202,244.416,244.202,244.272,10628
2022-07-29 12:35:00,244.252,244.411,244.132,244.232,10920
2022-07-29 12:40:00,244.172,244.426,244.142,244.312,11898
2022-07-29 12:45:00,244.376,244.376,243.973,243.993,8300
2022-07-29 12:50:00,243.983,244.212,243.923,244.053,10255
2022-07-29 12:55:00,244.043,244.655,244.013,244.655,20863
2022-07-29 13:00:00,244.7,244.824,244.287,244.287,18046
2022-07-29 13:05:00,244.252,244.321,243.506,243.506,9954
2022-07-29 13:10:00,243.401,243.401,242.918,242.918,10465
2022-07-29 13:15:00,242.948,242.998,242.441,242.516,16480
2022-07-29 13:20:00,242.51,242.585,242.172,242.192,10119
2022-07-29 13:25:00,242.152,242.311,241.724,241.734,13595
2022-07-29 13:30:00,241.704,241.834,241.396,241.605,11001
2022-07-29 13:35:00,241.635,241.879,241.635,241.734,8383
2022-07-29 13:40:00,241.734,242.306,241.665,242.282,13390
2022-07-29 13:45:00,242.177,242.311,242.063,242.172,8618
2022-07-29 13:50:00,242.132,242.61,241.983,242.56,12434
2022-07-29 13:55:00,242.54,242.859,242.54,242.829,11159
2022-07-29 14:00:00,242.849,242.998,242.709,242.908,7425
2022-07-29 14:05:00,242.903,242.953,242.645,242.928,11915
2022-07-29 14:10:00,242.943,242.943,242.555,242.729,8715
2022-07-29 14:15:00,242.665,242.799,242.122,242.204,16986
2022-07-29 14:20:00,242.142,242.207,242.003,242.132,8817
2022-07-29 14:25:00,242.232,242.301,242.073,242.232,14280
2022-07-29 14:30:00,242.212,242.242,241.998,242.162,9581
2022-07-29 14:35:00,242.202,242.301,242.112,242.182,23197
2022-07-29 14:40:00,242.152,242.152,241.854,242.132,12475
2022-07-29 14:45:00,242.088,242.142,241.874,241.933,11133
2022-07-29 14:50:00,241.864,242.033,241.645,241.694,13967
2022-07-29 14:55:00,241.734,241.874,241.635,241.655,11423
2022-07-29 15:00:00,241.615,241.754,241.406,241.456,20544
2022-07-29 15:05:00,241.456,242.162,241.386,242.058,18911
2022-07-29 15:10:00,242.023,242.078,241.824,241.923,15155
2022-07-29 15:15:00,241.913,241.913,241.49,241.67,12852
2022-07-29 15:20:00,241.714,241.714,241.177,241.515,15476
2022-07-29 15:25:00,241.476,241.605,241.396,241.476,10572
2022-07-29 15:30:00,241.495,241.734,241.366,241.734,15352
2022-07-29 15:35:00,241.754,241.96,241.552,241.96,19858
2022-07-29 15:40:00,241.824,241.968,241.655,241.734,25679
2022-07-29 15:45:00,241.739,241.923,241.704,241.774,20308
2022-07-29 15:50:00,241.804,241.903,241.346,241.351,36889
2022-07-29 15:55:00,241.396,241.525,240.819,240.859,70540
2022-07-29 16:00:00,240.829,240.849,240.291,240.849,190269
2022-07-29 16:05:00,240.749,240.749,240.749,240.749,36832
2022-08-01 09:35:00,239.197,239.341,237.734,238.988,31989
2022-08-01 09:40:00,239.137,239.276,238.54,238.57,16894
2022-08-01 09:45:00,238.421,238.938,237.824,238.202,20957
2022-08-01 09:50:00,238.391,238.55,237.654,238.53,11071
2022-08-01 09:55:00,238.311,240.117,238.07,239.664,31526
2022-08-01 10:00:00,239.664,239.774,239.117,239.326,43492
2022-08-01 10:05:00,239.326,240.515,239.326,239.54,29600
2022-08-01 10:10:00,239.555,240.759,239.555,240.192,29806
2022-08-01 10:15:00,240.271,240.859,240.112,240.356,31905
2022-08-01 10:20:00,240.371,240.391,239.903,239.983,17848
2022-08-01 10:25:00,239.983,239.983,239.276,239.326,19199
2022-08-01 10:30:00,239.356,239.485,238.649,238.659,18255
2022-08-01 10:35:00,238.898,239.107,238.441,238.441,14532
2022-08-01 10:40:00,238.431,238.789,238.192,238.59,10190
2022-08-01 10:45:00,238.669,239.286,238.669,238.854,17498
2022-08-01 10:50:00,238.943,239.948,238.729,239.948,21326
2022-08-01 10:55:00,239.913,240.381,239.893,240.296,20713
2022-08-01 11:00:00,240.222,240.222,239.739,239.769,12868
2022-08-01 11:05:00,239.814,239.923,239.192,239.461,15921
2022-08-01 11:10:00,239.475,239.525,239.132,239.177,12006
2022-08-01 11:15:00,239.202,239.709,239.077,239.396,17577
2022-08-01 11:20:00,239.416,239.734,239.276,239.346,19400
2022-08-01 11:25:00,239.346,239.461,239.062,239.461,9561
2022-08-01 11:30:00,239.525,239.714,239.461,239.694,12608
2022-08-01 11:35:00,239.754,239.754,239.51,239.684,9364
2022-08-01 11:40:00,239.744,239.744,239.416,239.59,10743
2022-08-01 11:45:00,239.475,239.764,239.465,239.694,9317
2022-08-01 11:50:00,239.714,239.804,239.406,239.629,13961
2022-08-01 11:55:00,239.66,239.973,239.535,239.824,11760
2022-08-01 12:00:00,239.824,239.963,239.51,239.565,20259
2022-08-01 12:05:00,239.585,239.635,239.132,239.137,16311
2022-08-01 12:10:00,239.147,239.147,238.719,238.77,10832
2022-08-01 12:15:00,238.729,238.779,238.182,238.381,14645
2022-08-01 12:20:00,238.441,238.659,238.391,238.421,18806
2022-08-01 12:25:00,238.371,238.968,238.251,238.714,9347
2022-08-01 12:30:00,238.724,238.958,238.64,238.849,10530
2022-08-01 12:35:00,238.898,239.266,238.829,239.257,13822
2022-08-01 12:40:00,239.247,239.326,238.961,239.266,13750
2022-08-01 12:45:00,239.281,239.535,238.938,239.535,40544
2022-08-01 12:50:00,239.635,240.321,239.635,240.321,70298
2022-08-01 12:55:00,240.371,240.898,240.247,240.54,25532
2022-08-01 13:00:00,240.51,241.087,240.376,240.859,17482
2022-08-01 13:05:00,240.938,240.978,240.749,240.839,13130
2022-08-01 13:10:00,240.869,241.63,240.769,241.52,12404
2022-08-01 13:15:00,241.466,241.908,241.416,241.908,15006
2022-08-01 13:20:00,241.923,241.923,241.466,241.545,22284
2022-08-01 13:25:00,241.376,241.685,241.217,241.599,14518
2022-08-01 13:30:00,241.535,241.718,241.436,241.546,21257
2022-08-01 13:35:00,241.466,241.62,240.839,240.898,10941
2022-08-01 13:40:00,240.898,241.416,240.789,241.102,17310
2022-08-01 13:45:00,241.078,241.323,240.958,241.237,11653
2022-08-01 13:50:00,241.252,241.252,240.471,240.757,31091
2022-08-01 13:55:00,240.719,240.779,240.252,240.396,13980
2022-08-01 14:00:00,240.421,240.6,240.212,240.49,14298
2022-08-01 14:05:00,240.461,240.5,239.973,240.391,15341
2022-08-01 14:10:00,240.381,240.859,240.242,240.401,33613
2022-08-01 14:15:00,240.461,240.968,240.361,240.898,19669
2022-08-01 14:20:00,240.859,240.948,240.341,240.391,16765
2022-08-01 14:25:00,240.431,241.466,240.348,241.466,8568
2022-08-01 14:30:00,241.456,241.515,240.819,240.829,15285
2022-08-01 14:35:00,240.789,240.948,240.689,240.849,12927
2022-08-01 14:40:00,240.898,241.107,240.859,240.968,12566
2022-08-01 14:45:00,240.958,241.073,240.794,240.839,12289
2022-08-01 14:50:00,240.804,241.078,240.779,240.878,14595
2022-08-01 14:55:00,240.888,241.207,240.767,240.978,18156
2022-08-01 15:00:00,240.958,241.127,240.898,240.938,27223
2022-08-01 15:05:00,240.859,240.948,240.63,240.898,12613
2022-08-01 15:10:00,240.933,241.087,240.829,240.878,15176
2022-08-01 15:15:00,240.869,241.107,240.819,241.107,16503
2022-08-01 15:20:00,241.117,241.212,241.018,241.127,16173
2022-08-01 15:25:00,241.157,241.167,240.729,241.058,26839
2022-08-01 15:30:00,241.053,241.466,240.809,241.028,183063
2022-08-01 15:35:00,240.998,241.421,240.903,241.316,28033
2022-08-01 15:40:00,241.267,241.267,240.898,241.087,38434
2022-08-01 15:45:00,241.078,241.63,241.078,241.242,36070
2022-08-01 15:50:00,241.286,242.212,241.137,242.202,65931
2022-08-01 15:55:00,242.262,242.54,241.943,242.023,91896
2022-08-01 16:00:00,241.963,242.132,241.764,241.814,186358
2022-08-01 16:05:00,241.893,241.893,241.893,241.893,40079
2022-08-02 09:35:00,242.889,243.107,240.222,240.222,25343
2022-08-02 09:40:00,240.112,240.162,239.237,239.694,10874
2022-08-02 09:45:00,239.814,239.923,239.018,239.625,58122
2022-08-02 09:50:00,239.565,240.485,239.266,239.386,10391
2022-08-02 09:55:00,239.426,240.17,238.948,238.993,12048
2022-08-02 10:00:00,238.849,239.625,238.61,239.097,16546
2022-08-02 10:05:00,239.157,239.943,239.157,239.645,11271
2022-08-02 10:10:00,239.49,239.844,239.137,239.525,14355
2022-08-02 10:15:00,239.436,239.436,238.933,239.177,16880
2022-08-02 10:20:00,239.147,239.147,238.271,238.451,14783
2022-08-02 10:25:00,238.49,238.819,238.301,238.679,13646
2022-08-02 10:30:00,238.779,239.376,238.495,239.327,23090
2022-08-02 10:35:00,239.336,240.421,239.336,240.421,21084
2022-08-02 10:40:00,240.676,240.676,239.903,240.222,48898
2022-08-02 10:45:00,240.242,240.545,239.948,240.232,17231
2022-08-02 10:50:00,240.291,240.311,239.615,240.092,9167
2022-08-02 10:55:00,240.281,240.734,240.028,240.6,40402
2022-08-02 11:00:00,240.391,240.62,239.933,240.62,15806
2022-08-02 11:05:00,240.719,240.809,240.072,240.132,23140
2022-08-02 11:10:00,240.152,240.63,240.102,240.386,62576
2022-08-02 11:15:00,240.49,240.58,239.963,240.132,14887
2022-08-02 11:20:00,240.058,240.326,239.893,240.082,12285
2022-08-02 11:25:00,240.053,240.291,239.983,240.182,12090
2022-08-02 11:30:00,240.252,240.595,240.142,240.451,13238
2022-08-02 11:35:00,240.461,240.66,240.102,240.58,14648
2022-08-02 11:40:00,240.739,240.829,240.679,240.719,20661
2022-08-02 11:45:00,240.709,240.809,240.54,240.65,10382
2022-08-02 11:50:00,240.52,240.53,240.281,240.51,8079
2022-08-02 11:55:00,240.58,240.809,240.55,240.679,9648
2022-08-02 12:00:00,240.749,241.048,240.53,240.769,11351
2022-08-02 12:05:00,240.739,241.068,240.49,241.068,45824
2022-08-02 12:10:00,240.958,241.122,240.714,240.714,17000
2022-08-02 12:15:00,240.74,241.195,240.665,240.883,29578
2022-08-02 12:20:00,240.968,241.237,240.918,241.127,19117
2022-08-02 12:25:00,241.127,241.918,241.087,241.814,50080
2022-08-02 12:30:00,242.122,242.282,241.734,242.092,19860
2022-08-02 12:35:00,242.033,242.252,241.824,241.978,32114
2022-08-02 12:40:00,242.043,242.769,242.043,242.769,15305
2022-08-02 12:45:00,242.69,243.147,242.61,243.147,9543
2022-08-02 12:50:00,243.232,243.615,243.068,243.615,9882
2022-08-02 12:55:00,243.665,244.112,243.535,244.063,12221
2022-08-02 13:00:00,244.063,244.162,243.217,243.416,23262
2022-08-02 13:05:00,243.416,243.426,242.68,242.729,8514
2022-08-02 13:10:00,242.68,242.829,242.301,242.68,8123
2022-08-02 13:15:00,242.635,242.68,242.292,242.421,13201
2022-08-02 13:20:00,242.361,242.691,242.311,242.64,10860
2022-08-02 13:25:00,242.59,242.59,242.073,242.232,10984
2022-08-02 13:30:00,242.207,242.207,241.675,241.675,17652
2022-08-02 13:35:00,241.645,241.814,241.476,241.539,13071
2022-08-02 13:40:00,241.515,241.864,241.222,241.585,15628
2022-08-02 13:45:00,241.615,242.222,241.595,242.222,8998
2022-08-02 13:50:00,242.292,242.371,241.893,241.973,17476
2022-08-02 13:55:00,241.953,242.152,241.645,242.013,14480
2022-08-02 14:00:00,241.988,242.053,241.714,241.993,10494
2022-08-02 14:05:00,242.053,242.053,241.615,241.784,10935
2022-08-02 14:10:00,241.774,242.401,241.774,242.401,12140
2022-08-02 14:15:00,242.451,242.466,242.152,242.351,14783
2022-08-02 14:20:00,242.292,242.301,241.973,242.083,12521
2022-08-02 14:25:00,242.063,242.371,241.953,242.262,13175
2022-08-02 14:30:00,242.242,242.64,242.242,242.57,14815
2022-08-02 14:35:00,242.62,243.098,242.59,243.038,14943
2022-08-02 14:40:00,242.968,243.068,242.794,242.899,13243
2022-08-02 14:45:00,242.908,243.237,242.849,242.948,12759
2022-08-02 14:50:00,242.889,242.978,242.51,242.879,12922
2022-08-02 14:55:00,242.918,243.058,242.68,242.834,12026
2022-08-02 15:00:00,242.789,242.884,242.461,242.884,20369
2022-08-02 15:05:00,242.889,243.257,242.673,243.117,15860
2022-08-02 15:10:00,243.088,243.471,243.008,243.257,17520
2022-08-02 15:15:00,243.227,243.496,243.147,243.496,21789
2022-08-02 15:20:00,243.515,243.515,242.849,242.879,20576
2022-08-02 15:25:00,242.829,243.028,242.61,242.789,28764
2022-08-02 15:30:00,242.799,243.207,242.68,243.207,29687
2022-08-02 15:35:00,243.177,243.645,243.117,243.645,22287
2022-08-02 15:40:00,243.615,244.112,243.515,243.944,38507
2022-08-02 15:45:00,244.003,244.003,243.595,243.988,35884
2022-08-02 15:50:00,243.973,244.023,243.466,243.476,63225
2022-08-02 15:55:00,243.412,243.476,242.272,242.296,67745
2022-08-02 16:00:00,242.272,242.67,242.142,242.61,195732
2022-08-02 16:05:00,242.411,242.411,242.411,242.411,6958
2022-08-03 09:30:00,242.202,242.202,242.202,242.202,235
2022-08-03 09:35:00,241.595,242.028,241.038,241.319,27738
2022-08-03 09:40:00,240.963,240.963,239.804,239.814,12768
2022-08-03 09:45:00,239.892,240.709,239.222,239.222,17692
2022-08-03 09:50:00,239.346,240.033,238.739,240.033,14735
2022-08-03 09:55:00,239.674,240.53,239.505,239.582,57232
2022-08-03 10:00:00,238.978,239.844,238.57,239.804,17572
2022-08-03 10:05:00,239.475,239.545,238.451,238.455,23238
2022-08-03 10:10:00,238.52,238.978,238.52,238.699,17670
2022-08-03 10:15:00,238.669,238.709,237.903,238.451,37770
2022-08-03 10:20:00,238.356,238.46,237.197,237.455,43247
2022-08-03 10:25:00,237.684,237.844,237.077,237.217,17025
2022-08-03 10:30:00,236.829,237.575,236.649,237.49,92372
2022-08-03 10:35:00,237.615,238.291,237.207,238.291,29188
2022-08-03 10:40:00,238.112,238.49,237.807,238.023,21118
2022-08-03 10:45:00,237.883,237.913,237.515,237.565,25947
2022-08-03 10:50:00,237.565,237.933,237.565,237.844,24762
2022-08-03 10:55:00,237.888,238.276,237.684,238.102,19823
2022-08-03 11:00:00,238.102,238.102,237.475,237.475,18688
2022-08-03 11:05:00,237.585,237.982,237.585,237.644,10306
2022-08-03 11:10:00,237.754,238.062,237.734,237.774,9946
2022-08-03 11:15:00,237.774,237.993,237.565,237.565,26266
2022-08-03 11:20:00,237.625,237.958,237.46,237.804,16275
2022-08-03 11:25:00,237.744,238.172,237.67,237.824,19145
2022-08-03 11:30:00,237.853,238.132,237.734,237.839,16317
2022-08-03 11:35:00,237.824,237.983,237.774,237.973,6556
2022-08-03 11:40:00,237.988,238.182,237.61,237.714,14147
2022-08-03 11:45:00,237.734,237.903,237.346,237.873,14239
2022-08-03 11:50:00,237.824,237.983,237.784,237.878,5757
2022-08-03 11:55:00,237.804,237.943,237.227,237.321,28404
2022-08-03 12:00:00,237.376,237.844,237.256,237.824,16747
2022-08-03 12:05:00,237.908,237.913,237.605,237.839,25674
2022-08-03 12:10:00,237.834,238.202,237.759,237.953,24562
2022-08-03 12:15:00,237.953,238.092,237.719,237.923,17634
2022-08-03 12:20:00,237.983,237.983,237.351,237.664,16808
2022-08-03 12:25:00,237.734,237.873,237.664,237.809,11829
2022-08-03 12:30:00,237.744,237.863,237.625,237.625,12686
2022-08-03 12:35:00,237.694,238.072,237.669,237.858,21176
2022-08-03 12:40:00,237.893,238.351,237.855,238.271,18660
2022-08-03 12:45:00,238.316,238.391,238.142,238.142,25942
2022-08-03 12:50:00,238.013,238.251,238.003,238.237,23801
2022-08-03 12:55:00,238.242,238.281,237.858,238.227,11895
2022-08-03 13:00:00,238.281,238.689,238.202,238.202,16131
2022-08-03 13:05:00,238.232,238.371,238.112,238.304,18021
2022-08-03 13:10:00,238.431,238.809,238.361,238.441,7513
2022-08-03 13:15:00,238.57,238.58,238.411,238.441,7034
2022-08-03 13:20:00,238.451,238.451,238.026,238.192,9820
2022-08-03 13:25:00,238.152,238.421,238.142,238.416,6311
2022-08-03 13:30:00,238.421,238.689,238.421,238.659,7379
2022-08-03 13:35:00,238.689,238.769,238.53,238.699,9189
2022-08-03 13:40:00,238.659,238.719,238.361,238.371,9266
2022-08-03 13:45:00,238.291,238.679,238.202,238.605,8957
2022-08-03 13:50:00,238.627,238.627,238.072,238.157,9988
2022-08-03 13:55:00,238.157,238.212,238.028,238.172,8879
2022-08-03 14:00:00,238.142,238.162,237.724,237.754,14440
2022-08-03 14:05:00,237.794,237.913,237.585,237.744,16831
2022-08-03 14:10:00,237.769,237.893,237.704,237.883,12685
2022-08-03 14:15:00,237.903,238.301,237.853,238.301,8266
2022-08-03 14:20:00,238.251,238.59,238.217,238.59,9005
2022-08-03 14:25:00,238.587,238.587,238.152,238.451,21726
2022-08-03 14:30:00,238.58,238.839,238.58,238.769,19179
2022-08-03 14:35:00,238.839,238.839,238.49,238.799,13017
2022-08-03 14:40:00,238.779,238.849,238.63,238.679,13358
2022-08-03 14:45:00,238.699,238.856,238.55,238.856,10540
2022-08-03 14:50:00,238.824,238.839,238.491,238.809,14185
2022-08-03 14:55:00,238.819,238.849,238.64,238.744,11890
2022-08-03 15:00:00,238.779,238.849,238.56,238.585,14251
2022-08-03 15:05:00,238.6,238.849,238.59,238.834,15344
2022-08-03 15:10:00,238.824,238.849,238.585,238.694,32666
2022-08-03 15:15:00,238.699,238.819,238.62,238.819,14376
2022-08-03 15:20:00,238.759,238.829,238.625,238.759,15704
2022-08-03 15:25:00,238.759,238.819,238.699,238.769,17509
2022-08-03 15:30:00,238.719,238.799,238.635,238.749,12671
2022-08-03 15:35:00,238.739,238.829,238.729,238.819,17107
2022-08-03 15:40:00,238.819,238.829,238.58,238.58,31802
2022-08-03 15:45:00,238.565,238.799,238.157,238.659,41609
2022-08-03 15:50:00,238.659,238.719,238.465,238.53,46119
2022-08-03 15:55:00,238.55,238.863,238.55,238.699,69095
2022-08-03 16:00:00,238.669,239.048,238.043,238.117,168724
2022-08-03 16:05:00,238.142,238.142,238.142,238.142,20690
2022-08-03 16:20:00,238.142,238.142,238.142,238.142,428
2022-08-03 18:40:00,238.142,238.142,238.142,238.142,480
2022-08-04 08:25:00,240.212,240.212,240.212,240.212,200
2022-08-04 09:35:00,238.391,240.003,238.391,239.117,21931
2022-08-04 09:40:00,239.117,239.923,238.898,239.341,8356
2022-08-04 09:45:00,239.456,240.005,239.087,239.859,15347
2022-08-04 09:50:00,239.754,239.754,239.217,239.217,5050
2022-08-04 09:55:00,239.067,239.684,238.49,239.684,8742
2022-08-04 10:00:00,239.888,239.913,239.266,239.266,13055
2022-08-04 10:05:00,239.356,239.973,239.207,239.829,7653
2022-08-04 10:10:00,239.734,240.023,239.495,239.515,7331
2022-08-04 10:15:00,239.366,239.714,239.217,239.615,8741
2022-08-04 10:20:00,239.709,239.709,239.018,239.321,8347
2022-08-04 10:25:00,239.177,239.814,239.087,239.814,8863
2022-08-04 10:30:00,239.943,240.242,239.734,239.784,7297
2022-08-04 10:35:00,239.814,239.864,239.436,239.724,10577
2022-08-04 10:40:00,239.814,239.814,239.207,239.426,4233
2022-08-04 10:45:00,239.366,239.645,239.248,239.57,8023
2022-08-04 10:50:00,239.615,240.053,239.316,239.406,18417
2022-08-04 10:55:00,239.515,240.077,239.478,239.958,31313
2022-08-04 11:00:00,240.053,240.804,240.053,240.729,7482
2022-08-04 11:05:00,240.864,241.346,240.839,241.346,7944
2022-08-04 11:10:00,241.386,242.092,241.386,242.092,6677
2022-08-04 11:15:00,242.162,242.55,242.162,242.391,6814
2022-08-04 11:20:00,242.401,243.048,242.222,243.048,8135
2022-08-04 11:25:00,243.351,243.351,242.719,242.784,9940
2022-08-04 11:30:00,242.839,243.068,242.65,242.869,6101
2022-08-04 11:35:00,243.117,243.555,242.988,243.51,9848
2022-08-04 11:40:00,243.436,243.535,242.719,242.719,9478
2022-08-04 11:45:00,242.689,242.804,242.59,242.699,8391
2022-08-04 11:50:00,242.645,242.68,241.923,242.018,19764
2022-08-04 11:55:00,242.013,242.366,241.784,242.366,23630
2022-08-04 12:00:00,242.57,242.759,242.57,242.6,4945
2022-08-04 12:05:00,242.589,242.589,241.704,241.844,5450
2022-08-04 12:10:00,241.834,242.003,241.655,241.844,4993
2022-08-04 12:15:00,241.943,242.63,241.933,242.441,6435
2022-08-04 12:20:00,242.084,242.738,242.084,242.738,14402
2022-08-04 12:25:00,242.5,242.809,242.481,242.749,5736
2022-08-04 12:30:00,242.655,242.998,242.65,242.839,7417
2022-08-04 12:35:00,242.64,242.64,241.814,242.102,14664
2022-08-04 12:40:00,242.202,242.202,241.754,241.943,3480
2022-08-04 12:45:00,242.043,242.172,241.903,242.092,10351
2022-08-04 12:50:00,242.088,242.102,241.416,241.476,11003
2022-08-04 12:55:00,241.446,241.628,241.282,241.376,6169
2022-08-04 13:00:00,241.436,241.436,240.859,241.237,12552
2022-08-04 13:05:00,241.336,241.609,241.296,241.366,5173
2022-08-04 13:10:00,241.326,241.456,241.207,241.336,5863
2022-08-04 13:15:00,241.306,241.744,241.306,241.625,6577
2022-08-04 13:20:00,241.685,241.704,241.485,241.485,7156
2022-08-04 13:25:00,241.505,241.804,241.296,241.704,8420
2022-08-04 13:30:00,241.635,241.675,241.605,241.615,4806
2022-08-04 13:35:00,241.585,241.804,241.476,241.749,10027
2022-08-04 13:40:00,241.794,242.053,241.754,241.943,9739
2022-08-04 13:45:00,241.973,242.252,241.973,242.252,6074
2022-08-04 13:50:00,242.202,242.252,241.804,241.953,11328
2022-08-04 13:55:00,241.953,241.953,241.615,241.685,3217
2022-08-04 14:00:00,241.704,241.704,241.505,241.694,4636
2022-08-04 14:05:00,241.645,241.804,241.645,241.744,5022
2022-08-04 14:10:00,241.834,241.854,241.555,241.555,7140
2022-08-04 14:15:00,241.555,241.555,241.058,241.058,6190
2022-08-04 14:20:00,241.058,241.286,241.058,241.097,7273
2022-08-04 14:25:00,241.127,241.316,241.127,241.277,4299
2022-08-04 14:30:00,241.157,241.187,240.859,240.988,8136
2022-08-04 14:35:00,240.908,241.386,240.864,241.386,9081
2022-08-04 14:40:00,241.495,241.673,241.366,241.673,10158
2022-08-04 14:45:00,241.595,241.665,241.371,241.625,5282
2022-08-04 14:50:00,241.724,241.794,241.565,241.694,6554
2022-08-04 14:55:00,241.698,241.893,241.605,241.754,5106
2022-08-04 15:00:00,241.809,242.127,241.734,242.033,7924
2022-08-04 15:05:00,241.958,242.202,241.933,242.202,6528
2022-08-04 15:10:00,242.162,242.301,242.083,242.222,9186
2022-08-04 15:15:00,242.217,242.252,242.063,242.235,7463
2022-08-04 15:20:00,242.301,242.55,242.252,242.461,12111
2022-08-04 15:25:00,242.391,242.5,242.212,242.341,11749
2022-08-04 15:30:00,242.282,242.287,242.034,242.112,11023
2022-08-04 15:35:00,242.127,242.182,241.963,242.167,16142
2022-08-04 15:40:00,242.282,242.51,242.212,242.381,12728
2022-08-04 15:45:00,242.341,242.471,242.222,242.321,17301
2022-08-04 15:50:00,242.321,242.63,242.292,242.411,23602
2022-08-04 15:55:00,242.431,242.55,241.874,241.948,34054
2022-08-04 16:00:00,241.923,242.023,241.615,241.943,91359
2022-08-04 16:05:00,241.893,241.893,241.893,241.893,11342
2022-08-04 16:35:00,241.893,241.893,241.893,241.893,4540
2022-08-05 09:35:00,238.829,239.63,236.829,238.61,37776
2022-08-05 09:40:00,238.779,238.998,237.774,237.983,29603
2022-08-05 09:45:00,238.172,238.63,237.535,238.455,17824
2022-08-05 09:50:00,238.351,238.455,236.998,237.008,32168
2022-08-05 09:55:00,237.062,237.097,235.644,236.45,47119
2022-08-05 10:00:00,236.49,236.898,235.903,236.251,34131
2022-08-05 10:05:00,236.341,237.087,236.341,236.938,34891
2022-08-05 10:10:00,236.794,237.455,236.769,237.246,61725
2022-08-05 10:15:00,237.187,237.938,237.167,237.674,63707
2022-08-05 10:20:00,237.734,238.162,237.296,238.043,62728
2022-08-05 10:25:00,237.893,238.361,237.56,238.212,26362
2022-08-05 10:30:00,238.251,238.49,237.346,237.565,30018
2022-08-05 10:35:00,237.515,237.515,236.072,236.202,18778
2022-08-05 10:40:00,235.993,236.858,235.684,236.301,13914
2022-08-05 10:45:00,236.241,236.938,236.013,236.351,13968
2022-08-05 10:50:00,236.43,236.63,236.142,236.261,9705
2022-08-05 10:55:00,236.354,236.354,235.595,235.843,18742
2022-08-05 11:00:00,235.928,236.669,235.883,236.251,16567
2022-08-05 11:05:00,236.202,236.301,235.754,235.794,8720
2022-08-05 11:10:00,235.595,235.734,235.296,235.734,8671
2022-08-05 11:15:00,235.878,236.082,235.585,235.634,11181
2022-08-05 11:20:00,235.679,236.122,235.465,235.465,13022
2022-08-05 11:25:00,235.416,235.416,234.903,235.174,15779
2022-08-05 11:30:00,235.207,235.386,234.657,235.027,21347
2022-08-05 11:35:00,235.032,235.286,235.032,235.127,9409
2022-08-05 11:40:00,235.077,235.396,234.818,234.998,19173
2022-08-05 11:45:00,234.948,235.366,234.948,235.217,11880
2022-08-05 11:50:00,235.167,235.361,234.933,235.316,13140
2022-08-05 11:55:00,235.306,235.336,235.047,235.326,9033
2022-08-05 12:00:00,235.276,235.336,234.57,234.57,21420
2022-08-05 12:05:00,234.58,234.938,234.58,234.799,15916
2022-08-05 12:10:00,234.764,234.908,234.57,234.848,19718
2022-08-05 12:15:00,234.903,235.231,234.729,234.913,12699
2022-08-05 12:20:00,234.863,234.918,234.726,234.789,16764
2022-08-05 12:25:00,234.818,234.848,234.57,234.719,12836
2022-08-05 12:30:00,234.679,235.057,234.679,234.993,16757
2022-08-05 12:35:00,234.993,235.132,234.769,234.928,16058
2022-08-05 12:40:00,234.913,235.107,234.739,235.013,17613
2022-08-05 12:45:00,234.978,235.276,234.903,235.102,14767
2022-08-05 12:50:00,235.062,235.316,234.943,235.226,18324
2022-08-05 12:55:00,235.207,235.276,234.828,235.256,13912
2022-08-05 13:00:00,235.256,235.296,235.027,235.182,12734
2022-08-05 13:05:00,235.187,235.505,235.137,235.5,14746
2022-08-05 13:10:00,235.664,235.958,235.553,235.644,16042
2022-08-05 13:15:00,235.694,235.938,235.694,235.893,7476
2022-08-05 13:20:00,235.883,236.271,235.774,235.993,20114
2022-08-05 13:25:00,235.963,236.281,235.729,235.948,16756
2022-08-05 13:30:00,235.903,236.152,235.754,236.152,11986
2022-08-05 13:35:00,236.231,236.241,235.992,236.172,10393
2022-08-05 13:40:00,236.152,236.286,236.112,236.286,8649
2022-08-05 13:45:00,236.376,236.411,235.963,236.159,10755
2022-08-05 13:50:00,236.182,236.241,236.082,236.122,7964
2022-08-05 13:55:00,236.172,236.351,236.042,236.311,12160
2022-08-05 14:00:00,236.281,236.281,235.848,236.281,9037
2022-08-05 14:05:00,236.231,236.261,236.008,236.182,6639
2022-08-05 14:10:00,236.172,236.61,236.122,236.222,12120
2022-08-05 14:15:00,236.222,236.326,235.595,235.764,12577
2022-08-05 14:20:00,235.814,236.331,235.734,236.177,7689
2022-08-05 14:25:00,236.172,236.351,236.172,236.316,11849
2022-08-05 14:30:00,236.361,236.361,235.794,235.804,9055
2022-08-05 14:35:00,235.749,236.281,235.749,236.231,7935
2022-08-05 14:40:00,236.222,236.241,235.913,236.003,17316
2022-08-05 14:45:00,235.993,236.062,235.913,236.032,7277
2022-08-05 14:50:00,235.983,236.062,235.833,235.878,13195
2022-08-05 14:55:00,235.833,235.833,235.605,235.694,10970
2022-08-05 15:00:00,235.694,235.734,235.455,235.575,12257
2022-08-05 15:05:00,235.595,235.933,235.555,235.888,10132
2022-08-05 15:10:00,235.963,235.963,235.572,235.878,9873
2022-08-05 15:15:00,235.888,235.913,235.764,235.764,11686
2022-08-05 15:20:00,235.684,235.933,235.485,235.505,16869
2022-08-05 15:25:00,235.605,235.833,235.535,235.804,8004
2022-08-05 15:30:00,235.833,235.863,235.435,235.659,28058
2022-08-05 15:35:00,235.585,235.684,235.515,235.555,23142
2022-08-05 15:40:00,235.52,235.565,235.276,235.336,47112
2022-08-05 15:45:00,235.346,235.714,235.256,235.714,47920
2022-08-05 15:50:00,235.734,235.983,235.545,235.826,70466
2022-08-05 15:55:00,235.863,236.112,235.714,236.062,91734
2022-08-05 16:00:00,236.067,236.092,235.595,235.943,208302
2022-08-05 16:05:00,235.913,235.913,235.913,235.913,31726
2022-08-05 18:00:00,235.913,235.913,235.336,235.336,200
2022-08-08 08:55:00,240.471,240.471,240.471,240.471,100
2022-08-08 09:30:00,237.903,237.903,237.903,237.903,150
2022-08-08 09:35:00,238.62,240.232,238.028,239.694,52352
2022-08-08 09:40:00,240.038,240.056,238.978,239.351,27189
2022-08-08 09:45:00,239.356,240.092,238.983,239.635,66475
2022-08-08 09:50:00,239.456,240.864,239.117,240.53,24917
2022-08-08 09:55:00,240.461,240.54,240.053,240.212,21174
2022-08-08 10:00:00,240.381,240.431,239.625,239.814,26269
2022-08-08 10:05:00,239.764,240.585,239.475,240.565,43170
2022-08-08 10:10:00,240.565,241.068,239.993,241.068,28316
2022-08-08 10:15:00,241.078,241.64,240.918,240.928,22904
2022-08-08 10:20:00,240.963,241.431,240.819,241.087,39635
2022-08-08 10:25:00,241.237,241.326,240.376,240.436,20769
2022-08-08 10:30:00,240.351,240.799,240.152,240.699,22841
2022-08-08 10:35:00,240.65,240.973,240.52,240.694,17684
2022-08-08 10:40:00,240.739,240.938,240.65,240.739,20654
2022-08-08 10:45:00,240.66,241.505,240.66,241.416,26254
2022-08-08 10:50:00,241.565,241.714,240.869,240.869,31415
2022-08-08 10:55:00,240.928,241.053,240.321,240.391,24668
2022-08-08 11:00:00,240.475,240.64,239.694,240.043,22356
2022-08-08 11:05:00,240.187,240.719,240.082,240.122,13672
2022-08-08 11:10:00,240.157,240.49,240.122,240.192,16814
2022-08-08 11:15:00,240.172,240.381,240.162,240.271,10771
2022-08-08 11:20:00,240.192,240.192,239.694,239.724,14799
2022-08-08 11:25:00,239.714,240.102,239.694,240.082,19289
2022-08-08 11:30:00,240.092,240.097,239.475,239.475,13192
2022-08-08 11:35:00,239.545,239.575,239.197,239.266,11782
2022-08-08 11:40:00,239.356,239.396,238.361,238.421,11505
2022-08-08 11:45:00,238.421,238.59,237.848,237.848,19393
2022-08-08 11:50:00,237.993,238.361,237.972,238.351,9448
2022-08-08 11:55:00,238.391,238.46,238.018,238.331,12594
2022-08-08 12:00:00,238.361,238.58,238.072,238.48,13217
2022-08-08 12:05:00,238.51,238.6,238.003,238.122,9967
2022-08-08 12:10:00,238.212,238.341,237.814,237.853,9824
2022-08-08 12:15:00,238.052,238.172,237.844,238.102,8250
2022-08-08 12:20:00,238.117,238.162,237.64,237.64,12099
2022-08-08 12:25:00,237.575,238.271,237.545,238.271,10682
2022-08-08 12:30:00,238.271,238.291,237.784,238.097,12691
2022-08-08 12:35:00,238.023,238.076,237.804,237.804,10576
2022-08-08 12:40:00,237.834,238.401,237.714,238.003,15885
2022-08-08 12:45:00,238.072,238.301,237.973,238.222,7519
2022-08-08 12:50:00,238.222,238.6,238.182,238.426,10759
2022-08-08 12:55:00,238.411,238.729,238.371,238.729,7541
2022-08-08 13:00:00,238.689,238.789,238.6,238.64,7439
2022-08-08 13:05:00,238.63,238.679,238.486,238.55,6981
2022-08-08 13:10:00,238.63,238.898,238.61,238.898,6669
2022-08-08 13:15:00,238.809,239.018,238.659,238.938,7192
2022-08-08 13:20:00,238.888,239.058,238.729,238.908,8849
2022-08-08 13:25:00,238.819,238.819,238.485,238.819,11071
2022-08-08 13:30:00,238.819,238.878,238.361,238.361,10819
2022-08-08 13:35:00,238.381,238.421,238.142,238.218,17767
2022-08-08 13:40:00,238.212,238.381,238.062,238.122,8231
2022-08-08 13:45:00,238.052,238.689,238.052,238.689,5628
2022-08-08 13:50:00,238.61,238.834,238.51,238.699,9707
2022-08-08 13:55:00,238.719,238.918,238.719,238.829,9784
2022-08-08 14:00:00,238.829,238.868,238.689,238.849,11254
2022-08-08 14:05:00,238.888,239.187,238.689,238.689,13902
2022-08-08 14:10:00,238.63,238.982,238.49,238.982,13181
2022-08-08 14:15:00,238.918,238.948,238.65,238.799,8699
2022-08-08 14:20:00,238.858,239.018,238.739,238.819,9250
2022-08-08 14:25:00,238.829,238.928,238.759,238.789,5679
2022-08-08 14:30:00,238.769,238.868,238.635,238.679,8834
2022-08-08 14:35:00,238.789,238.928,238.699,238.888,4903
2022-08-08 14:40:00,238.749,238.754,238.57,238.58,7163
2022-08-08 14:45:00,238.65,238.739,238.441,238.47,9619
2022-08-08 14:50:00,238.52,238.699,238.361,238.62,8813
2022-08-08 14:55:00,238.59,238.61,238.446,238.47,8112
2022-08-08 15:00:00,238.52,238.719,238.495,238.61,9019
2022-08-08 15:05:00,238.55,238.669,238.391,238.446,7369
2022-08-08 15:10:00,238.475,238.57,238.311,238.391,8316
2022-08-08 15:15:00,238.381,238.48,238.291,238.451,7661
2022-08-08 15:20:00,238.411,238.47,238.162,238.401,10837
2022-08-08 15:25:00,238.52,238.749,238.46,238.65,8353
2022-08-08 15:30:00,238.65,238.699,238.52,238.56,11128
2022-08-08 15:35:00,238.53,238.709,238.431,238.63,15399
2022-08-08 15:40:00,238.61,238.709,238.55,238.709,17568
2022-08-08 15:45:00,238.799,239.346,238.779,239.346,16706
2022-08-08 15:50:00,239.376,239.495,239.286,239.286,35773
2022-08-08 15:55:00,239.336,239.615,239.276,239.416,69337
2022-08-08 16:00:00,239.456,239.456,239.018,239.266,128885
2022-08-08 16:05:00,239.306,239.306,239.306,239.306,51428
2022-08-09 09:35:00,238.291,239.018,237.709,237.709,14831
2022-08-09 09:40:00,237.923,237.923,236.689,236.689,12142
2022-08-09 09:45:00,236.54,236.848,235.366,235.366,10724
2022-08-09 09:50:00,235.147,235.326,233.953,234.719,29790
2022-08-09 09:55:00,234.52,234.52,232.769,232.853,35956
2022-08-09 10:00:00,232.883,233.515,232.211,233.196,15253
2022-08-09 10:05:00,233.186,233.445,232.818,233.445,11495
2022-08-09 10:10:00,233.425,234.221,233.415,233.719,16931
2022-08-09 10:15:00,233.843,234.396,233.654,234.007,46729
2022-08-09 10:20:00,234.087,234.336,233.256,233.256,26234
2022-08-09 10:25:00,233.44,234.042,233.435,233.813,9365
2022-08-09 10:30:00,234.007,234.311,233.644,233.823,23037
2022-08-09 10:35:00,233.953,234.838,233.694,234.838,17283
2022-08-09 10:40:00,234.669,235.197,234.624,234.809,12660
2022-08-09 10:45:00,234.644,234.749,234.43,234.43,6310
2022-08-09 10:50:00,234.46,234.719,234.082,234.659,25270
2022-08-09 10:55:00,234.6,234.709,234.092,234.221,13511
2022-08-09 11:00:00,234.271,234.689,234.192,234.51,12605
2022-08-09 11:05:00,234.361,234.54,233.5,233.808,23735
2022-08-09 11:10:00,233.863,234.092,233.694,233.923,11392
2022-08-09 11:15:00,233.818,234.485,233.774,234.401,13799
2022-08-09 11:20:00,234.401,234.56,233.963,233.998,18038
2022-08-09 11:25:00,233.953,234.016,233.654,233.794,10849
2022-08-09 11:30:00,233.654,233.968,233.595,233.689,12414
2022-08-09 11:35:00,233.644,233.784,233.087,233.167,22812
2022-08-09 11:40:00,233.047,233.455,233.042,233.246,11367
2022-08-09 11:45:00,233.167,233.326,232.948,232.968,13802
2022-08-09 11:50:00,232.903,233.585,232.903,232.958,27106
2022-08-09 11:55:00,232.948,233.127,232.808,233.037,13482
2022-08-09 12:00:00,233.056,233.107,232.505,232.719,17562
2022-08-09 12:05:00,232.659,232.659,231.982,232.047,31594
2022-08-09 12:10:00,231.982,232.271,231.982,232.142,14196
2022-08-09 12:15:00,232.211,232.351,232.012,232.201,13778
2022-08-09 12:20:00,232.117,232.351,232.012,232.351,12898
2022-08-09 12:25:00,232.44,232.58,232.271,232.271,17426
2022-08-09 12:30:00,232.261,232.44,232.256,232.271,9225
2022-08-09 12:35:00,232.191,232.908,232.042,232.709,11448
2022-08-09 12:40:00,232.724,233.062,232.599,233.017,7524
2022-08-09 12:45:00,233.017,233.017,232.52,232.808,15216
2022-08-09 12:50:00,232.749,233.097,232.649,233.097,10079
2022-08-09 12:55:00,233.112,233.465,233.047,233.396,8435
2022-08-09 13:00:00,233.381,233.664,233.296,233.46,9752
2022-08-09 13:05:00,233.435,233.46,232.948,233.027,7247
2022-08-09 13:10:00,232.958,233.097,232.709,233.097,11030
2022-08-09 13:15:00,233.082,233.102,232.798,233.077,8754
2022-08-09 13:20:00,233.127,233.371,233.077,233.366,10568
2022-08-09 13:25:00,233.326,233.57,233.326,233.505,12453
2022-08-09 13:30:00,233.56,233.575,233.137,233.221,10681
2022-08-09 13:35:00,233.192,233.192,232.808,232.863,10851
2022-08-09 13:40:00,232.866,233.386,232.719,233.201,12205
2022-08-09 13:45:00,233.142,233.306,232.878,233.102,17542
2022-08-09 13:50:00,233.147,233.356,232.997,233.356,9729
2022-08-09 13:55:00,233.361,233.361,233.097,233.126,14021
2022-08-09 14:00:00,233.147,233.405,233.127,233.405,24761
2022-08-09 14:05:00,233.326,233.425,233.266,233.41,12685
2022-08-09 14:10:00,233.525,233.709,233.256,233.256,14430
2022-08-09 14:15:00,233.251,233.475,233.057,233.057,14177
2022-08-09 14:20:00,233.077,233.266,232.898,232.988,10449
2022-08-09 14:25:00,233.007,233.007,232.749,232.898,6832
2022-08-09 14:30:00,232.813,232.878,232.683,232.759,16013
2022-08-09 14:35:00,232.689,232.779,232.5,232.555,7600
2022-08-09 14:40:00,232.555,232.555,232.231,232.281,11872
2022-08-09 14:45:00,232.241,232.381,232.082,232.157,27253
2022-08-09 14:50:00,232.132,232.435,232.102,232.241,34016
2022-08-09 14:55:00,232.201,232.58,232.122,232.306,48829
2022-08-09 15:00:00,232.271,232.47,232.132,232.281,40688
2022-08-09 15:05:00,232.241,232.331,231.699,231.734,44535
2022-08-09 15:10:00,231.674,231.843,231.107,231.356,87134
2022-08-09 15:15:00,231.306,231.475,231.087,231.142,97371
2022-08-09 15:20:00,231.162,231.385,231.037,231.201,62768
2022-08-09 15:25:00,231.196,231.958,231.097,231.629,74162
2022-08-09 15:30:00,231.639,231.973,231.555,231.684,28671
2022-08-09 15:35:00,231.714,232.226,231.604,231.803,51293
2022-08-09 15:40:00,231.818,231.982,231.679,231.903,33174
2022-08-09 15:45:00,231.863,232.062,231.823,231.823,28527
2022-08-09 15:50:00,231.803,231.913,231.689,231.754,40479
2022-08-09 15:55:00,231.803,232.182,231.734,231.769,61593
2022-08-09 16:00:00,231.783,231.853,231.087,231.206,225806
2022-08-09 16:05:00,231.216,231.216,231.216,231.216,13220
2022-08-10 08:35:00,234.838,234.838,234.838,234.838,500
2022-08-10 08:40:00,233.813,234.789,233.813,234.789,500
2022-08-10 09:30:00,235.814,236.898,235.366,236.898,1289
2022-08-10 09:35:00,236.709,240.192,235.998,238.923,91797
2022-08-10 09:40:00,238.898,240.57,238.839,240.57,44970
2022-08-10 09:45:00,240.52,242.64,240.381,242.64,41734
2022-08-10 09:50:00,242.695,244.461,242.695,243.645,67823
2022-08-10 09:55:00,243.535,243.625,242.355,242.355,27189
2022-08-10 10:00:00,242.242,243.904,241.983,243.809,73211
2022-08-10 10:05:00,243.904,245.575,243.904,245.575,27931
2022-08-10 10:10:00,245.456,245.705,244.849,245.048,26139
2022-08-10 10:15:00,245.257,245.973,245.257,245.401,37392
2022-08-10 10:20:00,245.421,245.421,244.043,244.053,53840
2022-08-10 10:25:00,244.043,244.053,242.899,242.976,34738
2022-08-10 10:30:00,242.928,244.103,242.66,243.739,52802
2022-08-10 10:35:00,243.794,244.242,243.476,244.083,25052
2022-08-10 10:40:00,244.182,245.426,244.182,245.088,45528
2022-08-10 10:45:00,245.113,246.003,245.028,245.466,34916
2022-08-10 10:50:00,245.406,245.406,244.6,244.7,27800
2022-08-10 10:55:00,244.71,244.71,244.043,244.152,21614
2022-08-10 11:00:00,244.252,245.287,244.252,244.943,19761
2022-08-10 11:05:00,244.948,245.302,244.889,245.127,28772
2022-08-10 11:10:00,245.142,245.142,244.491,244.789,18146
2022-08-10 11:15:00,244.794,244.794,243.764,243.864,17348
2022-08-10 11:20:00,243.794,244.262,243.605,243.66,28169
2022-08-10 11:25:00,243.63,243.705,243.346,243.416,21103
2022-08-10 11:30:00,243.506,243.665,242.57,243.197,28035
2022-08-10 11:35:00,243.137,243.436,242.759,242.824,20751
2022-08-10 11:40:00,242.839,242.958,242.59,242.749,15942
2022-08-10 11:45:00,242.699,242.829,242.59,242.695,11330
2022-08-10 11:50:00,242.6,243.496,242.451,243.287,21828
2022-08-10 11:55:00,243.257,243.257,242.918,243.177,11982
2022-08-10 12:00:00,243.197,243.197,242.834,243.028,10830
2022-08-10 12:05:00,243.043,243.127,242.779,243.058,27113
2022-08-10 12:10:00,243.008,243.058,242.421,242.61,23854
2022-08-10 12:15:00,242.61,243.038,242.61,242.704,17285
2022-08-10 12:20:00,242.699,242.729,242.252,242.341,28733
2022-08-10 12:25:00,242.326,242.361,241.953,242.112,38672
2022-08-10 12:30:00,242.073,242.5,241.953,242.5,87819
2022-08-10 12:35:00,242.471,243.263,242.391,242.998,16065
2022-08-10 12:40:00,243.048,243.237,242.769,242.769,45317
2022-08-10 12:45:00,242.754,242.958,242.62,242.64,17815
2022-08-10 12:50:00,242.6,243.053,242.6,242.998,16382
2022-08-10 12:55:00,242.993,242.993,242.625,242.889,12636
2022-08-10 13:00:00,242.899,243.316,242.784,243.147,15398
2022-08-10 13:05:00,243.167,243.177,242.993,243.132,9419
2022-08-10 13:10:00,243.167,243.396,243.127,243.356,10826
2022-08-10 13:15:00,243.361,243.416,242.998,243.058,52594
2022-08-10 13:20:00,242.958,242.988,242.699,242.824,16050
2022-08-10 13:25:00,242.749,243.117,242.65,242.869,12958
2022-08-10 13:30:00,242.814,243.058,242.56,242.645,20127
2022-08-10 13:35:00,242.6,242.739,242.282,242.292,12156
2022-08-10 13:40:00,242.232,242.61,242.182,242.53,11040
2022-08-10 13:45:00,242.431,242.61,242.431,242.57,8225
2022-08-10 13:50:00,242.52,243.326,242.52,243.048,48247
2022-08-10 13:55:00,242.958,243.446,242.739,243.342,14587
2022-08-10 14:00:00,243.356,243.476,243.078,243.416,18111
2022-08-10 14:05:00,243.476,243.685,243.147,243.326,30836
2022-08-10 14:10:00,243.346,243.346,242.819,243.098,28193
2022-08-10 14:15:00,243.038,243.117,242.698,242.698,15390
2022-08-10 14:20:00,242.734,242.889,242.52,242.889,16097
2022-08-10 14:25:00,242.988,242.988,242.565,242.709,16622
2022-08-10 14:30:00,242.695,242.879,242.55,242.55,16917
2022-08-10 14:35:00,242.52,242.699,242.311,242.311,15031
2022-08-10 14:40:00,242.306,242.321,241.844,241.854,12420
2022-08-10 14:45:00,241.933,241.993,241.784,241.874,10668
2022-08-10 14:50:00,241.754,241.794,241.351,241.49,18076
2022-08-10 14:55:00,241.466,241.923,241.406,241.794,17967
2022-08-10 15:00:00,241.744,242.112,241.744,242.112,26039
2022-08-10 15:05:00,242.083,242.5,242.063,242.441,35359
2022-08-10 15:10:00,242.466,242.58,242.262,242.292,32877
2022-08-10 15:15:00,242.326,242.55,242.292,242.491,34598
2022-08-10 15:20:00,242.486,242.53,242.202,242.202,18488
2022-08-10 15:25:00,242.152,242.192,241.804,242.083,25586
2022-08-10 15:30:00,242.058,242.311,241.993,242.172,14585
2022-08-10 15:35:00,242.152,242.152,241.973,242.058,23026
2022-08-10 15:40:00,242.073,242.416,242.053,242.411,29591
2022-08-10 15:45:00,242.371,242.66,242.341,242.66,31683
2022-08-10 15:50:00,242.62,242.869,242.53,242.616,45458
2022-08-10 15:55:00,242.53,242.555,242.013,242.162,71371
2022-08-10 16:00:00,242.192,242.451,242.073,242.272,121038
2022-08-10 16:05:00,242.272,242.54,237.644,242.54,22879
2022-08-10 16:20:00,242.54,242.54,242.54,242.54,169
2022-08-10 19:45:00,242.401,242.401,242.401,242.401,300
2022-08-11 09:35:00,245.028,245.028,241.864,242.57,53734
2022-08-11 09:40:00,242.461,243.506,241.416,241.983,39766
2022-08-11 09:45:00,241.809,242.889,240.913,242.292,32517
2022-08-11 09:50:00,242.252,243.446,242.252,242.809,43028
2022-08-11 09:55:00,242.784,244.854,242.68,244.839,68999
2022-08-11 10:00:00,244.68,245.396,244.615,244.729,78857
2022-08-11 10:05:00,244.64,244.938,243.774,243.854,21136
2022-08-11 10:10:00,243.874,244.401,243.764,243.764,14858
2022-08-11 10:15:00,243.943,244.361,243.615,243.635,13897
2022-08-11 10:20:00,243.51,244.167,243.396,243.978,17826
2022-08-11 10:25:00,243.983,244.381,243.615,243.973,29657
2022-08-11 10:30:00,243.794,244.331,243.784,244.262,8785
2022-08-11 10:35:00,244.267,245.451,244.222,245.018,34321
2022-08-11 10:40:00,244.824,245.212,244.799,244.874,11045
2022-08-11 10:45:00,244.874,244.948,244.162,244.182,17769
2022-08-11 10:50:00,244.152,244.292,243.993,244.043,9393
2022-08-11 10:55:00,244.122,244.799,244.073,244.794,13420
2022-08-11 11:00:00,244.889,245.038,244.501,244.779,15547
2022-08-11 11:05:00,244.849,244.928,244.695,244.889,8707
2022-08-11 11:10:00,244.943,244.943,243.874,244.093,21165
2022-08-11 11:15:00,244.172,244.401,243.724,243.844,37821
2022-08-11 11:20:00,243.849,243.953,243.714,243.789,16183
2022-08-11 11:25:00,243.854,244.441,243.764,244.441,19716
2022-08-11 11:30:00,244.361,244.819,244.182,244.461,8914
2022-08-11 11:35:00,244.431,244.63,244.351,244.486,7111
2022-08-11 11:40:00,244.242,244.451,243.963,244.033,11551
2022-08-11 11:45:00,244.023,244.142,243.685,244.142,9809
2022-08-11 11:50:00,244.122,244.122,243.764,244.038,8770
2022-08-11 11:55:00,244.038,244.207,243.744,244.033,8115
2022-08-11 12:00:00,244.112,244.212,243.978,244.073,6691
2022-08-11 12:05:00,244.073,244.371,243.933,244.003,8186
2022-08-11 12:10:00,243.978,244.192,243.933,244.028,5103
2022-08-11 12:15:00,243.953,243.993,243.734,243.864,19158
2022-08-11 12:20:00,243.794,244.103,243.754,243.799,7827
2022-08-11 12:25:00,243.844,243.943,243.754,243.779,13965
2022-08-11 12:30:00,243.804,244.212,243.734,244.132,9462
2022-08-11 12:35:00,244.147,244.451,244.147,244.361,7595
2022-08-11 12:40:00,244.371,244.55,244.302,244.421,6541
2022-08-11 12:45:00,244.312,244.479,244.252,244.391,8089
2022-08-11 12:50:00,244.421,244.61,244.391,244.461,7522
2022-08-11 12:55:00,244.381,244.675,244.321,244.675,8555
2022-08-11 13:00:00,244.68,245.018,244.68,244.988,7921
2022-08-11 13:05:00,245.048,245.252,244.968,245.118,7078
2022-08-11 13:10:00,245.167,245.232,244.988,245.037,9486
2022-08-11 13:15:00,245.103,245.963,245.103,245.854,14811
2022-08-11 13:20:00,246.003,246.003,245.744,245.769,7378
2022-08-11 13:25:00,245.759,246.103,245.625,245.893,8686
2022-08-11 13:30:00,245.844,246.123,245.824,245.824,5826
2022-08-11 13:35:00,245.804,245.814,245.545,245.545,9380
2022-08-11 13:40:00,245.61,246.063,245.565,245.894,7222
2022-08-11 13:45:00,245.834,245.933,245.764,245.869,7121
2022-08-11 13:50:00,245.824,245.933,245.734,245.874,7793
2022-08-11 13:55:00,245.824,245.924,245.625,245.744,8620
2022-08-11 14:00:00,245.749,245.749,245.466,245.71,9501
2022-08-11 14:05:00,245.715,245.754,245.326,245.326,7090
2022-08-11 14:10:00,245.307,245.356,245.187,245.187,6924
2022-08-11 14:15:00,245.185,245.185,244.879,245.018,8319
2022-08-11 14:20:00,244.968,245.416,244.968,245.416,6911
2022-08-11 14:25:00,245.396,245.416,244.998,245.181,8401
2022-08-11 14:30:00,245.147,245.147,244.933,244.973,5591
2022-08-11 14:35:00,244.919,244.963,244.416,244.461,11114
2022-08-11 14:40:00,244.456,244.585,244.232,244.232,7945
2022-08-11 14:45:00,244.297,244.426,244.088,244.202,10316
2022-08-11 14:50:00,244.122,244.122,243.749,243.749,10536
2022-08-11 14:55:00,243.764,243.844,243.157,243.257,13067
2022-08-11 15:00:00,243.222,243.396,243.068,243.356,20098
2022-08-11 15:05:00,243.326,243.404,242.889,243.058,16035
2022-08-11 15:10:00,243.048,243.645,242.719,243.446,16037
2022-08-11 15:15:00,243.416,243.506,242.938,243.157,13712
2022-08-11 15:20:00,243.117,243.162,242.918,243.157,13840
2022-08-11 15:25:00,243.157,243.366,243.098,243.207,12613
2022-08-11 15:30:00,243.187,243.227,243.028,243.068,10945
2022-08-11 15:35:00,242.993,243.242,242.899,243.167,15997
2022-08-11 15:40:00,243.102,243.287,242.535,242.62,18459
2022-08-11 15:45:00,242.62,242.889,242.61,242.62,20963
2022-08-11 15:50:00,242.59,242.709,242.282,242.53,34665
2022-08-11 15:55:00,242.53,242.829,242.361,242.744,55083
2022-08-11 16:00:00,242.744,242.899,242.202,242.889,118236
2022-08-11 16:05:00,242.789,242.789,242.789,242.789,154703
2022-08-11 16:35:00,242.789,242.789,242.789,242.789,12838
2022-08-12 09:35:00,243.904,245.277,243.456,244.053,14815
2022-08-12 09:40:00,244.073,244.63,244.043,244.63,2902
2022-08-12 09:45:00,244.789,245.874,244.769,245.625,16731
2022-08-12 09:50:00,245.834,245.834,245.028,245.177,17336
2022-08-12 09:55:00,245.356,245.849,245.297,245.705,5305
2022-08-12 10:00:00,245.71,246.033,245.247,246.033,31644
2022-08-12 10:05:00,245.874,246.053,244.809,244.809,21840
2022-08-12 10:10:00,244.938,245.118,244.511,244.839,11614
2022-08-12 10:15:00,244.849,245.187,244.511,244.57,8935
2022-08-12 10:20:00,244.491,244.799,243.953,244.799,10708
2022-08-12 10:25:00,244.948,244.948,244.292,244.371,8149
2022-08-12 10:30:00,244.391,244.401,243.884,244.331,7820
2022-08-12 10:35:00,244.451,245.088,244.421,244.839,10328
2022-08-12 10:40:00,244.779,245.018,244.351,244.351,8351
2022-08-12 10:45:00,244.346,245.048,244.346,244.988,8776
2022-08-12 10:50:00,245.003,245.003,244.57,244.879,6812
2022-08-12 10:55:00,244.919,244.928,244.7,244.749,7876
2022-08-12 11:00:00,244.7,245.008,244.7,244.899,5960
2022-08-12 11:05:00,244.889,245.416,244.839,245.118,25662
2022-08-12 11:10:00,245.118,245.326,245.078,245.147,8629
2022-08-12 11:15:00,245.292,245.859,245.292,245.506,8218
2022-08-12 11:20:00,245.575,245.919,245.436,245.919,6732
2022-08-12 11:25:00,245.844,246.028,245.774,245.998,6330
2022-08-12 11:30:00,246.053,246.471,246.017,246.421,9693
2022-08-12 11:35:00,246.461,247.466,246.361,247.287,34265
2022-08-12 11:40:00,247.177,247.904,247.053,247.61,35243
2022-08-12 11:45:00,247.635,247.665,246.58,246.59,10600
2022-08-12 11:50:00,246.72,246.73,246.341,246.391,6595
2022-08-12 11:55:00,246.381,246.759,246.381,246.759,8557
2022-08-12 12:00:00,246.749,247.033,246.56,246.68,10679
2022-08-12 12:05:00,246.7,246.953,246.7,246.779,7527
2022-08-12 12:10:00,246.779,246.904,246.511,246.511,6903
2022-08-12 12:15:00,246.501,246.62,246.292,246.292,6418
2022-08-12 12:20:00,246.333,246.919,246.232,246.859,14167
2022-08-12 12:25:00,246.919,247.565,246.919,247.078,17642
2022-08-12 12:30:00,247.157,247.257,246.819,247.217,9668
2022-08-12 12:35:00,247.197,247.307,247.018,247.063,7199
2022-08-12 12:40:00,247.063,247.536,246.998,247.237,12206
2022-08-12 12:45:00,247.197,247.197,246.899,247.088,6077
2022-08-12 12:50:00,247.157,247.635,247.157,247.635,8163
2022-08-12 12:55:00,247.555,247.555,247.237,247.247,8556
2022-08-12 13:00:00,247.187,247.187,246.968,247.138,4723
2022-08-12 13:05:00,247.157,247.157,246.809,246.809,7073
2022-08-12 13:10:00,246.968,246.968,246.7,246.939,6704
2022-08-12 13:15:00,246.889,246.889,246.61,246.73,14926
2022-08-12 13:20:00,246.779,247.595,246.744,247.381,25111
2022-08-12 13:25:00,247.232,247.232,246.919,247.118,9361
2022-08-12 13:30:00,247.167,247.297,246.829,247.147,13701
2022-08-12 13:35:00,247.118,247.347,247.058,247.162,9819
2022-08-12 13:40:00,247.162,247.695,247.162,247.555,31726
2022-08-12 13:45:00,247.575,247.973,247.546,247.894,9034
2022-08-12 13:50:00,247.844,248.073,247.774,247.963,5609
2022-08-12 13:55:00,247.983,248.093,247.973,248.073,5762
2022-08-12 14:00:00,248.113,248.202,247.944,247.944,8488
2022-08-12 14:05:00,247.988,248.118,247.864,247.884,6976
2022-08-12 14:10:00,247.884,247.884,247.595,247.605,31462
2022-08-12 14:15:00,247.615,248.585,247.605,248.361,31913
2022-08-12 14:20:00,248.371,249.073,248.342,248.998,27978
2022-08-12 14:25:00,248.959,249.362,248.859,249.267,20965
2022-08-12 14:30:00,249.187,249.894,249.138,249.705,35182
2022-08-12 14:35:00,249.725,249.804,249.466,249.61,42134
2022-08-12 14:40:00,249.74,249.74,249.267,249.347,13260
2022-08-12 14:45:00,249.396,250.013,249.277,250.013,14106
2022-08-12 14:50:00,249.919,250.013,249.675,249.774,13621
2022-08-12 14:55:00,249.715,249.844,249.416,249.566,13673
2022-08-12 15:00:00,249.551,249.595,249.247,249.257,13447
2022-08-12 15:05:00,249.282,249.546,249.078,249.546,11767
2022-08-12 15:10:00,249.506,249.854,249.456,249.665,19986
2022-08-12 15:15:00,249.655,250.168,249.655,250.023,14122
2022-08-12 15:20:00,250.013,250.262,250.013,250.078,15340
2022-08-12 15:25:00,250.093,250.163,249.546,249.615,19646
2022-08-12 15:30:00,249.705,249.894,249.546,249.585,23053
2022-08-12 15:35:00,249.546,249.784,249.317,249.337,25978
2022-08-12 15:40:00,249.337,249.605,249.158,249.585,40311
2022-08-12 15:45:00,249.645,250.123,249.516,250.053,27088
2022-08-12 15:50:00,250.043,250.173,249.849,250.123,34880
2022-08-12 15:55:00,250.143,250.332,249.988,250.123,60726
2022-08-12 16:00:00,250.143,250.581,250.083,250.322,128169
2022-08-12 16:05:00,250.372,250.372,250.372,250.372,16679
2022-08-12 16:10:00,250.372,250.372,250.372,250.372,1419
2022-08-12 16:15:00,250.372,250.372,250.372,250.372,648
2022-08-12 16:50:00,250.372,250.372,250.372,250.372,3901
2022-08-15 09:35:00,250.909,251.745,250.098,251.078,20230
2022-08-15 09:40:00,251.128,252.362,251.038,252.068,18663
2022-08-15 09:45:00,252.103,252.382,251.297,252.178,13060
2022-08-15 09:50:00,252.168,252.461,251.974,252.093,16749
2022-08-15 09:55:00,252.282,254.66,252.222,254.591,45137
2022-08-15 10:00:00,254.67,255.516,254.153,254.561,36500
2022-08-15 10:05:00,254.481,254.616,252.212,252.573,19796
2022-08-15 10:10:00,252.576,253.496,252.576,253.257,11741
2022-08-15 10:15:00,253.257,253.596,252.989,253.178,14219
2022-08-15 10:20:00,253.058,254.252,253.058,254.163,20217
2022-08-15 10:25:00,254.118,254.252,253.471,253.556,48554
2022-08-15 10:30:00,253.65,254.909,253.451,254.73,32373
2022-08-15 10:35:00,254.621,255.033,254.392,254.491,21848
2022-08-15 10:40:00,254.431,254.919,253.884,253.979,15697
2022-08-15 10:45:00,253.775,254.173,253.715,253.874,13068
2022-08-15 10:50:00,253.874,254.014,253.745,253.874,8875
2022-08-15 10:55:00,253.864,254.014,253.297,253.297,9223
2022-08-15 11:00:00,253.252,253.606,253.088,253.397,13260
2022-08-15 11:05:00,253.466,253.466,253.088,253.227,5067
2022-08-15 11:10:00,253.232,253.412,253.038,253.038,9197
2022-08-15 11:15:00,252.859,253.018,252.382,252.879,11153
2022-08-15 11:20:00,252.899,252.899,252.302,252.571,8877
2022-08-15 11:25:00,252.481,252.909,252.441,252.491,6704
2022-08-15 11:30:00,252.466,252.69,252.352,252.581,5497
2022-08-15 11:35:00,252.68,252.889,252.103,252.372,12337
2022-08-15 11:40:00,252.441,252.61,252.347,252.347,4505
2022-08-15 11:45:00,252.352,252.69,252.286,252.65,4876
2022-08-15 11:50:00,252.655,252.979,252.655,252.909,5072
2022-08-15 11:55:00,252.949,253.078,252.859,252.919,6551
2022-08-15 12:00:00,252.919,253.013,252.531,252.65,7119
2022-08-15 12:05:00,252.61,252.869,252.481,252.869,3842
2022-08-15 12:10:00,252.929,253.068,252.839,253.048,8744
2022-08-15 12:15:00,253.188,253.407,253.088,253.178,10000
2022-08-15 12:20:00,253.203,253.446,253.203,253.257,6300
2022-08-15 12:25:00,253.247,253.854,253.247,253.854,10034
2022-08-15 12:30:00,253.944,254.213,253.844,253.994,11029
2022-08-15 12:35:00,253.999,254.362,253.755,253.979,12821
2022-08-15 12:40:00,253.998,254.143,253.894,253.964,6631
2022-08-15 12:45:00,253.999,254.322,253.924,254.183,8329
2022-08-15 12:50:00,254.093,254.174,253.974,253.974,6952
2022-08-15 12:55:00,254.018,254.252,254.018,254.133,9105
2022-08-15 13:00:00,254.143,254.342,254.123,254.173,8533
2022-08-15 13:05:00,254.173,254.227,253.939,254.158,29887
2022-08-15 13:10:00,254.113,254.441,254.058,254.272,9376
2022-08-15 13:15:00,254.337,254.347,254.103,254.213,7246
2022-08-15 13:20:00,254.322,254.441,254.203,254.441,4007
2022-08-15 13:25:00,254.392,254.581,254.252,254.491,5682
2022-08-15 13:30:00,254.551,254.561,254.372,254.491,6360
2022-08-15 13:35:00,254.412,254.422,254.113,254.222,5782
2022-08-15 13:40:00,254.084,254.372,254.084,254.242,8948
2022-08-15 13:45:00,254.252,254.302,254.163,254.215,5437
2022-08-15 13:50:00,254.272,254.342,254.063,254.342,7618
2022-08-15 13:55:00,254.451,254.755,254.451,254.611,10244
2022-08-15 14:00:00,254.581,254.625,254.451,254.621,6725
2022-08-15 14:05:00,254.67,254.939,254.67,254.874,14693
2022-08-15 14:10:00,254.879,255.108,254.72,254.889,9515
2022-08-15 14:15:00,254.919,255.347,254.919,255.336,15239
2022-08-15 14:20:00,255.347,255.377,255.108,255.297,12709
2022-08-15 14:25:00,255.387,255.506,255.128,255.138,10868
2022-08-15 14:30:00,255.088,255.471,255.088,255.287,10177
2022-08-15 14:35:00,255.466,255.635,255.337,255.337,12697
2022-08-15 14:40:00,255.367,255.41,255.297,255.357,7601
2022-08-15 14:45:00,255.362,255.626,255.307,255.516,8083
2022-08-15 14:50:00,255.616,255.665,255.397,255.606,14513
2022-08-15 14:55:00,255.536,256.123,255.446,255.994,18765
2022-08-15 15:00:00,255.944,256.183,255.854,256.103,12229
2022-08-15 15:05:00,256.103,256.372,256.024,256.163,10896
2022-08-15 15:10:00,256.228,256.277,255.989,255.999,8938
2022-08-15 15:15:00,255.964,256.163,255.914,256.103,12508
2022-08-15 15:20:00,256.153,256.233,256.073,256.233,9933
2022-08-15 15:25:00,256.272,256.322,256.103,256.147,14661
2022-08-15 15:30:00,256.163,256.252,255.964,256.128,14424
2022-08-15 15:35:00,256.143,256.282,255.959,256.282,21408
2022-08-15 15:40:00,256.242,256.78,256.223,256.75,36300
2022-08-15 15:45:00,256.76,256.909,256.586,256.78,34001
2022-08-15 15:50:00,256.76,257.004,256.73,256.919,45211
2022-08-15 15:55:00,256.849,256.934,256.541,256.67,50708
2022-08-15 16:00:00,256.631,256.65,255.864,256.063,106921
2022-08-15 16:05:00,256.073,256.073,256.073,256.073,13891
2022-08-15 16:35:00,256.073,256.073,256.073,256.073,10597
2022-08-16 09:35:00,254.093,256.233,253.904,256.233,17395
2022-08-16 09:40:00,255.417,256.056,254.725,255.387,16340
2022-08-16 09:45:00,255.138,256.292,255.128,255.581,14700
2022-08-16 09:50:00,255.322,255.322,253.864,254.232,13153
2022-08-16 09:55:00,254.262,255.019,254.143,254.74,12325
2022-08-16 10:00:00,254.616,255.546,254.581,254.82,8931
2022-08-16 10:05:00,254.839,254.839,254.023,254.566,9682
2022-08-16 10:10:00,254.183,254.959,254.073,254.959,7224
2022-08-16 10:15:00,254.979,255.466,254.74,255.307,9764
2022-08-16 10:20:00,255.148,255.561,254.69,255.193,9964
2022-08-16 10:25:00,255.068,255.098,254.859,255.024,8588
2022-08-16 10:30:00,254.839,254.839,254.481,254.65,12302
2022-08-16 10:35:00,254.7,254.7,254.252,254.4,7777
2022-08-16 10:40:00,254.571,255.118,254.481,255.088,7320
2022-08-16 10:45:00,255.108,255.436,255.019,255.019,6997
2022-08-16 10:50:00,254.919,255.456,254.8,255.456,10755
2022-08-16 10:55:00,255.287,255.725,254.939,255.556,17159
2022-08-16 11:00:00,255.675,255.835,255.486,255.486,7090
2022-08-16 11:05:00,255.566,255.571,255.397,255.446,8763
2022-08-16 11:10:00,255.526,255.894,255.247,255.417,8621
2022-08-16 11:15:00,255.516,255.805,255.43,255.805,7622
2022-08-16 11:20:00,255.949,255.949,255.277,255.277,11445
2022-08-16 11:25:00,255.446,255.675,254.839,255.511,17565
2022-08-16 11:30:00,255.626,255.745,255.297,255.546,11070
2022-08-16 11:35:00,255.601,255.745,255.496,255.546,14079
2022-08-16 11:40:00,255.551,256.193,255.551,255.71,7311
2022-08-16 11:45:00,255.685,255.874,255.541,255.75,10063
2022-08-16 11:50:00,255.77,256.213,255.77,256.203,12346
2022-08-16 11:55:00,256.053,256.466,255.904,256.377,19379
2022-08-16 12:00:00,256.252,256.461,255.954,256.317,7409
2022-08-16 12:05:00,256.412,256.412,255.745,255.745,14988
2022-08-16 12:10:00,255.974,255.974,255.576,255.586,4468
2022-08-16 12:15:00,255.695,256.163,255.695,256.123,27514
2022-08-16 12:20:00,256.292,256.481,255.874,256.382,29809
2022-08-16 12:25:00,256.382,256.481,255.994,256.123,10708
2022-08-16 12:30:00,256.103,256.113,255.765,255.864,7912
2022-08-16 12:35:00,255.78,255.934,255.566,255.735,7187
2022-08-16 12:40:00,255.755,255.755,255.516,255.526,4011
2022-08-16 12:45:00,255.417,255.606,255.178,255.228,8586
2022-08-16 12:50:00,255.257,255.257,254.795,254.974,9668
2022-08-16 12:55:00,254.879,255.068,254.65,254.715,5313
2022-08-16 13:00:00,254.77,254.999,254.64,254.944,4497
2022-08-16 13:05:00,254.8,255.118,254.67,254.949,20970
2022-08-16 13:10:00,254.859,255.068,254.571,255.068,26251
2022-08-16 13:15:00,254.959,255.456,254.8,255.417,4485
2022-08-16 13:20:00,255.267,255.287,254.949,255.103,11092
2022-08-16 13:25:00,255.014,255.208,255.014,255.068,4380
2022-08-16 13:30:00,255.118,255.536,255.019,255.387,21945
2022-08-16 13:35:00,255.377,255.685,255.277,255.685,6760
2022-08-16 13:40:00,255.665,256.352,255.665,255.874,17371
2022-08-16 13:45:00,255.874,256.014,255.635,255.635,14983
2022-08-16 13:50:00,255.576,256.043,255.546,256.034,17732
2022-08-16 13:55:00,256.098,256.098,255.626,255.715,6722
2022-08-16 14:00:00,255.795,256.193,255.645,255.815,36444
2022-08-16 14:05:00,255.8,256.519,255.8,256.471,9585
2022-08-16 14:10:00,256.531,257.267,256.531,257.218,9030
2022-08-16 14:15:00,257.307,257.317,257.039,257.083,6441
2022-08-16 14:20:00,257.168,257.317,257.168,257.267,6004
2022-08-16 14:25:00,257.267,257.556,257.228,257.377,16884
2022-08-16 14:30:00,257.432,257.646,257.367,257.367,7893
2022-08-16 14:35:00,257.456,257.556,257.307,257.327,8670
2022-08-16 14:40:00,257.337,257.337,256.531,256.69,11592
2022-08-16 14:45:00,256.65,256.65,256.312,256.641,6826
2022-08-16 14:50:00,256.511,256.511,255.735,256.014,9210
2022-08-16 14:55:00,255.974,256.063,255.785,255.904,10657
2022-08-16 15:00:00,255.974,256.302,255.974,256.163,5980
2022-08-16 15:05:00,256.233,256.233,255.635,255.835,6300
2022-08-16 15:10:00,255.795,256.133,255.675,255.934,8897
2022-08-16 15:15:00,255.914,255.944,255.755,255.944,6792
2022-08-16 15:20:00,255.954,255.954,255.735,255.944,10030
2022-08-16 15:25:00,255.904,256.173,255.815,256.053,8752
2022-08-16 15:30:00,256.093,256.143,255.954,256.043,6903
2022-08-16 15:35:00,256.043,256.372,255.854,255.894,33022
2022-08-16 15:40:00,255.929,255.984,255.705,255.725,14459
2022-08-16 15:45:00,255.705,255.984,255.436,255.436,21475
2022-08-16 15:50:00,255.476,255.705,255.387,255.705,35582
2022-08-16 15:55:00,255.665,255.805,255.247,255.327,70811
2022-08-16 16:00:00,255.337,255.347,254.72,255.009,132941
2022-08-16 16:05:00,255.009,255.009,255.009,255.009,45711
2022-08-17 09:35:00,251.118,252.143,250.76,251.566,22095
2022-08-17 09:40:00,251.566,252.68,250.561,251.297,9708
2022-08-17 09:45:00,251.197,251.197,250.391,250.814,13275
2022-08-17 09:50:00,250.819,251.332,250.461,250.7,14252
2022-08-17 09:55:00,250.59,252.382,250.441,252.382,17411
2022-08-17 10:00:00,252.207,252.884,251.864,252.884,17888
2022-08-17 10:05:00,252.869,252.879,251.864,252.083,16574
2022-08-17 10:10:00,252.073,252.401,252.073,252.125,12231
2022-08-17 10:15:00,252.003,252.317,251.814,252.178,13586
2022-08-17 10:20:00,252.033,252.247,251.755,252.028,11898
2022-08-17 10:25:00,251.929,251.984,251.197,251.197,9513
2022-08-17 10:30:00,251.411,251.411,250.809,251.113,7072
2022-08-17 10:35:00,251.103,251.103,250.62,250.68,11322
2022-08-17 10:40:00,250.73,250.839,250.073,250.799,12794
2022-08-17 10:45:00,250.799,250.984,250.68,250.984,6069
2022-08-17 10:50:00,250.954,250.954,250.192,250.262,19563
2022-08-17 10:55:00,250.137,250.232,249.177,249.177,17718
2022-08-17 11:00:00,249.287,249.516,249.073,249.158,25609
2022-08-17 11:05:00,249.158,249.715,249.158,249.61,12546
2022-08-17 11:10:00,249.695,249.854,249.496,249.59,15281
2022-08-17 11:15:00,249.476,249.69,249.396,249.556,16868
2022-08-17 11:20:00,249.466,249.954,249.357,249.924,16459
2022-08-17 11:25:00,249.894,250.804,249.824,250.481,40348
2022-08-17 11:30:00,250.441,250.571,250.073,250.541,8600
2022-08-17 11:35:00,250.63,250.63,250.123,250.401,6785
2022-08-17 11:40:00,250.242,250.446,250.153,250.317,17436
2022-08-17 11:45:00,250.292,250.302,249.416,249.416,15527
2022-08-17 11:50:00,249.406,249.536,249.327,249.35,6022
2022-08-17 11:55:00,249.322,249.605,249.118,249.496,10244
2022-08-17 12:00:00,249.556,249.854,249.556,249.765,12109
2022-08-17 12:05:00,249.705,249.72,249.287,249.61,11711
2022-08-17 12:10:00,249.605,249.645,249.148,249.177,6907
2022-08-17 12:15:00,249.138,249.302,248.993,249.113,9566
2022-08-17 12:20:00,249.103,249.426,248.819,249.268,12030
2022-08-17 12:25:00,249.396,249.406,249.108,249.406,7537
2022-08-17 12:30:00,249.451,249.964,249.446,249.914,7170
2022-08-17 12:35:00,249.884,250.073,249.725,249.814,7483
2022-08-17 12:40:00,249.924,250.7,249.809,250.7,10351
2022-08-17 12:45:00,250.6,250.605,249.834,250.083,29043
2022-08-17 12:50:00,250.123,250.242,249.993,250.073,10990
2022-08-17 12:55:00,250.013,250.111,249.844,249.854,3621
2022-08-17 13:00:00,249.844,250.168,249.794,250.168,4246
2022-08-17 13:05:00,250.142,250.158,249.804,250.153,12272
2022-08-17 13:10:00,250.202,250.227,249.814,249.814,5134
2022-08-17 13:15:00,249.864,249.934,249.784,249.829,3644
2022-08-17 13:20:00,249.796,249.924,249.267,249.267,9561
2022-08-17 13:25:00,249.406,249.752,249.366,249.655,5369
2022-08-17 13:30:00,249.72,249.889,249.556,249.889,6013
2022-08-17 13:35:00,249.944,250.023,249.63,249.695,8983
2022-08-17 13:40:00,249.735,250.133,249.645,250.133,6884
2022-08-17 13:45:00,250.158,250.207,250.013,250.013,3636
2022-08-17 13:50:00,249.988,250.103,249.894,250.033,6685
2022-08-17 13:55:00,249.934,250.063,249.884,249.949,5959
2022-08-17 14:00:00,249.903,250.014,249.725,249.834,11543
2022-08-17 14:05:00,250.033,250.829,249.784,250.511,24800
2022-08-17 14:10:00,250.521,251.038,250.168,250.993,9705
2022-08-17 14:15:00,250.879,251.357,250.74,251.357,3589
2022-08-17 14:20:00,251.486,251.619,251.207,251.416,6529
2022-08-17 14:25:00,251.536,251.536,251.148,251.466,4339
2022-08-17 14:30:00,251.486,251.755,251.367,251.705,5956
2022-08-17 14:35:00,251.735,252.048,251.665,251.964,6262
2022-08-17 14:40:00,251.984,252.173,251.894,252.173,6432
2022-08-17 14:45:00,252.043,252.043,251.581,251.814,8758
2022-08-17 14:50:00,251.74,251.814,251.556,251.586,4365
2022-08-17 14:55:00,251.677,251.677,251.357,251.382,5843
2022-08-17 15:00:00,251.382,251.755,251.317,251.605,7530
2022-08-17 15:05:00,251.506,252.143,251.506,252.143,5280
2022-08-17 15:10:00,252.222,252.242,251.775,251.775,27170
2022-08-17 15:15:00,251.814,251.834,251.058,251.426,9048
2022-08-17 15:20:00,251.287,251.337,251.207,251.227,7934
2022-08-17 15:25:00,251.217,251.541,251.173,251.436,9443
2022-08-17 15:30:00,251.536,251.765,251.406,251.496,13432
2022-08-17 15:35:00,251.446,251.675,251.287,251.635,11020
2022-08-17 15:40:00,251.615,251.894,251.516,251.675,11083
2022-08-17 15:45:00,251.715,251.794,251.406,251.496,18973
2022-08-17 15:50:00,251.536,251.536,250.561,250.63,38511
2022-08-17 15:55:00,250.635,250.864,250.113,250.143,53267
2022-08-17 16:00:00,250.073,250.501,249.735,250.123,136175
2022-08-17 16:05:00,250.232,250.232,250.232,250.232,152865
2022-08-18 09:25:00,251.923,251.923,251.923,251.923,220
2022-08-18 09:30:00,251.803,251.803,251.793,251.793,301
2022-08-18 09:35:00,250.177,251.324,249.618,249.733,8681
2022-08-18 09:40:00,249.967,250.356,248.98,248.98,25099
2022-08-18 09:45:00,249.429,249.469,248.212,248.372,11440
2022-08-18 09:50:00,248.302,248.461,247.244,247.693,21056
2022-08-18 09:55:00,247.783,248.047,247.03,247.26,20213
2022-08-18 10:00:00,247.379,247.474,246.985,247.07,17229
2022-08-18 10:05:00,247.105,248.212,246.885,247.893,15353
2022-08-18 10:10:00,247.823,247.823,246.865,246.865,15334
2022-08-18 10:15:00,246.925,247.469,246.925,247.214,14285
2022-08-18 10:20:00,247.1,247.434,246.81,247.344,13333
2022-08-18 10:25:00,247.384,247.474,247.025,247.254,7833
2022-08-18 10:30:00,247.434,247.484,247.005,247.279,7261
2022-08-18 10:35:00,247.284,247.294,246.9,246.985,10480
2022-08-18 10:40:00,246.865,247.464,246.865,247.411,9322
2022-08-18 10:45:00,247.414,247.504,247.214,247.289,19930
2022-08-18 10:50:00,247.274,247.564,247.125,247.564,13354
2022-08-18 10:55:00,247.464,247.574,247.259,247.304,20049
2022-08-18 11:00:00,247.384,247.454,247.224,247.374,9195
2022-08-18 11:05:00,247.359,247.414,247.185,247.185,8537
2022-08-18 11:10:00,247.234,247.444,246.985,247.394,15710
2022-08-18 11:15:00,247.384,248.396,247.354,248.092,25658
2022-08-18 11:20:00,247.992,248.107,247.873,248.027,4143
2022-08-18 11:25:00,248.042,248.062,247.923,247.923,3782
2022-08-18 11:30:00,247.958,248.122,247.444,248.122,10671
2022-08-18 11:35:00,248.122,248.172,247.973,248.172,5761
2022-08-18 11:40:00,248.072,248.372,248.002,248.337,28516
2022-08-18 11:45:00,248.362,248.82,248.362,248.751,7707
2022-08-18 11:50:00,248.785,248.785,248.441,248.661,7823
2022-08-18 11:55:00,248.711,248.775,248.571,248.691,15743
2022-08-18 12:00:00,248.701,248.83,248.297,248.641,5720
2022-08-18 12:05:00,248.576,248.576,248.202,248.282,2630
2022-08-18 12:10:00,248.232,248.282,248.152,248.252,910
2022-08-18 12:15:00,248.23,248.317,247.963,248.317,8201
2022-08-18 12:20:00,248.292,248.491,248.202,248.232,4120
2022-08-18 12:25:00,248.222,248.222,247.933,248.102,5178
2022-08-18 12:30:00,248.057,248.441,248.052,248.162,9921
2022-08-18 12:35:00,248.172,248.322,248.162,248.202,2905
2022-08-18 12:40:00,248.157,248.332,248.142,248.332,7512
2022-08-18 12:45:00,248.272,248.431,248.182,248.262,12285
2022-08-18 12:50:00,248.242,248.451,248.232,248.301,3689
2022-08-18 12:55:00,248.262,248.312,248.152,248.232,4675
2022-08-18 13:00:00,248.27,248.372,248.152,248.252,5276
2022-08-18 13:05:00,248.282,248.352,248.182,248.212,3799
2022-08-18 13:10:00,248.252,248.451,248.082,248.102,7159
2022-08-18 13:15:00,248.082,248.421,248.082,248.112,6802
2022-08-18 13:20:00,248.122,248.242,248.025,248.057,4199
2022-08-18 13:25:00,248.042,248.067,247.763,248.067,6352
2022-08-18 13:30:00,248.012,248.122,247.813,248.052,9877
2022-08-18 13:35:00,248.005,248.201,247.933,248.201,6932
2022-08-18 13:40:00,248.197,248.426,248.197,248.372,6599
2022-08-18 13:45:00,248.332,248.332,248.202,248.272,5399
2022-08-18 13:50:00,248.242,248.262,248.022,248.195,8220
2022-08-18 13:55:00,248.162,248.411,248.162,248.372,8205
2022-08-18 14:00:00,248.391,248.411,248.277,248.342,10866
2022-08-18 14:05:00,248.322,248.681,248.302,248.656,13488
2022-08-18 14:10:00,248.656,248.701,248.431,248.531,18915
2022-08-18 14:15:00,248.501,248.681,248.491,248.491,5705
2022-08-18 14:20:00,248.561,248.661,248.541,248.631,6942
2022-08-18 14:25:00,248.671,248.731,248.132,248.197,26600
2022-08-18 14:30:00,248.137,248.282,247.833,247.913,8206
2022-08-18 14:35:00,247.873,247.883,247.603,247.683,7830
2022-08-18 14:40:00,247.733,247.793,247.414,247.703,10557
2022-08-18 14:45:00,247.683,247.783,247.603,247.773,5890
2022-08-18 14:50:00,247.713,247.753,247.554,247.708,7698
2022-08-18 14:55:00,247.643,247.853,247.474,247.823,11682
2022-08-18 15:00:00,247.825,247.873,247.703,247.743,9828
2022-08-18 15:05:00,247.783,247.973,247.693,247.973,6613
2022-08-18 15:10:00,248.012,248.027,247.843,247.953,11519
2022-08-18 15:15:00,247.953,248.002,247.863,247.973,6489
2022-08-18 15:20:00,248.012,248.262,247.992,248.262,27575
2022-08-18 15:25:00,248.242,248.461,248.072,248.441,17933
2022-08-18 15:30:00,248.401,248.421,248.262,248.421,14991
2022-08-18 15:35:00,248.391,248.82,248.372,248.805,23075
2022-08-18 15:40:00,248.82,249.08,248.691,248.87,27347
2022-08-18 15:45:00,248.85,248.99,248.82,248.875,28751
2022-08-18 15:50:00,248.875,248.96,248.711,248.84,48055
2022-08-18 15:55:00,248.83,248.83,248.272,248.322,57480
2022-08-18 16:00:00,248.307,248.456,248.137,248.342,115077
2022-08-18 16:05:00,248.342,248.342,248.342,248.342,11519
2022-08-19 07:05:00,246.776,246.776,246.776,246.776,101
2022-08-19 09:35:00,247.364,247.773,246.067,246.905,47918
2022-08-19 09:40:00,247.07,247.574,246.995,247.444,2457
2022-08-19 09:45:00,247.274,247.564,246.915,247.389,5616
2022-08-19 09:50:00,247.384,248.237,247.055,247.055,18601
2022-08-19 09:55:00,247.284,247.284,246.187,246.795,13476
2022-08-19 10:00:00,246.706,247.115,246.187,246.606,12686
2022-08-19 10:05:00,246.551,246.766,245.968,246.406,8026
2022-08-19 10:10:00,246.496,247.045,246.377,246.377,7094
2022-08-19 10:15:00,246.406,246.486,246.027,246.037,7781
2022-08-19 10:20:00,245.968,246.137,245.519,245.519,5173
2022-08-19 10:25:00,245.519,245.618,245.11,245.11,8460
2022-08-19 10:30:00,245.261,245.628,245.261,245.628,5129
2022-08-19 10:35:00,245.688,245.978,245.529,245.529,5702
2022-08-19 10:40:00,245.529,245.788,245.379,245.788,14547
2022-08-19 10:45:00,245.738,246.127,245.738,245.883,5397
2022-08-19 10:50:00,245.758,245.893,245.329,245.359,6130
2022-08-19 10:55:00,245.379,245.439,245.11,245.11,9486
2022-08-19 11:00:00,244.92,244.96,244.631,244.791,4742
2022-08-19 11:05:00,244.761,244.761,244.441,244.477,5255
2022-08-19 11:10:00,244.571,244.621,244.182,244.421,12612
2022-08-19 11:15:00,244.461,244.825,244.342,244.766,11365
2022-08-19 11:20:00,244.766,244.766,244.352,244.392,13284
2022-08-19 11:25:00,244.516,244.751,244.501,244.501,5046
2022-08-19 11:30:00,244.601,244.91,244.501,244.701,8315
2022-08-19 11:35:00,244.811,245.479,244.811,245.479,8063
2022-08-19 11:40:00,245.479,245.638,244.88,245.03,4535
2022-08-19 11:45:00,244.995,245.539,244.87,245.319,8039
2022-08-19 11:50:00,245.239,245.648,245.16,245.299,4325
2022-08-19 11:55:00,245.499,245.499,244.99,245.17,5636
2022-08-19 12:00:00,245.305,245.479,245.11,245.269,14458
2022-08-19 12:05:00,245.279,245.469,245.11,245.419,14875
2022-08-19 12:10:00,245.379,245.678,245.379,245.575,2450
2022-08-19 12:15:00,245.579,245.793,245.529,245.668,4330
2022-08-19 12:20:00,245.648,245.648,245.16,245.16,4651
2022-08-19 12:25:00,245.226,245.399,245.18,245.18,1745
2022-08-19 12:30:00,245.15,245.2,245.05,245.08,1920
2022-08-19 12:35:00,245.13,245.579,245.1,245.449,12843
2022-08-19 12:40:00,245.628,245.848,245.628,245.848,5705
2022-08-19 12:45:00,245.728,245.788,245.608,245.608,2632
2022-08-19 12:50:00,245.599,245.718,245.549,245.599,2751
2022-08-19 12:55:00,245.633,245.658,245.544,245.544,4996
2022-08-19 13:00:00,245.529,245.848,245.469,245.798,7660
2022-08-19 13:05:00,245.692,245.878,245.499,245.848,12824
2022-08-19 13:10:00,245.868,246.137,245.539,245.708,10926
2022-08-19 13:15:00,245.868,245.878,245.449,245.589,9474
2022-08-19 13:20:00,245.589,245.628,245.314,245.314,5466
2022-08-19 13:25:00,245.145,245.255,245.1,245.15,4762
2022-08-19 13:30:00,245.09,245.12,244.85,244.85,6435
2022-08-19 13:35:00,244.88,245.18,244.811,245.18,9454
2022-08-19 13:40:00,245.14,245.14,244.96,245.005,3670
2022-08-19 13:45:00,244.92,245.251,244.92,245.144,3924
2022-08-19 13:50:00,245.145,245.239,245.09,245.13,3356
2022-08-19 13:55:00,245.175,245.449,245.1,245.449,3382
2022-08-19 14:00:00,245.379,245.479,245.11,245.21,8983
2022-08-19 14:05:00,245.04,245.06,244.811,244.811,10678
2022-08-19 14:10:00,244.95,245.249,244.95,245.0,8512
2022-08-19 14:15:00,244.96,245.03,244.651,244.741,4528
2022-08-19 14:20:00,244.741,244.86,244.711,244.86,4881
2022-08-19 14:25:00,244.731,244.731,244.461,244.511,4355
2022-08-19 14:30:00,244.661,244.751,244.536,244.708,11092
2022-08-19 14:35:00,244.441,244.441,244.292,244.342,3771
2022-08-19 14:40:00,244.282,244.282,243.853,243.893,8954
2022-08-19 14:45:00,243.913,243.913,243.554,243.713,7234
2022-08-19 14:50:00,243.743,244.122,243.743,244.122,4373
2022-08-19 14:55:00,244.082,244.162,243.953,244.102,7725
2022-08-19 15:00:00,244.052,244.182,243.958,244.162,9660
2022-08-19 15:05:00,244.202,244.202,243.893,243.915,5767
2022-08-19 15:10:00,243.908,243.993,243.733,243.733,4520
2022-08-19 15:15:00,243.873,244.023,243.753,244.023,11238
2022-08-19 15:20:00,244.122,244.382,244.072,244.137,7281
2022-08-19 15:25:00,244.192,244.272,243.973,244.052,7468
2022-08-19 15:30:00,244.122,244.122,243.733,243.989,14626
2022-08-19 15:35:00,243.953,243.963,243.783,243.863,16267
2022-08-19 15:40:00,243.808,243.963,243.753,243.851,17015
2022-08-19 15:45:00,243.823,243.943,243.663,243.848,20412
2022-08-19 15:50:00,243.833,243.888,243.524,243.668,34999
2022-08-19 15:55:00,243.673,244.342,243.643,244.292,31061
2022-08-19 16:00:00,244.322,244.382,243.883,243.883,99990
2022-08-19 16:05:00,243.963,243.963,243.963,243.963,18129
2022-08-22 09:35:00,240.88,241.419,239.823,241.419,19829
2022-08-22 09:40:00,241.469,242.437,240.412,241.698,14268
2022-08-22 09:45:00,242.387,242.855,241.678,242.456,9146
2022-08-22 09:50:00,242.656,243.075,242.202,242.327,9806
2022-08-22 09:55:00,241.973,242.855,241.768,242.556,19806
2022-08-22 10:00:00,242.387,242.616,241.933,242.496,22967
2022-08-22 10:05:00,242.476,242.476,241.753,242.407,4826
2022-08-22 10:10:00,242.437,242.496,242.117,242.428,6546
2022-08-22 10:15:00,242.397,242.596,242.018,242.112,19709
2022-08-22 10:20:00,242.008,242.026,241.658,241.798,6472
2022-08-22 10:25:00,241.768,241.798,241.384,241.539,4788
2022-08-22 10:30:00,241.369,242.087,241.369,241.873,8903
2022-08-22 10:35:00,241.798,242.544,241.798,242.048,6993
2022-08-22 10:40:00,242.057,242.476,241.728,242.267,18769
2022-08-22 10:45:00,242.327,242.726,242.262,242.676,10277
2022-08-22 10:50:00,242.606,243.624,242.466,243.624,13746
2022-08-22 10:55:00,243.434,243.534,242.806,243.195,14480
2022-08-22 11:00:00,243.294,243.294,242.536,242.676,9661
2022-08-22 11:05:00,242.766,243.095,242.676,242.676,11891
2022-08-22 11:10:00,242.706,243.055,242.696,243.005,8292
2022-08-22 11:15:00,243.005,243.135,242.776,243.135,5231
2022-08-22 11:20:00,243.085,243.225,242.985,243.225,5980
2022-08-22 11:25:00,243.259,243.354,242.845,242.875,16453
2022-08-22 11:30:00,242.726,243.105,242.606,242.93,15163
2022-08-22 11:35:00,242.93,243.175,242.736,242.975,8529
2022-08-22 11:40:00,243.045,243.274,242.781,242.806,6215
2022-08-22 11:45:00,242.855,243.264,242.716,243.259,17672
2022-08-22 11:50:00,243.274,243.534,243.19,243.309,8181
2022-08-22 11:55:00,243.205,243.574,243.125,243.574,12931
2022-08-22 12:00:00,243.424,243.464,243.165,243.344,8628
2022-08-22 12:05:00,243.354,243.913,243.244,243.873,7076
2022-08-22 12:10:00,243.808,243.808,243.324,243.349,15961
2022-08-22 12:15:00,243.269,243.314,243.015,243.015,3754
2022-08-22 12:20:00,243.085,243.085,242.696,242.696,2986
2022-08-22 12:25:00,242.646,243.384,242.646,243.384,42237
2022-08-22 12:30:00,243.294,243.384,242.91,243.175,5971
2022-08-22 12:35:00,243.185,243.444,243.055,243.055,4189
2022-08-22 12:40:00,243.125,243.125,242.736,243.0,7623
2022-08-22 12:45:00,242.865,242.93,242.486,242.726,5715
2022-08-22 12:50:00,242.471,242.736,242.399,242.606,8458
2022-08-22 12:55:00,242.506,242.895,242.476,242.591,5260
2022-08-22 13:00:00,242.646,242.994,242.646,242.726,7150
2022-08-22 13:05:00,242.726,242.726,242.277,242.277,5683
2022-08-22 13:10:00,242.277,242.536,242.277,242.367,4431
2022-08-22 13:15:00,242.307,242.437,242.151,242.437,7873
2022-08-22 13:20:00,242.417,242.526,242.317,242.412,4968
2022-08-22 13:25:00,242.437,242.606,242.267,242.407,7340
2022-08-22 13:30:00,242.277,242.327,242.157,242.157,3342
2022-08-22 13:35:00,242.127,242.257,241.748,241.788,9813
2022-08-22 13:40:00,241.823,242.117,241.743,241.938,9951
2022-08-22 13:45:00,241.948,242.127,241.928,242.028,7753
2022-08-22 13:50:00,241.938,241.938,241.698,241.748,2758
2022-08-22 13:55:00,241.748,241.858,241.599,241.599,4124
2022-08-22 14:00:00,241.609,241.629,241.379,241.459,4347
2022-08-22 14:05:00,241.439,241.559,241.389,241.559,4392
2022-08-22 14:10:00,241.459,241.459,241.22,241.22,5242
2022-08-22 14:15:00,241.22,241.359,241.015,241.24,6520
2022-08-22 14:20:00,241.299,241.299,241.0,241.06,5015
2022-08-22 14:25:00,241.269,241.479,241.269,241.419,5277
2022-08-22 14:30:00,241.369,241.379,241.16,241.16,6561
2022-08-22 14:35:00,241.15,241.374,241.06,241.359,13627
2022-08-22 14:40:00,241.329,241.329,241.05,241.06,14415
2022-08-22 14:45:00,241.1,241.279,240.99,241.04,11250
2022-08-22 14:50:00,241.03,241.06,240.92,241.03,5601
2022-08-22 14:55:00,240.94,241.105,240.94,240.96,5887
2022-08-22 15:00:00,241.01,241.01,240.841,240.9,5423
2022-08-22 15:05:00,240.91,241.16,240.865,240.93,8778
2022-08-22 15:10:00,240.875,241.319,240.821,241.319,6378
2022-08-22 15:15:00,241.319,241.399,241.279,241.379,9204
2022-08-22 15:20:00,241.399,241.494,241.22,241.22,7993
2022-08-22 15:25:00,241.14,241.19,240.831,241.08,19085
2022-08-22 15:30:00,241.07,241.18,240.632,240.632,16437
2022-08-22 15:35:00,240.601,240.841,240.601,240.766,17264
2022-08-22 15:40:00,240.771,241.14,240.771,241.1,17874
2022-08-22 15:45:00,241.085,241.085,240.53,240.53,16277
2022-08-22 15:50:00,240.501,240.821,240.501,240.821,25321
2022-08-22 15:55:00,240.781,241.06,240.731,241.0,48543
2022-08-22 16:00:00,241.0,241.11,240.521,240.98,132565
2022-08-22 16:05:00,240.831,240.831,240.831,240.831,10148
2022-08-22 16:20:00,240.831,240.831,240.831,240.831,454
2022-08-23 09:30:00,239.025,239.025,238.187,238.187,482
2022-08-23 09:35:00,238.756,238.756,237.24,238.726,16928
2022-08-23 09:40:00,238.691,239.055,238.546,239.025,6165
2022-08-23 09:45:00,239.165,239.165,238.626,239.035,3517
2022-08-23 09:50:00,238.796,239.504,238.696,239.424,9820
2022-08-23 09:55:00,239.414,240.232,239.265,239.773,8388
2022-08-23 10:00:00,239.564,240.242,239.564,240.192,5731
2022-08-23 10:05:00,240.152,240.202,239.474,239.569,10441
2022-08-23 10:10:00,239.454,239.539,238.806,239.135,15329
2022-08-23 10:15:00,239.125,239.175,238.207,238.267,16110
2022-08-23 10:20:00,238.292,239.095,238.292,238.98,11773
2022-08-23 10:25:00,238.995,240.102,238.995,239.275,18230
2022-08-23 10:30:00,239.265,239.334,238.636,238.636,10149
2022-08-23 10:35:00,238.556,239.399,238.457,239.11,15383
2022-08-23 10:40:00,239.165,239.564,238.866,238.866,17155
2022-08-23 10:45:00,238.866,238.915,238.596,238.915,7025
2022-08-23 10:50:00,238.985,239.464,238.945,239.344,14995
2022-08-23 10:55:00,239.404,239.404,239.175,239.265,20243
2022-08-23 11:00:00,239.27,239.419,239.03,239.085,13163
2022-08-23 11:05:00,239.205,239.205,238.696,238.786,9638
2022-08-23 11:10:00,238.746,238.846,238.357,238.556,15412
2022-08-23 11:15:00,238.566,239.125,238.566,239.075,9681
2022-08-23 11:20:00,239.13,239.424,238.714,238.826,31105
2022-08-23 11:25:00,238.831,238.866,238.437,238.626,9107
2022-08-23 11:30:00,238.586,238.686,238.107,238.107,11831
2022-08-23 11:35:00,238.063,238.397,237.469,237.539,15830
2022-08-23 11:40:00,237.599,238.048,237.579,237.898,22573
2022-08-23 11:45:00,237.837,237.968,237.639,237.918,7191
2022-08-23 11:50:00,237.958,237.958,237.559,237.699,7866
2022-08-23 11:55:00,237.649,237.728,237.559,237.639,4907
2022-08-23 12:00:00,237.614,237.798,237.539,237.718,12556
2022-08-23 12:05:00,237.669,237.718,237.494,237.494,5821
2022-08-23 12:10:00,237.439,237.634,237.399,237.559,5883
2022-08-23 12:15:00,237.584,237.659,237.409,237.549,6568
2022-08-23 12:20:00,237.449,237.489,237.155,237.375,7455
2022-08-23 12:25:00,237.305,237.579,237.21,237.359,8081
2022-08-23 12:30:00,237.359,237.464,237.07,237.26,5857
2022-08-23 12:35:00,237.258,237.539,237.18,237.319,8566
2022-08-23 12:40:00,237.364,237.848,237.364,237.748,6111
2022-08-23 12:45:00,237.579,237.908,237.579,237.888,7811
2022-08-23 12:50:00,237.853,237.868,237.479,237.807,11238
2022-08-23 12:55:00,237.838,238.417,237.838,238.287,17909
2022-08-23 13:00:00,238.297,238.546,238.297,238.546,5299
2022-08-23 13:05:00,238.447,238.676,238.327,238.407,7722
2022-08-23 13:10:00,238.337,238.337,237.898,237.948,8875
2022-08-23 13:15:00,237.938,238.028,237.718,237.913,8765
2022-08-23 13:20:00,237.958,238.058,237.868,237.868,7364
2022-08-23 13:25:00,237.836,238.008,237.509,237.509,17894
2022-08-23 13:30:00,237.499,238.038,237.469,237.858,7732
2022-08-23 13:35:00,237.843,238.015,237.778,237.788,7007
2022-08-23 13:40:00,237.669,237.798,237.469,237.469,6054
2022-08-23 13:45:00,237.539,237.539,237.28,237.339,5173
2022-08-23 13:50:00,237.349,237.349,236.98,237.055,8125
2022-08-23 13:55:00,237.035,237.035,236.711,236.901,8152
2022-08-23 14:00:00,236.851,237.04,236.402,236.402,14478
2022-08-23 14:05:00,236.356,236.531,236.356,236.452,9637
2022-08-23 14:10:00,236.442,236.671,236.442,236.591,12622
2022-08-23 14:15:00,236.591,236.691,236.402,236.561,13980
2022-08-23 14:20:00,236.502,236.898,236.432,236.898,8970
2022-08-23 14:25:00,236.98,237.01,236.601,236.851,21193
2022-08-23 14:30:00,236.811,236.851,236.701,236.701,9853
2022-08-23 14:35:00,236.801,236.841,236.591,236.711,10937
2022-08-23 14:40:00,236.741,237.01,236.721,237.01,19216
2022-08-23 14:45:00,237.09,237.379,236.97,237.0,16143
2022-08-23 14:50:00,236.98,236.99,236.681,236.771,5164
2022-08-23 14:55:00,236.791,236.834,236.631,236.631,6325
2022-08-23 15:00:00,236.641,236.94,236.621,236.911,12728
2022-08-23 15:05:00,236.821,237.0,236.801,236.871,7861
2022-08-23 15:10:00,236.97,237.0,236.901,236.94,15026
2022-08-23 15:15:00,236.98,237.569,236.95,237.369,16599
2022-08-23 15:20:00,237.319,237.349,237.19,237.28,41444
2022-08-23 15:25:00,237.26,237.449,237.22,237.399,9815
2022-08-23 15:30:00,237.349,237.349,237.195,237.25,22876
2022-08-23 15:35:00,237.24,237.449,237.14,237.409,19065
2022-08-23 15:40:00,237.429,237.449,237.3,237.314,24027
2022-08-23 15:45:00,237.329,237.748,237.309,237.654,32021
2022-08-23 15:50:00,237.659,237.659,237.3,237.419,44325
2022-08-23 15:55:00,237.389,237.928,237.24,237.699,59086
2022-08-23 16:00:00,237.708,237.798,237.469,237.609,113451
2022-08-23 16:05:00,237.479,237.479,237.479,237.479,6491
2022-08-24 09:35:00,237.659,238.028,236.531,236.96,20164
2022-08-24 09:40:00,236.681,237.489,236.517,237.489,23856
2022-08-24 09:45:00,237.409,237.549,237.139,237.19,17264
2022-08-24 09:50:00,237.499,238.556,237.339,238.207,15473
2022-08-24 09:55:00,238.008,238.063,237.344,237.379,7685
2022-08-24 10:00:00,237.619,237.748,237.339,237.499,7161
2022-08-24 10:05:00,237.489,238.292,237.489,238.088,22230
2022-08-24 10:10:00,238.078,238.496,237.958,238.217,16130
2022-08-24 10:15:00,238.192,238.397,238.192,238.272,11783
2022-08-24 10:20:00,238.267,238.806,238.187,238.397,18390
2022-08-24 10:25:00,238.327,239.125,238.327,238.96,5583
2022-08-24 10:30:00,238.935,238.995,238.696,238.776,9300
2022-08-24 10:35:00,238.866,239.175,238.427,238.586,18555
2022-08-24 10:40:00,238.806,239.05,238.417,238.422,10331
2022-08-24 10:45:00,238.506,238.766,238.098,238.636,12253
2022-08-24 10:50:00,238.746,238.841,238.417,238.626,13798
2022-08-24 10:55:00,238.526,238.821,238.447,238.821,8115
2022-08-24 11:00:00,238.846,238.955,238.706,238.856,8557
2022-08-24 11:05:00,238.895,239.145,238.846,239.125,26114
2022-08-24 11:10:00,239.095,239.394,238.995,239.145,17815
2022-08-24 11:15:00,239.145,239.798,239.145,239.693,44960
2022-08-24 11:20:00,239.903,240.521,239.903,240.402,3012
2022-08-24 11:25:00,240.651,241.003,240.651,241.003,2750
2022-08-24 11:30:00,241.399,242.077,241.359,241.678,16478
2022-08-24 11:35:00,241.738,241.918,241.728,241.848,6096
2022-08-24 11:40:00,241.858,241.858,241.339,241.758,11335
2022-08-24 11:45:00,241.777,241.793,241.225,241.225,24107
2022-08-24 11:50:00,241.259,241.389,241.03,241.369,5496
2022-08-24 11:55:00,241.389,241.589,241.279,241.409,3968
2022-08-24 12:00:00,241.459,241.459,241.19,241.299,6632
2022-08-24 12:05:00,241.259,241.339,241.06,241.339,2172
2022-08-24 12:10:00,241.389,241.424,241.16,241.369,7603
2022-08-24 12:15:00,241.429,241.559,241.349,241.544,3629
2022-08-24 12:20:00,241.459,241.459,241.13,241.319,6326
2022-08-24 12:25:00,241.255,241.292,240.97,241.06,6139
2022-08-24 12:30:00,241.05,241.095,240.741,240.741,6338
2022-08-24 12:35:00,240.701,240.731,240.412,240.512,3783
2022-08-24 12:40:00,240.581,240.631,240.092,240.202,5140
2022-08-24 12:45:00,240.172,240.421,240.003,240.003,7893
2022-08-24 12:50:00,239.913,239.983,239.394,239.394,12710
2022-08-24 12:55:00,239.549,239.768,239.524,239.589,3344
2022-08-24 13:00:00,239.644,239.853,239.634,239.733,14455
2022-08-24 13:05:00,239.778,239.793,239.554,239.554,3520
2022-08-24 13:10:00,239.622,239.686,239.622,239.686,1360
2022-08-24 13:15:00,239.703,239.733,239.294,239.539,75013
2022-08-24 13:20:00,239.484,239.564,239.404,239.404,5316
2022-08-24 13:25:00,239.392,239.454,239.294,239.374,2770
2022-08-24 13:30:00,239.275,239.367,239.125,239.294,8152
2022-08-24 13:35:00,239.354,239.404,239.205,239.215,3889
2022-08-24 13:40:00,239.275,239.289,239.115,239.205,3374
2022-08-24 13:45:00,239.235,239.235,238.91,238.919,4735
2022-08-24 13:50:00,238.955,239.155,238.905,238.905,3863
2022-08-24 13:55:00,238.985,239.095,238.915,239.005,4409
2022-08-24 14:00:00,238.905,238.975,238.846,238.975,2626
2022-08-24 14:05:00,238.866,238.915,238.741,238.751,4263
2022-08-24 14:10:00,238.676,238.696,238.526,238.636,3517
2022-08-24 14:15:00,238.516,238.591,238.457,238.591,7602
2022-08-24 14:20:00,238.571,238.571,238.297,238.496,5819
2022-08-24 14:25:00,238.435,238.492,238.202,238.407,4922
2022-08-24 14:30:00,238.327,238.402,238.257,238.347,5387
2022-08-24 14:35:00,238.367,238.367,238.068,238.093,5883
2022-08-24 14:40:00,238.088,238.197,238.088,238.137,3335
2022-08-24 14:45:00,238.088,238.088,237.584,237.584,13060
2022-08-24 14:50:00,237.619,237.928,237.554,237.723,12409
2022-08-24 14:55:00,237.718,238.247,237.718,238.177,5784
2022-08-24 15:00:00,238.202,238.427,238.147,238.422,5892
2022-08-24 15:05:00,238.412,238.477,238.247,238.427,12154
2022-08-24 15:10:00,238.397,238.576,238.357,238.516,16034
2022-08-24 15:15:00,238.487,238.905,238.487,238.905,10275
2022-08-24 15:20:00,238.98,238.985,238.826,238.935,8467
2022-08-24 15:25:00,238.945,238.945,238.417,238.556,22197
2022-08-24 15:30:00,238.531,238.564,238.307,238.462,10893
2022-08-24 15:35:00,238.417,238.721,238.417,238.606,10186
2022-08-24 15:40:00,238.722,239.065,238.722,239.005,30722
2022-08-24 15:45:00,239.07,239.255,239.07,239.205,13052
2022-08-24 15:50:00,239.23,239.245,238.895,238.895,28512
2022-08-24 15:55:00,238.895,239.314,238.816,239.314,51008
2022-08-24 16:00:00,239.324,239.404,238.915,239.035,80612
2022-08-24 16:05:00,238.925,238.925,238.925,238.925,81797
2022-08-25 09:35:00,240.711,240.711,239.574,240.541,12409
2022-08-25 09:40:00,240.671,240.95,239.705,240.212,8818
2022-08-25 09:45:00,240.212,240.481,239.454,239.594,12886
2022-08-25 09:50:00,239.614,240.003,239.474,239.928,7377
2022-08-25 09:55:00,239.843,240.442,239.604,240.412,6567
2022-08-25 10:00:00,240.481,241.04,240.452,240.95,9932
2022-08-25 10:05:00,240.91,241.812,240.91,241.529,12536
2022-08-25 10:10:00,241.693,241.828,240.417,240.459,20330
2022-08-25 10:15:00,240.486,241.255,240.432,241.155,7018
2022-08-25 10:20:00,241.2,241.269,240.99,241.23,7371
2022-08-25 10:25:00,241.05,241.918,241.05,241.758,15463
2022-08-25 10:30:00,242.137,242.766,242.077,242.656,10092
2022-08-25 10:35:00,242.766,242.895,242.187,242.187,15966
2022-08-25 10:40:00,242.117,242.367,242.117,242.227,5343
2022-08-25 10:45:00,242.207,242.247,241.983,242.127,2639
2022-08-25 10:50:00,242.097,242.377,241.918,242.087,8137
2022-08-25 10:55:00,242.067,242.157,241.863,241.978,7723
2022-08-25 11:00:00,241.848,242.057,241.848,241.908,5768
2022-08-25 11:05:00,241.908,241.908,241.654,241.713,3405
2022-08-25 11:10:00,241.658,241.753,241.389,241.599,7029
2022-08-25 11:15:00,241.559,241.673,241.24,241.24,8209
2022-08-25 11:20:00,241.259,241.259,240.781,240.791,4095
2022-08-25 11:25:00,240.691,240.98,240.496,240.526,5025
2022-08-25 11:30:00,240.571,240.851,240.432,240.541,8374
2022-08-25 11:35:00,240.541,240.621,240.367,240.367,5571
2022-08-25 11:40:00,240.302,240.581,240.192,240.531,6593
2022-08-25 11:45:00,240.556,240.621,240.491,240.606,3524
2022-08-25 11:50:00,240.616,240.616,240.242,240.516,11069
2022-08-25 11:55:00,240.481,240.561,240.462,240.481,3407
2022-08-25 12:00:00,240.452,240.551,240.222,240.551,6290
2022-08-25 12:05:00,240.611,240.621,240.471,240.601,4331
2022-08-25 12:10:00,240.611,240.87,240.611,240.816,5784
2022-08-25 12:15:00,240.691,240.811,240.262,240.412,5108
2022-08-25 12:20:00,240.422,240.427,240.202,240.427,6887
2022-08-25 12:25:00,240.362,240.362,239.733,239.868,10944
2022-08-25 12:30:00,239.763,240.132,239.763,240.112,6898
2022-08-25 12:35:00,240.202,240.541,240.167,240.357,3795
2022-08-25 12:40:00,240.352,240.541,240.332,240.402,3685
2022-08-25 12:45:00,240.541,240.541,240.342,240.372,5159
2022-08-25 12:50:00,240.202,240.242,239.843,239.843,4257
2022-08-25 12:55:00,239.953,239.983,239.813,239.943,6057
2022-08-25 13:00:00,239.943,239.968,239.853,239.953,3129
2022-08-25 13:05:00,239.933,240.162,239.863,240.043,8335
2022-08-25 13:10:00,240.107,240.382,240.102,240.102,4742
2022-08-25 13:15:00,239.963,240.145,239.948,240.063,2142
2022-08-25 13:20:00,240.312,240.506,240.292,240.506,4435
2022-08-25 13:25:00,240.506,240.561,240.382,240.541,5136
2022-08-25 13:30:00,240.531,240.571,240.267,240.486,7443
2022-08-25 13:35:00,240.481,240.95,240.462,240.862,6410
2022-08-25 13:40:00,241.03,241.11,240.95,241.11,4598
2022-08-25 13:45:00,241.04,241.187,240.94,241.175,6510
2022-08-25 13:50:00,241.19,241.309,241.18,241.309,3194
2022-08-25 13:55:00,241.24,241.333,241.11,241.155,5370
2022-08-25 14:00:00,241.11,241.15,240.89,240.905,5819
2022-08-25 14:05:00,240.905,241.389,240.841,241.23,5969
2022-08-25 14:10:00,241.16,241.18,240.87,241.014,4662
2022-08-25 14:15:00,240.95,241.269,240.885,241.269,3873
2022-08-25 14:20:00,241.289,241.419,241.24,241.419,4007
2022-08-25 14:25:00,241.389,241.429,241.339,241.369,2268
2022-08-25 14:30:00,241.449,241.589,241.419,241.539,3577
2022-08-25 14:35:00,241.579,241.579,241.309,241.369,5994
2022-08-25 14:40:00,241.354,241.389,241.24,241.339,4735
2022-08-25 14:45:00,241.319,241.334,241.25,241.294,3187
2022-08-25 14:50:00,241.314,241.339,241.19,241.279,6665
2022-08-25 14:55:00,241.289,241.289,240.99,241.07,6307
2022-08-25 15:00:00,241.18,241.579,241.16,241.579,4964
2022-08-25 15:05:00,241.429,241.678,241.359,241.678,3355
2022-08-25 15:10:00,241.629,241.708,241.479,241.489,7797
2022-08-25 15:15:00,241.399,241.908,241.399,241.868,8278
2022-08-25 15:20:00,241.908,242.028,241.808,241.879,14505
2022-08-25 15:25:00,241.918,242.167,241.768,242.157,14604
2022-08-25 15:30:00,242.127,242.157,242.018,242.043,5594
2022-08-25 15:35:00,242.018,242.077,241.818,241.883,12666
2022-08-25 15:40:00,241.888,242.137,241.828,242.137,11113
2022-08-25 15:45:00,242.137,242.551,242.127,242.476,12801
2022-08-25 15:50:00,242.516,243.105,242.377,243.105,25923
2022-08-25 15:55:00,243.175,243.175,242.865,243.105,23898
2022-08-25 16:00:00,243.075,244.013,243.045,243.983,103382
2022-08-25 16:05:00,243.913,243.913,243.913,243.913,22004
2022-08-26 09:35:00,244.382,244.382,242.965,243.225,9197
2022-08-26 09:40:00,243.155,243.903,243.085,243.085,5868
2022-08-26 09:45:00,243.404,243.883,243.145,243.883,4634
2022-08-26 09:50:00,244.013,244.013,243.434,243.534,3796
2022-08-26 09:55:00,243.454,243.579,242.831,242.975,4095
2022-08-26 10:00:00,243.165,243.344,242.556,242.556,3735
2022-08-26 10:05:00,242.536,242.536,239.913,239.913,4296
2022-08-26 10:10:00,240.501,241.279,240.501,241.279,5903
2022-08-26 10:15:00,242.217,242.701,241.678,241.858,7241
2022-08-26 10:20:00,241.934,242.417,241.888,242.282,4217
2022-08-26 10:25:00,242.067,242.197,241.16,241.16,6588
2022-08-26 10:30:00,241.155,241.155,239.404,239.783,4934
2022-08-26 10:35:00,239.574,239.629,239.045,239.479,9983
2022-08-26 10:40:00,239.434,239.544,238.895,238.925,4602
2022-08-26 10:45:00,239.015,240.033,239.015,239.908,5905
2022-08-26 10:50:00,239.644,239.913,239.255,239.913,8117
2022-08-26 10:55:00,239.768,239.768,239.245,239.723,10181
2022-08-26 11:00:00,239.713,239.713,239.534,239.555,3843
2022-08-26 11:05:00,239.444,239.683,239.205,239.464,12319
2022-08-26 11:10:00,239.459,239.768,239.055,239.055,17138
2022-08-26 11:15:00,239.055,239.634,239.055,239.559,7352
2022-08-26 11:20:00,239.439,239.464,238.791,238.791,7303
2022-08-26 11:25:00,238.966,238.966,237.998,238.171,18031
2022-08-26 11:30:00,238.098,238.581,237.878,238.132,11828
2022-08-26 11:35:00,238.222,239.18,238.167,239.035,8863
2022-08-26 11:40:00,239.085,239.294,238.746,238.94,24750
2022-08-26 11:45:00,238.945,239.065,238.257,238.257,13454
2022-08-26 11:50:00,238.237,238.617,238.127,238.536,10290
2022-08-26 11:55:00,238.616,239.05,238.487,238.905,12209
2022-08-26 12:00:00,238.905,238.975,238.058,238.078,11578
2022-08-26 12:05:00,238.12,238.12,237.23,237.24,10230
2022-08-26 12:10:00,237.16,237.639,237.155,237.469,7176
2022-08-26 12:15:00,237.529,237.723,237.399,237.564,8522
2022-08-26 12:20:00,237.659,237.679,236.871,237.02,8468
2022-08-26 12:25:00,236.96,237.15,236.791,237.125,7970
2022-08-26 12:30:00,237.21,237.679,237.13,237.594,11602
2022-08-26 12:35:00,237.609,237.644,237.23,237.394,13331
2022-08-26 12:40:00,237.424,237.659,237.27,237.454,8230
2022-08-26 12:45:00,237.439,237.868,237.349,237.708,7600
2022-08-26 12:50:00,237.659,237.898,237.619,237.818,6400
2022-08-26 12:55:00,237.758,237.828,237.369,237.609,6464
2022-08-26 13:00:00,237.679,237.818,237.619,237.818,4963
2022-08-26 13:05:00,237.815,237.823,237.499,237.499,8491
2022-08-26 13:10:00,237.579,237.818,237.579,237.619,3777
2022-08-26 13:15:00,237.634,238.023,237.634,237.928,7856
2022-08-26 13:20:00,238.018,238.093,237.938,237.988,2969
2022-08-26 13:25:00,238.098,238.407,238.038,238.407,3544
2022-08-26 13:30:00,238.367,238.447,238.028,238.028,8310
2022-08-26 13:35:00,237.983,238.038,237.768,238.038,7828
2022-08-26 13:40:00,238.157,238.297,237.738,237.738,11601
2022-08-26 13:45:00,237.758,237.908,237.559,237.589,10002
2022-08-26 13:50:00,237.589,238.157,237.574,238.157,9500
2022-08-26 13:55:00,238.018,238.023,237.838,237.858,7180
2022-08-26 14:00:00,237.758,238.028,237.748,237.883,5496
2022-08-26 14:05:00,237.964,238.018,237.81,238.018,8940
2022-08-26 14:10:00,237.978,238.078,237.718,237.728,10452
2022-08-26 14:15:00,237.639,237.728,237.369,237.679,8444
2022-08-26 14:20:00,237.599,237.689,236.94,236.94,12648
2022-08-26 14:25:00,237.06,237.21,236.95,237.15,16659
2022-08-26 14:30:00,237.15,237.19,236.521,236.641,16674
2022-08-26 14:35:00,236.631,236.811,236.472,236.751,14805
2022-08-26 14:40:00,236.861,236.861,236.432,236.581,8860
2022-08-26 14:45:00,236.551,236.551,236.272,236.272,8704
2022-08-26 14:50:00,236.337,236.531,236.053,236.357,14384
2022-08-26 14:55:00,236.292,236.352,236.003,236.059,8265
2022-08-26 15:00:00,236.083,236.083,235.803,235.923,7944
2022-08-26 15:05:00,235.923,236.295,235.923,235.963,10041
2022-08-26 15:10:00,236.018,236.018,235.384,235.574,16465
2022-08-26 15:15:00,235.684,235.833,235.564,235.823,5169
2022-08-26 15:20:00,235.873,236.412,235.873,236.113,9286
2022-08-26 15:25:00,236.172,236.302,235.833,235.898,10848
2022-08-26 15:30:00,235.848,236.262,235.833,236.132,12061
2022-08-26 15:35:00,236.172,236.172,235.664,235.763,17078
2022-08-26 15:40:00,235.773,235.963,235.584,235.953,13708
2022-08-26 15:45:00,235.908,235.993,235.354,235.419,23800
2022-08-26 15:50:00,235.444,235.514,235.155,235.429,37100
2022-08-26 15:55:00,235.384,235.454,234.936,235.155,56489
2022-08-26 16:00:00,235.155,235.474,235.15,235.215,138844
2022-08-26 16:05:00,235.105,235.105,235.105,235.105,118274
2022-08-26 16:15:00,235.105,235.105,235.105,235.105,127
2022-08-29 09:35:00,233.24,233.808,231.055,232.202,45718
2022-08-29 09:40:00,232.222,232.537,231.574,232.262,30384
2022-08-29 09:45:00,232.821,233.3,231.793,232.063,16735
2022-08-29 09:50:00,232.143,232.312,231.544,232.257,8319
2022-08-29 09:55:00,232.189,233.23,232.189,232.926,21806
2022-08-29 10:00:00,232.651,233.359,232.651,232.978,31168
2022-08-29 10:05:00,232.921,232.941,232.242,232.282,8634
2022-08-29 10:10:00,232.282,233.115,232.053,233.0,14935
2022-08-29 10:15:00,232.841,233.11,232.571,232.941,12169
2022-08-29 10:20:00,232.941,233.455,232.931,232.931,18600
2022-08-29 10:25:00,233.16,233.32,232.98,233.32,5827
2022-08-29 10:30:00,233.689,233.908,232.841,232.871,16456
2022-08-29 10:35:00,232.916,233.115,232.252,232.272,13832
2022-08-29 10:40:00,232.429,232.429,231.624,231.674,10746
2022-08-29 10:45:00,231.823,232.217,231.684,232.202,23224
2022-08-29 10:50:00,232.133,232.352,231.744,232.0,25192
2022-08-29 10:55:00,232.212,232.631,231.903,232.631,17537
2022-08-29 11:00:00,232.686,232.721,231.833,231.833,21081
2022-08-29 11:05:00,231.993,232.921,231.893,232.901,18807
2022-08-29 11:10:00,232.99,233.21,232.99,233.14,21144
2022-08-29 11:15:00,233.07,233.3,233.02,233.25,5532
2022-08-29 11:20:00,233.399,233.409,233.24,233.361,16250
2022-08-29 11:25:00,233.399,233.559,233.24,233.539,6891
2022-08-29 11:30:00,233.564,233.629,233.07,233.32,13624
2022-08-29 11:35:00,233.31,234.307,233.21,233.928,32656
2022-08-29 11:40:00,233.978,234.836,233.773,234.367,38288
2022-08-29 11:45:00,234.108,234.217,233.669,233.669,4598
2022-08-29 11:50:00,233.544,234.048,233.489,233.948,9051
2022-08-29 11:55:00,233.983,234.307,233.818,234.118,16470
2022-08-29 12:00:00,234.329,234.796,234.108,234.796,8646
2022-08-29 12:05:00,234.816,234.816,234.447,234.586,4030
2022-08-29 12:10:00,234.616,234.807,234.556,234.676,6083
2022-08-29 12:15:00,234.826,234.826,234.524,234.556,3388
2022-08-29 12:20:00,234.776,235.045,234.636,234.676,5401
2022-08-29 12:25:00,234.706,234.856,234.307,234.372,4682
2022-08-29 12:30:00,234.362,234.756,234.362,234.586,4869
2022-08-29 12:35:00,234.457,234.467,234.167,234.457,4223
2022-08-29 12:40:00,234.512,234.576,234.302,234.477,5490
2022-08-29 12:45:00,234.527,234.646,234.527,234.628,3104
2022-08-29 12:50:00,234.556,235.155,234.537,235.115,4954
2022-08-29 12:55:00,235.185,235.644,235.185,235.614,2486
2022-08-29 13:00:00,235.773,235.773,235.29,235.384,4088
2022-08-29 13:05:00,235.325,235.464,235.225,235.225,3318
2022-08-29 13:10:00,235.334,235.454,235.19,235.454,2596
2022-08-29 13:15:00,235.552,235.634,235.045,235.175,4423
2022-08-29 13:20:00,235.295,235.305,234.586,234.936,9452
2022-08-29 13:25:00,235.035,235.055,234.906,235.055,3454
2022-08-29 13:30:00,235.125,235.305,235.095,235.235,2942
2022-08-29 13:35:00,235.197,235.325,235.175,235.325,2355
2022-08-29 13:40:00,235.315,235.364,235.125,235.125,7214
2022-08-29 13:45:00,235.065,235.589,235.065,235.589,2945
2022-08-29 13:50:00,235.724,235.724,235.255,235.275,3899
2022-08-29 13:55:00,235.325,235.394,235.275,235.275,2480
2022-08-29 14:00:00,235.26,235.474,235.215,235.215,4952
2022-08-29 14:05:00,235.24,235.325,235.095,235.105,6258
2022-08-29 14:10:00,235.05,235.205,234.965,234.965,8742
2022-08-29 14:15:00,234.936,234.965,234.517,234.646,13250
2022-08-29 14:20:00,234.576,234.616,234.277,234.497,9040
2022-08-29 14:25:00,234.546,234.673,234.407,234.673,6011
2022-08-29 14:30:00,234.681,234.866,234.626,234.626,6761
2022-08-29 14:35:00,234.631,234.746,234.497,234.626,7012
2022-08-29 14:40:00,234.711,235.407,234.676,235.205,4415
2022-08-29 14:45:00,235.334,235.424,235.215,235.27,3706
2022-08-29 14:50:00,235.155,235.19,235.075,235.19,2325
2022-08-29 14:55:00,235.095,235.095,234.187,234.886,51308
2022-08-29 15:00:00,234.856,235.115,234.407,234.995,12502
2022-08-29 15:05:00,235.135,235.599,235.105,235.599,7029
2022-08-29 15:10:00,235.624,235.624,235.134,235.295,5856
2022-08-29 15:15:00,235.31,235.464,235.105,235.464,5190
2022-08-29 15:20:00,235.33,235.344,234.906,234.906,7562
2022-08-29 15:25:00,234.886,234.906,234.786,234.863,6784
2022-08-29 15:30:00,234.826,234.896,234.387,234.402,7837
2022-08-29 15:35:00,234.377,234.566,234.177,234.467,12333
2022-08-29 15:40:00,234.467,234.656,234.397,234.566,9781
2022-08-29 15:45:00,234.691,234.766,234.417,234.726,12531
2022-08-29 15:50:00,234.686,234.686,234.152,234.207,27337
2022-08-29 15:55:00,234.257,234.317,233.689,233.689,40121
2022-08-29 16:00:00,233.679,233.719,233.29,233.35,177040
2022-08-29 16:05:00,233.419,233.419,233.419,233.419,7879
2022-08-30 09:35:00,235.344,237.399,235.06,237.04,12618
2022-08-30 09:40:00,237.105,237.399,236.113,236.412,21416
2022-08-30 09:45:00,235.863,236.103,235.175,235.195,8991
2022-08-30 09:50:00,235.424,235.424,234.477,234.787,11831
2022-08-30 09:55:00,235.055,235.135,233.818,235.115,66283
2022-08-30 10:00:00,234.955,235.624,234.816,235.125,11797
2022-08-30 10:05:00,235.075,235.604,235.075,235.215,7516
2022-08-30 10:10:00,235.155,235.155,234.317,234.965,10046
2022-08-30 10:15:00,234.756,234.94,234.307,234.94,6474
2022-08-30 10:20:00,234.816,234.886,234.347,234.886,8785
2022-08-30 10:25:00,234.886,235.394,234.886,234.945,18525
2022-08-30 10:30:00,234.846,235.394,234.786,235.32,8420
2022-08-30 10:35:00,235.255,235.434,234.686,234.686,30036
2022-08-30 10:40:00,234.696,234.866,234.432,234.816,20069
2022-08-30 10:45:00,234.726,234.916,234.651,234.8,8723
2022-08-30 10:50:00,234.736,234.776,233.938,233.998,12519
2022-08-30 10:55:00,234.043,235.005,234.043,234.936,14915
2022-08-30 11:00:00,234.891,235.873,234.836,235.873,12427
2022-08-30 11:05:00,235.853,236.187,235.634,235.963,11619
2022-08-30 11:10:00,235.913,236.212,235.823,235.943,8939
2022-08-30 11:15:00,235.893,236.093,235.664,235.714,14965
2022-08-30 11:20:00,235.753,236.462,235.738,236.427,10641
2022-08-30 11:25:00,236.492,236.492,236.152,236.402,6629
2022-08-30 11:30:00,236.292,236.841,236.222,236.526,12446
2022-08-30 11:35:00,236.502,237.13,236.482,237.13,15961
2022-08-30 11:40:00,237.26,237.319,236.871,237.19,13523
2022-08-30 11:45:00,237.14,237.569,236.97,237.439,12501
2022-08-30 11:50:00,237.345,237.368,236.911,237.04,14036
2022-08-30 11:55:00,237.02,237.26,237.02,237.16,6945
2022-08-30 12:00:00,237.17,237.17,236.372,236.372,21934
2022-08-30 12:05:00,236.357,236.731,236.262,236.342,12636
2022-08-30 12:10:00,236.392,236.846,236.372,236.477,17174
2022-08-30 12:15:00,236.472,236.721,236.398,236.721,17692
2022-08-30 12:20:00,236.791,237.07,236.392,236.531,13283
2022-08-30 12:25:00,236.412,236.492,236.172,236.252,10166
2022-08-30 12:30:00,236.103,236.103,235.594,235.748,4606
2022-08-30 12:35:00,235.699,235.709,235.045,235.17,7104
2022-08-30 12:40:00,235.185,235.684,235.085,235.604,5718
2022-08-30 12:45:00,235.454,235.454,235.18,235.215,2394
2022-08-30 12:50:00,235.135,235.295,235.065,235.2,4833
2022-08-30 12:55:00,235.285,235.344,235.075,235.075,4367
2022-08-30 13:00:00,235.205,235.235,235.075,235.16,4717
2022-08-30 13:05:00,235.075,235.634,235.075,235.564,9976
2022-08-30 13:10:00,235.614,235.614,235.185,235.195,5145
2022-08-30 13:15:00,235.285,235.494,235.075,235.354,8551
2022-08-30 13:20:00,235.295,235.549,235.265,235.315,8576
2022-08-30 13:25:00,235.325,235.484,235.305,235.354,16882
2022-08-30 13:30:00,235.315,235.714,235.315,235.584,13698
2022-08-30 13:35:00,235.629,236.142,235.629,235.918,8093
2022-08-30 13:40:00,235.903,236.192,235.709,235.758,20548
2022-08-30 13:45:00,235.773,235.783,235.125,235.13,28281
2022-08-30 13:50:00,234.906,235.514,234.728,235.434,10706
2022-08-30 13:55:00,235.504,235.733,235.295,235.404,10825
2022-08-30 14:00:00,235.454,235.614,235.275,235.33,8211
2022-08-30 14:05:00,235.305,235.509,234.776,235.509,13946
2022-08-30 14:10:00,235.414,235.414,235.055,235.115,5366
2022-08-30 14:15:00,235.165,235.205,234.926,235.02,4075
2022-08-30 14:20:00,235.035,235.185,234.906,234.995,18223
2022-08-30 14:25:00,234.965,235.22,234.896,235.115,9284
2022-08-30 14:30:00,235.065,235.065,234.806,234.916,10329
2022-08-30 14:35:00,234.906,235.215,234.906,235.045,7218
2022-08-30 14:40:00,235.045,235.205,234.985,235.185,8907
2022-08-30 14:45:00,235.165,235.235,234.836,234.866,11546
2022-08-30 14:50:00,234.916,235.055,234.826,234.901,4610
2022-08-30 14:55:00,234.886,235.055,234.806,235.055,33861
2022-08-30 15:00:00,235.03,235.434,234.856,235.245,12446
2022-08-30 15:05:00,235.315,235.873,235.295,235.821,8920
2022-08-30 15:10:00,235.798,236.292,235.773,236.292,7595
2022-08-30 15:15:00,236.172,236.292,235.963,236.103,13852
2022-08-30 15:20:00,236.113,236.162,235.724,235.724,24758
2022-08-30 15:25:00,235.768,235.933,235.609,235.868,19225
2022-08-30 15:30:00,235.803,235.803,235.394,235.434,11156
2022-08-30 15:35:00,235.434,235.454,234.975,235.125,12872
2022-08-30 15:40:00,235.245,235.434,235.175,235.275,13233
2022-08-30 15:45:00,235.185,235.464,235.175,235.2,20299
2022-08-30 15:50:00,235.255,235.334,234.497,234.656,27283
2022-08-30 15:55:00,234.706,234.931,234.452,234.591,27380
2022-08-30 16:00:00,234.537,234.616,234.367,234.407,137276
2022-08-30 16:05:00,234.407,234.407,234.407,234.407,17829
2022-08-30 17:15:00,235.554,235.554,235.554,235.554,100
2022-08-31 09:35:00,237.319,237.389,235.633,236.222,26647
2022-08-31 09:40:00,235.733,236.35,235.22,236.122,8595
2022-08-31 09:45:00,236.177,237.17,236.142,237.144,42975
2022-08-31 09:50:00,236.95,237.18,236.402,236.801,21813
2022-08-31 09:55:00,236.711,236.92,235.185,235.763,20576
2022-08-31 10:00:00,235.384,235.823,235.015,235.015,15479
2022-08-31 10:05:00,235.105,235.509,234.566,235.24,33844
2022-08-31 10:10:00,235.285,235.315,234.596,234.736,10246
2022-08-31 10:15:00,234.856,234.97,234.262,234.437,37151
2022-08-31 10:20:00,234.467,234.736,233.908,234.736,12707
2022-08-31 10:25:00,234.781,234.985,234.417,234.452,10353
2022-08-31 10:30:00,234.452,234.696,234.018,234.317,22359
2022-08-31 10:35:00,234.332,234.776,234.287,234.596,10461
2022-08-31 10:40:00,234.646,234.726,234.287,234.606,15059
2022-08-31 10:45:00,234.517,235.015,234.372,234.97,5906
2022-08-31 10:50:00,235.1,235.384,234.696,234.96,43075
2022-08-31 10:55:00,234.955,235.095,234.317,234.616,15589
2022-08-31 11:00:00,234.497,234.726,234.227,234.377,12750
2022-08-31 11:05:00,234.332,234.357,233.988,234.187,16167
2022-08-31 11:10:00,234.088,234.088,233.768,233.948,10687
2022-08-31 11:15:00,233.928,234.237,233.928,234.073,13773
2022-08-31 11:20:00,234.072,234.407,234.008,234.157,13386
2022-08-31 11:25:00,234.267,234.566,234.227,234.487,11896
2022-08-31 11:30:00,234.407,234.546,234.197,234.197,6168
2022-08-31 11:35:00,233.968,233.968,233.32,233.369,7032
2022-08-31 11:40:00,233.35,233.744,233.18,233.27,5701
2022-08-31 11:45:00,233.18,233.559,232.846,233.559,6062
2022-08-31 11:50:00,233.479,233.479,233.27,233.369,5271
2022-08-31 11:55:00,233.2,233.2,232.771,232.771,3134
2022-08-31 12:00:00,232.691,233.28,232.691,233.185,6871
2022-08-31 12:05:00,233.16,233.305,232.961,233.215,5187
2022-08-31 12:10:00,233.29,233.295,232.918,232.918,3928
2022-08-31 12:15:00,232.851,233.11,232.671,233.11,7173
2022-08-31 12:20:00,233.0,233.31,233.0,233.02,7485
2022-08-31 12:25:00,232.861,232.861,232.322,232.322,3023
2022-08-31 12:30:00,232.442,232.646,232.352,232.581,6005
2022-08-31 12:35:00,232.666,232.911,232.666,232.866,5899
2022-08-31 12:40:00,232.761,232.791,232.472,232.716,5700
2022-08-31 12:45:00,232.601,232.641,232.302,232.402,4468
2022-08-31 12:50:00,232.332,232.522,232.332,232.452,3262
2022-08-31 12:55:00,232.452,232.671,232.452,232.552,6340
2022-08-31 13:00:00,232.482,232.599,232.392,232.472,3639
2022-08-31 13:05:00,232.482,232.681,232.482,232.581,4448
2022-08-31 13:10:00,232.606,232.911,232.606,232.801,7717
2022-08-31 13:15:00,232.781,232.931,232.681,232.691,5061
2022-08-31 13:20:00,232.621,232.661,232.402,232.412,3013
2022-08-31 13:25:00,232.412,232.412,232.023,232.023,5503
2022-08-31 13:30:00,232.073,232.153,231.893,232.153,5545
2022-08-31 13:35:00,232.063,232.282,232.033,232.123,6040
2022-08-31 13:40:00,232.138,232.282,231.913,231.913,4848
2022-08-31 13:45:00,231.943,232.043,231.863,232.043,5273
2022-08-31 13:50:00,232.018,232.048,231.514,231.524,5372
2022-08-31 13:55:00,231.504,232.073,231.504,231.988,7968
2022-08-31 14:00:00,231.963,232.053,231.903,231.903,4341
2022-08-31 14:05:00,231.978,232.153,231.978,232.053,8652
2022-08-31 14:10:00,231.903,232.163,231.734,232.138,13253
2022-08-31 14:15:00,232.118,232.571,232.083,232.317,10428
2022-08-31 14:20:00,232.347,232.472,232.302,232.392,17759
2022-08-31 14:25:00,232.352,232.497,232.143,232.497,7058
2022-08-31 14:30:00,232.402,232.681,232.342,232.432,20173
2022-08-31 14:35:00,232.332,232.432,232.133,232.133,12813
2022-08-31 14:40:00,232.143,232.153,231.903,231.953,5701
2022-08-31 14:45:00,231.903,232.053,231.677,231.714,21154
2022-08-31 14:50:00,231.649,231.916,231.569,231.764,18678
2022-08-31 14:55:00,231.654,231.813,231.639,231.724,19884
2022-08-31 15:00:00,231.744,231.803,231.674,231.783,28091
2022-08-31 15:05:00,231.788,232.502,231.616,232.502,59319
2022-08-31 15:10:00,232.442,232.926,232.382,232.832,15803
2022-08-31 15:15:00,232.781,233.27,232.711,233.27,8967
2022-08-31 15:20:00,233.275,233.33,232.691,232.701,80786
2022-08-31 15:25:00,232.621,232.621,232.063,232.113,12137
2022-08-31 15:30:00,232.123,232.202,231.948,232.053,13145
2022-08-31 15:35:00,232.013,232.058,231.654,231.754,12236
2022-08-31 15:40:00,231.634,231.993,231.584,231.993,14733
2022-08-31 15:45:00,232.013,232.552,231.853,232.462,24106
2022-08-31 15:50:00,232.442,232.811,232.332,232.571,31312
2022-08-31 15:55:00,232.641,232.641,231.943,232.093,42935
2022-08-31 16:00:00,232.113,232.197,231.474,231.574,130530
2022-08-31 16:05:00,231.514,231.514,231.514,231.514,76203
2022-08-31 16:10:00,231.514,231.514,231.514,231.514,2463
2022-08-31 16:15:00,231.514,231.514,231.514,231.514,461
2022-08-31 16:20:00,231.514,231.514,231.514,231.514,7804
2022-09-01 06:30:00,228.422,228.422,228.422,228.422,167
2022-09-01 09:35:00,230.507,231.325,229.679,230.562,20826
2022-09-01 09:40:00,230.437,231.105,230.068,231.105,17129
2022-09-01 09:45:00,231.0,231.285,230.567,230.781,16550
2022-09-01 09:50:00,230.596,231.215,230.367,231.195,18575
2022-09-01 09:55:00,231.295,231.414,230.557,231.31,40221
2022-09-01 10:00:00,231.31,231.31,230.618,230.906,49422
2022-09-01 10:05:00,230.781,230.781,229.828,230.028,18601
2022-09-01 10:10:00,229.853,230.247,229.853,230.237,4513
2022-09-01 10:15:00,230.168,230.347,230.068,230.347,6634
2022-09-01 10:20:00,230.342,230.716,230.153,230.457,13793
2022-09-01 10:25:00,230.387,230.746,230.367,230.746,4429
2022-09-01 10:30:00,230.956,231.255,230.736,230.826,40381
2022-09-01 10:35:00,230.726,230.726,230.108,230.108,5113
2022-09-01 10:40:00,230.133,230.457,229.908,229.908,4535
2022-09-01 10:45:00,229.828,230.098,229.779,229.933,5924
2022-09-01 10:50:00,229.968,230.108,229.499,229.589,15521
2022-09-01 10:55:00,229.599,230.063,229.519,229.913,4376
2022-09-01 11:00:00,229.988,229.988,229.769,229.898,7766
2022-09-01 11:05:00,229.978,230.247,229.828,229.848,10092
2022-09-01 11:10:00,229.988,230.635,229.898,230.447,5668
2022-09-01 11:15:00,230.527,231.015,230.527,230.806,9928
2022-09-01 11:20:00,230.856,231.255,230.746,231.255,13998
2022-09-01 11:25:00,231.295,231.454,231.06,231.17,6462
2022-09-01 11:30:00,231.185,231.813,231.055,231.813,8529
2022-09-01 11:35:00,231.694,232.432,231.694,232.432,6610
2022-09-01 11:40:00,232.502,232.821,232.277,232.277,19759
2022-09-01 11:45:00,232.262,232.392,232.123,232.123,26219
2022-09-01 11:50:00,232.153,232.212,231.793,231.933,16477
2022-09-01 11:55:00,231.923,231.923,231.604,231.604,11914
2022-09-01 12:00:00,231.524,231.774,231.384,231.774,23273
2022-09-01 12:05:00,231.873,232.163,231.873,232.013,7454
2022-09-01 12:10:00,231.993,232.063,231.694,232.063,4713
2022-09-01 12:15:00,231.993,232.063,231.903,232.063,2620
2022-09-01 12:20:00,232.063,232.063,231.803,231.803,8847
2022-09-01 12:25:00,231.714,231.714,231.444,231.444,4879
2022-09-01 12:30:00,231.409,231.828,231.355,231.674,21779
2022-09-01 12:35:00,231.629,231.714,231.375,231.574,21199
2022-09-01 12:40:00,231.594,231.744,231.265,231.459,12362
2022-09-01 12:45:00,231.424,231.514,231.305,231.514,6202
2022-09-01 12:50:00,231.514,231.514,231.245,231.479,12512
2022-09-01 12:55:00,231.469,231.469,231.175,231.225,7663
2022-09-01 13:00:00,231.16,231.24,230.956,231.24,3049
2022-09-01 13:05:00,231.21,231.514,231.145,231.434,11136
2022-09-01 13:10:00,231.514,232.033,231.514,232.033,9401
2022-09-01 13:15:00,232.123,232.312,232.023,232.113,18679
2022-09-01 13:20:00,232.113,232.512,231.813,231.913,21108
2022-09-01 13:25:00,231.913,232.138,231.674,231.903,47763
2022-09-01 13:30:00,231.903,231.913,231.744,231.764,12732
2022-09-01 13:35:00,231.594,231.843,231.549,231.564,7669
2022-09-01 13:40:00,231.564,231.903,231.454,231.903,14757
2022-09-01 13:45:00,231.953,231.973,231.185,231.185,24518
2022-09-01 13:50:00,231.464,231.464,231.285,231.464,3636
2022-09-01 13:55:00,231.464,231.464,231.259,231.259,4327
2022-09-01 14:00:00,231.375,231.464,231.375,231.464,8198
2022-09-01 14:05:00,231.464,231.584,231.235,231.384,27502
2022-09-01 14:10:00,231.414,231.906,231.265,231.295,28635
2022-09-01 14:15:00,231.315,231.574,231.265,231.265,4732
2022-09-01 14:20:00,231.335,231.384,231.135,231.255,4007
2022-09-01 14:25:00,231.265,231.464,231.215,231.464,29281
2022-09-01 14:30:00,231.464,232.412,231.414,232.163,18977
2022-09-01 14:35:00,232.412,232.497,232.003,232.133,6797
2022-09-01 14:40:00,232.352,232.472,231.734,231.754,9926
2022-09-01 14:45:00,231.813,231.913,231.574,231.654,12340
2022-09-01 14:50:00,231.604,231.833,231.345,231.514,4823
2022-09-01 14:55:00,231.514,231.624,231.454,231.504,29688
2022-09-01 15:00:00,231.514,231.803,231.335,231.574,24852
2022-09-01 15:05:00,231.474,231.684,231.345,231.345,14830
2022-09-01 15:10:00,231.414,232.043,231.404,232.043,15683
2022-09-01 15:15:00,231.993,232.352,231.564,231.564,32784
2022-09-01 15:20:00,231.574,231.684,231.365,231.534,20542
2022-09-01 15:25:00,231.574,231.669,231.45,231.554,16172
2022-09-01 15:30:00,231.524,231.524,231.185,231.28,11984
2022-09-01 15:35:00,231.175,231.27,230.916,231.01,10279
2022-09-01 15:40:00,231.025,231.414,230.936,231.22,13147
2022-09-01 15:45:00,231.205,231.514,231.135,231.474,16775
2022-09-01 15:50:00,231.434,231.514,231.24,231.325,32380
2022-09-01 15:55:00,231.454,231.983,231.365,231.674,65345
2022-09-01 16:00:00,231.614,231.684,231.484,231.594,218701
2022-09-01 16:05:00,231.744,231.744,231.744,231.744,15341
2022-09-01 16:55:00,231.913,231.913,231.913,231.913,400
2022-09-02 09:30:00,233.409,233.409,233.409,233.409,537
2022-09-02 09:35:00,234.656,235.354,233.866,234.497,27932
2022-09-02 09:40:00,234.128,234.407,233.649,234.407,10721
2022-09-02 09:45:00,234.088,234.088,232.746,232.811,8282
2022-09-02 09:50:00,232.99,233.758,232.307,232.891,6812
2022-09-02 09:55:00,232.671,233.439,232.671,233.439,6512
2022-09-02 10:00:00,233.589,233.599,233.01,233.26,10089
2022-09-02 10:05:00,233.16,233.539,232.98,233.05,16273
2022-09-02 10:10:00,233.06,233.669,232.896,233.669,7512
2022-09-02 10:15:00,233.454,234.307,233.449,234.147,9632
2022-09-02 10:20:00,234.264,234.417,234.128,234.267,6425
2022-09-02 10:25:00,234.028,234.367,233.639,234.078,6703
2022-09-02 10:30:00,233.908,234.367,233.569,234.367,4439
2022-09-02 10:35:00,234.452,234.906,234.402,234.636,13541
2022-09-02 10:40:00,234.666,235.195,234.517,235.175,8853
2022-09-02 10:45:00,235.165,235.404,235.165,235.354,6154
2022-09-02 10:50:00,235.374,235.544,235.105,235.195,14119
2022-09-02 10:55:00,235.205,235.464,235.025,235.205,13846
2022-09-02 11:00:00,235.055,235.13,234.676,234.856,7684
2022-09-02 11:05:00,234.926,235.584,234.926,235.534,7054
2022-09-02 11:10:00,235.534,235.564,235.175,235.334,13489
2022-09-02 11:15:00,235.474,235.484,235.105,235.325,4734
2022-09-02 11:20:00,235.394,235.664,235.135,235.514,9134
2022-09-02 11:25:00,235.424,235.564,235.295,235.484,5957
2022-09-02 11:30:00,235.484,235.606,235.165,235.195,11186
2022-09-02 11:35:00,235.175,235.285,234.786,234.786,11839
2022-09-02 11:40:00,234.876,234.886,234.646,234.766,5029
2022-09-02 11:45:00,234.802,234.802,234.202,234.591,11330
2022-09-02 11:50:00,234.656,235.045,234.626,235.045,3783
2022-09-02 11:55:00,234.96,235.195,234.936,234.975,5040
2022-09-02 12:00:00,235.105,235.195,235.04,235.105,4886
2022-09-02 12:05:00,235.065,235.185,234.896,235.015,6914
2022-09-02 12:10:00,235.128,235.185,234.866,234.866,11924
2022-09-02 12:15:00,234.876,234.945,234.656,234.776,2916
2022-09-02 12:20:00,234.706,234.706,234.407,234.407,10354
2022-09-02 12:25:00,234.287,234.287,233.16,233.245,11569
2022-09-02 12:30:00,233.205,233.215,232.831,233.13,5187
2022-09-02 12:35:00,233.035,233.21,232.826,232.951,5072
2022-09-02 12:40:00,233.055,233.055,232.606,232.946,13305
2022-09-02 12:45:00,232.906,233.11,232.831,232.861,8053
2022-09-02 12:50:00,232.891,232.97,232.382,232.731,11477
2022-09-02 12:55:00,232.701,232.831,232.434,232.831,5731
2022-09-02 13:00:00,232.651,233.04,232.621,232.821,5016
2022-09-02 13:05:00,232.686,232.686,232.033,232.402,7635
2022-09-02 13:10:00,232.252,232.342,231.764,231.798,5427
2022-09-02 13:15:00,231.739,231.764,231.325,231.644,20891
2022-09-02 13:20:00,231.838,232.033,231.624,231.913,6062
2022-09-02 13:25:00,231.828,231.828,230.846,231.325,16032
2022-09-02 13:30:00,231.225,231.384,231.105,231.36,12612
2022-09-02 13:35:00,231.325,231.684,231.235,231.684,10281
2022-09-02 13:40:00,231.584,231.883,231.315,231.684,7178
2022-09-02 13:45:00,231.604,231.973,231.524,231.793,4053
2022-09-02 13:50:00,231.764,232.133,231.474,231.514,7583
2022-09-02 13:55:00,231.414,231.604,231.149,231.474,8626
2022-09-02 14:00:00,231.534,231.554,231.305,231.384,7134
2022-09-02 14:05:00,231.384,231.873,231.366,231.823,13118
2022-09-02 14:10:00,231.714,231.843,231.025,231.524,26358
2022-09-02 14:15:00,231.534,231.634,231.275,231.424,9248
2022-09-02 14:20:00,231.2,231.604,231.135,231.295,16493
2022-09-02 14:25:00,231.325,231.404,231.125,231.215,7367
2022-09-02 14:30:00,231.135,231.704,231.135,231.529,9712
2022-09-02 14:35:00,231.494,231.823,231.424,231.614,4957
2022-09-02 14:40:00,231.694,232.013,231.684,231.963,5816
2022-09-02 14:45:00,231.953,232.023,231.634,231.793,8078
2022-09-02 14:50:00,231.793,231.888,231.624,231.848,9984
2022-09-02 14:55:00,231.833,231.833,231.584,231.679,4826
2022-09-02 15:00:00,231.554,231.569,231.345,231.484,11704
2022-09-02 15:05:00,231.404,232.153,231.38,232.083,7600
2022-09-02 15:10:00,232.083,232.182,231.913,232.003,11288
2022-09-02 15:15:00,231.908,232.013,231.694,231.843,8048
2022-09-02 15:20:00,231.888,232.217,231.749,231.883,16596
2022-09-02 15:25:00,231.873,232.073,231.115,231.115,16251
2022-09-02 15:30:00,231.125,231.704,230.995,231.479,26722
2022-09-02 15:35:00,231.375,231.394,231.085,231.085,28088
2022-09-02 15:40:00,231.125,231.125,230.407,230.572,32576
2022-09-02 15:45:00,230.636,230.646,230.272,230.462,19528
2022-09-02 15:50:00,230.457,230.786,230.267,230.766,31962
2022-09-02 15:55:00,230.766,231.504,230.766,231.494,30625
2022-09-02 16:00:00,231.454,231.701,230.646,231.225,89177
2022-09-02 16:05:00,231.225,231.225,231.225,231.225,155020
2022-09-02 16:10:00,232.538,232.538,232.538,232.538,161
2022-09-06 08:35:00,232.941,232.941,232.941,232.941,100
2022-09-06 09:35:00,231.913,232.163,229.851,230.532,44045
2022-09-06 09:40:00,230.383,230.942,229.998,230.212,13564
2022-09-06 09:45:00,230.188,230.656,229.469,229.469,8663
2022-09-06 09:50:00,229.469,229.858,229.419,229.469,25785
2022-09-06 09:55:00,229.569,229.799,228.931,228.931,31069
2022-09-06 10:00:00,228.641,230.517,228.462,230.517,26474
2022-09-06 10:05:00,230.277,230.277,227.779,227.983,25903
2022-09-06 10:10:00,227.913,228.871,227.883,228.696,11707
2022-09-06 10:15:00,228.612,228.701,227.893,228.342,11257
2022-09-06 10:20:00,228.302,228.781,227.893,228.612,26967
2022-09-06 10:25:00,228.651,228.701,227.504,228.222,21369
2022-09-06 10:30:00,228.163,229.749,228.143,229.39,43874
2022-09-06 10:35:00,229.35,229.529,229.17,229.529,7667
2022-09-06 10:40:00,229.679,230.138,229.3,230.138,20304
2022-09-06 10:45:00,230.267,231.025,230.262,230.582,12278
2022-09-06 10:50:00,230.636,230.786,229.833,230.347,12657
2022-09-06 10:55:00,230.267,230.736,230.148,230.217,6525
2022-09-06 11:00:00,230.227,231.394,230.227,230.776,11708
2022-09-06 11:05:00,230.776,230.995,230.482,230.836,4878
2022-09-06 11:10:00,230.686,231.275,230.686,230.816,9794
2022-09-06 11:15:00,230.995,231.015,230.545,230.776,4230
2022-09-06 11:20:00,230.776,230.776,230.322,230.606,7910
2022-09-06 11:25:00,230.517,231.305,230.507,230.926,13801
2022-09-06 11:30:00,231.035,231.145,230.517,230.826,12666
2022-09-06 11:35:00,230.75,231.514,230.611,231.215,11504
2022-09-06 11:40:00,231.185,231.305,230.916,231.265,8060
2022-09-06 11:45:00,231.035,231.674,231.035,231.185,7915
2022-09-06 11:50:00,231.434,231.474,230.856,231.065,5377
2022-09-06 11:55:00,230.886,231.315,230.886,231.195,4572
2022-09-06 12:00:00,231.015,231.215,230.906,230.906,4111
2022-09-06 12:05:00,230.876,231.245,230.876,230.995,7868
2022-09-06 12:10:00,231.075,231.205,230.267,230.287,15620
2022-09-06 12:15:00,230.275,230.459,230.275,230.297,20731
2022-09-06 12:20:00,230.217,230.297,229.689,229.729,7778
2022-09-06 12:25:00,229.609,229.609,229.195,229.4,14030
2022-09-06 12:30:00,229.36,229.888,229.226,229.873,22257
2022-09-06 12:35:00,229.858,230.119,229.727,229.933,16239
2022-09-06 12:40:00,229.943,230.157,229.769,229.888,7335
2022-09-06 12:45:00,229.958,230.387,229.749,230.387,8571
2022-09-06 12:50:00,230.427,230.527,230.282,230.462,16316
2022-09-06 12:55:00,230.357,230.557,230.143,230.422,6403
2022-09-06 13:00:00,230.387,230.631,230.243,230.243,8501
2022-09-06 13:05:00,230.267,230.447,230.078,230.205,10270
2022-09-06 13:10:00,230.272,230.272,229.459,229.459,25864
2022-09-06 13:15:00,229.619,229.689,228.851,229.02,8815
2022-09-06 13:20:00,228.971,228.991,228.397,228.811,9215
2022-09-06 13:25:00,228.776,228.921,228.242,228.392,9912
2022-09-06 13:30:00,228.402,228.582,228.382,228.412,6780
2022-09-06 13:35:00,228.412,228.801,228.412,228.741,12043
2022-09-06 13:40:00,228.691,229.001,228.432,229.001,11072
2022-09-06 13:45:00,228.871,228.871,228.113,228.362,7611
2022-09-06 13:50:00,228.492,228.492,227.893,227.893,3598
2022-09-06 13:55:00,228.003,228.221,227.893,228.158,7028
2022-09-06 14:00:00,228.222,228.492,228.013,228.183,5608
2022-09-06 14:05:00,228.252,228.492,228.133,228.203,10288
2022-09-06 14:10:00,228.203,228.262,227.978,228.093,9377
2022-09-06 14:15:00,228.133,228.851,228.128,228.741,7287
2022-09-06 14:20:00,228.801,229.04,228.572,228.751,7806
2022-09-06 14:25:00,228.512,228.661,228.442,228.592,4886
2022-09-06 14:30:00,228.711,228.711,228.183,228.183,5127
2022-09-06 14:35:00,228.222,228.362,227.873,228.013,10530
2022-09-06 14:40:00,228.063,228.242,227.853,227.963,11176
2022-09-06 14:45:00,227.923,228.018,227.664,227.893,17353
2022-09-06 14:50:00,227.958,228.033,227.514,228.023,16825
2022-09-06 14:55:00,227.963,227.963,227.564,227.853,14612
2022-09-06 15:00:00,227.853,228.292,227.769,227.945,10673
2022-09-06 15:05:00,228.232,228.262,227.863,227.998,11933
2022-09-06 15:10:00,228.043,228.542,227.973,228.524,17110
2022-09-06 15:15:00,228.552,228.896,228.502,228.582,7332
2022-09-06 15:20:00,228.552,228.841,228.492,228.492,10462
2022-09-06 15:25:00,228.492,228.741,228.113,228.721,8516
2022-09-06 15:30:00,228.741,228.801,228.582,228.592,8475
2022-09-06 15:35:00,228.562,228.592,227.634,227.853,17367
2022-09-06 15:40:00,227.858,228.113,227.754,228.063,13526
2022-09-06 15:45:00,228.128,228.612,228.123,228.522,14904
2022-09-06 15:50:00,228.492,228.592,228.282,228.592,22166
2022-09-06 15:55:00,228.542,228.542,227.714,227.833,39928
2022-09-06 16:00:00,227.833,227.983,227.295,227.913,149881
2022-09-06 16:05:00,227.804,227.804,227.804,227.804,13220
2022-09-06 17:55:00,227.425,227.425,227.425,227.425,100
2022-09-06 19:45:00,227.425,227.425,227.425,227.425,100
2022-09-07 09:35:00,229.02,231.135,227.664,231.135,19353
2022-09-07 09:40:00,231.155,233.719,230.606,233.11,15314
2022-09-07 09:45:00,233.674,234.886,233.21,234.711,20243
2022-09-07 09:50:00,234.681,235.025,234.113,234.846,28827
2022-09-07 09:55:00,234.886,235.035,234.262,234.262,22095
2022-09-07 10:00:00,234.497,234.527,233.818,233.993,9092
2022-09-07 10:05:00,233.908,233.918,232.631,232.681,19809
2022-09-07 10:10:00,232.841,232.931,232.143,232.153,15620
2022-09-07 10:15:00,232.292,232.931,232.262,232.891,21246
2022-09-07 10:20:00,232.791,233.858,232.601,233.679,24043
2022-09-07 10:25:00,233.599,233.968,233.17,233.18,7700
2022-09-07 10:30:00,233.16,234.377,233.16,234.327,10505
2022-09-07 10:35:00,234.327,235.275,234.327,234.796,16447
2022-09-07 10:40:00,234.816,235.305,234.556,234.746,10982
2022-09-07 10:45:00,234.566,234.975,233.459,233.539,29373
2022-09-07 10:50:00,233.574,233.649,233.1,233.574,28914
2022-09-07 10:55:00,233.589,234.068,233.449,233.978,12278
2022-09-07 11:00:00,233.963,234.387,233.559,234.128,12547
2022-09-07 11:05:00,234.068,234.377,233.888,233.928,15025
2022-09-07 11:10:00,233.744,234.337,233.729,234.317,9530
2022-09-07 11:15:00,234.297,234.571,234.187,234.497,7090
2022-09-07 11:20:00,234.608,234.608,234.167,234.297,9455
2022-09-07 11:25:00,234.447,234.676,234.41,234.551,5343
2022-09-07 11:30:00,234.626,234.786,233.978,233.978,7583
2022-09-07 11:35:00,234.098,234.407,233.778,233.778,12015
2022-09-07 11:40:00,233.778,234.083,233.778,233.818,7315
2022-09-07 11:45:00,233.758,234.018,233.374,233.529,8058
2022-09-07 11:50:00,233.539,234.003,233.529,233.719,7861
2022-09-07 11:55:00,233.749,234.177,233.744,234.177,4719
2022-09-07 12:00:00,234.357,234.726,234.207,234.556,8590
2022-09-07 12:05:00,234.576,234.816,234.467,234.681,7205
2022-09-07 12:10:00,234.686,234.686,234.123,234.267,13777
2022-09-07 12:15:00,234.187,234.227,233.938,234.038,7365
2022-09-07 12:20:00,234.038,234.212,233.968,234.088,8663
2022-09-07 12:25:00,234.128,234.157,233.704,233.818,13707
2022-09-07 12:30:00,233.838,234.497,233.818,234.367,17320
2022-09-07 12:35:00,234.367,235.005,234.123,234.926,10545
2022-09-07 12:40:00,234.916,235.285,234.796,235.24,14333
2022-09-07 12:45:00,235.23,235.983,235.23,235.773,13938
2022-09-07 12:50:00,235.973,236.113,235.758,235.883,15605
2022-09-07 12:55:00,235.918,235.973,235.404,235.404,8782
2022-09-07 13:00:00,235.334,235.375,234.636,235.33,15821
2022-09-07 13:05:00,235.334,235.743,235.295,235.569,13107
2022-09-07 13:10:00,235.584,235.584,235.265,235.374,6619
2022-09-07 13:15:00,235.27,235.27,234.965,235.235,10960
2022-09-07 13:20:00,235.23,235.32,234.906,234.945,9875
2022-09-07 13:25:00,234.926,235.225,234.926,235.165,7473
2022-09-07 13:30:00,235.07,235.095,234.973,235.055,5656
2022-09-07 13:35:00,235.085,235.514,235.045,235.514,5968
2022-09-07 13:40:00,235.444,235.689,235.344,235.654,7633
2022-09-07 13:45:00,235.569,235.983,235.554,235.933,10478
2022-09-07 13:50:00,235.883,235.963,235.594,235.903,11556
2022-09-07 13:55:00,235.783,236.003,235.694,235.694,7613
2022-09-07 14:00:00,235.724,235.953,235.654,235.898,6266
2022-09-07 14:05:00,236.018,236.571,235.963,236.556,8084
2022-09-07 14:10:00,236.641,236.641,236.182,236.22,5845
2022-09-07 14:15:00,236.242,236.352,235.943,236.262,9208
2022-09-07 14:20:00,236.262,236.312,235.833,235.893,9565
2022-09-07 14:25:00,235.943,236.187,235.803,236.033,5769
2022-09-07 14:30:00,236.152,236.636,236.103,236.541,7072
2022-09-07 14:35:00,236.561,237.06,236.561,237.02,10475
2022-09-07 14:40:00,236.96,237.0,236.625,236.681,10746
2022-09-07 14:45:00,236.701,236.96,236.621,236.96,7583
2022-09-07 14:50:00,236.93,237.07,236.871,236.99,6601
2022-09-07 14:55:00,237.03,237.27,236.911,237.155,9150
2022-09-07 15:00:00,237.15,237.679,237.083,237.609,9444
2022-09-07 15:05:00,237.559,237.679,237.389,237.469,10596
2022-09-07 15:10:00,237.559,237.639,237.419,237.559,8438
2022-09-07 15:15:00,237.549,237.689,237.349,237.479,16990
2022-09-07 15:20:00,237.464,237.771,237.399,237.489,12446
2022-09-07 15:25:00,237.479,237.479,237.055,237.15,13390
2022-09-07 15:30:00,237.19,237.738,237.19,237.703,9242
2022-09-07 15:35:00,237.699,237.828,237.479,237.758,15745
2022-09-07 15:40:00,237.708,237.863,237.369,237.394,23484
2022-09-07 15:45:00,237.399,237.449,237.11,237.419,34153
2022-09-07 15:50:00,237.409,238.068,237.3,237.998,38309
2022-09-07 15:55:00,237.958,238.107,237.619,238.013,39462
2022-09-07 16:00:00,237.948,238.098,237.579,238.058,102989
2022-09-07 16:05:00,238.048,238.048,238.048,238.048,32335
2022-09-08 09:35:00,236.152,236.472,234.896,235.025,15132
2022-09-08 09:40:00,234.921,236.342,234.901,235.928,14263
2022-09-08 09:45:00,235.325,238.147,235.275,238.147,14056
2022-09-08 09:50:00,238.008,238.008,237.369,237.868,12504
2022-09-08 09:55:00,237.798,237.798,236.977,237.05,11976
2022-09-08 10:00:00,237.165,238.107,236.911,238.078,15804
2022-09-08 10:05:00,237.728,237.738,236.162,236.192,11138
2022-09-08 10:10:00,236.487,237.569,236.487,237.24,22422
2022-09-08 10:15:00,237.26,237.27,236.492,236.987,15220
2022-09-08 10:20:00,236.806,238.137,236.671,238.137,8953
2022-09-08 10:25:00,237.948,238.856,237.948,238.377,31657
2022-09-08 10:30:00,238.197,238.467,237.993,238.322,12799
2022-09-08 10:35:00,238.287,238.786,238.167,238.511,8880
2022-09-08 10:40:00,238.457,238.666,238.048,238.382,16330
2022-09-08 10:45:00,238.427,238.706,238.332,238.642,4627
2022-09-08 10:50:00,238.726,239.11,238.606,238.91,6696
2022-09-08 10:55:00,238.905,238.975,238.516,238.925,5949
2022-09-08 11:00:00,238.886,239.664,238.886,239.484,11208
2022-09-08 11:05:00,239.434,239.833,239.434,239.514,7371
2022-09-08 11:10:00,239.534,239.813,239.492,239.624,8955
2022-09-08 11:15:00,239.683,239.973,239.454,239.923,8012
2022-09-08 11:20:00,240.003,240.442,239.853,240.407,7903
2022-09-08 11:25:00,240.362,240.481,240.082,240.297,8033
2022-09-08 11:30:00,240.481,240.521,239.664,239.743,10452
2022-09-08 11:35:00,239.773,239.928,239.574,239.728,7499
2022-09-08 11:40:00,239.783,240.092,239.539,239.539,10275
2022-09-08 11:45:00,239.584,239.773,239.309,239.539,8494
2022-09-08 11:50:00,239.494,239.683,239.195,239.275,13433
2022-09-08 11:55:00,239.294,239.404,239.26,239.364,3665
2022-09-08 12:00:00,239.434,239.604,239.344,239.514,4673
2022-09-08 12:05:00,239.454,239.454,238.526,238.726,21343
2022-09-08 12:10:00,238.536,238.636,237.898,238.292,21997
2022-09-08 12:15:00,238.397,238.487,237.848,238.127,14599
2022-09-08 12:20:00,238.147,238.786,238.058,238.504,10422
2022-09-08 12:25:00,238.626,238.626,237.818,238.008,7973
2022-09-08 12:30:00,237.923,238.337,237.828,238.337,5955
2022-09-08 12:35:00,238.272,238.975,238.008,238.786,14135
2022-09-08 12:40:00,238.836,239.494,238.831,239.374,18849
2022-09-08 12:45:00,239.18,239.594,239.045,239.424,7156
2022-09-08 12:50:00,239.533,239.533,238.886,238.945,9226
2022-09-08 12:55:00,238.917,239.23,238.917,239.01,5564
2022-09-08 13:00:00,238.955,239.04,238.895,239.04,1812
2022-09-08 13:05:00,239.085,239.105,238.746,238.945,8357
2022-09-08 13:10:00,238.965,239.215,238.925,239.04,6970
2022-09-08 13:15:00,239.205,239.913,239.175,239.813,10393
2022-09-08 13:20:00,239.973,240.132,239.783,239.783,7158
2022-09-08 13:25:00,239.793,239.863,239.723,239.723,3633
2022-09-08 13:30:00,239.723,239.863,239.594,239.743,5561
2022-09-08 13:35:00,239.703,239.703,239.524,239.594,3021
2022-09-08 13:40:00,239.474,240.132,239.474,239.903,8302
2022-09-08 13:45:00,239.803,240.073,239.803,240.033,3375
2022-09-08 13:50:00,240.023,240.252,240.003,240.252,6165
2022-09-08 13:55:00,240.223,240.262,239.943,239.953,3807
2022-09-08 14:00:00,239.963,240.033,239.384,239.943,11320
2022-09-08 14:05:00,239.913,239.973,239.751,239.893,14426
2022-09-08 14:10:00,240.003,240.102,239.574,239.695,6756
2022-09-08 14:15:00,239.703,239.943,239.703,239.768,3434
2022-09-08 14:20:00,239.733,239.928,239.624,239.883,1769
2022-09-08 14:25:00,239.968,239.968,239.788,239.94,4374
2022-09-08 14:30:00,239.963,239.963,239.723,239.913,3523
2022-09-08 14:35:00,239.964,240.172,239.964,240.112,5600
2022-09-08 14:40:00,240.192,240.202,240.023,240.132,4135
2022-09-08 14:45:00,240.122,240.122,239.284,239.703,13606
2022-09-08 14:50:00,239.544,239.544,239.215,239.449,15914
2022-09-08 14:55:00,239.424,239.624,239.384,239.588,12018
2022-09-08 15:00:00,239.534,239.773,239.424,239.693,9044
2022-09-08 15:05:00,239.823,239.933,239.294,239.524,9207
2022-09-08 15:10:00,239.506,239.669,239.105,239.195,7055
2022-09-08 15:15:00,239.05,239.454,239.05,239.27,13018
2022-09-08 15:20:00,239.459,239.594,239.374,239.574,8064
2022-09-08 15:25:00,239.664,239.863,239.554,239.743,13270
2022-09-08 15:30:00,239.743,239.743,239.394,239.434,9123
2022-09-08 15:35:00,239.434,239.569,239.125,239.125,11626
2022-09-08 15:40:00,239.155,239.245,239.015,239.185,11256
2022-09-08 15:45:00,239.11,239.135,238.905,239.005,12585
2022-09-08 15:50:00,239.005,239.374,239.005,239.025,20020
2022-09-08 15:55:00,239.055,240.162,239.055,240.102,36899
2022-09-08 16:00:00,240.082,240.282,239.913,240.192,81720
2022-09-08 16:05:00,240.172,240.172,240.172,240.172,18986
2022-09-09 09:35:00,240.591,240.826,239.858,240.287,22247
2022-09-09 09:40:00,240.452,241.748,240.227,241.25,9377
2022-09-09 09:45:00,240.338,241.245,240.242,241.045,9298
2022-09-09 09:50:00,240.681,240.831,239.825,240.452,8482
2022-09-09 09:55:00,240.491,240.751,239.803,240.242,14291
2022-09-09 10:00:00,240.247,241.07,240.003,240.92,23559
2022-09-09 10:05:00,241.02,241.02,239.983,240.591,11912
2022-09-09 10:10:00,240.626,241.299,240.626,240.865,7566
2022-09-09 10:15:00,240.97,241.18,240.561,240.995,6108
2022-09-09 10:20:00,241.14,241.419,240.392,240.791,21004
2022-09-09 10:25:00,240.95,241.319,240.671,241.07,8303
2022-09-09 10:30:00,241.06,241.559,240.9,241.349,9169
2022-09-09 10:35:00,241.449,241.564,241.2,241.389,9138
2022-09-09 10:40:00,241.369,241.369,240.99,241.1,13367
2022-09-09 10:45:00,241.186,241.539,241.05,241.279,10164
2022-09-09 10:50:00,241.299,241.369,241.07,241.369,7385
2022-09-09 10:55:00,241.419,241.499,240.89,240.925,27620
2022-09-09 11:00:00,240.98,241.195,240.671,241.055,21870
2022-09-09 11:05:00,240.97,241.17,240.581,240.731,7311
2022-09-09 11:10:00,240.751,240.94,240.506,240.511,5954
2022-09-09 11:15:00,240.486,240.641,240.207,240.384,13741
2022-09-09 11:20:00,240.387,240.551,240.162,240.277,9410
2022-09-09 11:25:00,240.112,240.561,240.112,240.272,8154
2022-09-09 11:30:00,240.342,240.826,240.342,240.391,7366
2022-09-09 11:35:00,240.337,240.422,240.102,240.172,7310
2022-09-09 11:40:00,240.471,240.721,240.447,240.721,2966
2022-09-09 11:45:00,240.751,240.776,240.312,240.412,9205
2022-09-09 11:50:00,240.382,240.382,239.943,239.943,10738
2022-09-09 11:55:00,239.993,240.317,239.943,240.287,26089
2022-09-09 12:00:00,240.299,240.302,239.893,240.008,9240
2022-09-09 12:05:00,239.973,240.033,239.434,239.504,15499
2022-09-09 12:10:00,239.594,239.664,239.454,239.604,5945
2022-09-09 12:15:00,239.509,239.624,239.374,239.479,9588
2022-09-09 12:20:00,239.384,239.494,239.075,239.494,4564
2022-09-09 12:25:00,239.459,239.464,238.905,238.985,16510
2022-09-09 12:30:00,238.987,239.424,238.985,239.095,11818
2022-09-09 12:35:00,239.145,239.489,239.145,239.414,7290
2022-09-09 12:40:00,239.374,239.703,239.245,239.639,12227
2022-09-09 12:45:00,239.733,239.868,239.544,239.708,12120
2022-09-09 12:50:00,239.773,239.853,239.484,239.708,7067
2022-09-09 12:55:00,239.728,239.728,239.364,239.364,7937
2022-09-09 13:00:00,239.434,239.574,239.205,239.529,6496
2022-09-09 13:05:00,239.454,239.454,239.235,239.235,4145
2022-09-09 13:10:00,239.225,239.404,239.205,239.374,6282
2022-09-09 13:15:00,239.404,239.893,239.324,239.893,4916
2022-09-09 13:20:00,239.873,240.132,239.644,240.018,17061
2022-09-09 13:25:00,239.943,240.182,239.843,240.172,8741
2022-09-09 13:30:00,240.232,240.272,239.836,239.863,11667
2022-09-09 13:35:00,239.843,240.242,239.831,240.142,5987
2022-09-09 13:40:00,240.172,240.621,240.167,240.521,9894
2022-09-09 13:45:00,240.551,240.89,240.432,240.751,9594
2022-09-09 13:50:00,240.661,240.691,240.377,240.496,7156
2022-09-09 13:55:00,240.491,240.491,240.008,240.212,4434
2022-09-09 14:00:00,240.182,240.222,239.854,240.028,7604
2022-09-09 14:05:00,240.028,240.028,239.644,239.783,8600
2022-09-09 14:10:00,239.634,239.654,239.484,239.598,7928
2022-09-09 14:15:00,239.589,239.933,239.464,239.933,9009
2022-09-09 14:20:00,239.948,239.948,239.758,239.893,8609
2022-09-09 14:25:00,239.843,239.883,239.604,239.664,11329
2022-09-09 14:30:00,239.698,239.938,239.654,239.773,16702
2022-09-09 14:35:00,239.813,240.122,239.813,240.092,9184
2022-09-09 14:40:00,240.132,240.322,240.043,240.272,8437
2022-09-09 14:45:00,240.257,240.302,240.033,240.092,13225
2022-09-09 14:50:00,240.182,240.232,240.023,240.102,10454
2022-09-09 14:55:00,240.122,240.122,240.013,240.063,4260
2022-09-09 15:00:00,240.122,240.611,240.102,240.611,21849
2022-09-09 15:05:00,240.701,240.751,240.561,240.701,9975
2022-09-09 15:10:00,240.661,240.661,240.262,240.262,9792
2022-09-09 15:15:00,240.252,240.437,240.232,240.422,10812
2022-09-09 15:20:00,240.422,240.531,240.132,240.521,16314
2022-09-09 15:25:00,240.601,240.711,240.412,240.551,17323
2022-09-09 15:30:00,240.552,240.841,240.552,240.571,15139
2022-09-09 15:35:00,240.611,240.741,240.511,240.601,12823
2022-09-09 15:40:00,240.576,240.611,240.342,240.422,17767
2022-09-09 15:45:00,240.442,240.731,240.442,240.701,12513
2022-09-09 15:50:00,240.631,240.631,240.033,240.033,29383
2022-09-09 15:55:00,240.142,240.202,239.983,240.132,43493
2022-09-09 16:00:00,240.092,240.272,239.604,239.833,98718
2022-09-09 16:05:00,239.743,239.743,239.743,239.743,76725
2022-09-12 09:35:00,241.319,242.646,241.13,242.646,16101
2022-09-12 09:40:00,242.182,242.686,240.766,241.768,12059
2022-09-12 09:45:00,241.529,242.651,241.529,241.783,9444
2022-09-12 09:50:00,242.008,242.347,241.299,241.299,8940
2022-09-12 09:55:00,241.334,242.596,241.334,242.157,14617
2022-09-12 10:00:00,242.407,242.766,242.177,242.646,23403
2022-09-12 10:05:00,242.651,243.015,242.038,242.137,27988
2022-09-12 10:10:00,242.267,242.506,241.629,241.676,24553
2022-09-12 10:15:00,241.758,242.556,241.688,242.147,28173
2022-09-12 10:20:00,242.287,243.633,242.117,243.564,18833
2022-09-12 10:25:00,243.574,244.202,243.035,243.115,19032
2022-09-12 10:30:00,243.055,243.309,242.456,243.145,9866
2022-09-12 10:35:00,243.244,243.244,242.506,242.506,9223
2022-09-12 10:40:00,242.521,242.526,241.678,241.938,22466
2022-09-12 10:45:00,242.028,242.038,241.567,241.953,13196
2022-09-12 10:50:00,242.008,242.526,242.008,242.422,11077
2022-09-12 10:55:00,242.282,242.586,242.267,242.294,5828
2022-09-12 11:00:00,242.272,242.506,241.773,241.948,8312
2022-09-12 11:05:00,241.933,242.008,241.586,241.778,7078
2022-09-12 11:10:00,241.746,242.427,241.708,242.427,17443
2022-09-12 11:15:00,242.536,242.636,241.918,242.008,10114
2022-09-12 11:20:00,241.726,242.247,241.624,241.893,9825
2022-09-12 11:25:00,242.057,242.456,241.998,242.417,14035
2022-09-12 11:30:00,242.372,242.372,241.783,241.903,11758
2022-09-12 11:35:00,241.988,242.008,241.808,241.808,7944
2022-09-12 11:40:00,241.898,241.958,241.269,241.639,9798
2022-09-12 11:45:00,241.668,241.748,241.499,241.529,7433
2022-09-12 11:50:00,241.449,241.649,241.21,241.579,8506
2022-09-12 11:55:00,241.555,241.718,240.94,240.96,10611
2022-09-12 12:00:00,240.96,241.05,240.392,240.91,8256
2022-09-12 12:05:00,241.05,241.379,241.05,241.339,4310
2022-09-12 12:10:00,241.424,241.639,241.324,241.324,6993
2022-09-12 12:15:00,241.297,241.658,241.11,241.509,9976
2022-09-12 12:20:00,241.504,241.629,241.25,241.569,5705
2022-09-12 12:25:00,241.599,241.948,241.599,241.768,9177
2022-09-12 12:30:00,241.748,241.948,241.479,241.928,6022
2022-09-12 12:35:00,241.898,241.958,241.768,241.89,9775
2022-09-12 12:40:00,241.888,241.928,241.678,241.808,5899
2022-09-12 12:45:00,241.798,241.978,241.798,241.903,5658
2022-09-12 12:50:00,241.978,241.978,241.688,241.758,9003
2022-09-12 12:55:00,241.718,241.842,241.609,241.838,4334
2022-09-12 13:00:00,241.768,242.117,241.768,242.028,3804
2022-09-12 13:05:00,242.087,242.097,241.479,241.893,19629
2022-09-12 13:10:00,241.928,242.127,241.878,241.948,7232
2022-09-12 13:15:00,241.883,241.938,241.579,241.833,8039
2022-09-12 13:20:00,241.868,242.127,241.857,242.087,8886
2022-09-12 13:25:00,242.097,242.137,241.639,242.097,17361
2022-09-12 13:30:00,242.107,242.157,241.958,242.097,8529
2022-09-12 13:35:00,242.043,242.117,241.938,242.117,9810
2022-09-12 13:40:00,242.157,242.247,241.599,241.629,12911
2022-09-12 13:45:00,241.609,241.838,241.539,241.718,10429
2022-09-12 13:50:00,241.783,241.828,241.609,241.788,6650
2022-09-12 13:55:00,241.668,242.048,241.668,242.048,5577
2022-09-12 14:00:00,242.023,242.117,241.968,242.062,6042
2022-09-12 14:05:00,241.998,242.003,241.529,241.748,11794
2022-09-12 14:10:00,241.718,242.018,241.698,241.938,7065
2022-09-12 14:15:00,241.913,242.197,241.913,242.147,4098
2022-09-12 14:20:00,242.087,242.257,241.758,241.933,9692
2022-09-12 14:25:00,241.868,242.142,241.668,242.077,8305
2022-09-12 14:30:00,242.137,242.187,241.668,241.733,6853
2022-09-12 14:35:00,241.629,241.933,241.599,241.718,7583
2022-09-12 14:40:00,241.718,241.918,241.644,241.908,7305
2022-09-12 14:45:00,241.903,242.167,241.828,242.167,5844
2022-09-12 14:50:00,242.207,242.686,242.137,242.631,7808
2022-09-12 14:55:00,242.661,242.885,242.536,242.885,13273
2022-09-12 15:00:00,242.86,242.955,242.716,242.761,9363
2022-09-12 15:05:00,242.766,242.935,242.741,242.761,10106
2022-09-12 15:10:00,242.746,242.93,242.626,242.895,20531
2022-09-12 15:15:00,242.885,243.235,242.885,243.185,10809
2022-09-12 15:20:00,243.225,243.225,243.085,243.122,7133
2022-09-12 15:25:00,243.165,243.424,243.145,243.145,13217
2022-09-12 15:30:00,243.135,243.185,242.905,242.905,7656
2022-09-12 15:35:00,242.94,242.955,242.466,242.466,16035
2022-09-12 15:40:00,242.566,242.836,242.446,242.836,16673
2022-09-12 15:45:00,242.836,242.965,242.746,242.955,16535
2022-09-12 15:50:00,242.92,243.135,242.915,243.105,26976
2022-09-12 15:55:00,243.035,243.175,242.187,242.267,60247
2022-09-12 16:00:00,242.267,242.506,242.147,242.357,132756
2022-09-12 16:05:00,242.357,242.357,242.357,242.357,20618
2022-09-12 16:15:00,242.357,242.357,242.357,242.357,436
2022-09-12 17:20:00,242.696,242.696,242.696,242.696,320
2022-09-13 09:20:00,238.347,238.347,238.347,238.347,220
2022-09-13 09:30:00,235.474,235.474,235.474,235.474,725
2022-09-13 09:35:00,235.534,236.137,233.24,234.334,28698
2022-09-13 09:40:00,233.818,235.255,233.818,234.876,11932
2022-09-13 09:45:00,234.876,234.876,233.788,233.973,14741
2022-09-13 09:50:00,233.719,234.856,233.709,234.766,11246
2022-09-13 09:55:00,234.721,235.125,234.696,235.037,11691
2022-09-13 10:00:00,235.005,235.005,234.187,234.347,8495
2022-09-13 10:05:00,234.177,234.497,233.449,234.255,22100
2022-09-13 10:10:00,234.207,235.055,234.177,234.766,16607
2022-09-13 10:15:00,234.756,234.846,233.758,234.152,38003
2022-09-13 10:20:00,234.093,234.896,233.918,234.801,11451
2022-09-13 10:25:00,234.801,235.145,234.716,234.901,7937
2022-09-13 10:30:00,234.766,234.766,233.998,234.636,10166
2022-09-13 10:35:00,234.546,234.656,234.257,234.332,6311
2022-09-13 10:40:00,234.152,234.237,233.424,233.928,14878
2022-09-13 10:45:00,234.038,234.227,233.1,233.1,11882
2022-09-13 10:50:00,232.98,233.429,232.97,233.429,4983
2022-09-13 10:55:00,233.399,233.639,233.379,233.639,4405
2022-09-13 11:00:00,233.569,233.624,233.369,233.519,6271
2022-09-13 11:05:00,233.479,233.778,233.315,233.474,19505
2022-09-13 11:10:00,233.514,233.514,233.16,233.27,5569
2022-09-13 11:15:00,233.384,233.564,233.03,233.529,9365
2022-09-13 11:20:00,233.519,233.579,232.611,232.616,10253
2022-09-13 11:25:00,232.601,233.24,232.601,232.866,5639
2022-09-13 11:30:00,232.97,232.98,232.661,232.871,8611
2022-09-13 11:35:00,232.925,233.35,232.891,233.35,10458
2022-09-13 11:40:00,233.419,233.459,233.06,233.195,4017
2022-09-13 11:45:00,233.13,233.13,232.801,233.0,7736
2022-09-13 11:50:00,232.921,233.04,232.761,232.831,3474
2022-09-13 11:55:00,232.691,233.242,232.681,233.14,7125
2022-09-13 12:00:00,233.11,233.25,232.98,233.185,3115
2022-09-13 12:05:00,233.26,233.634,233.14,233.509,4221
2022-09-13 12:10:00,233.589,233.817,233.549,233.817,6964
2022-09-13 12:15:00,233.724,233.908,233.649,233.808,3599
2022-09-13 12:20:00,233.968,234.098,233.848,233.958,6744
2022-09-13 12:25:00,233.888,233.898,233.619,233.689,6051
2022-09-13 12:30:00,233.714,233.798,233.369,233.419,5116
2022-09-13 12:35:00,233.414,233.609,233.23,233.489,7926
2022-09-13 12:40:00,233.699,233.848,233.649,233.848,1035
2022-09-13 12:45:00,233.654,233.798,233.564,233.679,2062
2022-09-13 12:50:00,233.624,233.948,233.499,233.948,8127
2022-09-13 12:55:00,233.888,234.078,233.883,233.973,2708
2022-09-13 13:00:00,233.988,234.013,233.828,233.943,2440
2022-09-13 13:05:00,233.838,234.167,233.589,233.823,10540
2022-09-13 13:10:00,234.048,234.103,233.95,233.95,2066
2022-09-13 13:15:00,233.878,234.257,233.808,234.038,4649
2022-09-13 13:20:00,233.978,234.796,233.978,234.541,14060
2022-09-13 13:25:00,234.556,234.866,234.297,234.866,16691
2022-09-13 13:30:00,234.995,235.135,234.893,235.045,4421
2022-09-13 13:35:00,234.965,235.125,234.776,234.876,10271
2022-09-13 13:40:00,234.826,234.945,234.417,234.417,5774
2022-09-13 13:45:00,234.357,234.427,234.098,234.307,8660
2022-09-13 13:50:00,234.297,234.546,234.297,234.546,3859
2022-09-13 13:55:00,234.606,234.606,234.257,234.467,5074
2022-09-13 14:00:00,234.447,234.706,234.367,234.367,28066
2022-09-13 14:05:00,234.397,234.586,234.277,234.337,5670
2022-09-13 14:10:00,234.437,234.566,234.048,234.113,34674
2022-09-13 14:15:00,234.177,234.352,234.088,234.337,8036
2022-09-13 14:20:00,234.359,234.437,234.157,234.262,5277
2022-09-13 14:25:00,234.307,234.357,234.138,234.138,2906
2022-09-13 14:30:00,234.242,234.267,233.908,233.908,7459
2022-09-13 14:35:00,233.928,233.968,233.469,233.469,7779
2022-09-13 14:40:00,233.469,233.509,233.389,233.409,6555
2022-09-13 14:45:00,233.531,233.531,233.06,233.19,10693
2022-09-13 14:50:00,233.28,233.28,232.931,232.931,5023
2022-09-13 14:55:00,233.02,233.04,232.631,232.691,4916
2022-09-13 15:00:00,232.671,233.05,232.601,232.791,10919
2022-09-13 15:05:00,232.761,232.931,232.721,232.721,7344
2022-09-13 15:10:00,232.741,232.771,232.332,232.332,7425
2022-09-13 15:15:00,232.412,232.412,231.818,231.993,8495
2022-09-13 15:20:00,231.863,231.943,231.704,231.803,8840
2022-09-13 15:25:00,231.704,231.833,231.454,231.454,8019
2022-09-13 15:30:00,231.449,231.449,230.936,231.055,18551
2022-09-13 15:35:00,230.985,230.995,230.058,230.178,14879
2022-09-13 15:40:00,230.138,230.337,229.923,230.307,18360
2022-09-13 15:45:00,230.257,230.297,229.838,230.058,21035
2022-09-13 15:50:00,230.038,230.048,229.679,229.948,28574
2022-09-13 15:55:00,230.028,230.317,229.878,230.188,42082
2022-09-13 16:00:00,230.148,230.676,229.958,230.247,87469
2022-09-13 16:05:00,230.277,230.277,230.277,230.277,45341
2022-09-13 16:15:00,230.277,230.277,230.277,230.277,7913
2022-09-13 16:25:00,230.277,230.277,230.277,230.277,337
2022-09-14 09:35:00,229.479,229.828,227.764,227.918,23207
2022-09-14 09:40:00,227.953,228.362,227.674,227.764,13555
2022-09-14 09:45:00,227.415,227.639,226.507,226.507,11495
2022-09-14 09:50:00,226.427,227.15,225.769,226.706,34602
2022-09-14 09:55:00,226.696,227.215,226.527,227.045,39979
2022-09-14 10:00:00,226.896,227.534,226.517,227.415,26285
2022-09-14 10:05:00,227.335,227.973,227.215,227.554,13758
2022-09-14 10:10:00,227.444,227.853,227.295,227.654,56018
2022-09-14 10:15:00,227.664,228.392,227.395,227.754,10269
2022-09-14 10:20:00,227.973,228.432,227.654,227.714,11161
2022-09-14 10:25:00,227.774,227.794,227.225,227.544,22088
2022-09-14 10:30:00,227.484,227.544,226.916,227.175,35678
2022-09-14 10:35:00,227.065,227.814,226.946,226.946,21977
2022-09-14 10:40:00,227.016,227.978,226.996,227.933,10550
2022-09-14 10:45:00,228.068,228.262,227.878,228.222,6811
2022-09-14 10:50:00,227.923,228.846,227.923,228.382,9196
2022-09-14 10:55:00,228.522,228.886,228.232,228.886,6531
2022-09-14 11:00:00,228.681,228.961,228.522,228.941,5638
2022-09-14 11:05:00,229.18,229.18,228.277,228.542,10593
2022-09-14 11:10:00,228.612,229.17,228.562,229.135,7616
2022-09-14 11:15:00,229.06,229.07,228.741,228.756,4966
2022-09-14 11:20:00,228.562,228.631,228.143,228.382,5376
2022-09-14 11:25:00,228.203,228.302,227.933,228.158,6079
2022-09-14 11:30:00,228.103,228.387,228.073,228.083,6126
2022-09-14 11:35:00,228.013,228.104,227.893,227.903,6397
2022-09-14 11:40:00,227.823,227.948,227.734,227.833,4621
2022-09-14 11:45:00,228.039,228.222,227.784,228.178,8447
2022-09-14 11:50:00,228.302,228.522,228.058,228.058,7291
2022-09-14 11:55:00,228.013,228.422,227.674,228.292,17411
2022-09-14 12:00:00,228.252,228.252,227.385,227.385,8999
2022-09-14 12:05:00,227.444,227.554,227.285,227.285,7852
2022-09-14 12:10:00,227.3,227.375,226.956,226.956,5166
2022-09-14 12:15:00,226.846,227.055,226.806,227.055,3701
2022-09-14 12:20:00,227.115,227.195,226.896,226.956,13365
2022-09-14 12:25:00,226.866,226.886,226.666,226.846,5871
2022-09-14 12:30:00,226.956,227.1,226.627,227.085,13252
2022-09-14 12:35:00,227.195,227.345,226.557,226.557,8720
2022-09-14 12:40:00,226.637,227.305,226.507,227.205,12410
2022-09-14 12:45:00,227.125,227.305,227.006,227.235,6106
2022-09-14 12:50:00,227.215,227.255,226.776,227.075,65406
2022-09-14 12:55:00,227.115,227.645,227.115,227.645,5347
2022-09-14 13:00:00,227.579,227.794,227.494,227.794,7111
2022-09-14 13:05:00,227.853,227.933,227.569,227.664,8422
2022-09-14 13:10:00,227.624,227.624,227.165,227.454,6140
2022-09-14 13:15:00,227.335,227.464,227.315,227.425,5472
2022-09-14 13:20:00,227.355,227.355,226.911,226.936,9323
2022-09-14 13:25:00,226.921,226.921,226.387,226.407,9707
2022-09-14 13:30:00,226.457,226.457,226.148,226.337,6739
2022-09-14 13:35:00,226.397,226.756,226.337,226.756,10302
2022-09-14 13:40:00,226.726,226.876,226.277,226.557,11118
2022-09-14 13:45:00,226.422,226.686,226.302,226.566,8663
2022-09-14 13:50:00,226.547,226.547,225.789,226.008,17181
2022-09-14 13:55:00,226.098,226.547,226.098,226.178,9766
2022-09-14 14:00:00,226.168,226.218,225.754,225.789,8267
2022-09-14 14:05:00,225.809,225.908,225.2,225.2,12252
2022-09-14 14:10:00,225.2,225.609,225.08,225.539,9365
2022-09-14 14:15:00,225.559,225.559,225.175,225.22,10068
2022-09-14 14:20:00,225.19,225.19,224.696,224.936,13060
2022-09-14 14:25:00,225.06,225.35,224.921,225.21,10391
2022-09-14 14:30:00,225.11,225.4,225.1,225.26,7151
2022-09-14 14:35:00,225.21,225.539,225.2,225.4,7959
2022-09-14 14:40:00,225.37,225.37,225.09,225.285,14270
2022-09-14 14:45:00,225.28,225.342,225.08,225.16,11606
2022-09-14 14:50:00,225.12,225.14,224.891,225.08,12598
2022-09-14 14:55:00,225.041,225.051,224.632,224.652,13939
2022-09-14 15:00:00,224.652,224.761,224.552,224.554,11063
2022-09-14 15:05:00,224.592,224.921,224.432,224.532,15619
2022-09-14 15:10:00,224.542,224.901,224.532,224.901,12174
2022-09-14 15:15:00,224.941,224.941,224.292,224.292,19438
2022-09-14 15:20:00,224.183,224.183,223.634,223.784,15390
2022-09-14 15:25:00,223.744,224.123,223.654,223.988,19537
2022-09-14 15:30:00,223.943,224.113,223.734,223.968,24129
2022-09-14 15:35:00,223.953,223.953,223.345,223.814,16950
2022-09-14 15:40:00,223.873,223.933,223.305,223.416,23320
2022-09-14 15:45:00,223.445,223.993,223.34,223.843,24697
2022-09-14 15:50:00,223.784,224.053,223.674,223.988,29950
2022-09-14 15:55:00,224.053,224.791,224.033,224.736,47112
2022-09-14 16:00:00,224.741,225.42,224.472,225.24,121208
2022-09-14 16:05:00,225.28,225.28,225.28,225.28,34478
2022-09-14 16:10:00,225.28,225.28,225.28,225.28,2045
2022-09-14 16:15:00,225.28,225.28,225.28,225.28,568
2022-09-14 16:20:00,226.627,226.627,225.619,225.619,540
2022-09-15 09:35:00,225.42,225.918,224.462,224.941,15592
2022-09-15 09:40:00,225.1,226.387,225.001,225.569,13453
2022-09-15 09:45:00,225.519,225.878,225.123,225.659,9211
2022-09-15 09:50:00,225.824,226.477,225.689,226.477,5694
2022-09-15 09:55:00,227.065,227.913,226.986,227.794,7330
2022-09-15 10:00:00,227.674,228.492,227.674,228.377,23467
2022-09-15 10:05:00,228.417,228.951,228.412,228.931,18150
2022-09-15 10:10:00,229.06,229.2,228.362,228.671,12720
2022-09-15 10:15:00,228.801,229.225,228.731,228.981,7198
2022-09-15 10:20:00,228.921,229.28,228.811,228.921,11507
2022-09-15 10:25:00,229.03,229.03,228.311,228.786,11037
2022-09-15 10:30:00,228.681,228.681,227.265,227.265,7253
2022-09-15 10:35:00,227.355,227.926,227.125,227.35,8279
2022-09-15 10:40:00,227.295,227.714,227.295,227.395,5557
2022-09-15 10:45:00,227.395,227.395,227.035,227.27,5377
2022-09-15 10:50:00,227.464,227.674,227.225,227.325,10134
2022-09-15 10:55:00,227.325,227.335,226.646,227.065,9597
2022-09-15 11:00:00,227.14,227.145,226.661,227.14,13459
2022-09-15 11:05:00,227.045,227.225,226.746,226.876,12864
2022-09-15 11:10:00,226.816,226.816,225.734,225.734,8503
2022-09-15 11:15:00,225.619,225.623,225.21,225.21,7079
2022-09-15 11:20:00,225.14,225.529,224.991,225.529,8504
2022-09-15 11:25:00,225.509,225.719,225.28,225.484,7520
2022-09-15 11:30:00,225.447,225.679,225.38,225.669,4690
2022-09-15 11:35:00,225.714,225.779,225.2,225.24,15768
2022-09-15 11:40:00,225.1,225.4,225.051,225.2,11034
2022-09-15 11:45:00,225.28,225.37,224.951,225.011,12160
2022-09-15 11:50:00,225.021,225.215,224.671,224.801,19321
2022-09-15 11:55:00,224.721,224.721,224.362,224.492,12730
2022-09-15 12:00:00,224.517,224.517,224.203,224.302,8795
2022-09-15 12:05:00,224.302,224.392,223.973,224.292,24703
2022-09-15 12:10:00,224.272,224.597,224.013,224.292,11926
2022-09-15 12:15:00,224.213,224.622,224.163,224.427,12245
2022-09-15 12:20:00,224.342,224.741,224.203,224.741,11310
2022-09-15 12:25:00,224.891,224.891,224.263,224.427,7857
2022-09-15 12:30:00,224.382,224.602,224.053,224.602,12015
2022-09-15 12:35:00,224.638,224.651,224.332,224.422,8527
2022-09-15 12:40:00,224.402,224.562,224.223,224.432,9520
2022-09-15 12:45:00,224.512,224.632,224.312,224.372,7147
2022-09-15 12:50:00,224.317,224.362,223.963,224.133,24005
2022-09-15 12:55:00,223.943,224.362,223.943,224.352,18266
2022-09-15 13:00:00,224.392,224.582,224.372,224.432,19616
2022-09-15 13:05:00,224.532,225.501,224.532,225.25,13922
2022-09-15 13:10:00,225.26,225.684,225.26,225.559,10060
2022-09-15 13:15:00,225.619,225.619,225.454,225.519,7781
2022-09-15 13:20:00,225.609,225.789,225.459,225.719,5077
2022-09-15 13:25:00,225.709,225.878,225.704,225.709,6672
2022-09-15 13:30:00,225.699,225.928,225.639,225.639,6436
2022-09-15 13:35:00,225.629,225.689,225.44,225.464,6192
2022-09-15 13:40:00,225.41,225.504,225.146,225.335,7662
2022-09-15 13:45:00,225.3,225.41,225.105,225.105,5293
2022-09-15 13:50:00,225.24,225.24,224.716,224.811,6848
2022-09-15 13:55:00,224.761,224.761,224.472,224.761,8925
2022-09-15 14:00:00,224.836,224.891,224.696,224.791,7148
2022-09-15 14:05:00,224.781,224.781,224.352,224.584,15070
2022-09-15 14:10:00,224.547,224.756,224.472,224.532,6754
2022-09-15 14:15:00,224.522,224.841,224.492,224.731,4739
2022-09-15 14:20:00,224.751,225.19,224.751,225.09,3579
2022-09-15 14:25:00,225.08,225.1,224.941,225.051,8843
2022-09-15 14:30:00,225.155,225.214,225.1,225.214,5598
2022-09-15 14:35:00,225.17,225.304,225.021,225.2,7764
2022-09-15 14:40:00,225.09,225.305,224.991,225.06,6269
2022-09-15 14:45:00,225.12,225.13,224.841,225.052,7660
2022-09-15 14:50:00,225.095,225.095,224.462,224.462,6144
2022-09-15 14:55:00,224.612,224.702,224.332,224.652,6877
2022-09-15 15:00:00,224.632,224.711,224.482,224.577,7864
2022-09-15 15:05:00,224.622,224.731,224.372,224.532,10443
2022-09-15 15:10:00,224.597,224.597,224.238,224.238,11213
2022-09-15 15:15:00,224.243,224.243,223.664,223.669,18250
2022-09-15 15:20:00,223.714,223.794,223.574,223.599,16319
2022-09-15 15:25:00,223.554,223.814,223.435,223.804,10570
2022-09-15 15:30:00,223.694,223.714,223.317,223.479,8836
2022-09-15 15:35:00,223.445,223.584,223.365,223.385,12938
2022-09-15 15:40:00,223.365,223.559,223.315,223.405,11029
2022-09-15 15:45:00,223.415,223.644,223.235,223.554,14631
2022-09-15 15:50:00,223.524,223.854,223.475,223.544,24824
2022-09-15 15:55:00,223.584,223.923,222.961,223.365,46049
2022-09-15 16:00:00,223.405,223.644,223.135,223.395,83390
2022-09-15 16:05:00,223.305,223.305,223.305,223.305,15764
2022-09-15 16:10:00,223.305,223.305,223.305,223.305,1926
2022-09-15 16:35:00,223.305,223.305,223.305,223.305,946
2022-09-15 16:55:00,223.305,223.305,223.305,223.305,909
2022-09-15 17:05:00,223.305,223.305,223.305,223.305,170
2022-09-15 17:20:00,223.305,223.305,223.305,223.305,671
2022-09-15 17:45:00,223.305,223.305,223.305,223.305,470
2022-09-15 18:05:00,222.437,222.437,222.437,222.437,102
2022-09-16 09:35:00,219.145,220.582,219.145,219.894,229227
2022-09-16 09:40:00,219.614,221.031,219.485,220.367,10326
2022-09-16 09:45:00,220.446,220.991,220.322,220.811,17238
2022-09-16 09:50:00,220.667,220.941,219.864,220.322,36015
2022-09-16 09:55:00,220.622,221.138,220.213,221.138,38932
2022-09-16 10:00:00,221.086,221.21,220.322,220.507,11441
2022-09-16 10:05:00,220.831,220.831,220.253,220.477,20553
2022-09-16 10:10:00,220.472,221.2,220.442,220.731,31263
2022-09-16 10:15:00,220.776,221.19,220.382,221.19,34509
2022-09-16 10:20:00,221.058,221.47,221.058,221.45,24310
2022-09-16 10:25:00,221.619,221.729,221.021,221.654,16880
2022-09-16 10:30:00,221.849,221.908,221.34,221.649,9884
2022-09-16 10:35:00,221.664,222.607,221.664,222.253,20335
2022-09-16 10:40:00,222.337,222.357,221.44,222.053,28682
2022-09-16 10:45:00,222.083,222.552,222.048,222.048,4433
2022-09-16 10:50:00,221.988,222.128,221.44,221.44,4450
2022-09-16 10:55:00,221.445,222.063,221.31,221.584,10175
2022-09-16 11:00:00,221.599,221.599,220.198,220.265,34836
2022-09-16 11:05:00,220.337,220.582,220.038,220.178,26498
2022-09-16 11:10:00,220.153,220.861,220.123,220.572,8802
2022-09-16 11:15:00,220.517,220.572,220.317,220.352,21094
2022-09-16 11:20:00,220.422,220.751,220.313,220.642,11969
2022-09-16 11:25:00,220.692,220.741,220.372,220.627,7052
2022-09-16 11:30:00,220.662,220.751,220.442,220.457,6706
2022-09-16 11:35:00,220.522,220.612,220.407,220.597,11017
2022-09-16 11:40:00,220.627,220.662,220.163,220.352,16817
2022-09-16 11:45:00,220.347,220.582,220.347,220.562,3817
2022-09-16 11:50:00,220.652,220.702,220.342,220.702,7202
2022-09-16 11:55:00,220.708,221.041,220.708,220.761,24085
2022-09-16 12:00:00,220.751,221.933,220.692,221.903,14355
2022-09-16 12:05:00,221.709,221.719,221.14,221.14,5419
2022-09-16 12:10:00,221.17,221.43,221.041,221.041,6070
2022-09-16 12:15:00,221.101,221.244,220.941,221.11,6128
2022-09-16 12:20:00,221.136,221.19,220.721,220.721,7740
2022-09-16 12:25:00,220.786,220.786,220.437,220.552,15566
2022-09-16 12:30:00,220.502,220.592,220.332,220.562,11108
2022-09-16 12:35:00,220.527,220.702,220.382,220.657,7034
2022-09-16 12:40:00,220.612,220.711,220.522,220.522,3855
2022-09-16 12:45:00,220.702,221.061,220.602,221.061,3351
2022-09-16 12:50:00,220.961,221.096,220.801,220.801,8813
2022-09-16 12:55:00,220.801,221.125,220.726,220.878,6532
2022-09-16 13:00:00,220.931,221.101,220.931,221.067,4481
2022-09-16 13:05:00,221.001,221.14,220.682,220.697,9809
2022-09-16 13:10:00,220.771,220.771,220.352,220.612,7690
2022-09-16 13:15:00,220.632,220.682,220.462,220.472,4185
2022-09-16 13:20:00,220.462,220.861,220.462,220.716,7397
2022-09-16 13:25:00,220.692,220.796,220.622,220.682,3696
2022-09-16 13:30:00,220.697,220.697,220.432,220.512,7256
2022-09-16 13:35:00,220.502,220.851,220.322,220.522,9588
2022-09-16 13:40:00,220.562,221.175,220.562,220.751,8749
2022-09-16 13:45:00,220.692,220.716,220.432,220.432,5124
2022-09-16 13:50:00,220.342,220.402,220.143,220.283,11184
2022-09-16 13:55:00,220.285,220.402,220.233,220.337,4527
2022-09-16 14:00:00,220.223,220.372,220.089,220.118,7392
2022-09-16 14:05:00,220.103,220.552,220.053,220.492,10392
2022-09-16 14:10:00,220.442,220.507,220.163,220.193,10998
2022-09-16 14:15:00,220.263,220.273,220.093,220.208,7786
2022-09-16 14:20:00,220.168,220.332,220.133,220.163,8992
2022-09-16 14:25:00,220.148,220.442,220.148,220.352,10716
2022-09-16 14:30:00,220.422,221.2,220.422,220.946,22154
2022-09-16 14:35:00,220.796,220.951,220.612,220.921,8869
2022-09-16 14:40:00,220.896,221.001,220.602,220.602,9976
2022-09-16 14:45:00,220.617,220.781,220.342,220.682,11680
2022-09-16 14:50:00,220.617,221.001,220.617,220.961,9227
2022-09-16 14:55:00,220.951,221.031,220.791,220.931,11647
2022-09-16 15:00:00,220.901,221.011,220.568,220.781,12336
2022-09-16 15:05:00,220.771,221.031,220.672,220.966,10253
2022-09-16 15:10:00,220.901,221.19,220.901,221.061,8556
2022-09-16 15:15:00,221.036,221.036,220.432,220.577,19153
2022-09-16 15:20:00,220.512,220.741,220.402,220.507,20301
2022-09-16 15:25:00,220.582,221.001,220.582,220.652,15921
2022-09-16 15:30:00,220.622,220.751,220.253,220.572,14288
2022-09-16 15:35:00,220.602,220.926,220.253,220.786,18219
2022-09-16 15:40:00,220.741,221.105,220.592,221.105,18587
2022-09-16 15:45:00,221.14,221.28,220.971,221.15,22562
2022-09-16 15:50:00,221.15,221.19,220.801,221.071,59387
2022-09-16 15:55:00,220.761,221.31,220.741,220.821,84794
2022-09-16 16:00:00,220.801,221.17,220.572,221.001,168914
2022-09-16 16:05:00,221.001,221.001,221.001,221.001,153769
2022-09-16 16:10:00,221.001,221.001,221.001,221.001,68466
2022-09-16 16:20:00,221.001,221.001,221.001,221.001,1939
2022-09-19 09:35:00,220.303,221.32,220.013,220.647,29063
2022-09-19 09:40:00,220.512,221.335,220.352,220.562,21798
2022-09-19 09:45:00,220.731,221.529,220.612,221.5,6638
2022-09-19 09:50:00,221.29,222.228,221.29,222.008,5432
2022-09-19 09:55:00,221.898,222.387,221.539,222.038,42617
2022-09-19 10:00:00,221.951,222.178,221.465,221.767,14128
2022-09-19 10:05:00,221.864,221.968,220.881,221.12,12976
2022-09-19 10:10:00,221.245,221.4,221.145,221.165,4348
2022-09-19 10:15:00,221.147,222.148,221.147,221.719,6359
2022-09-19 10:20:00,221.559,221.898,221.529,221.534,11430
2022-09-19 10:25:00,221.41,221.709,221.135,221.709,6943
2022-09-19 10:30:00,221.943,222.188,221.809,222.178,5466
2022-09-19 10:35:00,222.038,222.073,221.549,221.549,2791
2022-09-19 10:40:00,221.519,222.118,221.42,222.068,9286
2022-09-19 10:45:00,222.088,222.497,222.088,222.337,4513
2022-09-19 10:50:00,222.42,222.437,222.088,222.2,5882
2022-09-19 10:55:00,221.968,222.033,221.31,221.504,5164
2022-09-19 11:00:00,221.39,221.619,221.17,221.405,16138
2022-09-19 11:05:00,221.47,221.869,221.47,221.762,4699
2022-09-19 11:10:00,221.749,222.048,221.719,221.749,8947
2022-09-19 11:15:00,221.879,221.998,221.569,221.574,5722
2022-09-19 11:20:00,221.599,222.208,221.599,222.018,9060
2022-09-19 11:25:00,221.829,221.978,221.509,221.509,7611
2022-09-19 11:30:00,221.729,221.958,221.39,221.465,9692
2022-09-19 11:35:00,221.38,221.38,221.101,221.2,4938
2022-09-19 11:40:00,221.101,221.101,220.243,220.632,7016
2022-09-19 11:45:00,220.522,220.711,220.512,220.562,2056
2022-09-19 11:50:00,220.612,220.761,220.532,220.702,8257
2022-09-19 11:55:00,220.731,220.731,220.482,220.582,5558
2022-09-19 12:00:00,220.442,220.702,220.362,220.672,24629
2022-09-19 12:05:00,220.702,220.881,220.412,220.412,4777
2022-09-19 12:10:00,220.462,220.841,220.322,220.652,7557
2022-09-19 12:15:00,220.687,220.831,220.662,220.682,2947
2022-09-19 12:20:00,220.602,220.886,220.502,220.711,4014
2022-09-19 12:25:00,220.592,220.592,220.412,220.522,5596
2022-09-19 12:30:00,220.542,220.592,220.342,220.442,15005
2022-09-19 12:35:00,220.367,220.682,220.367,220.682,16100
2022-09-19 12:40:00,220.662,221.061,220.602,220.781,15059
2022-09-19 12:45:00,220.821,221.091,220.652,221.091,3704
2022-09-19 12:50:00,220.931,221.19,220.931,221.071,4662
2022-09-19 12:55:00,221.14,221.519,221.14,221.509,3683
2022-09-19 13:00:00,221.523,221.709,221.49,221.709,3990
2022-09-19 13:05:00,221.749,221.758,221.579,221.579,2605
2022-09-19 13:10:00,221.569,221.569,221.34,221.5,5798
2022-09-19 13:15:00,221.524,221.524,221.31,221.435,4968
2022-09-19 13:20:00,221.36,221.45,221.28,221.37,4552
2022-09-19 13:25:00,221.385,221.569,221.359,221.569,8116
2022-09-19 13:30:00,221.659,221.669,221.41,221.624,8428
2022-09-19 13:35:00,221.529,221.559,221.091,221.091,6601
2022-09-19 13:40:00,221.061,221.169,220.771,221.169,9264
2022-09-19 13:45:00,221.23,221.23,220.781,220.781,4036
2022-09-19 13:50:00,220.821,221.041,220.771,220.771,3131
2022-09-19 13:55:00,220.771,221.037,220.756,220.981,10736
2022-09-19 14:00:00,221.051,221.081,220.881,220.961,5511
2022-09-19 14:05:00,220.931,221.091,220.841,220.871,9483
2022-09-19 14:10:00,220.781,220.851,220.547,220.851,6261
2022-09-19 14:15:00,220.791,220.861,220.542,220.542,5247
2022-09-19 14:20:00,220.592,220.871,220.592,220.622,5264
2022-09-19 14:25:00,220.666,220.851,220.392,220.502,7018
2022-09-19 14:30:00,220.552,220.751,220.507,220.672,4600
2022-09-19 14:35:00,220.662,220.911,220.662,220.761,4345
2022-09-19 14:40:00,220.826,221.031,220.721,220.901,5179
2022-09-19 14:45:00,220.851,220.991,220.781,220.981,5008
2022-09-19 14:50:00,220.881,220.969,220.741,220.826,5498
2022-09-19 14:55:00,220.901,221.12,220.891,220.906,6945
2022-09-19 15:00:00,221.031,221.16,220.911,221.036,7004
2022-09-19 15:05:00,221.091,221.589,221.091,221.519,12555
2022-09-19 15:10:00,221.504,221.829,221.47,221.709,15480
2022-09-19 15:15:00,221.689,222.248,221.629,222.053,13443
2022-09-19 15:20:00,222.138,222.288,222.038,222.048,10041
2022-09-19 15:25:00,221.998,222.332,221.978,222.332,23647
2022-09-19 15:30:00,222.347,222.647,222.347,222.432,16628
2022-09-19 15:35:00,222.432,222.617,222.432,222.467,12860
2022-09-19 15:40:00,222.397,222.746,222.397,222.686,11691
2022-09-19 15:45:00,222.726,222.826,222.587,222.647,13810
2022-09-19 15:50:00,222.597,222.766,222.477,222.497,50221
2022-09-19 15:55:00,222.577,222.736,222.128,222.736,35640
2022-09-19 16:00:00,222.726,222.946,222.507,222.766,116818
2022-09-19 16:05:00,222.617,222.617,222.617,222.617,22895
2022-09-19 16:10:00,222.617,222.617,222.617,222.617,1905
2022-09-19 16:15:00,224.382,224.432,223.385,223.415,1613
2022-09-19 16:20:00,223.205,223.205,223.205,223.205,220
2022-09-20 09:35:00,219.445,219.904,218.866,219.046,24709
2022-09-20 09:40:00,218.906,219.963,218.906,219.694,12550
2022-09-20 09:45:00,219.694,219.734,218.657,218.936,10601
2022-09-20 09:50:00,218.831,218.986,218.417,218.427,15563
2022-09-20 09:55:00,218.367,218.836,217.829,218.836,18584
2022-09-20 10:00:00,218.896,218.926,218.377,218.507,11500
2022-09-20 10:05:00,218.377,218.856,218.328,218.747,12247
2022-09-20 10:10:00,218.672,219.135,218.447,218.557,10444
2022-09-20 10:15:00,218.577,218.796,218.427,218.687,11271
2022-09-20 10:20:00,218.597,218.597,217.919,217.948,9958
2022-09-20 10:25:00,218.078,218.537,217.998,218.248,6828
2022-09-20 10:30:00,217.968,218.308,217.919,217.983,9396
2022-09-20 10:35:00,217.993,218.552,217.869,218.477,37874
2022-09-20 10:40:00,218.392,218.437,217.929,218.397,32971
2022-09-20 10:45:00,218.308,218.826,218.268,218.746,18459
2022-09-20 10:50:00,218.577,218.846,218.467,218.846,11492
2022-09-20 10:55:00,218.746,219.604,218.746,219.589,16654
2022-09-20 11:00:00,219.564,219.834,219.425,219.624,12535
2022-09-20 11:05:00,219.669,219.754,219.405,219.445,17396
2022-09-20 11:10:00,219.475,219.475,218.886,218.886,12218
2022-09-20 11:15:00,218.826,219.445,218.667,219.215,19681
2022-09-20 11:20:00,219.052,219.052,218.617,218.846,8002
2022-09-20 11:25:00,218.826,219.096,218.308,218.308,4967
2022-09-20 11:30:00,218.138,218.746,217.899,218.746,11356
2022-09-20 11:35:00,218.677,219.076,218.647,219.036,7626
2022-09-20 11:40:00,219.071,219.071,218.677,218.677,5186
2022-09-20 11:45:00,218.617,218.876,218.617,218.876,5431
2022-09-20 11:50:00,218.936,218.936,218.697,218.936,6181
2022-09-20 11:55:00,218.896,219.475,218.746,219.405,8446
2022-09-20 12:00:00,219.5,219.554,219.235,219.235,5611
2022-09-20 12:05:00,219.185,219.415,219.175,219.415,4145
2022-09-20 12:10:00,219.345,219.345,219.036,219.135,4511
2022-09-20 12:15:00,219.205,219.215,218.826,218.876,8210
2022-09-20 12:20:00,218.906,218.946,218.677,218.876,7533
2022-09-20 12:25:00,218.916,218.966,218.617,218.617,7011
2022-09-20 12:30:00,218.627,218.627,218.008,218.088,6591
2022-09-20 12:35:00,217.958,218.153,217.829,218.038,13457
2022-09-20 12:40:00,218.018,218.243,217.998,218.193,12111
2022-09-20 12:45:00,218.058,218.058,217.939,217.939,2922
2022-09-20 12:50:00,217.8,218.168,217.769,218.008,12349
2022-09-20 12:55:00,218.101,218.422,217.998,218.422,7192
2022-09-20 13:00:00,218.497,218.627,218.357,218.357,6742
2022-09-20 13:05:00,218.367,218.512,218.298,218.318,5611
2022-09-20 13:10:00,218.303,218.367,218.188,218.338,4737
2022-09-20 13:15:00,218.248,218.248,217.919,217.963,6122
2022-09-20 13:20:00,217.849,218.188,217.789,217.966,25881
2022-09-20 13:25:00,217.909,218.208,217.899,218.094,13211
2022-09-20 13:30:00,218.058,218.188,217.774,217.804,9808
2022-09-20 13:35:00,217.699,218.018,217.5,217.505,21296
2022-09-20 13:40:00,217.46,217.649,217.4,217.47,6929
2022-09-20 13:45:00,217.41,217.909,217.36,217.909,10300
2022-09-20 13:50:00,217.809,217.968,217.729,217.889,21550
2022-09-20 13:55:00,217.869,217.998,217.531,217.531,28030
2022-09-20 14:00:00,217.49,217.49,217.141,217.28,6707
2022-09-20 14:05:00,217.25,217.559,217.25,217.39,8524
2022-09-20 14:10:00,217.373,217.44,217.031,217.22,10154
2022-09-20 14:15:00,217.225,217.235,216.911,216.981,5560
2022-09-20 14:20:00,216.841,217.101,216.821,217.101,4157
2022-09-20 14:25:00,217.36,217.649,217.33,217.535,7988
2022-09-20 14:30:00,217.45,217.669,217.45,217.549,4215
2022-09-20 14:35:00,217.44,217.48,217.001,217.101,3040
2022-09-20 14:40:00,216.991,217.091,216.846,216.971,5756
2022-09-20 14:45:00,216.973,217.021,216.522,216.901,7256
2022-09-20 14:50:00,216.991,217.569,216.981,217.48,11497
2022-09-20 14:55:00,217.435,217.579,217.4,217.53,7563
2022-09-20 15:00:00,217.47,217.839,217.445,217.634,11057
2022-09-20 15:05:00,217.618,217.899,217.569,217.639,7099
2022-09-20 15:10:00,217.579,217.579,217.24,217.47,12509
2022-09-20 15:15:00,217.505,217.719,217.45,217.664,5418
2022-09-20 15:20:00,217.559,217.814,217.559,217.809,16338
2022-09-20 15:25:00,217.909,218.138,217.809,218.038,13092
2022-09-20 15:30:00,218.063,218.432,217.966,218.427,17835
2022-09-20 15:35:00,218.397,218.497,218.013,218.497,25205
2022-09-20 15:40:00,218.407,218.886,218.397,218.786,17202
2022-09-20 15:45:00,218.806,219.076,218.652,219.051,19131
2022-09-20 15:50:00,219.086,219.106,218.617,218.722,32232
2022-09-20 15:55:00,218.617,219.086,218.617,218.816,52895
2022-09-20 16:00:00,218.796,218.796,218.098,218.278,81536
2022-09-20 16:05:00,218.278,218.946,218.278,218.946,15997
2022-09-20 16:10:00,218.278,218.846,218.278,218.796,2781
2022-09-20 16:20:00,218.846,218.846,218.846,218.846,958
2022-09-20 16:40:00,219.694,219.694,219.694,219.694,140
2022-09-21 09:35:00,219.534,220.592,219.021,219.704,22995
2022-09-21 09:40:00,219.704,219.704,218.846,219.52,7678
2022-09-21 09:45:00,219.395,219.574,218.906,219.338,11372
2022-09-21 09:50:00,219.265,219.864,219.265,219.764,6650
2022-09-21 09:55:00,219.654,219.804,219.235,219.52,8873
2022-09-21 10:00:00,219.649,219.834,219.056,219.315,8780
2022-09-21 10:05:00,219.365,220.093,219.365,219.599,6960
2022-09-21 10:10:00,219.619,219.814,219.135,219.814,5207
2022-09-21 10:15:00,219.884,220.153,219.744,220.148,5129
2022-09-21 10:20:00,220.003,220.003,219.415,219.552,3214
2022-09-21 10:25:00,219.624,219.624,219.071,219.23,5031
2022-09-21 10:30:00,219.295,219.638,219.101,219.638,4782
2022-09-21 10:35:00,219.515,219.534,219.25,219.305,3722
2022-09-21 10:40:00,219.096,219.594,218.786,218.866,13095
2022-09-21 10:45:00,218.986,219.265,218.836,219.135,7118
2022-09-21 10:50:00,219.116,219.245,218.687,218.786,8833
2022-09-21 10:55:00,218.876,219.208,218.736,219.185,23269
2022-09-21 11:00:00,219.215,219.245,218.467,218.712,8894
2022-09-21 11:05:00,218.776,219.076,218.677,218.881,8481
2022-09-21 11:10:00,218.891,219.076,218.477,219.016,27560
2022-09-21 11:15:00,218.961,219.495,218.856,219.43,15042
2022-09-21 11:20:00,219.43,219.51,219.235,219.245,5283
2022-09-21 11:25:00,219.275,219.48,219.275,219.415,4128
2022-09-21 11:30:00,219.415,219.704,219.415,219.664,5764
2022-09-21 11:35:00,219.534,219.554,219.395,219.425,6598
2022-09-21 11:40:00,219.425,219.564,219.056,219.14,12866
2022-09-21 11:45:00,219.106,219.874,219.106,219.544,7673
2022-09-21 11:50:00,219.554,219.614,219.21,219.425,5191
2022-09-21 11:55:00,219.395,219.604,219.325,219.554,5870
2022-09-21 12:00:00,219.524,219.544,219.245,219.325,4248
2022-09-21 12:05:00,219.285,219.285,219.026,219.066,4405
2022-09-21 12:10:00,219.066,219.524,219.006,219.43,9261
2022-09-21 12:15:00,219.45,219.594,219.4,219.554,3585
2022-09-21 12:20:00,219.524,219.524,219.26,219.5,6872
2022-09-21 12:25:00,219.564,219.863,219.066,219.185,15800
2022-09-21 12:30:00,219.145,219.245,219.011,219.185,6376
2022-09-21 12:35:00,219.165,219.39,219.076,219.39,5478
2022-09-21 12:40:00,219.415,219.415,219.185,219.265,12253
2022-09-21 12:45:00,219.26,219.26,218.886,218.886,11643
2022-09-21 12:50:00,218.896,219.046,218.836,218.936,12427
2022-09-21 12:55:00,218.936,218.986,218.891,218.891,3446
2022-09-21 13:00:00,218.746,218.746,218.567,218.567,2764
2022-09-21 13:05:00,218.567,218.886,218.547,218.866,7838
2022-09-21 13:10:00,218.861,218.906,218.697,218.816,9200
2022-09-21 13:15:00,218.851,218.936,218.796,218.826,5657
2022-09-21 13:20:00,218.647,218.667,218.572,218.617,3562
2022-09-21 13:25:00,218.637,218.637,218.447,218.507,5463
2022-09-21 13:30:00,218.407,218.594,218.333,218.587,5245
2022-09-21 13:35:00,218.607,218.627,218.238,218.238,8551
2022-09-21 13:40:00,218.268,218.333,218.148,218.328,7491
2022-09-21 13:45:00,218.352,219.006,218.328,218.736,8330
2022-09-21 13:50:00,218.776,218.826,218.577,218.577,4549
2022-09-21 13:55:00,218.597,218.856,218.587,218.727,4455
2022-09-21 14:00:00,218.741,219.076,218.741,218.946,7591
2022-09-21 14:05:00,218.846,218.856,216.203,216.333,23278
2022-09-21 14:10:00,216.003,216.572,215.594,215.983,43846
2022-09-21 14:15:00,215.904,216.253,215.345,215.375,29152
2022-09-21 14:20:00,215.435,215.704,214.916,215.245,19111
2022-09-21 14:25:00,215.315,215.614,215.076,215.565,23030
2022-09-21 14:30:00,215.445,215.787,215.036,215.2,15493
2022-09-21 14:35:00,215.096,217.41,214.767,217.41,16921
2022-09-21 14:40:00,217.071,217.54,216.652,217.44,21819
2022-09-21 14:45:00,217.28,219.415,216.861,219.367,18792
2022-09-21 14:50:00,219.445,219.904,218.008,218.168,16594
2022-09-21 14:55:00,218.148,218.846,217.26,218.487,36357
2022-09-21 15:00:00,218.607,218.627,217.759,217.958,22427
2022-09-21 15:05:00,217.899,218.198,217.49,217.789,8118
2022-09-21 15:10:00,217.569,218.497,217.45,217.45,15612
2022-09-21 15:15:00,217.435,217.799,216.048,217.799,31723
2022-09-21 15:20:00,218.018,218.387,217.375,217.47,11679
2022-09-21 15:25:00,217.42,217.51,217.061,217.415,16214
2022-09-21 15:30:00,217.395,217.42,216.013,216.063,14444
2022-09-21 15:35:00,215.973,216.263,215.205,216.143,22050
2022-09-21 15:40:00,215.964,215.964,214.408,214.492,24858
2022-09-21 15:45:00,214.507,214.717,214.168,214.168,46318
2022-09-21 15:50:00,214.088,214.328,213.674,213.779,36889
2022-09-21 15:55:00,213.799,214.378,213.679,213.839,40622
2022-09-21 16:00:00,213.799,213.799,213.121,213.25,65856
2022-09-21 16:05:00,213.3,213.3,213.3,213.3,13441
2022-09-21 16:55:00,213.28,213.28,213.28,213.28,130
2022-09-22 09:35:00,211.186,211.964,209.879,210.567,33392
2022-09-22 09:40:00,210.926,211.445,210.507,211.445,13269
2022-09-22 09:45:00,211.405,211.405,210.277,210.408,14143
2022-09-22 09:50:00,210.344,211.126,210.108,211.126,13600
2022-09-22 09:55:00,211.146,211.826,211.106,211.37,8079
2022-09-22 10:00:00,211.37,211.59,210.836,211.465,15697
2022-09-22 10:05:00,211.395,211.465,210.517,211.086,12563
2022-09-22 10:10:00,211.181,211.216,210.198,210.497,51743
2022-09-22 10:15:00,210.487,210.692,209.699,210.398,73136
2022-09-22 10:20:00,210.437,210.749,209.749,209.959,88185
2022-09-22 10:25:00,209.819,209.999,209.515,209.939,22139
2022-09-22 10:30:00,209.944,209.944,209.121,209.44,34961
2022-09-22 10:35:00,209.47,209.669,208.891,208.956,29687
2022-09-22 10:40:00,209.031,209.57,208.662,209.57,48676
2022-09-22 10:45:00,209.46,209.505,208.742,209.081,21080
2022-09-22 10:50:00,209.191,209.32,208.832,209.241,24592
2022-09-22 10:55:00,209.166,209.166,208.871,208.931,21908
2022-09-22 11:00:00,208.842,208.911,208.093,208.178,17120
2022-09-22 11:05:00,208.103,208.253,207.814,207.914,23591
2022-09-22 11:10:00,207.914,208.413,207.914,208.363,26639
2022-09-22 11:15:00,208.288,208.288,207.814,207.814,17561
2022-09-22 11:20:00,207.814,208.263,207.704,207.804,40627
2022-09-22 11:25:00,207.819,208.218,207.635,207.994,29767
2022-09-22 11:30:00,207.934,208.073,207.515,207.844,34744
2022-09-22 11:35:00,207.734,208.293,207.475,207.874,71712
2022-09-22 11:40:00,207.874,208.183,207.655,208.064,22979
2022-09-22 11:45:00,207.794,208.133,207.635,207.774,16968
2022-09-22 11:50:00,207.515,208.173,207.515,207.924,20637
2022-09-22 11:55:00,208.044,208.044,207.465,207.598,12958
2022-09-22 12:00:00,207.525,207.645,207.156,207.325,28845
2022-09-22 12:05:00,207.305,207.974,207.305,207.929,12462
2022-09-22 12:10:00,207.974,208.203,207.734,208.193,15314
2022-09-22 12:15:00,208.173,208.183,207.804,208.163,15220
2022-09-22 12:20:00,208.173,208.472,207.944,208.472,9646
2022-09-22 12:25:00,208.448,208.682,208.093,208.682,19110
2022-09-22 12:30:00,208.602,208.612,208.233,208.233,12356
2022-09-22 12:35:00,208.223,208.363,208.034,208.113,11794
2022-09-22 12:40:00,208.044,208.522,208.044,208.363,15637
2022-09-22 12:45:00,208.502,208.632,208.233,208.373,44661
2022-09-22 12:50:00,208.313,208.612,208.313,208.323,9343
2022-09-22 12:55:00,208.398,208.702,208.203,208.482,12732
2022-09-22 13:00:00,208.443,208.886,208.403,208.612,12017
2022-09-22 13:05:00,208.562,208.901,208.562,208.732,8685
2022-09-22 13:10:00,208.752,209.021,208.542,208.617,14691
2022-09-22 13:15:00,208.542,208.642,208.453,208.562,11926
2022-09-22 13:20:00,208.512,208.602,208.163,208.472,14972
2022-09-22 13:25:00,208.408,208.477,207.984,208.034,7962
2022-09-22 13:30:00,207.974,208.388,207.964,208.388,19169
2022-09-22 13:35:00,208.388,208.462,208.073,208.403,17961
2022-09-22 13:40:00,208.398,208.652,208.203,208.652,11641
2022-09-22 13:45:00,208.522,208.861,208.492,208.492,22648
2022-09-22 13:50:00,208.557,208.837,208.482,208.617,14295
2022-09-22 13:55:00,208.672,209.206,208.672,209.101,11252
2022-09-22 14:00:00,209.051,209.241,209.011,209.011,7851
2022-09-22 14:05:00,209.161,209.36,208.692,208.692,15483
2022-09-22 14:10:00,208.652,208.812,208.353,208.443,10269
2022-09-22 14:15:00,208.363,208.512,208.223,208.333,15200
2022-09-22 14:20:00,208.343,208.403,208.064,208.263,14109
2022-09-22 14:25:00,208.183,208.203,207.904,207.974,19656
2022-09-22 14:30:00,207.959,208.313,207.754,208.223,16169
2022-09-22 14:35:00,208.123,208.353,208.034,208.233,18905
2022-09-22 14:40:00,208.173,208.293,207.894,208.208,24846
2022-09-22 14:45:00,208.213,208.233,207.904,207.979,9562
2022-09-22 14:50:00,207.964,207.964,207.535,207.659,27063
2022-09-22 14:55:00,207.645,208.103,207.395,207.834,35134
2022-09-22 15:00:00,207.784,208.014,207.674,207.939,23875
2022-09-22 15:05:00,208.004,208.572,207.974,208.263,22616
2022-09-22 15:10:00,208.333,208.732,208.293,208.642,28176
2022-09-22 15:15:00,208.702,208.881,208.462,208.792,22288
2022-09-22 15:20:00,208.797,208.802,208.263,208.282,19710
2022-09-22 15:25:00,208.213,208.248,207.563,207.645,22803
2022-09-22 15:30:00,207.655,207.914,207.445,207.914,18771
2022-09-22 15:35:00,207.924,208.43,207.924,208.343,30041
2022-09-22 15:40:00,208.323,208.457,208.068,208.068,27326
2022-09-22 15:45:00,208.093,208.247,207.904,207.999,28631
2022-09-22 15:50:00,208.014,208.542,207.924,208.283,49945
2022-09-22 15:55:00,208.283,208.443,207.899,208.103,86205
2022-09-22 16:00:00,208.123,208.173,207.345,207.505,212825
2022-09-22 16:05:00,207.525,207.525,207.525,207.525,8281
2022-09-22 16:15:00,207.525,207.525,207.525,207.525,694
2022-09-23 09:35:00,205.949,207.525,205.879,206.986,60582
2022-09-23 09:40:00,206.757,207.151,206.098,206.298,21227
2022-09-23 09:45:00,206.567,207.275,206.418,207.026,11254
2022-09-23 09:50:00,206.827,208.802,206.677,208.627,28889
2022-09-23 09:55:00,208.632,209.475,208.453,209.211,43645
2022-09-23 10:00:00,209.171,209.949,208.981,209.296,49635
2022-09-23 10:05:00,209.36,209.44,208.642,209.44,16922
2022-09-23 10:10:00,209.784,209.819,209.031,209.121,16496
2022-09-23 10:15:00,209.071,210.617,209.071,210.178,42382
2022-09-23 10:20:00,210.143,210.472,209.48,209.585,30433
2022-09-23 10:25:00,209.54,210.068,206.956,209.46,44964
2022-09-23 10:30:00,209.455,209.699,209.39,209.625,10459
2022-09-23 10:35:00,209.684,209.684,209.176,209.26,26460
2022-09-23 10:40:00,209.246,209.28,208.642,208.657,13345
2022-09-23 10:45:00,208.627,209.53,208.612,209.53,22276
2022-09-23 10:50:00,209.45,210.243,209.45,210.148,28035
2022-09-23 10:55:00,210.123,210.263,209.42,209.849,18138
2022-09-23 11:00:00,209.894,210.428,209.889,210.408,16017
2022-09-23 11:05:00,210.348,211.26,210.348,210.817,46071
2022-09-23 11:10:00,210.876,211.644,210.856,211.315,28737
2022-09-23 11:15:00,211.48,211.48,210.996,211.211,11010
2022-09-23 11:20:00,211.166,211.644,211.166,211.505,24292
2022-09-23 11:25:00,211.475,212.273,211.285,212.263,30005
2022-09-23 11:30:00,212.193,212.403,211.764,211.779,17999
2022-09-23 11:35:00,211.834,212.218,211.29,211.789,22051
2022-09-23 11:40:00,211.839,211.839,210.976,211.061,12936
2022-09-23 11:45:00,210.926,211.395,210.617,210.727,12627
2022-09-23 11:50:00,210.557,210.577,209.959,210.408,14053
2022-09-23 11:55:00,210.477,210.727,210.248,210.348,11063
2022-09-23 12:00:00,210.268,210.418,209.999,210.303,8601
2022-09-23 12:05:00,210.368,210.368,209.804,209.954,7446
2022-09-23 12:10:00,210.058,210.058,209.151,209.43,15340
2022-09-23 12:15:00,209.535,209.649,209.38,209.475,4945
2022-09-23 12:20:00,209.37,209.734,209.35,209.62,10897
2022-09-23 12:25:00,209.64,209.949,209.34,209.48,10389
2022-09-23 12:30:00,209.61,209.62,208.931,208.981,5754
2022-09-23 12:35:00,208.956,209.031,208.792,208.852,7605
2022-09-23 12:40:00,208.852,208.901,208.562,208.782,6517
2022-09-23 12:45:00,208.807,208.951,208.472,208.732,19039
2022-09-23 12:50:00,208.48,209.25,208.423,209.25,9345
2022-09-23 12:55:00,209.3,209.659,209.3,209.39,7621
2022-09-23 13:00:00,209.4,209.565,209.27,209.56,4244
2022-09-23 13:05:00,209.49,210.078,209.47,209.964,7804
2022-09-23 13:10:00,209.854,209.969,209.709,209.969,11179
2022-09-23 13:15:00,209.959,210.308,209.899,210.039,9361
2022-09-23 13:20:00,210.088,210.599,210.019,210.599,6135
2022-09-23 13:25:00,210.457,210.502,209.859,209.889,9340
2022-09-23 13:30:00,209.829,209.839,209.43,209.53,11388
2022-09-23 13:35:00,209.52,210.114,209.48,210.114,12376
2022-09-23 13:40:00,210.029,210.193,209.739,209.769,16295
2022-09-23 13:45:00,209.689,209.729,209.29,209.31,19546
2022-09-23 13:50:00,209.26,209.45,209.181,209.45,7801
2022-09-23 13:55:00,209.37,209.405,209.051,209.071,11619
2022-09-23 14:00:00,209.056,209.35,208.941,209.081,11681
2022-09-23 14:05:00,209.001,209.001,208.668,208.792,14648
2022-09-23 14:10:00,208.881,208.926,208.373,208.398,24980
2022-09-23 14:15:00,208.448,208.667,208.333,208.522,11648
2022-09-23 14:20:00,208.582,208.582,207.914,207.924,17060
2022-09-23 14:25:00,207.904,208.203,207.714,208.019,16200
2022-09-23 14:30:00,208.143,208.248,207.904,207.904,13430
2022-09-23 14:35:00,207.874,207.914,207.565,207.789,11044
2022-09-23 14:40:00,207.974,207.974,207.455,207.665,13515
2022-09-23 14:45:00,207.485,207.714,207.455,207.655,15419
2022-09-23 14:50:00,207.669,207.874,207.565,207.655,14986
2022-09-23 14:55:00,207.65,207.65,207.305,207.305,15479
2022-09-23 15:00:00,207.295,207.295,206.936,207.096,12123
2022-09-23 15:05:00,207.221,208.467,207.186,208.467,14985
2022-09-23 15:10:00,208.433,209.36,208.253,209.096,7609
2022-09-23 15:15:00,209.141,209.285,208.853,209.091,9040
2022-09-23 15:20:00,209.191,209.789,209.191,209.35,13012
2022-09-23 15:25:00,209.31,209.52,209.021,209.29,15376
2022-09-23 15:30:00,209.27,209.54,209.071,209.54,8948
2022-09-23 15:35:00,209.56,209.999,209.55,209.879,15836
2022-09-23 15:40:00,209.909,210.338,209.54,210.318,13404
2022-09-23 15:45:00,210.378,210.767,210.068,210.657,18816
2022-09-23 15:50:00,210.721,210.772,210.168,210.178,31666
2022-09-23 15:55:00,210.138,210.787,209.879,210.787,34255
2022-09-23 16:00:00,210.861,210.966,210.148,210.767,126586
2022-09-23 16:05:00,210.687,210.687,210.687,210.687,19261
2022-09-23 16:15:00,210.687,210.687,210.687,210.687,182
2022-09-26 09:35:00,210.517,211.525,210.078,211.35,32119
2022-09-26 09:40:00,211.385,211.784,211.016,211.225,9328
2022-09-26 09:45:00,211.235,211.545,210.684,210.684,25164
2022-09-26 09:50:00,210.537,211.196,210.398,210.742,16279
2022-09-26 09:55:00,210.906,211.011,210.617,210.617,16429
2022-09-26 10:00:00,210.497,210.757,209.607,209.909,13696
2022-09-26 10:05:00,209.739,209.849,209.43,209.809,12986
2022-09-26 10:10:00,209.899,209.899,209.301,209.445,14535
2022-09-26 10:15:00,209.465,210.218,209.056,210.218,18560
2022-09-26 10:20:00,210.627,210.906,210.278,210.607,16610
2022-09-26 10:25:00,210.662,210.797,210.258,210.313,15992
2022-09-26 10:30:00,210.148,210.339,209.54,210.004,15019
2022-09-26 10:35:00,209.959,210.447,209.839,210.418,16086
2022-09-26 10:40:00,210.428,210.507,209.899,209.969,10901
2022-09-26 10:45:00,210.053,210.278,209.5,210.258,13878
2022-09-26 10:50:00,210.298,210.298,209.35,209.696,16878
2022-09-26 10:55:00,209.56,209.849,209.27,209.689,10184
2022-09-26 11:00:00,209.57,210.098,209.57,209.849,8705
2022-09-26 11:05:00,209.899,210.108,209.699,209.999,10782
2022-09-26 11:10:00,209.749,209.749,209.29,209.36,21431
2022-09-26 11:15:00,209.211,209.35,208.991,209.305,20947
2022-09-26 11:20:00,209.305,209.455,209.121,209.38,25006
2022-09-26 11:25:00,209.43,209.5,208.802,209.051,25187
2022-09-26 11:30:00,208.871,209.071,208.792,208.961,21499
2022-09-26 11:35:00,209.006,209.6,209.006,209.45,16382
2022-09-26 11:40:00,209.53,209.839,209.53,209.659,5774
2022-09-26 11:45:00,209.879,210.238,209.555,209.555,7286
2022-09-26 11:50:00,209.43,209.839,209.43,209.475,16851
2022-09-26 11:55:00,209.4,209.659,209.375,209.659,6135
2022-09-26 12:00:00,209.709,210.009,209.62,209.817,10116
2022-09-26 12:05:00,209.899,209.939,208.87,208.891,9788
2022-09-26 12:10:00,208.941,208.941,208.758,208.822,9864
2022-09-26 12:15:00,208.797,208.921,208.582,208.582,17043
2022-09-26 12:20:00,208.622,208.881,208.413,208.881,14017
2022-09-26 12:25:00,208.911,208.931,208.363,208.373,14823
2022-09-26 12:30:00,208.363,208.502,208.193,208.453,18273
2022-09-26 12:35:00,208.492,208.517,207.939,208.123,10213
2022-09-26 12:40:00,208.103,208.258,208.044,208.093,12742
2022-09-26 12:45:00,208.034,208.078,207.635,207.679,16524
2022-09-26 12:50:00,207.734,208.542,207.734,208.472,20673
2022-09-26 12:55:00,208.562,208.712,208.433,208.702,12939
2022-09-26 13:00:00,208.792,208.971,208.672,208.921,8991
2022-09-26 13:05:00,208.901,208.991,208.133,208.283,17280
2022-09-26 13:10:00,208.378,208.403,208.193,208.393,17515
2022-09-26 13:15:00,208.383,208.423,207.864,208.27,40860
2022-09-26 13:20:00,208.363,208.373,207.525,207.585,15396
2022-09-26 13:25:00,207.625,207.794,207.016,207.076,13641
2022-09-26 13:30:00,207.086,207.246,206.567,207.246,13341
2022-09-26 13:35:00,207.275,207.784,207.246,207.475,15291
2022-09-26 13:40:00,207.495,207.665,207.305,207.475,20659
2022-09-26 13:45:00,207.485,207.505,207.016,207.016,19176
2022-09-26 13:50:00,207.046,207.704,207.046,207.49,16710
2022-09-26 13:55:00,207.51,207.525,206.577,206.817,32865
2022-09-26 14:00:00,206.767,206.896,206.318,206.378,16892
2022-09-26 14:05:00,206.487,207.804,206.478,207.724,11378
2022-09-26 14:10:00,207.694,207.724,207.425,207.475,10273
2022-09-26 14:15:00,207.52,207.52,207.176,207.335,10632
2022-09-26 14:20:00,207.315,207.365,207.186,207.186,8204
2022-09-26 14:25:00,207.126,207.385,207.086,207.196,9444
2022-09-26 14:30:00,207.126,207.275,206.906,206.956,12626
2022-09-26 14:35:00,206.901,207.166,206.857,206.956,8155
2022-09-26 14:40:00,206.946,207.086,206.638,206.966,13976
2022-09-26 14:45:00,207.006,207.186,206.687,207.186,25574
2022-09-26 14:50:00,207.156,208.113,207.036,208.108,32295
2022-09-26 14:55:00,208.138,208.138,207.665,207.894,25416
2022-09-26 15:00:00,207.934,208.382,207.834,208.093,21669
2022-09-26 15:05:00,208.083,208.577,208.083,208.467,17244
2022-09-26 15:10:00,208.472,208.592,207.994,208.512,20441
2022-09-26 15:15:00,208.662,208.881,208.472,208.472,19358
2022-09-26 15:20:00,208.472,208.981,208.083,208.911,22396
2022-09-26 15:25:00,208.752,208.951,208.393,208.472,13014
2022-09-26 15:30:00,208.433,208.767,208.343,208.642,13435
2022-09-26 15:35:00,208.532,208.722,208.373,208.622,20960
2022-09-26 15:40:00,208.562,209.026,208.542,208.654,26629
2022-09-26 15:45:00,208.612,208.961,208.388,208.832,25653
2022-09-26 15:50:00,208.861,209.141,208.682,209.031,33227
2022-09-26 15:55:00,209.051,209.55,208.582,209.181,69191
2022-09-26 16:00:00,209.221,209.221,208.203,208.393,162176
2022-09-26 16:05:00,208.472,208.472,208.472,208.472,101958
2022-09-27 08:05:00,210.218,211.206,210.218,211.206,400
2022-09-27 08:15:00,211.804,211.804,211.804,211.804,200
2022-09-27 08:45:00,211.804,211.804,211.804,211.804,100
2022-09-27 09:35:00,210.876,211.894,210.467,211.894,23592
2022-09-27 09:40:00,211.954,212.173,211.076,211.455,19979
2022-09-27 09:45:00,211.405,211.649,210.617,210.637,14427
2022-09-27 09:50:00,210.477,210.737,209.959,210.268,63807
2022-09-27 09:55:00,210.128,210.148,209.191,209.899,15524
2022-09-27 10:00:00,210.019,210.034,209.425,209.425,15179
2022-09-27 10:05:00,209.52,209.949,208.472,209.126,22706
2022-09-27 10:10:00,208.971,209.116,207.914,208.283,32882
2022-09-27 10:15:00,208.323,208.856,208.323,208.722,22119
2022-09-27 10:20:00,208.822,208.941,208.333,208.333,30105
2022-09-27 10:25:00,208.403,208.817,208.253,208.443,36574
2022-09-27 10:30:00,208.517,208.712,207.485,207.974,39689
2022-09-27 10:35:00,207.984,209.61,207.974,209.59,7808
2022-09-27 10:40:00,209.38,210.288,209.31,209.919,11232
2022-09-27 10:45:00,210.019,210.537,209.948,210.527,10008
2022-09-27 10:50:00,210.592,210.767,210.098,210.717,12993
2022-09-27 10:55:00,210.577,210.577,209.859,209.969,10926
2022-09-27 11:00:00,210.118,210.562,209.799,210.482,13243
2022-09-27 11:05:00,210.637,210.637,209.969,210.158,3476
2022-09-27 11:10:00,210.068,210.667,209.989,210.428,6411
2022-09-27 11:15:00,210.497,210.497,209.929,209.929,8143
2022-09-27 11:20:00,209.954,210.118,209.769,209.859,14632
2022-09-27 11:25:00,209.669,209.669,208.842,209.061,7734
2022-09-27 11:30:00,209.096,209.171,208.323,208.443,9746
2022-09-27 11:35:00,208.383,209.001,208.134,208.891,7454
2022-09-27 11:40:00,209.011,209.181,208.752,208.981,6613
2022-09-27 11:45:00,208.971,209.101,208.812,208.951,8695
2022-09-27 11:50:00,208.931,209.111,208.742,208.891,15862
2022-09-27 11:55:00,208.941,209.071,208.323,208.323,47529
2022-09-27 12:00:00,208.363,208.502,208.004,208.004,10587
2022-09-27 12:05:00,207.974,208.303,207.724,208.283,9416
2022-09-27 12:10:00,208.093,208.103,207.425,207.704,16678
2022-09-27 12:15:00,207.535,207.714,206.797,207.116,16943
2022-09-27 12:20:00,207.226,207.226,206.647,206.687,7893
2022-09-27 12:25:00,206.587,207.056,206.537,206.742,10175
2022-09-27 12:30:00,206.797,206.966,206.587,206.587,14577
2022-09-27 12:35:00,206.567,206.936,206.487,206.926,7605
2022-09-27 12:40:00,206.996,207.056,206.547,206.687,8410
2022-09-27 12:45:00,206.537,206.737,206.495,206.557,7258
2022-09-27 12:50:00,206.418,206.767,206.388,206.687,7951
2022-09-27 12:55:00,206.567,206.777,206.079,206.774,12503
2022-09-27 13:00:00,206.677,206.707,206.348,206.487,9076
2022-09-27 13:05:00,206.438,206.438,205.855,205.969,52584
2022-09-27 13:10:00,205.979,206.567,205.979,206.318,7734
2022-09-27 13:15:00,206.328,206.338,206.098,206.338,12729
2022-09-27 13:20:00,206.438,206.492,206.238,206.418,8531
2022-09-27 13:25:00,206.258,206.413,206.049,206.308,13867
2022-09-27 13:30:00,206.248,206.288,206.009,206.118,14605
2022-09-27 13:35:00,205.989,206.348,205.989,206.278,7194
2022-09-27 13:40:00,206.298,206.298,205.939,206.098,14443
2022-09-27 13:45:00,206.098,206.468,205.829,205.949,47877
2022-09-27 13:50:00,205.989,206.288,205.989,206.098,19136
2022-09-27 13:55:00,206.098,206.258,205.871,206.064,7963
2022-09-27 14:00:00,206.039,206.158,205.636,205.675,33399
2022-09-27 14:05:00,205.62,206.557,205.52,206.418,14918
2022-09-27 14:10:00,206.228,206.328,206.064,206.298,15435
2022-09-27 14:15:00,206.308,206.497,206.116,206.178,9940
2022-09-27 14:20:00,206.198,206.268,205.879,206.014,11322
2022-09-27 14:25:00,205.949,206.079,205.817,205.949,37553
2022-09-27 14:30:00,205.959,206.458,205.949,206.438,16838
2022-09-27 14:35:00,206.408,206.617,206.318,206.617,11147
2022-09-27 14:40:00,206.627,207.525,206.597,207.385,9116
2022-09-27 14:45:00,207.405,207.774,207.405,207.535,10996
2022-09-27 14:50:00,207.51,208.059,207.226,208.059,10502
2022-09-27 14:55:00,208.064,208.158,207.814,207.894,11061
2022-09-27 15:00:00,207.844,208.044,207.764,207.994,8658
2022-09-27 15:05:00,207.994,208.203,207.405,208.158,25065
2022-09-27 15:10:00,208.153,208.261,207.794,208.261,19320
2022-09-27 15:15:00,208.278,208.278,207.864,208.103,13354
2022-09-27 15:20:00,208.138,208.49,207.734,208.433,27021
2022-09-27 15:25:00,208.383,208.562,208.118,208.462,16453
2022-09-27 15:30:00,208.438,208.551,208.133,208.413,26899
2022-09-27 15:35:00,208.542,208.542,207.874,207.979,18091
2022-09-27 15:40:00,208.054,208.283,207.545,207.704,14085
2022-09-27 15:45:00,207.635,208.453,207.555,208.453,19047
2022-09-27 15:50:00,208.413,208.413,207.844,208.123,24584
2022-09-27 15:55:00,208.153,208.512,208.064,208.453,33650
2022-09-27 16:00:00,208.403,208.587,207.784,208.014,81822
2022-09-27 16:05:00,208.034,208.034,208.034,208.034,17792
2022-09-28 09:35:00,211.146,211.146,209.53,209.53,28113
2022-09-28 09:40:00,209.709,209.889,208.722,209.45,22772
2022-09-28 09:45:00,209.545,209.669,208.542,208.797,45807
2022-09-28 09:50:00,208.916,209.415,208.358,209.201,22973
2022-09-28 09:55:00,209.196,210.108,208.981,209.52,51808
2022-09-28 10:00:00,209.684,209.684,209.096,209.101,17958
2022-09-28 10:05:00,209.121,209.949,208.772,209.345,45969
2022-09-28 10:10:00,209.191,209.36,208.223,208.223,17092
2022-09-28 10:15:00,208.024,209.55,207.655,209.305,44757
2022-09-28 10:20:00,209.295,210.203,209.001,209.62,29676
2022-09-28 10:25:00,209.62,210.328,209.38,210.318,30353
2022-09-28 10:30:00,210.318,210.527,210.014,210.368,33522
2022-09-28 10:35:00,210.472,210.472,209.799,209.979,20466
2022-09-28 10:40:00,210.009,210.876,209.949,210.248,23410
2022-09-28 10:45:00,210.098,210.717,209.884,210.717,27765
2022-09-28 10:50:00,210.717,210.767,209.759,209.959,27132
2022-09-28 10:55:00,209.959,210.333,209.759,210.238,27051
2022-09-28 11:00:00,210.208,210.208,209.47,209.849,14847
2022-09-28 11:05:00,209.789,209.889,209.54,209.625,10784
2022-09-28 11:10:00,209.48,209.809,209.221,209.55,13658
2022-09-28 11:15:00,209.565,210.009,209.455,209.959,8711
2022-09-28 11:20:00,209.909,210.413,209.835,210.343,9315
2022-09-28 11:25:00,210.278,211.954,210.278,211.924,30721
2022-09-28 11:30:00,211.994,212.223,211.171,211.216,18586
2022-09-28 11:35:00,211.365,211.475,210.557,210.582,10558
2022-09-28 11:40:00,210.727,211.146,210.727,210.767,14322
2022-09-28 11:45:00,210.662,210.677,210.248,210.587,14620
2022-09-28 11:50:00,210.517,210.886,210.437,210.817,4950
2022-09-28 11:55:00,211.056,211.265,210.707,211.265,9728
2022-09-28 12:00:00,211.305,211.644,211.29,211.644,10849
2022-09-28 12:05:00,211.654,211.864,211.48,211.724,11630
2022-09-28 12:10:00,211.864,211.864,211.58,211.738,11588
2022-09-28 12:15:00,211.734,212.043,211.734,212.0,4871
2022-09-28 12:20:00,212.02,212.303,211.742,212.203,11970
2022-09-28 12:25:00,212.273,212.552,211.959,211.959,10875
2022-09-28 12:30:00,211.874,211.874,211.634,211.774,6777
2022-09-28 12:35:00,211.754,212.004,211.515,212.004,7298
2022-09-28 12:40:00,211.974,212.113,211.754,212.014,10305
2022-09-28 12:45:00,212.078,212.562,212.033,212.472,7850
2022-09-28 12:50:00,212.612,212.622,212.193,212.243,6389
2022-09-28 12:55:00,212.213,212.383,212.093,212.383,3743
2022-09-28 13:00:00,212.393,212.652,212.354,212.482,7865
2022-09-28 13:05:00,212.572,212.572,212.143,212.24,11730
2022-09-28 13:10:00,212.353,213.191,212.353,213.021,7212
2022-09-28 13:15:00,212.971,213.062,212.612,212.811,6136
2022-09-28 13:20:00,212.821,212.931,212.772,212.831,5041
2022-09-28 13:25:00,212.652,212.742,212.462,212.462,12302
2022-09-28 13:30:00,212.472,212.472,211.724,211.724,11611
2022-09-28 13:35:00,211.824,212.303,211.824,212.263,17163
2022-09-28 13:40:00,212.263,212.263,211.944,212.103,15754
2022-09-28 13:45:00,212.113,212.393,211.844,212.023,27599
2022-09-28 13:50:00,211.979,211.979,211.58,211.764,8344
2022-09-28 13:55:00,211.684,211.954,211.575,211.934,8896
2022-09-28 14:00:00,211.914,211.984,211.694,211.894,11083
2022-09-28 14:05:00,211.844,211.994,211.809,211.809,8467
2022-09-28 14:10:00,211.754,211.784,211.385,211.575,10450
2022-09-28 14:15:00,211.41,211.605,211.345,211.445,9688
2022-09-28 14:20:00,211.47,211.634,211.176,211.615,14957
2022-09-28 14:25:00,211.62,211.62,211.445,211.527,10974
2022-09-28 14:30:00,211.555,211.565,211.225,211.442,9659
2022-09-28 14:35:00,211.465,211.964,211.375,211.944,8899
2022-09-28 14:40:00,211.959,212.247,211.934,211.934,9097
2022-09-28 14:45:00,211.924,212.033,211.565,211.824,12923
2022-09-28 14:50:00,211.854,212.053,211.714,211.944,9407
2022-09-28 14:55:00,211.989,212.213,211.974,212.014,5581
2022-09-28 15:00:00,212.023,212.323,211.954,212.323,10891
2022-09-28 15:05:00,212.273,212.672,212.203,212.552,12942
2022-09-28 15:10:00,212.621,212.861,212.442,212.757,14762
2022-09-28 15:15:00,212.662,212.911,212.502,212.502,13922
2022-09-28 15:20:00,212.482,212.642,212.203,212.203,11813
2022-09-28 15:25:00,212.123,212.587,212.123,212.555,12197
2022-09-28 15:30:00,212.527,212.851,212.527,212.607,14091
2022-09-28 15:35:00,212.652,213.081,212.652,213.081,17998
2022-09-28 15:40:00,213.131,213.23,212.717,212.782,24592
2022-09-28 15:45:00,212.841,213.5,212.831,213.47,21577
2022-09-28 15:50:00,213.47,213.649,213.355,213.567,28594
2022-09-28 15:55:00,213.52,213.52,212.936,213.001,49266
2022-09-28 16:00:00,212.931,213.051,212.353,212.482,126272
2022-09-28 16:05:00,212.532,212.532,212.532,212.532,19565
2022-09-29 09:35:00,210.707,211.116,209.48,209.48,13601
2022-09-29 09:40:00,209.39,209.42,208.423,208.704,11697
2022-09-29 09:45:00,208.847,208.852,208.014,208.034,7654
2022-09-29 09:50:00,208.153,208.453,207.749,208.363,9336
2022-09-29 09:55:00,208.363,208.363,207.734,208.044,6913
2022-09-29 10:00:00,207.884,208.393,207.724,207.984,6181
2022-09-29 10:05:00,207.819,207.874,206.637,207.056,6609
2022-09-29 10:10:00,207.076,207.535,206.906,207.415,5780
2022-09-29 10:15:00,207.131,207.365,206.941,207.275,6570
2022-09-29 10:20:00,207.315,207.445,206.906,207.246,3977
2022-09-29 10:25:00,207.385,207.689,207.176,207.218,6721
2022-09-29 10:30:00,207.236,207.3,206.901,207.285,8392
2022-09-29 10:35:00,207.275,207.295,206.742,206.906,8114
2022-09-29 10:40:00,206.827,207.046,206.537,206.597,9435
2022-09-29 10:45:00,206.428,207.266,206.398,206.926,8872
2022-09-29 10:50:00,206.926,207.445,206.667,207.325,14443
2022-09-29 10:55:00,207.315,207.814,207.315,207.525,7018
2022-09-29 11:00:00,207.485,207.854,207.395,207.674,8402
2022-09-29 11:05:00,207.625,207.959,207.545,207.684,8003
2022-09-29 11:10:00,207.794,208.732,207.684,208.602,7480
2022-09-29 11:15:00,208.737,208.842,208.213,208.244,9991
2022-09-29 11:20:00,208.143,208.263,207.365,207.375,10024
2022-09-29 11:25:00,207.256,207.615,206.976,206.976,14468
2022-09-29 11:30:00,206.946,207.136,206.737,206.931,15929
2022-09-29 11:35:00,206.916,207.176,206.857,206.956,9556
2022-09-29 11:40:00,206.886,207.136,206.817,206.867,13816
2022-09-29 11:45:00,206.767,206.877,206.617,206.707,7028
2022-09-29 11:50:00,206.677,206.867,206.572,206.787,6923
2022-09-29 11:55:00,206.717,207.236,206.667,207.166,11757
2022-09-29 12:00:00,207.116,207.839,207.116,207.515,10450
2022-09-29 12:05:00,207.42,207.849,207.42,207.849,4816
2022-09-29 12:10:00,207.804,208.073,207.714,208.044,14817
2022-09-29 12:15:00,208.193,208.193,207.834,207.934,9101
2022-09-29 12:20:00,207.974,208.044,207.455,207.565,32826
2022-09-29 12:25:00,207.54,207.65,207.31,207.505,9453
2022-09-29 12:30:00,207.465,207.734,207.425,207.677,11690
2022-09-29 12:35:00,207.714,208.323,207.714,208.323,6893
2022-09-29 12:40:00,208.064,208.073,207.936,208.073,4109
2022-09-29 12:45:00,207.979,207.979,207.754,207.874,4028
2022-09-29 12:50:00,207.914,207.914,207.186,207.39,6385
2022-09-29 12:55:00,207.206,207.425,207.206,207.275,7728
2022-09-29 13:00:00,207.315,207.315,206.896,206.931,7633
2022-09-29 13:05:00,206.807,206.807,206.278,206.413,13757
2022-09-29 13:10:00,206.438,206.557,206.228,206.283,6155
2022-09-29 13:15:00,206.328,206.448,206.308,206.388,6227
2022-09-29 13:20:00,206.409,206.423,206.228,206.228,4235
2022-09-29 13:25:00,206.228,206.348,206.118,206.198,23054
2022-09-29 13:30:00,206.178,206.517,206.168,206.368,7118
2022-09-29 13:35:00,206.238,206.747,206.128,206.747,21739
2022-09-29 13:40:00,206.707,207.011,206.682,206.777,8378
2022-09-29 13:45:00,206.687,206.867,206.627,206.767,11671
2022-09-29 13:50:00,206.807,207.056,206.807,206.906,10819
2022-09-29 13:55:00,206.867,206.896,206.288,206.328,5517
2022-09-29 14:00:00,206.308,206.318,205.794,205.854,8457
2022-09-29 14:05:00,205.819,206.278,205.819,206.128,17845
2022-09-29 14:10:00,206.119,206.403,206.093,206.398,16227
2022-09-29 14:15:00,206.398,206.667,206.248,206.667,9384
2022-09-29 14:20:00,206.567,206.587,206.248,206.263,9305
2022-09-29 14:25:00,206.298,206.308,206.158,206.203,6583
2022-09-29 14:30:00,206.093,206.637,206.088,206.557,8562
2022-09-29 14:35:00,206.547,206.797,206.537,206.537,3965
2022-09-29 14:40:00,206.448,207.166,206.448,206.976,9951
2022-09-29 14:45:00,207.046,207.046,206.857,206.926,10484
2022-09-29 14:50:00,206.926,206.976,206.757,206.867,13887
2022-09-29 14:55:00,206.847,206.896,206.408,206.458,18137
2022-09-29 15:00:00,206.517,206.577,206.074,206.153,13866
2022-09-29 15:05:00,206.198,206.692,206.198,206.587,9090
2022-09-29 15:10:00,206.657,206.797,206.468,206.468,8418
2022-09-29 15:15:00,206.438,207.001,206.28,206.912,10079
2022-09-29 15:20:00,206.807,207.136,206.717,207.056,11001
2022-09-29 15:25:00,207.006,207.016,206.787,206.906,13883
2022-09-29 15:30:00,206.886,206.906,206.478,206.627,11127
2022-09-29 15:35:00,206.667,207.415,206.667,207.365,7783
2022-09-29 15:40:00,207.266,207.674,207.086,207.435,27091
2022-09-29 15:45:00,207.445,207.525,207.126,207.395,18040
2022-09-29 15:50:00,207.325,207.455,207.166,207.226,27573
2022-09-29 15:55:00,207.226,207.34,207.006,207.186,48448
2022-09-29 16:00:00,207.176,207.724,207.056,207.515,87450
2022-09-29 16:05:00,207.315,207.315,207.315,207.315,14698
2022-09-29 16:15:00,207.315,207.315,207.315,207.315,200
2022-09-30 09:35:00,207.884,208.423,206.877,207.156,26316
2022-09-30 09:40:00,207.305,207.383,206.228,206.308,16265
2022-09-30 09:45:00,206.353,207.824,206.228,207.056,11831
2022-09-30 09:50:00,207.246,207.841,206.976,207.804,8003
2022-09-30 09:55:00,207.739,208.283,207.385,208.078,7155
2022-09-30 10:00:00,207.954,208.627,207.545,207.575,9796
2022-09-30 10:05:00,207.724,207.924,206.807,207.206,13043
2022-09-30 10:10:00,207.236,207.714,206.877,207.63,15867
2022-09-30 10:15:00,207.555,207.914,207.156,207.435,12507
2022-09-30 10:20:00,207.55,207.994,206.906,207.844,20349
2022-09-30 10:25:00,207.804,207.879,207.385,207.565,9871
2022-09-30 10:30:00,207.545,207.804,206.976,207.66,13458
2022-09-30 10:35:00,207.545,208.512,207.545,208.512,10072
2022-09-30 10:40:00,208.333,209.001,208.333,208.742,14413
2022-09-30 10:45:00,208.722,209.44,208.662,209.38,9891
2022-09-30 10:50:00,209.231,209.36,208.881,209.295,10031
2022-09-30 10:55:00,209.275,209.64,209.016,209.051,15505
2022-09-30 11:00:00,209.021,209.021,208.592,208.842,6277
2022-09-30 11:05:00,208.961,209.051,208.517,209.031,7173
2022-09-30 11:10:00,209.076,209.59,208.861,209.59,14862
2022-09-30 11:15:00,209.523,209.899,209.39,209.674,49800
2022-09-30 11:20:00,209.645,209.769,209.46,209.6,11948
2022-09-30 11:25:00,209.689,210.218,209.51,209.64,9243
2022-09-30 11:30:00,209.64,209.819,209.415,209.45,14427
2022-09-30 11:35:00,209.46,209.739,209.29,209.664,9045
2022-09-30 11:40:00,209.754,209.754,208.627,208.642,16084
2022-09-30 11:45:00,208.692,208.802,208.133,208.253,7698
2022-09-30 11:50:00,208.268,208.622,208.163,208.433,18452
2022-09-30 11:55:00,208.293,208.522,208.103,208.323,10121
2022-09-30 12:00:00,208.303,208.522,208.173,208.403,5695
2022-09-30 12:05:00,208.333,208.413,208.014,208.368,9494
2022-09-30 12:10:00,208.398,208.592,207.764,207.874,9027
2022-09-30 12:15:00,207.824,207.963,207.754,207.889,5338
2022-09-30 12:20:00,207.974,208.213,207.974,208.163,6773
2022-09-30 12:25:00,208.118,208.153,207.774,207.819,17835
2022-09-30 12:30:00,207.794,208.093,207.794,208.044,7502
2022-09-30 12:35:00,207.994,208.024,207.61,207.809,8285
2022-09-30 12:40:00,207.734,208.208,207.734,208.208,4123
2022-09-30 12:45:00,208.118,208.273,208.083,208.168,4582
2022-09-30 12:50:00,208.103,208.113,207.844,207.909,8234
2022-09-30 12:55:00,207.914,207.964,207.59,207.744,3780
2022-09-30 13:00:00,207.794,207.894,207.699,207.799,5531
2022-09-30 13:05:00,207.704,207.784,207.465,207.674,9199
2022-09-30 13:10:00,207.595,207.893,207.595,207.893,7112
2022-09-30 13:15:00,207.819,208.034,207.739,207.739,4489
2022-09-30 13:20:00,207.824,207.829,207.48,207.585,4733
2022-09-30 13:25:00,207.635,207.674,207.256,207.256,6585
2022-09-30 13:30:00,207.266,207.455,207.166,207.435,10298
2022-09-30 13:35:00,207.415,207.505,207.111,207.111,10686
2022-09-30 13:40:00,207.046,207.046,206.767,206.767,8646
2022-09-30 13:45:00,206.647,206.667,206.228,206.228,5754
2022-09-30 13:50:00,206.238,206.627,206.168,206.577,12315
2022-09-30 13:55:00,206.742,206.787,206.557,206.737,6821
2022-09-30 14:00:00,206.647,206.727,206.353,206.353,14153
2022-09-30 14:05:00,206.278,206.478,206.153,206.268,12885
2022-09-30 14:10:00,206.328,206.647,206.328,206.483,10503
2022-09-30 14:15:00,206.448,206.672,206.418,206.527,8420
2022-09-30 14:20:00,206.487,206.777,206.468,206.487,8535
2022-09-30 14:25:00,206.647,206.737,206.388,206.517,7016
2022-09-30 14:30:00,206.537,206.537,206.069,206.223,12092
2022-09-30 14:35:00,206.223,206.428,206.069,206.428,11632
2022-09-30 14:40:00,206.322,206.401,205.769,205.814,9552
2022-09-30 14:45:00,205.904,205.994,205.575,205.724,17574
2022-09-30 14:50:00,205.685,205.879,205.53,205.829,18740
2022-09-30 14:55:00,205.799,205.999,205.66,205.899,7414
2022-09-30 15:00:00,205.899,205.969,205.64,205.754,13274
2022-09-30 15:05:00,205.709,206.557,205.665,206.308,10832
2022-09-30 15:10:00,206.298,206.487,206.098,206.148,6473
2022-09-30 15:15:00,206.148,206.353,205.754,206.029,39118
2022-09-30 15:20:00,205.999,206.318,205.784,206.163,11399
2022-09-30 15:25:00,206.093,206.218,205.909,206.148,16526
2022-09-30 15:30:00,206.074,206.074,205.415,205.972,20649
2022-09-30 15:35:00,206.098,206.288,205.48,205.65,23909
2022-09-30 15:40:00,205.61,205.69,205.171,205.325,22380
2022-09-30 15:45:00,205.365,205.769,205.3,205.56,24455
2022-09-30 15:50:00,205.56,205.6,205.081,205.345,59581
2022-09-30 15:55:00,205.171,205.191,204.094,204.143,74385
2022-09-30 16:00:00,204.158,204.582,204.054,204.443,142831
2022-09-30 16:05:00,204.233,204.233,204.233,204.233,42722
2022-10-03 09:35:00,206.318,208.812,206.128,207.65,33838
2022-10-03 09:40:00,207.894,208.223,207.325,208.064,10205
2022-10-03 09:45:00,207.914,208.632,207.724,208.622,43958
2022-10-03 09:50:00,208.612,210.217,208.612,210.034,39861
2022-10-03 09:55:00,209.899,210.298,209.151,209.405,21043
2022-10-03 10:00:00,209.38,209.535,208.871,208.871,7905
2022-10-03 10:05:00,208.881,211.091,208.881,210.437,17560
2022-10-03 10:10:00,210.398,211.465,210.398,210.956,9746
2022-10-03 10:15:00,210.951,211.315,210.647,210.787,9725
2022-10-03 10:20:00,210.796,211.136,210.69,210.883,12961
2022-10-03 10:25:00,210.876,211.651,210.512,211.651,17357
2022-10-03 10:30:00,211.729,212.592,211.595,212.108,26752
2022-10-03 10:35:00,212.173,212.188,211.694,211.919,12262
2022-10-03 10:40:00,211.974,212.183,211.545,211.709,18185
2022-10-03 10:45:00,211.774,212.213,211.595,212.213,21458
2022-10-03 10:50:00,212.223,212.452,212.113,212.412,20103
2022-10-03 10:55:00,212.333,212.462,212.183,212.374,8096
2022-10-03 11:00:00,212.303,212.582,212.004,212.004,14651
2022-10-03 11:05:00,212.123,212.482,212.083,212.183,7402
2022-10-03 11:10:00,212.143,213.011,211.784,212.991,22639
2022-10-03 11:15:00,213.131,213.485,212.652,212.966,19170
2022-10-03 11:20:00,213.001,213.011,212.472,212.702,8485
2022-10-03 11:25:00,212.747,212.871,212.403,212.686,8657
2022-10-03 11:30:00,212.611,212.631,211.974,212.063,6932
2022-10-03 11:35:00,212.023,212.233,211.924,211.924,13055
2022-10-03 11:40:00,211.904,212.183,211.774,212.093,12149
2022-10-03 11:45:00,212.138,212.163,211.505,211.631,6073
2022-10-03 11:50:00,211.605,212.053,211.605,212.053,3591
2022-10-03 11:55:00,212.213,212.368,211.945,211.945,8565
2022-10-03 12:00:00,211.904,212.073,211.714,212.009,8213
2022-10-03 12:05:00,212.103,212.26,211.854,211.864,15367
2022-10-03 12:10:00,211.864,212.203,211.634,212.163,13304
2022-10-03 12:15:00,212.203,212.353,212.103,212.188,5262
2022-10-03 12:20:00,212.163,212.612,212.143,212.273,9444
2022-10-03 12:25:00,212.308,212.393,211.904,212.333,5686
2022-10-03 12:30:00,212.313,212.323,211.608,211.844,11296
2022-10-03 12:35:00,211.784,211.784,211.495,211.684,5044
2022-10-03 12:40:00,211.702,211.702,211.076,211.355,7286
2022-10-03 12:45:00,211.32,211.46,211.026,211.186,7858
2022-10-03 12:50:00,211.186,211.285,211.126,211.225,6442
2022-10-03 12:55:00,211.196,211.335,211.036,211.284,8762
2022-10-03 13:00:00,211.345,211.624,211.295,211.595,5623
2022-10-03 13:05:00,211.644,211.824,211.644,211.824,5119
2022-10-03 13:10:00,211.834,212.053,211.724,211.964,8664
2022-10-03 13:15:00,211.984,212.014,211.784,211.854,6502
2022-10-03 13:20:00,211.899,212.063,211.899,211.919,6624
2022-10-03 13:25:00,212.033,212.442,211.984,212.293,8898
2022-10-03 13:30:00,212.293,212.622,212.293,212.587,5816
2022-10-03 13:35:00,212.587,213.001,212.587,213.001,9956
2022-10-03 13:40:00,212.896,213.031,212.787,212.831,5563
2022-10-03 13:45:00,212.861,213.151,212.831,213.121,6648
2022-10-03 13:50:00,213.121,213.38,213.121,213.336,27537
2022-10-03 13:55:00,213.23,213.28,213.042,213.21,7759
2022-10-03 14:00:00,213.111,213.46,213.101,213.46,13676
2022-10-03 14:05:00,213.46,213.849,213.442,213.849,10397
2022-10-03 14:10:00,213.829,213.899,213.609,213.661,10923
2022-10-03 14:15:00,213.71,214.068,213.609,214.068,14035
2022-10-03 14:20:00,213.989,214.048,213.779,213.819,11434
2022-10-03 14:25:00,213.874,214.048,213.709,213.969,11024
2022-10-03 14:30:00,213.939,214.677,213.939,214.602,30942
2022-10-03 14:35:00,214.582,214.657,214.447,214.517,21039
2022-10-03 14:40:00,214.492,214.697,214.437,214.697,17898
2022-10-03 14:45:00,214.727,215.215,214.557,215.215,21233
2022-10-03 14:50:00,215.185,215.275,214.856,215.096,28980
2022-10-03 14:55:00,215.092,215.275,215.051,215.23,18324
2022-10-03 15:00:00,215.255,215.515,215.156,215.365,47425
2022-10-03 15:05:00,215.395,215.445,214.502,214.537,18959
2022-10-03 15:10:00,214.577,214.767,214.537,214.707,9683
2022-10-03 15:15:00,214.707,214.707,214.348,214.527,11614
2022-10-03 15:20:00,214.497,214.617,214.178,214.537,13525
2022-10-03 15:25:00,214.507,214.816,214.442,214.687,11998
2022-10-03 15:30:00,214.727,214.896,214.667,214.876,11826
2022-10-03 15:35:00,214.866,214.866,214.203,214.447,31224
2022-10-03 15:40:00,214.507,214.777,214.477,214.482,28752
2022-10-03 15:45:00,214.427,214.737,214.258,214.617,27682
2022-10-03 15:50:00,214.607,214.697,214.203,214.477,41545
2022-10-03 15:55:00,214.507,214.657,214.228,214.442,68782
2022-10-03 16:00:00,214.397,214.397,213.729,213.929,131923
2022-10-03 16:05:00,213.839,213.839,213.839,213.839,29524
2022-10-03 16:15:00,213.839,213.839,213.839,213.839,158
2022-10-03 17:00:00,212.961,212.961,212.961,212.961,300
2022-10-03 17:15:00,212.971,212.971,212.971,212.971,100
2022-10-04 08:55:00,213.839,213.839,213.839,213.839,48046
2022-10-04 09:35:00,216.712,218.338,216.402,216.771,41694
2022-10-04 09:40:00,216.781,217.769,216.542,217.2,16980
2022-10-04 09:45:00,217.034,217.034,216.333,216.712,21493
2022-10-04 09:50:00,216.811,217.3,216.133,216.133,9041
2022-10-04 09:55:00,216.382,217.53,216.382,217.53,11654
2022-10-04 10:00:00,217.011,218.517,217.011,218.517,12097
2022-10-04 10:05:00,218.825,219.006,218.537,218.582,11541
2022-10-04 10:10:00,218.467,218.597,217.914,217.988,20331
2022-10-04 10:15:00,217.839,218.677,217.739,218.677,13236
2022-10-04 10:20:00,218.577,218.966,217.949,217.988,14488
2022-10-04 10:25:00,217.859,217.919,217.579,217.819,20195
2022-10-04 10:30:00,217.794,218.308,217.739,218.308,6130
2022-10-04 10:35:00,218.093,218.567,218.093,218.507,11030
2022-10-04 10:40:00,218.632,218.914,218.407,218.891,13466
2022-10-04 10:45:00,218.816,219.145,218.687,218.766,81899
2022-10-04 10:50:00,218.607,219.175,218.598,218.996,13537
2022-10-04 10:55:00,219.001,219.121,218.657,219.121,13024
2022-10-04 11:00:00,219.041,219.674,219.031,219.481,14924
2022-10-04 11:05:00,219.634,219.644,219.32,219.564,10624
2022-10-04 11:10:00,219.634,219.684,219.225,219.365,11812
2022-10-04 11:15:00,219.365,219.485,219.14,219.485,9416
2022-10-04 11:20:00,219.601,219.724,219.41,219.475,9678
2022-10-04 11:25:00,219.485,219.704,219.345,219.554,7833
2022-10-04 11:30:00,219.574,219.889,219.549,219.829,8738
2022-10-04 11:35:00,219.754,219.894,219.225,219.405,13544
2022-10-04 11:40:00,219.45,219.674,219.185,219.39,8457
2022-10-04 11:45:00,219.485,219.634,219.445,219.524,41871
2022-10-04 11:50:00,219.505,219.574,219.445,219.445,17314
2022-10-04 11:55:00,219.599,219.824,219.534,219.764,12081
2022-10-04 12:00:00,219.784,220.203,219.784,220.173,6256
2022-10-04 12:05:00,220.173,220.327,220.063,220.244,5194
2022-10-04 12:10:00,220.253,220.502,220.223,220.283,19505
2022-10-04 12:15:00,220.143,220.342,219.953,220.143,355886
2022-10-04 12:20:00,220.273,220.721,220.273,220.626,10651
2022-10-04 12:25:00,220.442,220.442,220.083,220.083,9204
2022-10-04 12:30:00,220.103,220.677,220.073,220.592,7782
2022-10-04 12:35:00,220.571,220.841,220.283,220.283,6355
2022-10-04 12:40:00,220.283,220.597,220.243,220.582,5772
2022-10-04 12:45:00,220.652,220.652,220.058,220.063,4287
2022-10-04 12:50:00,220.033,220.033,219.754,219.824,5252
2022-10-04 12:55:00,219.754,219.914,219.549,219.594,4952
2022-10-04 13:00:00,219.475,219.714,219.475,219.554,3728
2022-10-04 13:05:00,219.544,219.604,219.255,219.37,6141
2022-10-04 13:10:00,219.285,219.295,218.781,218.886,7473
2022-10-04 13:15:00,218.856,218.926,218.36,218.36,7465
2022-10-04 13:20:00,218.352,218.527,218.248,218.285,7472
2022-10-04 13:25:00,218.023,218.367,217.978,218.362,9922
2022-10-04 13:30:00,218.313,218.766,218.313,218.697,4775
2022-10-04 13:35:00,218.746,218.966,218.527,218.627,8013
2022-10-04 13:40:00,218.697,218.727,218.407,218.672,5661
2022-10-04 13:45:00,218.667,218.806,218.527,218.597,5233
2022-10-04 13:50:00,218.477,218.866,218.477,218.677,11062
2022-10-04 13:55:00,218.577,218.966,218.552,218.756,6242
2022-10-04 14:00:00,218.697,218.936,218.517,218.587,6051
2022-10-04 14:05:00,218.482,218.796,218.482,218.761,8600
2022-10-04 14:10:00,218.732,218.806,218.527,218.722,6280
2022-10-04 14:15:00,218.766,218.876,218.437,218.507,9774
2022-10-04 14:20:00,218.417,218.417,218.058,218.138,8676
2022-10-04 14:25:00,218.228,218.283,218.018,218.168,7368
2022-10-04 14:30:00,218.223,218.223,217.819,217.824,7206
2022-10-04 14:35:00,217.689,218.273,217.689,218.143,5300
2022-10-04 14:40:00,218.188,218.248,217.958,218.158,4820
2022-10-04 14:45:00,218.108,218.308,218.028,218.288,4800
2022-10-04 14:50:00,218.263,218.687,217.909,218.577,14338
2022-10-04 14:55:00,218.622,218.896,218.622,218.826,5357
2022-10-04 15:00:00,218.831,219.137,218.786,218.786,9709
2022-10-04 15:05:00,218.866,218.886,218.407,218.641,8750
2022-10-04 15:10:00,218.447,218.577,218.318,218.467,7770
2022-10-04 15:15:00,218.338,218.338,217.899,218.248,12119
2022-10-04 15:20:00,218.233,218.342,218.148,218.318,6434
2022-10-04 15:25:00,218.218,218.437,218.088,218.437,9535
2022-10-04 15:30:00,218.298,218.677,218.228,218.402,10281
2022-10-04 15:35:00,218.333,218.377,218.058,218.228,10496
2022-10-04 15:40:00,218.328,218.881,218.198,218.746,12728
2022-10-04 15:45:00,218.667,218.916,218.529,218.816,13718
2022-10-04 15:50:00,218.821,219.135,218.697,219.006,19940
2022-10-04 15:55:00,219.106,219.155,218.617,219.155,37847
2022-10-04 16:00:00,219.096,219.305,218.462,219.295,121557
2022-10-04 16:05:00,218.956,218.956,218.956,218.956,23387
2022-10-04 16:15:00,218.956,218.956,218.956,218.956,139
2022-10-05 07:55:00,218.417,218.667,218.417,218.667,688
2022-10-05 08:30:00,216.452,216.452,216.452,216.452,600
2022-10-05 09:00:00,215.704,216.702,215.704,216.702,1200
2022-10-05 09:15:00,216.452,216.452,216.452,216.452,265
2022-10-05 09:35:00,216.043,218.567,216.043,218.033,30718
2022-10-05 09:40:00,218.043,219.155,217.659,218.687,30233
2022-10-05 09:45:00,218.425,218.427,216.781,216.971,22427
2022-10-05 09:50:00,216.931,217.32,216.323,217.146,15879
2022-10-05 09:55:00,216.971,218.447,216.971,217.779,33159
2022-10-05 10:00:00,217.854,218.253,217.769,218.138,8962
2022-10-05 10:05:00,218.228,218.338,217.22,217.789,17601
2022-10-05 10:10:00,217.599,217.769,217.41,217.41,7897
2022-10-05 10:15:00,217.31,217.315,216.532,216.532,18455
2022-10-05 10:20:00,216.692,217.42,216.343,216.996,14522
2022-10-05 10:25:00,216.976,217.465,216.702,216.702,10562
2022-10-05 10:30:00,216.562,217.43,216.542,217.205,14196
2022-10-05 10:35:00,216.961,217.24,216.502,216.821,13245
2022-10-05 10:40:00,216.881,217.599,216.831,217.599,14871
2022-10-05 10:45:00,217.699,218.148,217.5,218.148,6510
2022-10-05 10:50:00,218.073,218.118,217.719,217.779,6158
2022-10-05 10:55:00,217.679,217.704,217.49,217.649,11884
2022-10-05 11:00:00,217.609,217.644,216.871,216.911,5285
2022-10-05 11:05:00,216.776,217.42,216.776,217.39,5402
2022-10-05 11:10:00,217.47,217.669,217.131,217.2,7534
2022-10-05 11:15:00,217.28,217.719,217.25,217.624,8584
2022-10-05 11:20:00,217.48,218.138,217.43,218.138,5995
2022-10-05 11:25:00,218.138,218.228,217.679,217.844,11271
2022-10-05 11:30:00,217.998,218.018,217.49,217.5,5656
2022-10-05 11:35:00,217.639,217.649,217.44,217.569,5029
2022-10-05 11:40:00,217.619,217.911,217.619,217.844,5434
2022-10-05 11:45:00,217.869,217.869,217.495,217.589,3325
2022-10-05 11:50:00,217.579,217.759,217.26,217.31,5537
2022-10-05 11:55:00,217.39,217.859,217.35,217.589,7520
2022-10-05 12:00:00,217.649,217.649,217.22,217.32,7019
2022-10-05 12:05:00,217.24,217.29,216.707,216.861,22180
2022-10-05 12:10:00,216.871,217.37,216.851,217.151,23643
2022-10-05 12:15:00,217.141,217.44,217.091,217.3,18033
2022-10-05 12:20:00,217.4,217.739,217.26,217.47,33724
2022-10-05 12:25:00,217.54,217.54,217.131,217.34,7442
2022-10-05 12:30:00,217.3,217.3,217.111,217.2,4704
2022-10-05 12:35:00,217.19,217.28,216.891,216.891,14777
2022-10-05 12:40:00,216.931,216.971,216.831,216.931,4095
2022-10-05 12:45:00,216.871,217.091,216.811,217.071,4880
2022-10-05 12:50:00,217.031,217.549,216.969,217.54,9533
2022-10-05 12:55:00,217.5,217.5,217.17,217.22,5748
2022-10-05 13:00:00,217.21,217.21,216.961,216.961,7271
2022-10-05 13:05:00,216.911,217.26,216.911,217.255,8583
2022-10-05 13:10:00,217.245,217.609,217.101,217.101,9145
2022-10-05 13:15:00,217.091,217.391,216.931,217.315,10266
2022-10-05 13:20:00,217.34,217.599,217.061,217.599,17062
2022-10-05 13:25:00,217.649,217.859,217.45,217.46,18670
2022-10-05 13:30:00,217.465,217.51,217.18,217.431,9338
2022-10-05 13:35:00,217.43,217.43,217.011,217.011,6949
2022-10-05 13:40:00,217.046,217.121,216.871,217.121,8574
2022-10-05 13:45:00,217.131,217.18,216.841,217.041,9860
2022-10-05 13:50:00,217.086,217.45,217.086,217.28,6529
2022-10-05 13:55:00,217.205,217.24,216.921,216.951,7961
2022-10-05 14:00:00,216.981,217.026,216.608,216.622,7943
2022-10-05 14:05:00,216.692,217.126,216.682,216.971,7237
2022-10-05 14:10:00,216.961,217.091,216.841,216.861,9663
2022-10-05 14:15:00,216.821,217.22,216.771,217.18,20331
2022-10-05 14:20:00,217.16,217.47,217.131,217.45,14483
2022-10-05 14:25:00,217.35,217.53,217.24,217.451,7667
2022-10-05 14:30:00,217.44,217.46,217.19,217.34,10863
2022-10-05 14:35:00,217.32,217.47,217.21,217.21,8186
2022-10-05 14:40:00,217.29,217.49,217.26,217.27,17596
2022-10-05 14:45:00,217.33,217.49,217.33,217.45,7278
2022-10-05 14:50:00,217.47,217.659,217.41,217.51,21612
2022-10-05 14:55:00,217.559,217.919,217.44,217.814,13989
2022-10-05 15:00:00,217.829,217.958,217.779,217.859,10217
2022-10-05 15:05:00,217.909,218.472,217.909,218.427,11259
2022-10-05 15:10:00,218.447,218.572,218.338,218.532,10962
2022-10-05 15:15:00,218.493,218.647,218.328,218.632,13003
2022-10-05 15:20:00,218.597,218.896,218.547,218.677,11012
2022-10-05 15:25:00,218.707,218.707,218.387,218.422,8375
2022-10-05 15:30:00,218.487,218.497,218.218,218.357,8765
2022-10-05 15:35:00,218.328,218.482,218.298,218.482,18255
2022-10-05 15:40:00,218.437,218.607,218.208,218.258,20196
2022-10-05 15:45:00,218.168,218.198,217.988,218.198,10084
2022-10-05 15:50:00,218.133,218.248,217.5,217.5,35687
2022-10-05 15:55:00,217.39,217.39,216.612,216.771,59602
2022-10-05 16:00:00,216.702,216.981,216.283,216.981,127397
2022-10-05 16:05:00,216.821,216.821,216.821,216.821,28518
2022-10-05 16:20:00,216.821,216.821,216.821,216.821,506
2022-10-06 09:35:00,216.752,217.589,216.452,217.425,14670
2022-10-06 09:40:00,217.35,218.008,216.761,217.859,28495
2022-10-06 09:45:00,217.889,218.996,217.889,218.717,8755
2022-10-06 09:50:00,218.462,218.537,217.629,217.978,11279
2022-10-06 09:55:00,217.929,218.417,217.899,218.387,14066
2022-10-06 10:00:00,218.138,218.218,217.3,217.5,8045
2022-10-06 10:05:00,217.38,217.639,216.851,217.579,10113
2022-10-06 10:10:00,217.47,217.769,217.16,217.32,11093
2022-10-06 10:15:00,217.4,217.44,216.587,217.16,37720
2022-10-06 10:20:00,217.185,218.248,217.185,218.028,18164
2022-10-06 10:25:00,218.088,218.434,217.874,218.318,21871
2022-10-06 10:30:00,218.298,218.527,217.699,217.699,6758
2022-10-06 10:35:00,217.639,218.068,217.639,217.849,7306
2022-10-06 10:40:00,217.39,217.829,217.37,217.779,8962
2022-10-06 10:45:00,217.779,218.148,217.779,218.148,11953
2022-10-06 10:50:00,218.028,218.966,217.889,218.911,16342
2022-10-06 10:55:00,218.836,219.235,218.796,219.046,14491
2022-10-06 11:00:00,219.185,219.794,218.936,219.614,19693
2022-10-06 11:05:00,219.535,219.774,218.851,219.021,17314
2022-10-06 11:10:00,219.116,219.295,219.011,219.016,8563
2022-10-06 11:15:00,219.116,219.116,218.303,218.303,7297
2022-10-06 11:20:00,218.288,219.455,218.288,219.325,18878
2022-10-06 11:25:00,219.305,219.734,219.076,219.534,14412
2022-10-06 11:30:00,219.445,219.933,219.385,219.777,11225
2022-10-06 11:35:00,219.784,219.844,219.185,219.295,16015
2022-10-06 11:40:00,219.385,219.445,218.831,218.831,6975
2022-10-06 11:45:00,218.776,219.116,218.727,219.031,6159
2022-10-06 11:50:00,219.056,219.604,219.056,219.475,6525
2022-10-06 11:55:00,219.505,219.784,219.385,219.634,11526
2022-10-06 12:00:00,219.475,219.659,218.527,218.746,8536
2022-10-06 12:05:00,218.617,218.796,218.128,218.158,7321
2022-10-06 12:10:00,218.218,218.567,218.128,218.367,9734
2022-10-06 12:15:00,218.457,218.511,217.998,217.998,7734
2022-10-06 12:20:00,217.968,217.978,217.804,217.889,6032
2022-10-06 12:25:00,217.988,218.397,217.988,218.357,4515
2022-10-06 12:30:00,218.367,218.532,218.318,218.532,5422
2022-10-06 12:35:00,218.417,218.517,218.238,218.497,6849
2022-10-06 12:40:00,218.497,218.597,218.417,218.597,3056
2022-10-06 12:45:00,218.557,218.846,218.522,218.687,7586
2022-10-06 12:50:00,218.667,218.886,218.492,218.607,8088
2022-10-06 12:55:00,218.477,218.622,218.397,218.622,2764
2022-10-06 13:00:00,218.502,218.527,218.158,218.178,5327
2022-10-06 13:05:00,218.178,218.367,217.968,217.968,6199
2022-10-06 13:10:00,218.018,218.018,217.584,217.584,4626
2022-10-06 13:15:00,217.609,218.068,217.609,218.068,5740
2022-10-06 13:20:00,218.128,218.228,217.978,218.008,4391
2022-10-06 13:25:00,218.093,218.258,217.705,217.839,10657
2022-10-06 13:30:00,217.599,217.729,217.25,217.719,10281
2022-10-06 13:35:00,217.619,217.619,217.056,217.227,5306
2022-10-06 13:40:00,217.25,217.25,216.682,216.821,5902
2022-10-06 13:45:00,216.861,217.111,216.801,217.111,6515
2022-10-06 13:50:00,217.071,217.131,216.871,216.891,6205
2022-10-06 13:55:00,216.851,216.961,216.622,216.717,7748
2022-10-06 14:00:00,216.747,217.061,216.747,217.021,6003
2022-10-06 14:05:00,216.951,217.001,216.722,216.851,8660
2022-10-06 14:10:00,216.891,216.931,216.442,216.632,11844
2022-10-06 14:15:00,216.557,216.871,216.522,216.811,7143
2022-10-06 14:20:00,216.821,216.851,216.542,216.652,8045
2022-10-06 14:25:00,216.567,216.901,216.567,216.881,4789
2022-10-06 14:30:00,216.911,217.001,216.732,216.841,5291
2022-10-06 14:35:00,216.841,217.041,216.51,216.632,5447
2022-10-06 14:40:00,216.622,216.951,216.622,216.702,6368
2022-10-06 14:45:00,216.692,216.752,216.582,216.582,6166
2022-10-06 14:50:00,216.263,216.293,216.083,216.083,3707
2022-10-06 14:55:00,215.983,216.063,215.784,216.023,6791
2022-10-06 15:00:00,216.103,216.313,216.043,216.073,5522
2022-10-06 15:05:00,216.173,216.192,215.844,216.063,6123
2022-10-06 15:10:00,215.959,215.959,215.684,215.764,9393
2022-10-06 15:15:00,215.814,215.824,215.305,215.674,9069
2022-10-06 15:20:00,215.794,215.924,215.485,215.654,9810
2022-10-06 15:25:00,215.654,216.083,215.654,215.899,12474
2022-10-06 15:30:00,216.018,216.183,215.864,216.178,7924
2022-10-06 15:35:00,216.223,216.323,215.973,216.063,12658
2022-10-06 15:40:00,215.924,216.073,215.759,215.864,11680
2022-10-06 15:45:00,215.824,216.133,215.779,216.088,14259
2022-10-06 15:50:00,216.033,216.213,215.704,215.704,26419
2022-10-06 15:55:00,215.764,216.063,215.629,216.063,35157
2022-10-06 16:00:00,216.063,216.482,215.914,216.143,127646
2022-10-06 16:05:00,216.223,216.223,216.223,216.223,13042
2022-10-07 09:35:00,213.171,214.258,212.752,213.326,25256
2022-10-07 09:40:00,213.176,213.44,212.861,213.38,7396
2022-10-07 09:45:00,213.609,213.609,212.632,212.712,13460
2022-10-07 09:50:00,212.687,212.687,211.285,211.295,11796
2022-10-07 09:55:00,211.225,211.794,211.225,211.235,4318
2022-10-07 10:00:00,211.385,211.455,210.577,210.577,4160
2022-10-07 10:05:00,210.846,211.196,210.358,210.447,15430
2022-10-07 10:10:00,210.557,210.976,210.428,210.876,7314
2022-10-07 10:15:00,210.956,211.395,210.817,211.33,3474
2022-10-07 10:20:00,211.345,211.844,211.216,211.335,8553
2022-10-07 10:25:00,211.275,211.57,211.016,211.176,6646
2022-10-07 10:30:00,211.166,211.355,211.016,211.206,3707
2022-10-07 10:35:00,211.206,211.24,210.617,210.881,7868
2022-10-07 10:40:00,210.936,211.061,210.677,210.861,9025
2022-10-07 10:45:00,210.851,211.196,210.807,211.146,5595
2022-10-07 10:50:00,211.121,211.345,210.966,211.216,7093
2022-10-07 10:55:00,211.166,211.166,210.727,210.896,1991
2022-10-07 11:00:00,210.617,210.911,210.447,210.507,3681
2022-10-07 11:05:00,210.393,210.757,210.228,210.228,8345
2022-10-07 11:10:00,210.358,210.358,209.35,209.405,18662
2022-10-07 11:15:00,209.46,209.58,208.996,209.051,12226
2022-10-07 11:20:00,209.091,209.151,208.692,208.692,9251
2022-10-07 11:25:00,208.682,208.817,208.383,208.383,12892
2022-10-07 11:30:00,208.492,209.081,208.313,208.822,6764
2022-10-07 11:35:00,209.021,209.081,208.552,208.717,6370
2022-10-07 11:40:00,208.632,208.832,208.612,208.742,5745
2022-10-07 11:45:00,208.652,208.812,208.462,208.682,6904
2022-10-07 11:50:00,208.559,208.762,208.383,208.388,4125
2022-10-07 11:55:00,208.233,208.652,208.193,208.223,17437
2022-10-07 12:00:00,208.203,208.532,208.193,208.393,11284
2022-10-07 12:05:00,208.343,208.842,208.133,208.777,20640
2022-10-07 12:10:00,208.842,208.951,208.403,208.522,13148
2022-10-07 12:15:00,208.532,208.792,208.413,208.472,8047
2022-10-07 12:20:00,208.343,208.507,208.143,208.163,7966
2022-10-07 12:25:00,208.093,208.143,207.116,207.136,9235
2022-10-07 12:30:00,207.335,207.345,207.001,207.021,9340
2022-10-07 12:35:00,207.011,207.011,206.782,206.956,13675
2022-10-07 12:40:00,206.966,207.056,206.747,207.056,5797
2022-10-07 12:45:00,207.026,207.026,206.797,206.976,11117
2022-10-07 12:50:00,206.944,206.966,206.582,206.627,8882
2022-10-07 12:55:00,206.687,206.877,206.567,206.762,6195
2022-10-07 13:00:00,206.722,206.837,206.428,206.497,8598
2022-10-07 13:05:00,206.507,206.547,206.258,206.368,12811
2022-10-07 13:10:00,206.348,206.358,205.884,206.069,15547
2022-10-07 13:15:00,206.098,206.572,205.999,206.562,13885
2022-10-07 13:20:00,206.582,206.827,206.582,206.697,4326
2022-10-07 13:25:00,206.747,206.752,206.557,206.647,17087
2022-10-07 13:30:00,206.682,207.365,206.66,207.206,19735
2022-10-07 13:35:00,207.116,207.126,206.817,206.996,7637
2022-10-07 13:40:00,207.026,207.054,206.717,206.832,5546
2022-10-07 13:45:00,206.857,207.136,206.837,207.021,6581
2022-10-07 13:50:00,207.056,207.166,206.677,206.707,17124
2022-10-07 13:55:00,206.717,206.757,206.238,206.358,8855
2022-10-07 14:00:00,206.438,206.438,206.009,206.098,10186
2022-10-07 14:05:00,206.088,206.163,205.929,205.934,13567
2022-10-07 14:10:00,205.909,206.198,205.849,205.874,12188
2022-10-07 14:15:00,205.839,205.849,205.435,205.839,17606
2022-10-07 14:20:00,205.899,205.909,205.699,205.749,11163
2022-10-07 14:25:00,205.729,205.829,205.365,205.42,9906
2022-10-07 14:30:00,205.41,205.5,205.161,205.211,11445
2022-10-07 14:35:00,205.211,205.231,204.991,205.101,6754
2022-10-07 14:40:00,205.061,205.271,205.001,205.271,12001
2022-10-07 14:45:00,205.33,205.45,205.266,205.271,12948
2022-10-07 14:50:00,205.281,205.3,204.941,205.141,13125
2022-10-07 14:55:00,205.181,205.231,204.966,205.031,5948
2022-10-07 15:00:00,205.031,205.061,204.632,204.632,12446
2022-10-07 15:05:00,204.662,205.241,204.642,205.221,14790
2022-10-07 15:10:00,205.214,205.251,204.884,204.981,9760
2022-10-07 15:15:00,204.911,205.041,204.622,204.642,13596
2022-10-07 15:20:00,204.557,204.602,204.173,204.253,9495
2022-10-07 15:25:00,204.143,204.293,203.994,204.113,14870
2022-10-07 15:30:00,204.094,204.113,203.595,203.804,14560
2022-10-07 15:35:00,203.759,203.814,203.535,203.715,20457
2022-10-07 15:40:00,203.695,204.163,203.695,204.153,20975
2022-10-07 15:45:00,204.143,204.453,203.994,204.283,28465
2022-10-07 15:50:00,204.343,204.373,203.989,204.064,35142
2022-10-07 15:55:00,204.084,205.011,204.084,204.951,80745
2022-10-07 16:00:00,204.902,205.201,204.652,205.091,116062
2022-10-07 16:05:00,205.081,205.081,205.081,205.081,16402
2022-10-07 16:15:00,205.081,205.081,205.081,205.081,630
2022-10-10 08:30:00,199.904,199.904,199.495,199.495,800
2022-10-10 08:35:00,199.515,199.515,199.505,199.505,599
2022-10-10 08:55:00,201.36,201.36,201.36,201.36,171
2022-10-10 09:35:00,204.632,205.44,200.303,201.241,105857
2022-10-10 09:40:00,201.166,201.211,199.735,200.523,54539
2022-10-10 09:45:00,201.545,201.879,200.852,201.425,24747
2022-10-10 09:50:00,201.311,203.774,201.261,203.685,24122
2022-10-10 09:55:00,203.756,204.253,202.647,202.996,25903
2022-10-10 10:00:00,202.966,203.146,202.498,202.612,23157
2022-10-10 10:05:00,202.612,203.006,202.198,202.378,22312
2022-10-10 10:10:00,202.423,203.156,202.423,202.657,17655
2022-10-10 10:15:00,202.657,203.106,202.647,202.917,22342
2022-10-10 10:20:00,202.996,204.193,202.996,204.193,12976
2022-10-10 10:25:00,204.203,204.991,204.123,204.772,16037
2022-10-10 10:30:00,204.542,204.832,203.764,203.954,25775
2022-10-10 10:35:00,204.113,204.443,203.286,204.443,53900
2022-10-10 10:40:00,204.143,204.173,203.046,203.435,23217
2022-10-10 10:45:00,203.455,203.645,203.176,203.236,10652
2022-10-10 10:50:00,203.325,203.35,202.288,202.403,33395
2022-10-10 10:55:00,202.368,202.757,201.52,201.754,43212
2022-10-10 11:00:00,201.6,202.288,201.36,202.288,65757
2022-10-10 11:05:00,202.198,202.468,201.769,202.009,33165
2022-10-10 11:10:00,201.984,201.984,201.63,201.774,20642
2022-10-10 11:15:00,201.754,202.388,201.67,202.388,43256
2022-10-10 11:20:00,202.667,202.757,202.338,202.597,7665
2022-10-10 11:25:00,202.667,203.405,202.642,203.306,9049
2022-10-10 11:30:00,203.216,203.216,202.677,202.936,7850
2022-10-10 11:35:00,203.026,203.525,202.946,203.325,11185
2022-10-10 11:40:00,203.405,204.039,203.385,203.854,9865
2022-10-10 11:45:00,203.804,204.049,203.246,204.049,19491
2022-10-10 11:50:00,204.113,204.662,203.984,204.662,7510
2022-10-10 11:55:00,204.542,205.081,204.512,205.006,6919
2022-10-10 12:00:00,204.961,205.031,204.433,204.433,13406
2022-10-10 12:05:00,204.406,205.031,204.313,205.031,11904
2022-10-10 12:10:00,205.151,205.191,204.612,204.742,9150
2022-10-10 12:15:00,204.702,204.862,204.413,204.527,6104
2022-10-10 12:20:00,204.522,204.522,204.193,204.323,9635
2022-10-10 12:25:00,204.243,204.268,203.44,203.555,10234
2022-10-10 12:30:00,203.525,203.525,202.867,203.013,9200
2022-10-10 12:35:00,203.036,203.106,202.547,202.547,10155
2022-10-10 12:40:00,202.617,202.637,202.378,202.488,10044
2022-10-10 12:45:00,202.557,202.627,202.343,202.348,8318
2022-10-10 12:50:00,202.378,202.418,202.084,202.208,13038
2022-10-10 12:55:00,202.223,202.268,202.069,202.258,7676
2022-10-10 13:00:00,202.278,202.488,202.248,202.478,8033
2022-10-10 13:05:00,202.567,202.632,202.358,202.632,8247
2022-10-10 13:10:00,202.667,202.667,202.418,202.557,4519
2022-10-10 13:15:00,202.537,203.545,202.498,203.301,9260
2022-10-10 13:20:00,203.385,203.575,203.106,203.38,11283
2022-10-10 13:25:00,203.345,203.575,203.286,203.565,17628
2022-10-10 13:30:00,203.53,204.047,203.425,203.924,13406
2022-10-10 13:35:00,203.936,204.333,203.814,204.113,7263
2022-10-10 13:40:00,204.148,204.203,203.959,204.074,19447
2022-10-10 13:45:00,204.044,204.079,203.804,203.815,6690
2022-10-10 13:50:00,203.824,204.882,203.784,204.652,8445
2022-10-10 13:55:00,204.622,205.041,204.622,204.986,7997
2022-10-10 14:00:00,205.101,205.111,204.911,204.971,15084
2022-10-10 14:05:00,205.011,205.016,204.742,204.777,11986
2022-10-10 14:10:00,204.742,204.777,204.064,204.293,15306
2022-10-10 14:15:00,204.383,204.522,204.253,204.453,7648
2022-10-10 14:20:00,204.512,204.622,204.403,204.622,6377
2022-10-10 14:25:00,204.582,204.772,204.428,204.772,9427
2022-10-10 14:30:00,204.792,205.3,204.792,205.281,6026
2022-10-10 14:35:00,205.171,205.799,205.161,205.799,14579
2022-10-10 14:40:00,205.829,206.198,205.759,206.138,10076
2022-10-10 14:45:00,206.198,206.298,205.849,205.909,12162
2022-10-10 14:50:00,206.039,206.039,205.592,205.699,8659
2022-10-10 14:55:00,205.64,205.829,205.59,205.749,8239
2022-10-10 15:00:00,205.729,205.8,205.43,205.54,10065
2022-10-10 15:05:00,205.58,205.814,205.58,205.804,10006
2022-10-10 15:10:00,205.767,205.969,205.66,205.969,8607
2022-10-10 15:15:00,205.899,206.416,205.869,206.348,11904
2022-10-10 15:20:00,206.348,206.737,206.348,206.637,11180
2022-10-10 15:25:00,206.752,206.951,206.587,206.762,21128
2022-10-10 15:30:00,206.717,206.717,206.128,206.158,13774
2022-10-10 15:35:00,206.108,206.238,205.869,206.009,16408
2022-10-10 15:40:00,205.959,206.328,205.879,206.108,22128
2022-10-10 15:45:00,206.158,206.168,205.59,205.66,19397
2022-10-10 15:50:00,205.62,205.999,205.45,205.739,27703
2022-10-10 15:55:00,205.789,205.879,205.495,205.789,45352
2022-10-10 16:00:00,205.779,205.799,205.221,205.231,87900
2022-10-10 16:05:00,205.281,205.281,205.281,205.281,28137
2022-10-11 09:35:00,203.675,203.919,202.687,203.675,20282
2022-10-11 09:40:00,203.874,204.014,203.276,203.505,11156
2022-10-11 09:45:00,203.475,204.832,203.475,204.692,14198
2022-10-11 09:50:00,204.622,205.231,204.024,204.123,14280
2022-10-11 09:55:00,204.173,204.443,203.964,204.193,11104
2022-10-11 10:00:00,204.213,204.867,204.213,204.37,14696
2022-10-11 10:05:00,204.283,204.867,204.193,204.752,28877
2022-10-11 10:10:00,204.722,204.941,204.532,204.792,11634
2022-10-11 10:15:00,204.672,204.807,204.473,204.807,6783
2022-10-11 10:20:00,205.051,205.66,205.051,205.56,20256
2022-10-11 10:25:00,205.42,205.42,204.682,204.682,9866
2022-10-11 10:30:00,204.522,205.48,204.522,205.39,7513
2022-10-11 10:35:00,205.201,205.201,204.647,205.011,8591
2022-10-11 10:40:00,204.961,204.961,203.994,204.712,15301
2022-10-11 10:45:00,204.822,205.191,204.792,205.191,7611
2022-10-11 10:50:00,205.221,205.221,204.532,204.742,12697
2022-10-11 10:55:00,204.882,205.729,204.882,205.52,8916
2022-10-11 11:00:00,205.465,205.655,205.041,205.271,9657
2022-10-11 11:05:00,205.276,206.388,205.066,206.258,9145
2022-10-11 11:10:00,206.298,206.308,205.161,205.251,32843
2022-10-11 11:15:00,205.181,205.51,205.141,205.281,14427
2022-10-11 11:20:00,205.41,206.188,205.41,205.889,28906
2022-10-11 11:25:00,206.348,206.348,205.974,206.138,6767
2022-10-11 11:30:00,206.103,206.418,206.054,206.333,11652
2022-10-11 11:35:00,206.368,206.767,206.268,206.268,14264
2022-10-11 11:40:00,206.133,206.767,206.019,206.438,14652
2022-10-11 11:45:00,206.487,206.837,206.478,206.627,15846
2022-10-11 11:50:00,206.597,207.495,206.527,207.495,25852
2022-10-11 11:55:00,207.505,207.63,206.777,206.777,16000
2022-10-11 12:00:00,206.697,206.906,206.497,206.497,13571
2022-10-11 12:05:00,206.687,206.707,206.438,206.438,2652
2022-10-11 12:10:00,206.388,206.418,205.959,205.999,7198
2022-10-11 12:15:00,206.009,206.248,205.999,206.079,2686
2022-10-11 12:20:00,205.984,206.627,205.984,206.627,5466
2022-10-11 12:25:00,206.617,207.136,206.527,207.116,7933
2022-10-11 12:30:00,207.196,207.196,206.497,206.622,5995
2022-10-11 12:35:00,206.577,206.996,206.577,206.996,4236
2022-10-11 12:40:00,206.832,207.136,206.832,207.136,3635
2022-10-11 12:45:00,207.295,207.844,207.295,207.645,8779
2022-10-11 12:50:00,207.635,208.024,207.575,207.874,6230
2022-10-11 12:55:00,207.764,207.764,207.415,207.425,9191
2022-10-11 13:00:00,207.415,207.565,207.226,207.236,5504
2022-10-11 13:05:00,207.266,207.266,206.732,206.732,8896
2022-10-11 13:10:00,206.807,206.877,206.607,206.667,8604
2022-10-11 13:15:00,206.672,206.777,206.448,206.521,9553
2022-10-11 13:20:00,206.473,206.532,206.019,206.233,9204
2022-10-11 13:25:00,206.328,206.537,206.278,206.468,5577
2022-10-11 13:30:00,206.662,206.727,206.208,206.348,5972
2022-10-11 13:35:00,206.428,206.433,205.999,206.278,5571
2022-10-11 13:40:00,206.203,206.333,206.029,206.218,4715
2022-10-11 13:45:00,206.069,206.228,205.969,206.098,7563
2022-10-11 13:50:00,205.989,206.268,205.889,205.889,8981
2022-10-11 13:55:00,205.839,206.118,205.819,205.826,5966
2022-10-11 14:00:00,205.849,205.919,205.759,205.899,4261
2022-10-11 14:05:00,205.859,205.984,205.64,205.949,6320
2022-10-11 14:10:00,205.939,206.188,205.38,205.62,11447
2022-10-11 14:15:00,205.45,205.729,205.34,205.63,8255
2022-10-11 14:20:00,205.57,205.59,205.43,205.43,5046
2022-10-11 14:25:00,205.49,205.57,205.36,205.48,7378
2022-10-11 14:30:00,205.605,205.752,205.49,205.62,8905
2022-10-11 14:35:00,205.625,205.929,205.58,205.889,7146
2022-10-11 14:40:00,205.959,206.069,205.739,205.899,10563
2022-10-11 14:45:00,205.874,206.108,205.66,205.68,8926
2022-10-11 14:50:00,205.63,205.68,204.702,204.702,15365
2022-10-11 14:55:00,204.822,204.991,203.914,203.914,24014
2022-10-11 15:00:00,203.849,203.924,203.016,203.266,12908
2022-10-11 15:05:00,203.106,203.206,202.712,202.827,10431
2022-10-11 15:10:00,202.897,203.176,202.458,202.617,13749
2022-10-11 15:15:00,202.637,202.637,201.949,202.238,20069
2022-10-11 15:20:00,202.218,202.647,201.859,202.466,21000
2022-10-11 15:25:00,202.537,202.787,202.468,202.622,19010
2022-10-11 15:30:00,202.692,202.897,202.388,202.717,22491
2022-10-11 15:35:00,202.747,203.046,202.458,202.907,20607
2022-10-11 15:40:00,202.857,203.585,202.857,203.445,22546
2022-10-11 15:45:00,203.445,203.445,202.847,203.365,19509
2022-10-11 15:50:00,203.435,203.655,203.211,203.655,24548
2022-10-11 15:55:00,203.605,204.004,203.355,204.004,46566
2022-10-11 16:00:00,203.999,204.193,203.784,203.784,104753
2022-10-11 16:05:00,203.994,203.994,203.595,203.994,19080
2022-10-12 09:35:00,205.53,205.53,203.525,203.665,29347
2022-10-12 09:40:00,203.685,205.111,203.176,204.991,15724
2022-10-12 09:45:00,204.737,205.32,204.647,205.32,9027
2022-10-12 09:50:00,205.55,205.839,203.744,203.974,10364
2022-10-12 09:55:00,203.904,203.904,203.231,203.286,9312
2022-10-12 10:00:00,203.405,203.525,203.178,203.435,6924
2022-10-12 10:05:00,203.42,204.532,203.42,204.133,10789
2022-10-12 10:10:00,204.143,204.153,203.804,204.074,6371
2022-10-12 10:15:00,204.193,204.203,203.146,203.395,26256
2022-10-12 10:20:00,203.276,203.934,203.206,203.784,9525
2022-10-12 10:25:00,203.695,203.695,203.031,203.405,6501
2022-10-12 10:30:00,203.49,203.615,202.897,203.505,42250
2022-10-12 10:35:00,203.63,204.094,203.463,203.759,7014
2022-10-12 10:40:00,203.784,204.024,203.49,203.695,12259
2022-10-12 10:45:00,203.535,203.535,203.171,203.186,6438
2022-10-12 10:50:00,203.146,203.744,202.966,203.615,20060
2022-10-12 10:55:00,203.705,203.849,203.555,203.849,11719
2022-10-12 11:00:00,203.774,204.009,203.665,203.71,10580
2022-10-12 11:05:00,203.645,204.064,203.645,203.854,6929
2022-10-12 11:10:00,203.884,203.894,203.492,203.565,13527
2022-10-12 11:15:00,203.525,203.809,203.525,203.695,5364
2022-10-12 11:20:00,203.789,203.964,203.495,203.685,8492
2022-10-12 11:25:00,203.475,203.794,203.236,203.266,7070
2022-10-12 11:30:00,203.241,203.266,202.877,203.216,5360
2022-10-12 11:35:00,203.126,203.226,202.513,202.807,13753
2022-10-12 11:40:00,202.697,202.936,202.577,202.717,7995
2022-10-12 11:45:00,202.647,203.196,202.561,203.086,3988
2022-10-12 11:50:00,202.722,202.907,202.667,202.807,4965
2022-10-12 11:55:00,202.687,203.036,202.687,202.996,5528
2022-10-12 12:00:00,202.966,203.016,202.642,202.931,17488
2022-10-12 12:05:00,203.001,203.585,202.936,203.585,22698
2022-10-12 12:10:00,203.485,203.859,203.156,203.181,10612
2022-10-12 12:15:00,203.116,203.345,202.961,203.345,6280
2022-10-12 12:20:00,203.316,203.625,203.266,203.266,9829
2022-10-12 12:25:00,203.231,203.455,203.216,203.256,4633
2022-10-12 12:30:00,203.296,203.365,202.976,203.091,6180
2022-10-12 12:35:00,203.231,203.266,202.857,202.917,32510
2022-10-12 12:40:00,202.877,202.917,202.373,202.468,5170
2022-10-12 12:45:00,202.408,202.503,202.009,202.044,6426
2022-10-12 12:50:00,201.949,202.278,201.949,202.089,7392
2022-10-12 12:55:00,202.039,202.279,202.039,202.158,4880
2022-10-12 13:00:00,202.119,202.338,202.099,202.318,4257
2022-10-12 13:05:00,202.383,202.383,201.889,201.899,12807
2022-10-12 13:10:00,201.929,202.148,201.819,201.97,15350
2022-10-12 13:15:00,201.869,202.079,201.715,201.809,12040
2022-10-12 13:20:00,201.74,201.749,201.483,201.56,9438
2022-10-12 13:25:00,201.56,201.61,201.5,201.56,4565
2022-10-12 13:30:00,201.63,201.65,201.49,201.54,16418
2022-10-12 13:35:00,201.48,201.58,201.241,201.306,13799
2022-10-12 13:40:00,201.301,201.321,201.071,201.221,10916
2022-10-12 13:45:00,201.341,201.47,201.181,201.45,9939
2022-10-12 13:50:00,201.43,201.57,201.326,201.51,10706
2022-10-12 13:55:00,201.5,201.54,201.311,201.341,9452
2022-10-12 14:00:00,201.341,201.49,201.301,201.49,6826
2022-10-12 14:05:00,201.53,201.959,201.201,201.36,28744
2022-10-12 14:10:00,201.55,201.929,201.131,201.66,10764
2022-10-12 14:15:00,201.47,202.228,201.46,202.171,9274
2022-10-12 14:20:00,202.119,202.238,201.789,202.168,6559
2022-10-12 14:25:00,202.203,202.368,201.848,202.158,6299
2022-10-12 14:30:00,202.119,202.338,202.086,202.086,14891
2022-10-12 14:35:00,202.059,202.168,201.829,201.989,28747
2022-10-12 14:40:00,201.939,202.263,201.909,201.959,57515
2022-10-12 14:45:00,202.049,202.084,201.789,201.809,11063
2022-10-12 14:50:00,201.779,201.869,201.56,201.73,11682
2022-10-12 14:55:00,201.67,201.789,201.42,201.5,9815
2022-10-12 15:00:00,201.475,201.59,201.291,201.341,7569
2022-10-12 15:05:00,201.311,201.4,201.111,201.191,9375
2022-10-12 15:10:00,201.201,201.47,201.201,201.336,11602
2022-10-12 15:15:00,201.4,201.54,201.321,201.535,9999
2022-10-12 15:20:00,201.49,201.602,201.176,201.535,15410
2022-10-12 15:25:00,201.55,201.6,201.36,201.425,12425
2022-10-12 15:30:00,201.341,201.465,201.031,201.056,20106
2022-10-12 15:35:00,201.091,201.425,200.951,201.38,30980
2022-10-12 15:40:00,201.41,201.44,201.261,201.301,27082
2022-10-12 15:45:00,201.35,201.42,201.241,201.38,24096
2022-10-12 15:50:00,201.331,201.37,201.101,201.281,49342
2022-10-12 15:55:00,201.281,201.281,200.942,201.056,72669
2022-10-12 16:00:00,201.041,201.251,200.572,200.902,138816
2022-10-12 16:05:00,201.001,201.001,201.001,201.001,22478
2022-10-13 07:00:00,204.473,204.473,204.433,204.433,200
2022-10-13 07:40:00,204.473,204.483,204.473,204.483,270
2022-10-13 09:35:00,197.63,197.959,195.515,197.111,68718
2022-10-13 09:40:00,197.331,197.331,194.747,195.261,34805
2022-10-13 09:45:00,195.276,196.268,194.887,195.775,25930
2022-10-13 09:50:00,195.914,197.5,195.705,196.682,41521
2022-10-13 09:55:00,196.463,198.473,196.373,197.849,34084
2022-10-13 10:00:00,197.78,198.368,197.672,198.228,34210
2022-10-13 10:05:00,198.348,199.745,198.348,199.625,23994
2022-10-13 10:10:00,199.954,201.046,199.874,200.961,41443
2022-10-13 10:15:00,200.832,200.842,199.834,200.124,30359
2022-10-13 10:20:00,200.084,201.241,199.944,201.121,29032
2022-10-13 10:25:00,201.071,201.331,200.213,200.303,31817
2022-10-13 10:30:00,200.244,200.523,199.455,199.625,25171
2022-10-13 10:35:00,199.625,201.311,199.625,200.951,19565
2022-10-13 10:40:00,200.772,201.121,200.533,201.061,21743
2022-10-13 10:45:00,200.892,201.425,200.762,201.061,8282
2022-10-13 10:50:00,201.041,201.39,200.802,201.126,11401
2022-10-13 10:55:00,201.111,201.181,200.453,200.667,11744
2022-10-13 11:00:00,200.582,201.081,200.303,200.393,13762
2022-10-13 11:05:00,200.203,200.333,200.035,200.134,10970
2022-10-13 11:10:00,200.124,201.445,200.039,201.281,17985
2022-10-13 11:15:00,201.191,201.819,200.912,201.819,18009
2022-10-13 11:20:00,202.248,204.113,201.764,203.156,25775
2022-10-13 11:25:00,203.385,204.921,203.385,204.016,36376
2022-10-13 11:30:00,204.033,204.213,203.405,203.894,13066
2022-10-13 11:35:00,203.894,204.064,203.106,203.266,32319
2022-10-13 11:40:00,203.415,205.68,203.415,205.377,13381
2022-10-13 11:45:00,205.46,206.009,205.015,205.69,40003
2022-10-13 11:50:00,205.759,205.819,204.782,205.141,21985
2022-10-13 11:55:00,204.692,204.951,204.393,204.822,12677
2022-10-13 12:00:00,204.938,205.091,204.473,204.602,11920
2022-10-13 12:05:00,204.722,205.325,204.722,205.251,8813
2022-10-13 12:10:00,205.32,205.43,204.941,205.43,10509
2022-10-13 12:15:00,205.231,205.231,204.807,204.991,14473
2022-10-13 12:20:00,204.991,205.276,204.872,205.041,24314
2022-10-13 12:25:00,205.001,205.729,204.961,205.48,20925
2022-10-13 12:30:00,205.48,205.48,204.707,204.971,26244
2022-10-13 12:35:00,205.081,205.281,204.582,205.041,16683
2022-10-13 12:40:00,205.176,205.176,204.832,204.832,7722
2022-10-13 12:45:00,204.837,205.749,204.837,205.59,9426
2022-10-13 12:50:00,205.57,205.809,205.3,205.809,9306
2022-10-13 12:55:00,205.709,206.009,205.4,205.4,8484
2022-10-13 13:00:00,205.425,205.66,205.271,205.36,10337
2022-10-13 13:05:00,205.43,205.699,205.251,205.565,11908
2022-10-13 13:10:00,205.56,205.63,205.081,205.091,9583
2022-10-13 13:15:00,205.126,205.296,204.852,204.971,13120
2022-10-13 13:20:00,205.041,205.181,204.832,205.076,8025
2022-10-13 13:25:00,205.026,205.42,204.981,205.261,18240
2022-10-13 13:30:00,205.261,206.388,205.091,205.959,34608
2022-10-13 13:35:00,205.829,206.458,205.819,206.458,9652
2022-10-13 13:40:00,206.537,206.537,206.019,206.228,13305
2022-10-13 13:45:00,206.218,206.443,205.829,205.879,12049
2022-10-13 13:50:00,205.949,206.258,205.699,206.148,15033
2022-10-13 13:55:00,206.173,206.428,206.015,206.343,18983
2022-10-13 14:00:00,206.258,206.368,205.48,205.68,50433
2022-10-13 14:05:00,205.46,205.779,205.35,205.56,12951
2022-10-13 14:10:00,205.62,205.709,205.037,205.211,15473
2022-10-13 14:15:00,205.171,205.52,205.061,205.32,13983
2022-10-13 14:20:00,205.34,205.59,205.131,205.206,8950
2022-10-13 14:25:00,205.131,205.244,204.772,205.076,14355
2022-10-13 14:30:00,205.031,205.031,204.493,204.622,7722
2022-10-13 14:35:00,204.657,204.951,204.657,204.941,8147
2022-10-13 14:40:00,205.021,205.31,204.872,205.31,8538
2022-10-13 14:45:00,205.191,205.51,205.141,205.51,9053
2022-10-13 14:50:00,205.48,205.809,205.325,205.759,22364
2022-10-13 14:55:00,205.65,206.054,205.585,205.999,10396
2022-10-13 15:00:00,206.029,206.398,206.014,206.218,14920
2022-10-13 15:05:00,206.218,206.248,205.999,206.118,13355
2022-10-13 15:10:00,206.208,206.567,206.163,206.453,14356
2022-10-13 15:15:00,206.448,206.458,206.213,206.213,8919
2022-10-13 15:20:00,206.098,206.468,206.084,206.223,12963
2022-10-13 15:25:00,206.203,206.328,206.014,206.238,8334
2022-10-13 15:30:00,206.148,206.233,205.749,205.799,17289
2022-10-13 15:35:00,205.859,205.989,205.226,205.271,11278
2022-10-13 15:40:00,205.236,205.32,205.056,205.32,22542
2022-10-13 15:45:00,205.33,205.62,205.091,205.515,17252
2022-10-13 15:50:00,205.5,205.719,205.355,205.56,26080
2022-10-13 15:55:00,205.52,205.63,205.191,205.44,44232
2022-10-13 16:00:00,205.38,205.46,204.882,205.151,116802
2022-10-13 16:05:00,205.161,205.161,205.161,205.161,32493
2022-10-14 09:35:00,206.208,207.809,205.799,207.665,38230
2022-10-14 09:40:00,207.834,208.472,207.316,208.472,9626
2022-10-14 09:45:00,208.644,208.712,206.742,206.807,13782
2022-10-14 09:50:00,206.732,206.732,206.196,206.348,7632
2022-10-14 09:55:00,206.607,206.946,206.178,206.298,7108
2022-10-14 10:00:00,206.607,206.877,206.178,206.497,23684
2022-10-14 10:05:00,206.288,206.288,204.503,205.32,13537
2022-10-14 10:10:00,205.59,205.844,204.612,205.141,17805
2022-10-14 10:15:00,205.54,205.54,203.754,203.914,9357
2022-10-14 10:20:00,203.715,204.173,203.565,203.764,10632
2022-10-14 10:25:00,203.675,203.675,202.867,203.186,18733
2022-10-14 10:30:00,203.355,203.984,203.096,203.754,9804
2022-10-14 10:35:00,203.655,204.323,203.535,203.954,30927
2022-10-14 10:40:00,203.924,204.273,203.844,204.233,11703
2022-10-14 10:45:00,204.383,204.443,203.016,203.435,7752
2022-10-14 10:50:00,203.35,203.575,202.976,202.976,2669
2022-10-14 10:55:00,203.026,203.535,202.528,203.4,18008
2022-10-14 11:00:00,203.306,203.824,203.306,203.525,9693
2022-10-14 11:05:00,203.53,204.438,203.53,204.267,8989
2022-10-14 11:10:00,204.293,204.333,203.43,203.43,19761
2022-10-14 11:15:00,203.485,203.555,202.867,202.887,23136
2022-10-14 11:20:00,202.812,202.917,202.019,202.019,10088
2022-10-14 11:25:00,202.408,202.817,202.348,202.468,3436
2022-10-14 11:30:00,202.577,202.936,202.557,202.847,4954
2022-10-14 11:35:00,202.797,202.797,202.373,202.373,6511
2022-10-14 11:40:00,202.478,202.827,202.183,202.687,10979
2022-10-14 11:45:00,202.747,202.787,202.383,202.542,7008
2022-10-14 11:50:00,202.674,202.907,202.328,202.657,27595
2022-10-14 11:55:00,202.777,202.847,202.388,202.488,12881
2022-10-14 12:00:00,202.488,202.867,202.418,202.607,4808
2022-10-14 12:05:00,202.488,203.166,202.463,203.106,9137
2022-10-14 12:10:00,203.026,203.026,202.141,202.223,12505
2022-10-14 12:15:00,202.129,202.438,201.949,202.029,8373
2022-10-14 12:20:00,201.969,202.368,201.889,202.293,5856
2022-10-14 12:25:00,202.099,202.443,202.079,202.288,3649
2022-10-14 12:30:00,202.273,202.458,201.989,202.188,7832
2022-10-14 12:35:00,202.378,202.378,201.777,201.777,5816
2022-10-14 12:40:00,201.73,202.343,201.73,202.228,6619
2022-10-14 12:45:00,202.218,202.847,202.153,202.702,5139
2022-10-14 12:50:00,202.687,202.817,202.188,202.298,5632
2022-10-14 12:55:00,202.258,202.278,201.949,202.129,5584
2022-10-14 13:00:00,202.129,202.188,201.969,202.034,4652
2022-10-14 13:05:00,202.129,202.537,202.129,202.258,6681
2022-10-14 13:10:00,202.243,202.243,201.735,201.989,7389
2022-10-14 13:15:00,202.079,202.348,201.779,201.839,6378
2022-10-14 13:20:00,201.809,202.119,201.809,201.919,8881
2022-10-14 13:25:00,201.784,202.168,201.597,202.079,12198
2022-10-14 13:30:00,202.009,202.228,201.799,202.178,6802
2022-10-14 13:35:00,202.288,202.508,202.248,202.278,5400
2022-10-14 13:40:00,202.233,202.388,202.014,202.248,6616
2022-10-14 13:45:00,202.248,202.468,202.148,202.278,6722
2022-10-14 13:50:00,202.298,202.478,202.248,202.258,6936
2022-10-14 13:55:00,202.238,202.288,201.904,202.188,11868
2022-10-14 14:00:00,202.248,202.458,202.039,202.438,11431
2022-10-14 14:05:00,202.348,202.488,202.258,202.488,5962
2022-10-14 14:10:00,202.403,202.827,202.238,202.488,7267
2022-10-14 14:15:00,202.495,202.587,202.288,202.308,5407
2022-10-14 14:20:00,202.186,202.238,201.949,202.109,5484
2022-10-14 14:25:00,202.198,202.218,202.036,202.163,6054
2022-10-14 14:30:00,202.163,202.168,201.749,202.124,9388
2022-10-14 14:35:00,202.049,202.049,201.6,201.6,11869
2022-10-14 14:40:00,201.53,201.6,201.404,201.513,6283
2022-10-14 14:45:00,201.43,201.58,201.056,201.535,8786
2022-10-14 14:50:00,201.45,201.57,201.37,201.485,8544
2022-10-14 14:55:00,201.47,201.711,201.45,201.58,7005
2022-10-14 15:00:00,201.535,201.72,201.44,201.72,10556
2022-10-14 15:05:00,201.899,202.099,201.69,201.849,14084
2022-10-14 15:10:00,201.829,201.989,201.595,201.68,15666
2022-10-14 15:15:00,201.62,201.999,201.59,201.889,9779
2022-10-14 15:20:00,201.744,201.744,201.37,201.58,11511
2022-10-14 15:25:00,201.62,202.238,201.61,202.119,8586
2022-10-14 15:30:00,202.119,202.413,202.089,202.248,13408
2022-10-14 15:35:00,202.208,202.428,201.899,202.428,17380
2022-10-14 15:40:00,202.478,202.592,202.069,202.104,24888
2022-10-14 15:45:00,202.059,202.059,201.779,201.959,22349
2022-10-14 15:50:00,201.95,201.95,201.6,201.894,41119
2022-10-14 15:55:00,202.059,202.188,201.849,202.019,52888
2022-10-14 16:00:00,202.079,202.079,200.951,201.231,109590
2022-10-14 16:05:00,201.191,201.191,201.191,201.191,23285
2022-10-17 09:35:00,205.101,207.246,205.101,206.956,18066
2022-10-17 09:40:00,206.961,208.832,206.946,208.208,19552
2022-10-17 09:45:00,207.974,208.622,207.954,208.183,15699
2022-10-17 09:50:00,208.263,208.881,207.724,208.712,19593
2022-10-17 09:55:00,208.921,208.996,208.163,208.413,30196
2022-10-17 10:00:00,208.333,208.482,207.852,208.108,12425
2022-10-17 10:05:00,208.133,208.612,208.024,208.492,10804
2022-10-17 10:10:00,208.492,208.612,207.515,207.769,9010
2022-10-17 10:15:00,208.083,208.871,208.083,208.687,7466
2022-10-17 10:20:00,208.746,208.995,208.545,208.58,6874
2022-10-17 10:25:00,208.792,208.923,207.969,208.078,7159
2022-10-17 10:30:00,207.964,207.964,206.637,206.637,21500
2022-10-17 10:35:00,206.617,207.056,206.138,206.587,12082
2022-10-17 10:40:00,206.757,207.535,206.757,207.455,10001
2022-10-17 10:45:00,207.575,207.764,207.335,207.679,8600
2022-10-17 10:50:00,207.665,208.293,207.665,208.064,17623
2022-10-17 10:55:00,207.974,208.059,207.206,207.275,23678
2022-10-17 11:00:00,207.256,207.395,206.862,207.395,8991
2022-10-17 11:05:00,207.47,207.734,207.236,207.525,23880
2022-10-17 11:10:00,207.485,207.485,206.492,206.547,15846
2022-10-17 11:15:00,206.487,206.966,206.428,206.522,11462
2022-10-17 11:20:00,206.567,206.697,206.378,206.507,8537
2022-10-17 11:25:00,206.727,207.111,206.517,207.106,17298
2022-10-17 11:30:00,207.206,207.565,207.156,207.455,11019
2022-10-17 11:35:00,207.445,207.884,207.305,207.525,10774
2022-10-17 11:40:00,207.485,207.784,207.415,207.754,9122
2022-10-17 11:45:00,207.804,208.064,207.535,207.6,9682
2022-10-17 11:50:00,207.605,207.729,207.435,207.729,7879
2022-10-17 11:55:00,207.754,207.874,207.605,207.684,7550
2022-10-17 12:00:00,207.635,207.784,207.465,207.749,9246
2022-10-17 12:05:00,207.844,208.143,207.824,208.073,17091
2022-10-17 12:10:00,208.059,208.832,208.054,208.832,11433
2022-10-17 12:15:00,208.772,208.802,208.335,208.802,8947
2022-10-17 12:20:00,208.817,209.081,208.637,209.081,14421
2022-10-17 12:25:00,209.011,209.121,208.782,208.951,12115
2022-10-17 12:30:00,208.981,209.63,208.931,209.25,31403
2022-10-17 12:35:00,209.246,209.37,209.111,209.171,18943
2022-10-17 12:40:00,209.171,209.36,209.101,209.36,8066
2022-10-17 12:45:00,209.29,209.34,208.682,208.921,8260
2022-10-17 12:50:00,208.891,208.926,208.662,208.762,6103
2022-10-17 12:55:00,208.822,209.101,208.678,209.066,6669
2022-10-17 13:00:00,209.092,209.136,208.692,208.692,6238
2022-10-17 13:05:00,208.657,208.682,208.213,208.433,8727
2022-10-17 13:10:00,208.482,208.742,208.482,208.742,5854
2022-10-17 13:15:00,208.572,208.572,208.293,208.338,4139
2022-10-17 13:20:00,208.353,208.433,207.774,207.774,10355
2022-10-17 13:25:00,207.714,208.218,207.714,208.143,9680
2022-10-17 13:30:00,208.133,208.462,207.824,208.403,21956
2022-10-17 13:35:00,208.462,208.462,207.894,208.163,7545
2022-10-17 13:40:00,208.168,208.333,208.168,208.263,6987
2022-10-17 13:45:00,208.208,208.208,207.714,207.804,6738
2022-10-17 13:50:00,207.753,208.223,207.714,208.173,8492
2022-10-17 13:55:00,208.233,208.233,207.994,208.073,7421
2022-10-17 14:00:00,208.044,208.293,207.959,208.293,10366
2022-10-17 14:05:00,208.248,208.577,208.153,208.313,11215
2022-10-17 14:10:00,208.313,208.368,208.044,208.288,11872
2022-10-17 14:15:00,208.293,208.323,208.004,208.014,10263
2022-10-17 14:20:00,207.874,208.014,207.575,208.004,14054
2022-10-17 14:25:00,208.095,208.128,207.824,207.874,6927
2022-10-17 14:30:00,207.824,207.884,207.59,207.635,6238
2022-10-17 14:35:00,207.709,207.734,207.535,207.575,9116
2022-10-17 14:40:00,207.525,208.308,207.525,208.263,37627
2022-10-17 14:45:00,208.472,208.592,208.333,208.502,5141
2022-10-17 14:50:00,208.497,208.657,208.358,208.527,7146
2022-10-17 14:55:00,208.522,208.542,208.443,208.477,5013
2022-10-17 15:00:00,208.438,208.742,208.293,208.293,11013
2022-10-17 15:05:00,208.383,208.692,208.293,208.512,9220
2022-10-17 15:10:00,208.532,208.861,208.532,208.832,10710
2022-10-17 15:15:00,208.842,209.031,208.632,208.891,21200
2022-10-17 15:20:00,208.961,209.006,208.577,208.727,15975
2022-10-17 15:25:00,208.752,208.991,208.522,208.832,10063
2022-10-17 15:30:00,208.842,208.941,208.752,208.852,9463
2022-10-17 15:35:00,208.772,208.971,208.712,208.911,10750
2022-10-17 15:40:00,208.896,209.076,208.792,208.797,19014
2022-10-17 15:45:00,208.842,209.38,208.782,209.315,20755
2022-10-17 15:50:00,209.295,209.33,208.762,208.772,30071
2022-10-17 15:55:00,208.802,209.001,208.672,208.792,46575
2022-10-17 16:00:00,208.852,208.861,208.073,208.592,106934
2022-10-17 16:05:00,208.592,208.592,208.592,208.592,65882
2022-10-18 09:25:00,214.198,214.198,214.198,214.198,350
2022-10-18 09:30:00,217.031,217.23,216.273,216.642,1481
2022-10-18 09:35:00,214.487,218.288,214.487,216.886,67017
2022-10-18 09:40:00,216.811,217.714,216.363,217.141,36812
2022-10-18 09:45:00,216.961,217.081,215.225,216.055,28327
2022-10-18 09:50:00,216.063,216.063,214.637,214.846,21003
2022-10-18 09:55:00,214.786,215.046,213.46,213.624,16670
2022-10-18 10:00:00,213.719,215.315,213.719,214.886,13525
2022-10-18 10:05:00,215.026,215.604,214.866,215.425,11989
2022-10-18 10:10:00,215.525,215.555,214.497,214.707,13186
2022-10-18 10:15:00,214.863,215.176,214.422,214.692,11826
2022-10-18 10:20:00,214.308,214.916,213.649,213.924,9988
2022-10-18 10:25:00,213.974,214.118,213.181,213.181,11414
2022-10-18 10:30:00,213.44,213.44,212.991,213.131,12505
2022-10-18 10:35:00,213.001,213.31,212.762,213.121,11028
2022-10-18 10:40:00,213.071,213.121,212.353,212.353,10287
2022-10-18 10:45:00,212.393,213.31,212.373,213.22,10869
2022-10-18 10:50:00,213.33,213.978,213.26,213.694,9568
2022-10-18 10:55:00,213.5,213.779,213.41,213.709,10012
2022-10-18 11:00:00,213.734,213.859,213.33,213.49,6435
2022-10-18 11:05:00,213.46,213.49,213.121,213.49,9166
2022-10-18 11:10:00,213.55,213.55,213.051,213.205,4722
2022-10-18 11:15:00,213.196,213.31,211.984,212.188,12796
2022-10-18 11:20:00,212.143,212.223,211.804,211.924,11261
2022-10-18 11:25:00,211.854,211.994,211.355,211.375,15116
2022-10-18 11:30:00,211.365,211.964,211.365,211.58,13721
2022-10-18 11:35:00,211.45,211.564,210.976,211.085,8571
2022-10-18 11:40:00,210.966,211.255,210.787,211.255,14659
2022-10-18 11:45:00,211.345,211.355,210.797,211.126,16843
2022-10-18 11:50:00,211.071,211.495,210.916,211.355,12501
2022-10-18 11:55:00,211.365,211.884,211.365,211.804,7753
2022-10-18 12:00:00,211.894,211.894,211.415,211.565,14753
2022-10-18 12:05:00,211.545,211.974,211.514,211.974,5510
2022-10-18 12:10:00,211.889,212.373,211.634,212.358,8160
2022-10-18 12:15:00,212.422,212.582,212.153,212.208,6978
2022-10-18 12:20:00,212.283,212.283,211.884,212.088,10488
2022-10-18 12:25:00,212.004,212.113,211.774,211.774,4702
2022-10-18 12:30:00,211.794,211.819,211.505,211.819,5723
2022-10-18 12:35:00,211.694,211.984,211.674,211.984,5790
2022-10-18 12:40:00,212.014,212.422,211.984,212.422,11833
2022-10-18 12:45:00,212.472,212.622,212.333,212.333,7620
2022-10-18 12:50:00,212.253,212.253,211.744,211.899,6333
2022-10-18 12:55:00,211.894,212.048,211.864,211.959,7391
2022-10-18 13:00:00,212.033,212.033,211.605,211.61,3241
2022-10-18 13:05:00,211.615,211.624,210.787,210.921,17344
2022-10-18 13:10:00,210.971,211.427,210.971,211.427,6269
2022-10-18 13:15:00,211.191,211.724,211.191,211.595,4943
2022-10-18 13:20:00,211.555,211.714,211.555,211.624,4172
2022-10-18 13:25:00,211.674,211.864,211.445,211.585,6453
2022-10-18 13:30:00,211.575,211.984,211.575,211.984,5693
2022-10-18 13:35:00,211.934,212.606,211.884,212.606,6022
2022-10-18 13:40:00,212.462,212.712,212.313,212.363,8045
2022-10-18 13:45:00,212.452,212.452,212.253,212.253,5402
2022-10-18 13:50:00,212.373,212.672,212.223,212.672,8738
2022-10-18 13:55:00,212.632,212.941,212.632,212.911,5078
2022-10-18 14:00:00,213.041,213.23,212.891,212.981,6976
2022-10-18 14:05:00,212.921,213.111,212.652,212.702,11834
2022-10-18 14:10:00,212.717,212.717,212.432,212.522,8181
2022-10-18 14:15:00,212.512,212.572,212.153,212.153,6840
2022-10-18 14:20:00,212.153,212.383,212.113,212.283,11327
2022-10-18 14:25:00,212.183,212.592,212.083,212.552,10002
2022-10-18 14:30:00,212.482,212.602,212.213,212.422,6873
2022-10-18 14:35:00,212.412,212.602,212.293,212.383,3295
2022-10-18 14:40:00,212.432,212.582,211.984,212.113,7216
2022-10-18 14:45:00,212.043,212.133,211.425,211.425,7727
2022-10-18 14:50:00,211.415,211.515,211.136,211.42,10557
2022-10-18 14:55:00,211.335,211.425,211.094,211.395,9513
2022-10-18 15:00:00,211.305,211.784,211.186,211.724,10675
2022-10-18 15:05:00,211.704,211.734,211.325,211.545,8284
2022-10-18 15:10:00,211.475,211.814,211.475,211.694,9224
2022-10-18 15:15:00,211.714,211.854,211.515,211.605,5661
2022-10-18 15:20:00,211.555,211.555,211.196,211.375,7422
2022-10-18 15:25:00,211.255,211.724,211.246,211.724,7209
2022-10-18 15:30:00,211.654,211.839,211.565,211.744,6749
2022-10-18 15:35:00,211.664,212.333,211.654,212.188,10596
2022-10-18 15:40:00,212.173,212.223,211.754,212.043,14406
2022-10-18 15:45:00,212.058,212.36,212.033,212.193,11020
2022-10-18 15:50:00,212.173,212.343,211.974,212.263,20097
2022-10-18 15:55:00,212.403,212.45,212.073,212.183,36114
2022-10-18 16:00:00,212.173,212.243,211.784,212.123,105227
2022-10-18 16:05:00,212.093,212.093,212.093,212.093,18602
2022-10-18 16:15:00,215.265,215.824,215.265,215.824,1356
2022-10-19 09:35:00,209.49,210.766,207.485,209.61,25962
2022-10-19 09:40:00,209.819,210.228,208.622,208.622,11595
2022-10-19 09:45:00,208.871,209.096,208.223,208.462,10431
2022-10-19 09:50:00,208.891,209.27,208.054,208.413,10207
2022-10-19 09:55:00,208.403,209.061,208.213,208.213,15336
2022-10-19 10:00:00,208.482,208.492,207.395,207.455,21785
2022-10-19 10:05:00,207.425,208.852,207.425,208.702,7345
2022-10-19 10:10:00,208.911,208.911,208.542,208.722,6876
2022-10-19 10:15:00,208.712,209.016,208.293,209.016,9639
2022-10-19 10:20:00,209.101,209.445,208.792,208.802,9674
2022-10-19 10:25:00,208.971,209.729,208.572,209.36,12484
2022-10-19 10:30:00,209.46,209.465,208.921,209.071,6494
2022-10-19 10:35:00,209.214,209.221,208.951,208.951,5071
2022-10-19 10:40:00,209.211,209.31,208.822,209.006,9414
2022-10-19 10:45:00,209.011,209.011,208.163,208.433,8835
2022-10-19 10:50:00,208.453,208.921,208.223,208.263,9850
2022-10-19 10:55:00,208.418,208.418,208.133,208.213,5814
2022-10-19 11:00:00,208.153,208.263,207.954,208.078,8287
2022-10-19 11:05:00,208.113,208.148,207.704,207.809,10784
2022-10-19 11:10:00,207.829,208.403,207.824,208.403,10605
2022-10-19 11:15:00,208.323,208.722,208.143,208.143,10836
2022-10-19 11:20:00,208.078,208.502,208.034,208.373,7837
2022-10-19 11:25:00,208.263,208.303,208.024,208.024,5118
2022-10-19 11:30:00,207.964,207.964,207.665,207.814,4287
2022-10-19 11:35:00,207.595,207.864,207.515,207.854,5326
2022-10-19 11:40:00,207.774,208.031,207.59,208.031,5132
2022-10-19 11:45:00,208.103,208.103,207.834,207.834,3866
2022-10-19 11:50:00,207.894,208.343,207.894,208.263,4097
2022-10-19 11:55:00,208.233,208.632,208.233,208.467,5323
2022-10-19 12:00:00,208.467,208.472,208.278,208.278,3246
2022-10-19 12:05:00,208.213,208.248,207.684,207.954,5905
2022-10-19 12:10:00,207.734,207.864,207.465,207.515,3033
2022-10-19 12:15:00,207.495,207.595,207.355,207.395,4115
2022-10-19 12:20:00,207.435,207.435,207.036,207.111,5710
2022-10-19 12:25:00,207.086,207.086,206.797,206.797,4592
2022-10-19 12:30:00,206.742,206.742,206.208,206.208,10052
2022-10-19 12:35:00,206.143,206.597,206.143,206.44,14763
2022-10-19 12:40:00,206.358,206.567,206.268,206.278,6837
2022-10-19 12:45:00,206.248,206.348,205.869,205.939,9650
2022-10-19 12:50:00,205.929,205.929,205.5,205.602,9203
2022-10-19 12:55:00,205.739,205.989,205.699,205.939,3774
2022-10-19 13:00:00,206.004,206.218,205.939,206.218,4950
2022-10-19 13:05:00,206.108,206.173,205.041,205.041,10885
2022-10-19 13:10:00,204.949,205.45,204.797,205.066,6849
2022-10-19 13:15:00,205.061,205.141,204.971,204.971,4813
2022-10-19 13:20:00,204.902,205.36,204.902,205.231,7897
2022-10-19 13:25:00,205.231,205.39,205.161,205.201,7295
2022-10-19 13:30:00,205.271,205.65,205.256,205.435,4175
2022-10-19 13:35:00,205.39,205.66,205.33,205.53,6037
2022-10-19 13:40:00,205.49,205.889,205.44,205.44,8707
2022-10-19 13:45:00,205.355,205.999,205.35,205.844,4108
2022-10-19 13:50:00,205.969,206.069,205.42,205.445,7022
2022-10-19 13:55:00,205.42,205.64,205.31,205.51,7526
2022-10-19 14:00:00,205.63,205.829,205.4,205.829,6467
2022-10-19 14:05:00,205.749,206.238,205.691,206.228,6854
2022-10-19 14:10:00,206.378,206.687,206.148,206.552,6248
2022-10-19 14:15:00,206.428,206.757,206.378,206.727,4499
2022-10-19 14:20:00,206.827,207.046,206.627,206.627,8899
2022-10-19 14:25:00,206.602,206.837,206.602,206.837,2633
2022-10-19 14:30:00,206.946,207.046,206.747,206.901,6225
2022-10-19 14:35:00,206.976,206.996,206.727,206.767,5154
2022-10-19 14:40:00,207.056,207.056,206.767,206.896,3442
2022-10-19 14:45:00,206.797,206.847,206.627,206.747,5519
2022-10-19 14:50:00,206.497,206.592,206.473,206.487,2563
2022-10-19 14:55:00,206.408,206.497,206.338,206.338,2978
2022-10-19 15:00:00,206.363,206.667,206.338,206.572,9077
2022-10-19 15:05:00,206.468,206.762,206.418,206.418,7718
2022-10-19 15:10:00,206.358,206.627,206.258,206.622,8487
2022-10-19 15:15:00,206.662,206.827,206.597,206.737,7251
2022-10-19 15:20:00,206.762,207.206,206.727,207.046,8367
2022-10-19 15:25:00,207.006,207.146,206.877,206.877,5242
2022-10-19 15:30:00,206.807,206.956,206.517,206.617,7509
2022-10-19 15:35:00,206.557,206.567,206.348,206.358,14443
2022-10-19 15:40:00,206.398,206.507,206.258,206.258,16579
2022-10-19 15:45:00,206.293,206.717,206.293,206.707,19437
2022-10-19 15:50:00,206.657,206.737,206.268,206.473,24923
2022-10-19 15:55:00,206.438,206.956,206.418,206.931,47992
2022-10-19 16:00:00,206.986,207.036,206.248,206.707,138721
2022-10-19 16:05:00,206.717,206.717,206.717,206.717,48824
2022-10-20 09:35:00,205.809,206.131,204.443,205.42,29728
2022-10-20 09:40:00,205.874,205.874,204.911,204.911,9515
2022-10-20 09:45:00,204.602,205.111,204.113,204.522,13348
2022-10-20 09:50:00,204.712,204.792,204.133,204.762,16958
2022-10-20 09:55:00,204.902,205.929,204.852,205.699,13031
2022-10-20 10:00:00,205.49,206.088,205.355,205.355,18213
2022-10-20 10:05:00,205.5,206.916,205.33,206.916,15072
2022-10-20 10:10:00,207.136,207.994,207.126,207.994,7892
2022-10-20 10:15:00,208.024,208.024,207.046,207.395,37208
2022-10-20 10:20:00,207.475,208.093,206.886,208.093,22259
2022-10-20 10:25:00,208.014,208.27,207.824,207.839,14358
2022-10-20 10:30:00,207.814,207.884,206.896,207.405,16618
2022-10-20 10:35:00,207.445,207.555,206.158,206.348,19456
2022-10-20 10:40:00,206.517,206.517,205.749,206.049,29140
2022-10-20 10:45:00,206.049,206.049,204.882,205.281,31003
2022-10-20 10:50:00,205.67,205.859,205.231,205.3,14062
2022-10-20 10:55:00,205.41,205.41,204.632,204.762,18395
2022-10-20 11:00:00,204.902,204.931,204.383,204.762,19915
2022-10-20 11:05:00,204.792,204.812,203.964,204.014,29549
2022-10-20 11:10:00,203.974,204.433,203.874,204.263,20937
2022-10-20 11:15:00,204.383,204.637,204.084,204.313,10279
2022-10-20 11:20:00,204.223,204.243,203.106,203.176,14661
2022-10-20 11:25:00,203.306,203.635,202.917,203.296,19698
2022-10-20 11:30:00,203.435,203.435,202.238,202.647,10330
2022-10-20 11:35:00,202.667,203.156,202.218,203.066,23904
2022-10-20 11:40:00,203.146,203.166,202.567,202.922,23785
2022-10-20 11:45:00,203.106,203.256,202.847,202.847,12677
2022-10-20 11:50:00,202.951,203.764,202.922,203.645,28348
2022-10-20 11:55:00,203.744,204.293,203.545,203.954,14128
2022-10-20 12:00:00,204.004,204.173,203.515,203.535,15257
2022-10-20 12:05:00,203.555,203.598,202.976,203.166,10679
2022-10-20 12:10:00,203.226,203.226,202.148,202.218,19886
2022-10-20 12:15:00,202.188,202.248,201.779,202.049,9414
2022-10-20 12:20:00,201.949,202.657,201.949,202.592,12790
2022-10-20 12:25:00,202.592,203.196,202.567,202.797,35622
2022-10-20 12:30:00,202.827,202.887,202.378,202.657,17222
2022-10-20 12:35:00,202.617,203.316,202.577,203.046,10103
2022-10-20 12:40:00,203.056,203.086,202.697,202.817,6847
2022-10-20 12:45:00,202.807,202.927,202.647,202.709,5898
2022-10-20 12:50:00,202.755,202.755,201.74,201.749,23413
2022-10-20 12:55:00,201.879,202.049,201.849,202.029,6066
2022-10-20 13:00:00,202.064,202.129,201.49,201.63,17135
2022-10-20 13:05:00,201.61,202.029,201.552,201.759,21678
2022-10-20 13:10:00,201.759,201.759,200.692,200.802,15523
2022-10-20 13:15:00,200.772,201.566,200.692,201.36,8412
2022-10-20 13:20:00,201.341,201.42,201.081,201.171,8571
2022-10-20 13:25:00,201.251,201.869,201.176,201.6,13887
2022-10-20 13:30:00,201.51,201.859,201.331,201.425,18283
2022-10-20 13:35:00,201.49,201.49,200.971,201.161,10163
2022-10-20 13:40:00,201.061,201.221,200.922,200.981,8661
2022-10-20 13:45:00,200.961,201.301,200.612,201.266,17473
2022-10-20 13:50:00,201.141,201.141,200.323,200.403,12708
2022-10-20 13:55:00,200.313,200.533,200.044,200.458,11808
2022-10-20 14:00:00,200.378,200.523,200.154,200.523,9798
2022-10-20 14:05:00,200.483,200.602,200.054,200.084,9944
2022-10-20 14:10:00,200.084,200.124,199.665,199.705,7312
2022-10-20 14:15:00,199.904,199.904,199.635,199.635,6979
2022-10-20 14:20:00,199.715,199.894,199.545,199.715,38768
2022-10-20 14:25:00,199.745,199.864,199.286,199.316,27782
2022-10-20 14:30:00,199.405,200.373,199.405,200.373,12555
2022-10-20 14:35:00,200.213,200.802,200.134,200.692,9190
2022-10-20 14:40:00,200.802,200.802,200.562,200.562,11225
2022-10-20 14:45:00,200.562,200.622,200.044,200.069,10969
2022-10-20 14:50:00,200.064,200.543,199.635,200.353,29679
2022-10-20 14:55:00,200.263,200.622,200.084,200.554,18844
2022-10-20 15:00:00,200.553,200.971,200.553,200.577,9330
2022-10-20 15:05:00,200.548,200.852,200.548,200.702,18857
2022-10-20 15:10:00,200.762,201.026,200.762,200.782,16091
2022-10-20 15:15:00,200.932,200.987,200.433,200.652,25015
2022-10-20 15:20:00,200.582,200.582,200.383,200.393,18972
2022-10-20 15:25:00,200.393,200.513,200.004,200.393,22719
2022-10-20 15:30:00,200.363,200.423,199.924,200.094,19609
2022-10-20 15:35:00,200.034,200.303,199.814,200.034,17366
2022-10-20 15:40:00,199.994,200.323,199.854,200.054,24181
2022-10-20 15:45:00,200.004,200.602,199.974,200.533,22260
2022-10-20 15:50:00,200.483,200.582,200.139,200.553,32128
2022-10-20 15:55:00,200.453,200.961,200.453,200.832,46083
2022-10-20 16:00:00,200.872,200.912,200.508,200.572,137356
2022-10-20 16:05:00,200.712,200.712,200.712,200.712,45471
2022-10-20 18:55:00,200.712,200.712,200.712,200.712,1108
2022-10-21 09:05:00,199.495,199.495,199.495,199.495,416
2022-10-21 09:30:00,198.867,199.834,197.989,197.989,1700
2022-10-21 09:35:00,199.006,201.909,198.508,200.877,113088
2022-10-21 09:40:00,201.026,201.999,199.495,199.844,8223
2022-10-21 09:45:00,199.375,200.323,198.617,199.725,26815
2022-10-21 09:50:00,199.984,201.914,199.884,200.839,16360
2022-10-21 09:55:00,200.682,201.343,200.533,200.782,16694
2022-10-21 10:00:00,200.947,201.959,200.782,201.6,16640
2022-10-21 10:05:00,201.819,202.832,201.819,202.757,10539
2022-10-21 10:10:00,202.931,204.133,202.687,202.687,33973
2022-10-21 10:15:00,202.697,203.223,202.697,203.056,14035
2022-10-21 10:20:00,203.206,203.51,202.797,203.026,13720
2022-10-21 10:25:00,203.006,203.246,201.909,202.019,17818
2022-10-21 10:30:00,201.889,202.223,201.321,201.321,22956
2022-10-21 10:35:00,201.281,202.677,201.231,202.034,28956
2022-10-21 10:40:00,202.238,202.518,201.889,202.059,20538
2022-10-21 10:45:00,202.178,202.632,201.71,202.632,27633
2022-10-21 10:50:00,202.637,203.615,202.418,202.827,16946
2022-10-21 10:55:00,202.867,203.101,202.178,202.647,30811
2022-10-21 11:00:00,202.652,202.652,201.54,201.57,19696
2022-10-21 11:05:00,201.56,201.62,200.922,201.43,20133
2022-10-21 11:10:00,201.52,201.789,200.942,201.56,10397
2022-10-21 11:15:00,201.61,202.438,201.48,201.944,12583
2022-10-21 11:20:00,201.989,202.258,201.759,201.849,6485
2022-10-21 11:25:00,201.759,202.308,201.565,201.58,16756
2022-10-21 11:30:00,201.73,202.682,201.625,202.682,7390
2022-10-21 11:35:00,202.682,203.724,202.537,203.026,14807
2022-10-21 11:40:00,203.166,203.256,202.468,202.607,8216
2022-10-21 11:45:00,202.498,203.246,202.408,203.246,6622
2022-10-21 11:50:00,203.246,203.585,203.056,203.261,20615
2022-10-21 11:55:00,203.141,203.4,202.946,203.051,8090
2022-10-21 12:00:00,203.096,203.35,202.966,202.996,8063
2022-10-21 12:05:00,203.196,204.433,203.036,203.904,27228
2022-10-21 12:10:00,203.934,203.954,203.555,203.954,9520
2022-10-21 12:15:00,203.874,203.874,203.335,203.705,13292
2022-10-21 12:20:00,203.734,204.109,203.505,203.71,61450
2022-10-21 12:25:00,203.635,204.263,203.565,204.263,42124
2022-10-21 12:30:00,204.213,204.213,203.675,203.794,12463
2022-10-21 12:35:00,203.884,204.547,203.864,204.283,28056
2022-10-21 12:40:00,204.323,205.283,204.323,204.602,15699
2022-10-21 12:45:00,204.652,205.3,204.652,205.081,7964
2022-10-21 12:50:00,205.146,205.739,204.991,205.37,16771
2022-10-21 12:55:00,205.52,205.67,205.35,205.41,4776
2022-10-21 13:00:00,205.48,205.49,205.161,205.415,22665
2022-10-21 13:05:00,205.475,206.118,205.47,206.079,15659
2022-10-21 13:10:00,206.128,206.288,205.3,205.335,28176
2022-10-21 13:15:00,205.395,205.734,205.355,205.545,13306
2022-10-21 13:20:00,205.47,206.024,205.31,206.024,16045
2022-10-21 13:25:00,205.909,206.019,205.53,205.62,18513
2022-10-21 13:30:00,205.63,205.889,205.63,205.789,13666
2022-10-21 13:35:00,205.829,206.118,205.719,205.719,20340
2022-10-21 13:40:00,205.69,206.258,205.68,206.218,21306
2022-10-21 13:45:00,206.148,206.492,206.148,206.218,11511
2022-10-21 13:50:00,206.308,206.597,206.213,206.492,22113
2022-10-21 13:55:00,206.492,206.936,206.492,206.752,19979
2022-10-21 14:00:00,206.717,206.946,206.355,206.767,16315
2022-10-21 14:05:00,206.767,206.946,206.647,206.727,15751
2022-10-21 14:10:00,206.727,207.086,206.517,207.086,20580
2022-10-21 14:15:00,207.031,207.365,206.707,206.877,31835
2022-10-21 14:20:00,206.996,206.996,206.597,206.667,17360
2022-10-21 14:25:00,206.577,206.577,205.889,205.914,10382
2022-10-21 14:30:00,205.874,206.118,205.51,206.118,25583
2022-10-21 14:35:00,206.148,206.497,205.949,205.949,28680
2022-10-21 14:40:00,205.959,206.079,205.59,205.859,29082
2022-10-21 14:45:00,205.779,206.009,205.111,205.111,33621
2022-10-21 14:50:00,205.171,205.62,205.071,205.36,39059
2022-10-21 14:55:00,205.425,205.46,204.991,204.991,9311
2022-10-21 15:00:00,204.862,205.6,204.852,205.59,18349
2022-10-21 15:05:00,205.6,206.009,205.34,205.989,19792
2022-10-21 15:10:00,205.919,206.428,205.839,206.428,16916
2022-10-21 15:15:00,206.448,206.448,205.774,206.108,17430
2022-10-21 15:20:00,206.093,206.328,205.929,206.113,20379
2022-10-21 15:25:00,206.198,206.478,206.148,206.393,25018
2022-10-21 15:30:00,206.478,207.106,206.408,207.016,61326
2022-10-21 15:35:00,207.001,207.001,206.298,206.298,25797
2022-10-21 15:40:00,206.328,206.397,205.979,206.208,52925
2022-10-21 15:45:00,206.203,206.906,206.198,206.717,36810
2022-10-21 15:50:00,206.737,207.106,206.557,207.061,42114
2022-10-21 15:55:00,207.056,207.375,206.837,207.216,75432
2022-10-21 16:00:00,207.216,207.405,206.886,207.156,147488
2022-10-21 16:05:00,207.295,207.295,207.295,207.295,45742
2022-10-21 16:15:00,202.029,202.029,202.029,202.029,100
2022-10-21 16:35:00,207.295,207.295,207.295,207.295,700
2022-10-21 16:40:00,207.295,207.295,207.295,207.295,200
2022-10-21 19:00:00,207.295,207.295,207.295,207.295,200
2022-10-24 09:30:00,207.655,207.655,207.655,207.655,110
2022-10-24 09:35:00,208.552,208.552,207.026,207.789,23209
2022-10-24 09:40:00,207.734,210.293,207.734,209.181,26719
2022-10-24 09:45:00,208.562,208.562,206.976,207.565,12589
2022-10-24 09:50:00,207.655,211.295,207.655,211.091,33645
2022-10-24 09:55:00,211.111,211.121,209.53,210.108,16211
2022-10-24 10:00:00,210.108,210.298,209.275,209.759,19414
2022-10-24 10:05:00,209.894,210.068,208.393,208.393,12554
2022-10-24 10:10:00,208.303,209.41,208.163,209.191,26934
2022-10-24 10:15:00,209.011,209.345,208.712,209.345,12737
2022-10-24 10:20:00,209.241,209.49,208.842,209.32,9929
2022-10-24 10:25:00,209.405,209.58,208.048,208.153,77870
2022-10-24 10:30:00,208.213,209.3,208.213,209.3,16480
2022-10-24 10:35:00,209.241,209.819,209.071,209.819,13476
2022-10-24 10:40:00,210.128,210.358,209.859,210.118,14091
2022-10-24 10:45:00,210.248,210.358,209.874,210.068,10236
2022-10-24 10:50:00,209.989,210.098,209.55,209.645,6854
2022-10-24 10:55:00,209.645,210.817,209.54,210.542,20647
2022-10-24 11:00:00,210.542,210.836,210.098,210.657,7626
2022-10-24 11:05:00,210.797,210.946,210.248,210.743,13228
2022-10-24 11:10:00,210.817,211.156,210.313,210.358,15725
2022-10-24 11:15:00,210.482,211.061,210.368,211.061,6402
2022-10-24 11:20:00,211.086,211.335,210.567,210.747,10828
2022-10-24 11:25:00,210.777,211.245,210.697,210.697,11216
2022-10-24 11:30:00,210.657,211.465,210.647,211.27,18605
2022-10-24 11:35:00,211.37,211.764,211.36,211.57,12989
2022-10-24 11:40:00,211.54,212.153,211.54,211.984,24885
2022-10-24 11:45:00,212.053,212.113,211.694,211.874,18519
2022-10-24 11:50:00,211.874,212.243,211.575,212.103,12347
2022-10-24 11:55:00,212.148,212.811,212.148,212.811,15180
2022-10-24 12:00:00,212.831,213.076,212.652,212.836,15234
2022-10-24 12:05:00,212.742,212.981,212.562,212.652,10732
2022-10-24 12:10:00,212.687,212.901,212.592,212.792,10919
2022-10-24 12:15:00,212.622,213.011,212.482,212.871,13106
2022-10-24 12:20:00,212.911,213.121,212.482,213.001,15232
2022-10-24 12:25:00,213.041,213.181,212.802,212.981,11771
2022-10-24 12:30:00,213.031,213.071,212.841,212.899,19307
2022-10-24 12:35:00,212.971,212.991,212.622,212.622,10883
2022-10-24 12:40:00,212.462,212.881,212.452,212.792,7052
2022-10-24 12:45:00,212.792,212.861,212.522,212.717,11727
2022-10-24 12:50:00,212.717,213.156,212.717,213.156,10218
2022-10-24 12:55:00,213.161,213.295,213.021,213.126,8754
2022-10-24 13:00:00,213.141,213.21,212.802,212.856,14740
2022-10-24 13:05:00,212.876,212.919,212.617,212.752,11763
2022-10-24 13:10:00,212.782,213.061,212.742,212.792,14261
2022-10-24 13:15:00,212.792,212.886,212.622,212.752,9223
2022-10-24 13:20:00,212.752,212.836,212.482,212.607,14989
2022-10-24 13:25:00,212.612,212.672,212.363,212.532,15340
2022-10-24 13:30:00,212.587,213.061,212.492,212.732,17565
2022-10-24 13:35:00,212.806,212.831,212.343,212.427,12051
2022-10-24 13:40:00,212.472,212.472,211.804,212.063,15559
2022-10-24 13:45:00,212.103,212.961,212.063,212.961,14771
2022-10-24 13:50:00,212.911,213.061,212.83,213.061,21128
2022-10-24 13:55:00,213.006,213.131,212.901,212.911,14420
2022-10-24 14:00:00,212.986,213.041,212.821,212.821,10397
2022-10-24 14:05:00,212.911,213.181,212.831,212.851,16505
2022-10-24 14:10:00,212.891,212.911,212.442,212.472,34307
2022-10-24 14:15:00,212.502,212.542,212.363,212.492,9306
2022-10-24 14:20:00,212.492,212.572,212.343,212.343,13410
2022-10-24 14:25:00,212.363,212.507,212.263,212.492,16503
2022-10-24 14:30:00,212.492,213.136,212.442,213.136,21939
2022-10-24 14:35:00,213.141,213.53,213.071,213.51,35948
2022-10-24 14:40:00,213.49,213.55,212.821,212.871,16458
2022-10-24 14:45:00,212.961,213.66,212.841,213.46,19375
2022-10-24 14:50:00,213.599,213.599,213.38,213.53,12363
2022-10-24 14:55:00,213.485,213.659,213.38,213.49,14032
2022-10-24 15:00:00,213.515,213.969,213.391,213.959,31093
2022-10-24 15:05:00,213.979,214.028,213.629,213.659,16318
2022-10-24 15:10:00,213.684,213.759,213.58,213.59,13154
2022-10-24 15:15:00,213.669,214.368,213.669,214.318,25118
2022-10-24 15:20:00,214.298,214.407,214.108,214.203,46597
2022-10-24 15:25:00,214.203,214.258,213.51,213.595,32226
2022-10-24 15:30:00,213.55,213.659,213.126,213.181,24320
2022-10-24 15:35:00,213.126,213.35,212.762,212.802,22338
2022-10-24 15:40:00,212.802,212.831,212.472,212.482,30009
2022-10-24 15:45:00,212.517,212.762,212.432,212.557,28542
2022-10-24 15:50:00,212.595,212.826,212.457,212.597,33746
2022-10-24 15:55:00,212.662,212.662,212.143,212.183,69237
2022-10-24 16:00:00,212.153,212.532,212.014,212.462,153337
2022-10-24 16:05:00,211.994,211.994,211.994,211.994,44771
2022-10-24 18:20:00,214.208,214.208,214.208,214.208,369
2022-10-25 08:10:00,224.432,224.432,224.432,224.432,1068
2022-10-25 08:25:00,223.435,223.435,223.435,223.435,103
2022-10-25 08:55:00,219.445,219.445,219.445,219.445,154
2022-10-25 09:00:00,223.425,223.435,223.425,223.435,200
2022-10-25 09:25:00,223.435,223.435,223.435,223.435,130
2022-10-25 09:30:00,223.435,225.639,223.435,225.45,4070
2022-10-25 09:35:00,224.332,227.993,222.714,225.2,284163
2022-10-25 09:40:00,225.13,226.407,220.053,222.178,109428
2022-10-25 09:45:00,222.477,223.23,219.006,220.243,80874
2022-10-25 09:50:00,220.208,221.44,218.727,219.305,52246
2022-10-25 09:55:00,219.644,222.258,219.644,221.889,35872
2022-10-25 10:00:00,222.427,222.816,221.509,222.497,42307
2022-10-25 10:05:00,222.517,223.255,219.245,219.4,49888
2022-10-25 10:10:00,219.076,220.113,218.582,220.113,30378
2022-10-25 10:15:00,220.505,220.505,219.165,220.198,18467
2022-10-25 10:20:00,220.542,220.572,219.943,220.497,10893
2022-10-25 10:25:00,220.502,220.672,219.844,220.073,22120
2022-10-25 10:30:00,220.273,221.649,220.273,221.579,24304
2022-10-25 10:35:00,221.659,222.268,221.37,221.624,21975
2022-10-25 10:40:00,221.624,221.624,220.522,220.906,21790
2022-10-25 10:45:00,220.741,221.165,219.794,220.841,18828
2022-10-25 10:50:00,221.165,221.569,220.392,221.435,25037
2022-10-25 10:55:00,221.3,222.208,221.3,221.574,22366
2022-10-25 11:00:00,221.509,222.288,221.25,221.25,21566
2022-10-25 11:05:00,221.36,221.549,220.442,221.42,17522
2022-10-25 11:10:00,221.5,221.938,221.13,221.599,25640
2022-10-25 11:15:00,221.39,222.118,221.345,222.043,14968
2022-10-25 11:20:00,222.176,222.367,221.315,221.579,35248
2022-10-25 11:25:00,221.764,222.437,221.764,222.357,40445
2022-10-25 11:30:00,222.367,222.686,222.228,222.607,24788
2022-10-25 11:35:00,222.587,223.435,222.587,222.876,45578
2022-10-25 11:40:00,222.756,223.415,222.736,223.125,21541
2022-10-25 11:45:00,222.996,223.021,221.839,222.188,30183
2022-10-25 11:50:00,222.327,222.367,221.879,222.163,13804
2022-10-25 11:55:00,222.048,222.248,220.861,220.951,29779
2022-10-25 12:00:00,220.941,221.17,220.592,220.632,15220
2022-10-25 12:05:00,220.821,220.921,219.829,219.983,21047
2022-10-25 12:10:00,220.023,220.043,219.624,219.624,13864
2022-10-25 12:15:00,219.515,220.652,219.385,220.652,25587
2022-10-25 12:20:00,220.452,221.2,220.103,221.2,20119
2022-10-25 12:25:00,221.26,221.28,220.213,220.426,17248
2022-10-25 12:30:00,220.467,220.687,219.854,220.113,21077
2022-10-25 12:35:00,219.973,221.43,219.973,220.956,29403
2022-10-25 12:40:00,220.931,221.102,220.662,220.921,18220
2022-10-25 12:45:00,220.951,220.951,220.422,220.562,10142
2022-10-25 12:50:00,220.597,220.781,220.013,220.013,17511
2022-10-25 12:55:00,219.953,219.953,219.445,219.524,21284
2022-10-25 13:00:00,219.524,219.874,219.515,219.619,9566
2022-10-25 13:05:00,219.704,220.183,219.544,219.744,17659
2022-10-25 13:10:00,219.854,220.512,219.844,220.502,9377
2022-10-25 13:15:00,220.442,220.991,220.417,220.821,29643
2022-10-25 13:20:00,220.711,220.931,220.492,220.602,14660
2022-10-25 13:25:00,220.484,220.731,220.303,220.731,10891
2022-10-25 13:30:00,220.771,220.901,220.612,220.901,11433
2022-10-25 13:35:00,220.921,221.2,220.881,220.896,15616
2022-10-25 13:40:00,220.781,220.851,220.213,220.313,13810
2022-10-25 13:45:00,220.153,220.263,219.425,219.5,51339
2022-10-25 13:50:00,219.539,219.784,219.345,219.455,28920
2022-10-25 13:55:00,219.475,219.874,219.34,219.694,18208
2022-10-25 14:00:00,219.554,219.614,219.285,219.604,11574
2022-10-25 14:05:00,219.515,219.794,219.006,219.684,38705
2022-10-25 14:10:00,219.656,220.263,219.604,220.203,15283
2022-10-25 14:15:00,220.173,220.442,219.654,219.864,27564
2022-10-25 14:20:00,219.914,219.983,219.385,219.624,14762
2022-10-25 14:25:00,219.574,219.674,219.305,219.564,13985
2022-10-25 14:30:00,219.604,219.604,219.345,219.435,40983
2022-10-25 14:35:00,219.455,220.303,219.365,220.283,20282
2022-10-25 14:40:00,220.283,220.362,220.103,220.163,14311
2022-10-25 14:45:00,220.223,220.382,219.904,220.023,64719
2022-10-25 14:50:00,220.003,220.153,219.844,219.953,28957
2022-10-25 14:55:00,219.904,220.123,219.904,220.065,39755
2022-10-25 15:00:00,220.023,220.138,219.654,219.694,23032
2022-10-25 15:05:00,219.699,219.724,219.465,219.644,23967
2022-10-25 15:10:00,219.619,220.143,219.619,219.943,35216
2022-10-25 15:15:00,220.028,220.028,219.515,219.674,19302
2022-10-25 15:20:00,219.694,219.754,219.355,219.594,21628
2022-10-25 15:25:00,219.544,219.644,219.445,219.544,24642
2022-10-25 15:30:00,219.624,219.694,219.395,219.47,37513
2022-10-25 15:35:00,219.505,219.734,219.415,219.584,45959
2022-10-25 15:40:00,219.559,220.058,219.37,220.033,69546
2022-10-25 15:45:00,220.058,220.058,219.694,219.704,41220
2022-10-25 15:50:00,219.749,219.794,219.445,219.644,52365
2022-10-25 15:55:00,219.674,219.993,219.445,219.559,97791
2022-10-25 16:00:00,219.515,219.734,219.405,219.524,146667
2022-10-25 16:05:00,219.644,219.644,219.644,219.644,23524
2022-10-26 09:35:00,218.896,219.644,218.477,219.056,37709
2022-10-26 09:40:00,218.856,220.647,218.856,219.634,23176
2022-10-26 09:45:00,219.485,219.534,218.238,218.447,19713
2022-10-26 09:50:00,218.447,219.145,215.649,216.133,28519
2022-10-26 09:55:00,216.138,216.462,215.026,215.026,21147
2022-10-26 10:00:00,214.966,215.525,214.836,215.185,7678
2022-10-26 10:05:00,215.565,217.2,215.565,216.921,31970
2022-10-26 10:10:00,216.353,217.19,216.243,216.931,13378
2022-10-26 10:15:00,217.011,217.021,216.243,216.367,18745
2022-10-26 10:20:00,216.133,216.856,216.013,216.452,27730
2022-10-26 10:25:00,216.432,216.432,215.739,216.103,24397
2022-10-26 10:30:00,215.934,216.831,215.934,216.622,22176
2022-10-26 10:35:00,216.542,217.21,216.303,217.18,42168
2022-10-26 10:40:00,217.081,217.729,216.662,216.687,31572
2022-10-26 10:45:00,216.582,216.931,215.914,216.003,39933
2022-10-26 10:50:00,215.904,216.133,215.654,215.904,33474
2022-10-26 10:55:00,215.993,216.353,215.854,216.353,26778
2022-10-26 11:00:00,216.313,216.313,215.744,215.959,15070
2022-10-26 11:05:00,215.983,217.51,215.983,217.46,8299
2022-10-26 11:10:00,217.34,218.407,217.33,218.058,14469
2022-10-26 11:15:00,217.988,218.597,217.948,218.372,6074
2022-10-26 11:20:00,218.273,218.617,218.158,218.517,7095
2022-10-26 11:25:00,218.427,218.527,218.028,218.088,10968
2022-10-26 11:30:00,218.073,218.165,217.689,218.138,10136
2022-10-26 11:35:00,218.078,218.707,218.008,218.707,9201
2022-10-26 11:40:00,218.931,219.355,218.721,219.23,11023
2022-10-26 11:45:00,219.355,219.674,219.116,219.17,21042
2022-10-26 11:50:00,219.165,219.524,219.036,219.106,12475
2022-10-26 11:55:00,218.936,219.056,218.288,218.422,5442
2022-10-26 12:00:00,218.228,218.507,218.168,218.422,8139
2022-10-26 12:05:00,218.537,218.677,218.477,218.587,6321
2022-10-26 12:10:00,218.542,219.046,218.397,219.038,19508
2022-10-26 12:15:00,219.295,219.345,218.966,219.305,9194
2022-10-26 12:20:00,219.175,219.534,218.866,219.275,11470
2022-10-26 12:25:00,219.23,219.554,219.106,219.215,31069
2022-10-26 12:30:00,219.215,219.287,218.746,219.046,7620
2022-10-26 12:35:00,219.145,219.534,219.096,219.205,27827
2022-10-26 12:40:00,219.19,219.724,219.126,219.554,40862
2022-10-26 12:45:00,219.619,219.631,219.475,219.631,5580
2022-10-26 12:50:00,219.679,220.153,219.608,219.644,23508
2022-10-26 12:55:00,219.654,219.784,219.225,219.594,11978
2022-10-26 13:00:00,219.5,219.804,219.086,219.32,9252
2022-10-26 13:05:00,219.485,219.485,218.816,219.031,10410
2022-10-26 13:10:00,218.836,218.866,218.487,218.682,9261
2022-10-26 13:15:00,218.702,218.702,218.048,218.048,7306
2022-10-26 13:20:00,217.948,218.278,217.889,218.278,9491
2022-10-26 13:25:00,218.338,218.407,218.028,218.328,13689
2022-10-26 13:30:00,218.328,218.597,218.228,218.497,22257
2022-10-26 13:35:00,218.507,218.741,218.342,218.741,14194
2022-10-26 13:40:00,218.756,219.021,218.627,218.896,10570
2022-10-26 13:45:00,218.856,219.345,218.856,219.086,15872
2022-10-26 13:50:00,219.145,219.375,219.021,219.315,12206
2022-10-26 13:55:00,219.405,219.814,219.405,219.694,13505
2022-10-26 14:00:00,219.714,219.874,219.544,219.784,12048
2022-10-26 14:05:00,219.724,219.948,219.544,219.544,11655
2022-10-26 14:10:00,219.495,219.634,219.445,219.524,12872
2022-10-26 14:15:00,219.505,219.669,219.485,219.505,12143
2022-10-26 14:20:00,219.505,219.614,219.345,219.445,21228
2022-10-26 14:25:00,219.405,219.579,219.295,219.43,27696
2022-10-26 14:30:00,219.465,219.465,219.135,219.175,14416
2022-10-26 14:35:00,219.215,219.624,219.135,219.624,17218
2022-10-26 14:40:00,219.564,220.103,219.554,220.103,11070
2022-10-26 14:45:00,220.108,220.108,219.634,219.694,10321
2022-10-26 14:50:00,219.714,219.963,219.709,219.904,13688
2022-10-26 14:55:00,219.904,219.904,219.624,219.724,11725
2022-10-26 15:00:00,219.594,219.724,219.445,219.524,16141
2022-10-26 15:05:00,219.544,219.544,219.061,219.061,10939
2022-10-26 15:10:00,219.026,219.195,218.996,219.13,15249
2022-10-26 15:15:00,219.126,219.275,218.996,219.275,20317
2022-10-26 15:20:00,219.295,219.692,219.24,219.692,14779
2022-10-26 15:25:00,219.639,219.953,219.574,219.953,19612
2022-10-26 15:30:00,219.943,220.213,219.914,220.193,24191
2022-10-26 15:35:00,220.223,220.572,220.123,220.308,54242
2022-10-26 15:40:00,220.273,220.283,219.594,219.754,39432
2022-10-26 15:45:00,219.774,220.821,219.774,220.771,33756
2022-10-26 15:50:00,220.751,221.898,220.746,221.45,185092
2022-10-26 15:55:00,221.4,221.569,221.051,221.26,117906
2022-10-26 16:00:00,221.205,221.39,220.193,220.283,179011
2022-10-26 16:05:00,220.322,220.322,220.322,220.322,39812
2022-10-26 19:10:00,220.243,220.243,220.243,220.243,200
2022-10-27 09:35:00,221.639,222.816,221.021,222.547,20165
2022-10-27 09:40:00,223.056,223.883,222.397,222.597,16468
2022-10-27 09:45:00,222.851,222.916,221.333,222.786,18070
2022-10-27 09:50:00,222.537,222.682,221.759,221.849,10406
2022-10-27 09:55:00,222.048,222.292,221.45,221.879,25059
2022-10-27 10:00:00,221.928,222.138,221.34,221.821,18498
2022-10-27 10:05:00,222.088,223.933,222.033,223.834,11634
2022-10-27 10:10:00,223.584,223.754,222.617,222.936,15709
2022-10-27 10:15:00,222.871,223.395,222.442,223.031,14221
2022-10-27 10:20:00,223.031,223.46,222.876,223.46,16199
2022-10-27 10:25:00,223.455,223.883,223.036,223.1,13437
2022-10-27 10:30:00,223.135,223.445,222.632,222.956,9716
2022-10-27 10:35:00,222.966,223.923,222.846,223.395,18640
2022-10-27 10:40:00,223.365,223.594,222.846,222.846,10803
2022-10-27 10:45:00,222.941,222.962,222.457,222.457,9579
2022-10-27 10:50:00,222.357,222.966,222.357,222.796,11426
2022-10-27 10:55:00,222.786,223.09,222.771,222.811,4293
2022-10-27 11:00:00,222.796,222.801,221.869,221.894,35617
2022-10-27 11:05:00,221.869,222.881,221.769,222.547,15108
2022-10-27 11:10:00,222.557,222.647,222.129,222.587,8193
2022-10-27 11:15:00,222.547,222.956,222.377,222.831,10815
2022-10-27 11:20:00,222.811,222.811,222.143,222.337,6469
2022-10-27 11:25:00,222.537,222.856,222.477,222.796,10722
2022-10-27 11:30:00,222.726,222.816,222.477,222.801,4672
2022-10-27 11:35:00,222.677,223.035,222.527,222.806,12492
2022-10-27 11:40:00,222.766,223.175,222.148,222.487,19755
2022-10-27 11:45:00,222.467,222.607,221.884,222.278,12735
2022-10-27 11:50:00,222.193,222.597,222.018,222.437,10888
2022-10-27 11:55:00,222.637,223.105,222.387,223.09,15373
2022-10-27 12:00:00,223.105,223.325,222.862,222.916,8558
2022-10-27 12:05:00,222.943,223.614,222.943,223.475,12431
2022-10-27 12:10:00,223.395,223.774,223.395,223.649,11623
2022-10-27 12:15:00,223.604,223.764,223.385,223.629,8366
2022-10-27 12:20:00,223.574,223.893,223.475,223.594,15252
2022-10-27 12:25:00,223.504,223.584,223.225,223.45,17042
2022-10-27 12:30:00,223.375,223.435,222.786,222.846,9999
2022-10-27 12:35:00,222.836,223.26,222.836,223.145,9373
2022-10-27 12:40:00,223.185,223.195,222.796,222.866,5984
2022-10-27 12:45:00,222.776,223.1,222.726,223.066,11693
2022-10-27 12:50:00,223.006,223.265,222.906,223.15,17460
2022-10-27 12:55:00,223.056,223.15,222.911,223.053,10566
2022-10-27 13:00:00,223.056,223.245,222.956,223.225,14563
2022-10-27 13:05:00,223.21,223.275,222.771,223.066,22732
2022-10-27 13:10:00,223.09,223.659,223.09,223.614,30804
2022-10-27 13:15:00,223.544,223.584,223.225,223.484,19479
2022-10-27 13:20:00,223.534,223.764,223.415,223.674,12342
2022-10-27 13:25:00,223.764,223.953,223.724,223.724,7229
2022-10-27 13:30:00,223.784,223.784,223.23,223.23,6543
2022-10-27 13:35:00,223.315,223.315,222.812,222.812,4803
2022-10-27 13:40:00,222.916,223.006,222.647,222.686,8302
2022-10-27 13:45:00,222.672,222.781,222.397,222.457,5879
2022-10-27 13:50:00,222.517,222.657,222.467,222.487,8643
2022-10-27 13:55:00,222.502,222.512,222.258,222.322,7678
2022-10-27 14:00:00,222.317,222.417,221.809,221.809,12109
2022-10-27 14:05:00,221.859,222.264,221.809,222.218,19291
2022-10-27 14:10:00,222.228,222.228,221.759,221.759,13057
2022-10-27 14:15:00,221.769,221.789,221.524,221.689,27225
2022-10-27 14:20:00,221.689,221.789,221.44,221.739,50167
2022-10-27 14:25:00,221.799,221.809,221.2,221.35,17440
2022-10-27 14:30:00,221.29,221.29,221.001,221.001,7088
2022-10-27 14:35:00,220.901,221.081,220.736,221.006,7493
2022-10-27 14:40:00,221.061,221.263,220.901,221.23,19426
2022-10-27 14:45:00,221.21,221.759,221.19,221.759,11855
2022-10-27 14:50:00,221.809,221.953,221.587,221.809,19143
2022-10-27 14:55:00,221.719,221.829,221.579,221.682,7410
2022-10-27 15:00:00,221.679,221.679,221.28,221.34,13742
2022-10-27 15:05:00,221.41,221.978,221.41,221.849,11395
2022-10-27 15:10:00,221.799,222.078,221.41,221.47,18468
2022-10-27 15:15:00,221.509,222.417,221.44,222.342,35041
2022-10-27 15:20:00,222.397,222.557,222.357,222.437,23432
2022-10-27 15:25:00,222.427,222.647,222.357,222.547,16174
2022-10-27 15:30:00,222.582,222.582,222.018,222.342,16477
2022-10-27 15:35:00,222.342,222.806,222.268,222.672,22658
2022-10-27 15:40:00,222.637,222.866,222.527,222.691,54330
2022-10-27 15:45:00,222.607,222.766,222.347,222.447,33643
2022-10-27 15:50:00,222.377,222.796,222.148,222.487,65258
2022-10-27 15:55:00,222.567,222.607,221.41,221.673,85798
2022-10-27 16:00:00,221.659,221.699,221.25,221.519,181272
2022-10-27 16:05:00,221.29,221.29,221.29,221.29,39484
2022-10-27 16:15:00,221.29,221.29,221.29,221.29,474
2022-10-27 16:20:00,221.29,221.29,221.29,221.29,1667
2022-10-28 09:35:00,221.27,222.278,221.098,222.278,9267
2022-10-28 09:40:00,222.632,222.632,221.789,222.347,8159
2022-10-28 09:45:00,222.806,223.844,222.801,223.619,10497
2022-10-28 09:50:00,223.614,223.614,222.357,222.567,9376
2022-10-28 09:55:00,222.467,223.036,222.437,222.951,14916
2022-10-28 10:00:00,222.776,223.215,222.497,223.026,12065
2022-10-28 10:05:00,223.026,224.003,221.28,222.068,17104
2022-10-28 10:10:00,222.118,222.517,221.719,221.719,12035
2022-10-28 10:15:00,221.709,222.397,221.046,222.372,12126
2022-10-28 10:20:00,222.527,223.016,222.527,222.796,4304
2022-10-28 10:25:00,222.766,222.996,222.213,222.726,8649
2022-10-28 10:30:00,222.701,223.594,222.701,223.494,16095
2022-10-28 10:35:00,223.484,223.936,223.475,223.614,8862
2022-10-28 10:40:00,223.455,223.524,223.29,223.45,6623
2022-10-28 10:45:00,223.534,223.943,223.484,223.769,17790
2022-10-28 10:50:00,223.844,224.073,223.559,223.953,8800
2022-10-28 10:55:00,224.163,224.602,224.098,224.579,15036
2022-10-28 11:00:00,224.552,224.766,224.532,224.607,7020
2022-10-28 11:05:00,224.542,224.881,224.542,224.587,8510
2022-10-28 11:10:00,224.721,224.861,224.382,224.861,9832
2022-10-28 11:15:00,225.06,225.365,224.991,225.18,7535
2022-10-28 11:20:00,225.13,225.2,224.776,224.871,9682
2022-10-28 11:25:00,224.871,225.17,224.871,224.971,6579
2022-10-28 11:30:00,224.901,225.07,224.632,225.065,10893
2022-10-28 11:35:00,225.031,225.26,224.612,224.921,7846
2022-10-28 11:40:00,224.836,225.09,224.701,225.056,8234
2022-10-28 11:45:00,225.06,225.539,225.06,225.539,12964
2022-10-28 11:50:00,225.469,225.839,225.24,225.659,8628
2022-10-28 11:55:00,225.774,225.958,225.519,225.594,12747
2022-10-28 12:00:00,225.594,225.739,225.499,225.539,7094
2022-10-28 12:05:00,225.594,225.848,225.469,225.609,11880
2022-10-28 12:10:00,225.619,225.873,225.31,225.858,15511
2022-10-28 12:15:00,225.888,226.208,225.809,226.168,37574
2022-10-28 12:20:00,226.233,226.676,226.128,226.557,22575
2022-10-28 12:25:00,226.557,226.766,226.477,226.661,23295
2022-10-28 12:30:00,226.661,226.796,226.557,226.766,32165
2022-10-28 12:35:00,226.806,227.035,226.247,226.257,29843
2022-10-28 12:40:00,226.193,226.557,226.018,226.063,14592
2022-10-28 12:45:00,225.988,226.188,225.799,226.133,5808
2022-10-28 12:50:00,225.988,226.028,225.789,226.028,6626
2022-10-28 12:55:00,226.078,226.168,225.863,225.988,15687
2022-10-28 13:00:00,225.938,225.998,225.839,225.918,6997
2022-10-28 13:05:00,225.988,226.083,225.888,225.888,4718
2022-10-28 13:10:00,225.953,226.038,225.699,225.814,58907
2022-10-28 13:15:00,225.814,226.048,225.814,225.898,8098
2022-10-28 13:20:00,225.938,225.938,225.489,225.534,8159
2022-10-28 13:25:00,225.489,225.489,225.28,225.28,6097
2022-10-28 13:30:00,225.275,225.305,225.051,225.21,4345
2022-10-28 13:35:00,225.22,225.38,225.14,225.372,8451
2022-10-28 13:40:00,225.32,225.44,225.245,225.29,8215
2022-10-28 13:45:00,225.305,225.469,225.3,225.355,10322
2022-10-28 13:50:00,225.345,225.709,225.345,225.668,7318
2022-10-28 13:55:00,225.659,225.988,225.609,225.888,65151
2022-10-28 14:00:00,225.888,226.028,225.589,225.629,25800
2022-10-28 14:05:00,225.669,225.906,225.568,225.568,5690
2022-10-28 14:10:00,225.559,225.559,225.27,225.349,5498
2022-10-28 14:15:00,225.43,225.519,225.32,225.469,5120
2022-10-28 14:20:00,225.489,225.579,225.36,225.42,13006
2022-10-28 14:25:00,225.454,225.801,225.44,225.801,5966
2022-10-28 14:30:00,225.679,225.888,225.549,225.549,10864
2022-10-28 14:35:00,225.509,225.878,225.3,225.853,17189
2022-10-28 14:40:00,225.948,225.958,225.769,225.868,5681
2022-10-28 14:45:00,225.824,226.043,225.809,225.958,13208
2022-10-28 14:50:00,225.966,226.088,225.938,226.038,6899
2022-10-28 14:55:00,226.038,226.467,226.038,226.287,8470
2022-10-28 15:00:00,226.347,226.557,226.307,226.477,9581
2022-10-28 15:05:00,226.507,226.846,226.427,226.766,10040
2022-10-28 15:10:00,226.736,226.786,226.357,226.676,11521
2022-10-28 15:15:00,226.686,226.816,226.547,226.602,10544
2022-10-28 15:20:00,226.599,226.599,226.247,226.487,8757
2022-10-28 15:25:00,226.487,226.537,226.038,226.038,10135
2022-10-28 15:30:00,226.093,226.397,226.078,226.352,13119
2022-10-28 15:35:00,226.297,226.347,226.061,226.277,10966
2022-10-28 15:40:00,226.277,226.477,226.068,226.327,28693
2022-10-28 15:45:00,226.277,226.437,226.138,226.158,19006
2022-10-28 15:50:00,226.078,226.078,225.789,226.018,32388
2022-10-28 15:55:00,226.023,226.023,225.431,225.709,68480
2022-10-28 16:00:00,225.689,225.863,225.42,225.689,168700
2022-10-28 16:05:00,225.659,225.659,225.659,225.659,13622
2022-10-31 09:35:00,224.632,224.671,223.624,224.332,19610
2022-10-31 09:40:00,224.337,226.317,224.244,225.554,15605
2022-10-31 09:45:00,225.594,226.487,225.21,225.21,15219
2022-10-31 09:50:00,225.17,225.43,224.432,224.532,18037
2022-10-31 09:55:00,224.292,225.43,224.183,225.42,20762
2022-10-31 10:00:00,225.42,225.599,224.632,224.861,48112
2022-10-31 10:05:00,224.841,225.45,224.696,225.33,17459
2022-10-31 10:10:00,225.33,225.43,224.841,225.021,19227
2022-10-31 10:15:00,225.021,225.42,224.632,225.21,15604
2022-10-31 10:20:00,225.31,225.589,225.21,225.43,31355
2022-10-31 10:25:00,225.43,225.719,225.18,225.24,13934
2022-10-31 10:30:00,225.18,225.43,224.951,224.951,6566
2022-10-31 10:35:00,225.08,225.195,224.976,225.16,7838
2022-10-31 10:40:00,225.09,225.13,224.931,225.095,6167
2022-10-31 10:45:00,225.095,225.614,225.095,225.609,16807
2022-10-31 10:50:00,225.509,226.043,225.42,225.505,12702
2022-10-31 10:55:00,225.585,225.609,225.29,225.569,6552
2022-10-31 11:00:00,225.509,225.529,224.961,225.185,7457
2022-10-31 11:05:00,225.33,225.659,225.29,225.634,8384
2022-10-31 11:10:00,225.479,225.479,225.095,225.37,15749
2022-10-31 11:15:00,225.365,225.789,225.365,225.554,11548
2022-10-31 11:20:00,225.549,225.963,225.319,225.888,7233
2022-10-31 11:25:00,225.769,226.282,225.739,226.188,7607
2022-10-31 11:30:00,226.264,226.277,225.898,226.048,7975
2022-10-31 11:35:00,226.028,226.317,226.028,226.287,5336
2022-10-31 11:40:00,226.208,226.597,226.048,226.178,9450
2022-10-31 11:45:00,226.317,226.686,226.188,226.686,3876
2022-10-31 11:50:00,226.936,227.32,226.806,227.026,8787
2022-10-31 11:55:00,226.956,227.674,226.956,227.674,10815
2022-10-31 12:00:00,227.654,227.734,226.317,226.577,10251
2022-10-31 12:05:00,226.567,226.567,226.178,226.307,5430
2022-10-31 12:10:00,226.297,226.372,226.018,226.113,6644
2022-10-31 12:15:00,226.113,226.577,226.113,226.567,8364
2022-10-31 12:20:00,226.637,227.085,226.622,226.706,8111
2022-10-31 12:25:00,226.686,226.856,226.557,226.656,8118
2022-10-31 12:30:00,226.637,226.701,226.367,226.597,10138
2022-10-31 12:35:00,226.537,226.607,226.048,226.048,6790
2022-10-31 12:40:00,226.198,226.208,225.732,225.732,2755
2022-10-31 12:45:00,225.719,225.848,225.559,225.659,7566
2022-10-31 12:50:00,225.549,225.819,225.529,225.699,8281
2022-10-31 12:55:00,225.626,225.839,225.469,225.469,10586
2022-10-31 13:00:00,225.569,226.188,225.569,226.088,7082
2022-10-31 13:05:00,226.078,226.198,225.609,225.609,23603
2022-10-31 13:10:00,225.739,225.839,225.36,225.659,8546
2022-10-31 13:15:00,225.489,225.554,224.831,225.36,10905
2022-10-31 13:20:00,225.365,225.928,225.36,225.928,8309
2022-10-31 13:25:00,225.988,226.238,225.898,226.198,12446
2022-10-31 13:30:00,226.238,226.7,226.008,226.7,8136
2022-10-31 13:35:00,226.706,226.866,226.397,226.397,13273
2022-10-31 13:40:00,226.497,226.557,226.228,226.342,11721
2022-10-31 13:45:00,226.257,226.437,226.213,226.267,17619
2022-10-31 13:50:00,226.178,226.188,225.604,225.604,8948
2022-10-31 13:55:00,225.709,225.739,225.34,225.459,10615
2022-10-31 14:00:00,225.554,225.809,225.549,225.599,9119
2022-10-31 14:05:00,225.599,225.799,225.479,225.569,14649
2022-10-31 14:10:00,225.599,225.659,225.21,225.31,20675
2022-10-31 14:15:00,225.25,225.42,225.205,225.32,16340
2022-10-31 14:20:00,225.36,225.45,225.026,225.3,16754
2022-10-31 14:25:00,225.275,225.709,225.18,225.579,16847
2022-10-31 14:30:00,225.559,225.649,225.195,225.195,9989
2022-10-31 14:35:00,225.185,225.579,225.09,225.489,10557
2022-10-31 14:40:00,225.489,225.809,225.44,225.789,9859
2022-10-31 14:45:00,225.709,225.759,225.639,225.674,8757
2022-10-31 14:50:00,225.739,225.769,225.514,225.514,8484
2022-10-31 14:55:00,225.529,225.848,225.459,225.804,9729
2022-10-31 15:00:00,225.819,225.858,225.175,225.175,11740
2022-10-31 15:05:00,225.245,225.245,224.941,225.026,9399
2022-10-31 15:10:00,224.981,225.167,224.851,224.881,9224
2022-10-31 15:15:00,224.891,225.23,224.841,225.15,17679
2022-10-31 15:20:00,225.16,225.19,224.901,225.125,10316
2022-10-31 15:25:00,225.115,225.589,225.115,225.589,15776
2022-10-31 15:30:00,225.589,225.699,225.519,225.689,18917
2022-10-31 15:35:00,225.699,225.839,225.4,225.839,18771
2022-10-31 15:40:00,225.824,226.118,225.824,225.948,19043
2022-10-31 15:45:00,225.978,226.078,225.749,225.749,19889
2022-10-31 15:50:00,225.744,225.779,225.35,225.42,37062
2022-10-31 15:55:00,225.459,225.679,225.06,225.14,67955
2022-10-31 16:00:00,225.17,225.27,224.282,224.562,165735
2022-10-31 16:05:00,224.462,224.462,224.462,224.462,39886
2022-11-01 09:35:00,226.467,227.016,225.36,226.115,30313
2022-11-01 09:40:00,226.033,226.452,225.26,225.405,15089
2022-11-01 09:45:00,225.4,226.128,224.951,224.951,125113
2022-11-01 09:50:00,224.671,224.953,223.731,224.442,19377
2022-11-01 09:55:00,224.302,225.051,224.213,225.026,10199
2022-11-01 10:00:00,224.896,225.918,224.532,224.532,24491
2022-11-01 10:05:00,224.986,224.986,223.315,223.315,13289
2022-11-01 10:10:00,223.225,224.043,223.225,223.864,20952
2022-11-01 10:15:00,223.839,224.09,223.465,224.038,29971
2022-11-01 10:20:00,223.913,224.113,223.425,223.714,28496
2022-11-01 10:25:00,223.704,224.143,223.425,223.544,30499
2022-11-01 10:30:00,223.544,223.694,223.295,223.619,18932
2022-11-01 10:35:00,223.445,223.774,223.036,223.774,47552
2022-11-01 10:40:00,223.779,224.073,223.185,223.185,29681
2022-11-01 10:45:00,223.201,223.201,222.208,222.312,8091
2022-11-01 10:50:00,222.407,222.587,221.799,221.799,6304
2022-11-01 10:55:00,221.953,222.228,221.953,222.138,8041
2022-11-01 11:00:00,222.148,222.148,221.091,221.21,16130
2022-11-01 11:05:00,221.275,221.42,220.871,221.42,22708
2022-11-01 11:10:00,221.42,221.988,221.051,221.245,34718
2022-11-01 11:15:00,221.41,221.629,221.041,221.629,12048
2022-11-01 11:20:00,221.809,221.988,221.45,221.549,12450
2022-11-01 11:25:00,221.639,222.193,221.467,222.108,9209
2022-11-01 11:30:00,222.198,222.786,221.998,222.686,11791
2022-11-01 11:35:00,222.557,223.155,222.447,223.155,6116
2022-11-01 11:40:00,223.135,223.135,222.667,222.861,40094
2022-11-01 11:45:00,222.811,223.046,222.597,222.966,12792
2022-11-01 11:50:00,222.971,223.574,222.926,223.38,14447
2022-11-01 11:55:00,223.345,223.614,223.145,223.43,13084
2022-11-01 12:00:00,223.504,223.674,223.215,223.405,52352
2022-11-01 12:05:00,223.415,223.684,223.355,223.684,7176
2022-11-01 12:10:00,223.684,223.963,223.365,223.365,26813
2022-11-01 12:15:00,223.415,223.415,223.016,223.066,5381
2022-11-01 12:20:00,223.091,223.23,222.637,222.686,4729
2022-11-01 12:25:00,222.691,223.001,222.432,222.432,10649
2022-11-01 12:30:00,222.567,222.587,222.218,222.427,5351
2022-11-01 12:35:00,222.337,222.806,222.337,222.557,9428
2022-11-01 12:40:00,222.627,222.806,222.427,222.696,3847
2022-11-01 12:45:00,222.741,223.056,222.741,223.056,4406
2022-11-01 12:50:00,223.031,223.435,223.031,223.435,8457
2022-11-01 12:55:00,223.435,223.445,223.155,223.155,4853
2022-11-01 13:00:00,223.081,223.376,223.076,223.365,7748
2022-11-01 13:05:00,223.37,223.37,222.741,222.741,13508
2022-11-01 13:10:00,222.846,223.395,222.726,223.365,14853
2022-11-01 13:15:00,223.31,223.564,223.255,223.385,45351
2022-11-01 13:20:00,223.315,223.589,223.195,223.524,8274
2022-11-01 13:25:00,223.499,223.614,223.165,223.268,13047
2022-11-01 13:30:00,223.056,223.056,222.771,222.856,4689
2022-11-01 13:35:00,222.736,222.736,222.497,222.497,6115
2022-11-01 13:40:00,222.597,222.766,222.527,222.607,9928
2022-11-01 13:45:00,222.682,223.215,222.682,223.14,9432
2022-11-01 13:50:00,223.185,223.385,223.085,223.335,17935
2022-11-01 13:55:00,223.335,223.455,223.17,223.305,13542
2022-11-01 14:00:00,223.395,223.553,223.245,223.504,17847
2022-11-01 14:05:00,223.554,223.804,223.554,223.734,8014
2022-11-01 14:10:00,223.739,223.754,223.375,223.754,14519
2022-11-01 14:15:00,223.664,223.714,223.415,223.415,5704
2022-11-01 14:20:00,223.375,223.47,223.335,223.335,5111
2022-11-01 14:25:00,223.345,223.484,223.225,223.415,8323
2022-11-01 14:30:00,223.355,223.504,223.195,223.475,5738
2022-11-01 14:35:00,223.415,223.529,223.335,223.395,17436
2022-11-01 14:40:00,223.39,223.46,223.027,223.115,35417
2022-11-01 14:45:00,223.188,223.45,223.188,223.325,11114
2022-11-01 14:50:00,223.335,223.375,223.225,223.325,16892
2022-11-01 14:55:00,223.315,223.524,223.315,223.504,20439
2022-11-01 15:00:00,223.544,223.933,223.494,223.933,19202
2022-11-01 15:05:00,223.903,223.928,223.704,223.834,16138
2022-11-01 15:10:00,223.819,224.412,223.819,224.332,22255
2022-11-01 15:15:00,224.312,224.362,223.878,223.963,24077
2022-11-01 15:20:00,223.963,224.342,223.963,224.312,20666
2022-11-01 15:25:00,224.317,224.352,224.213,224.282,13158
2022-11-01 15:30:00,224.253,224.362,224.198,224.243,20263
2022-11-01 15:35:00,224.272,224.352,224.238,224.282,27008
2022-11-01 15:40:00,224.282,224.392,224.233,224.243,24708
2022-11-01 15:45:00,224.243,224.432,224.233,224.422,38436
2022-11-01 15:50:00,224.412,224.412,224.158,224.372,34971
2022-11-01 15:55:00,224.412,224.432,224.233,224.312,62069
2022-11-01 16:00:00,224.312,224.632,224.133,224.133,204445
2022-11-01 16:05:00,224.213,224.213,224.213,224.213,19502
2022-11-01 16:15:00,224.213,224.213,224.213,224.213,1260
2022-11-02 09:35:00,224.432,224.622,223.315,224.362,18468
2022-11-02 09:40:00,223.854,224.352,222.617,223.699,15457
2022-11-02 09:45:00,223.714,224.263,222.956,224.198,8703
2022-11-02 09:50:00,224.154,224.154,223.539,223.844,14821
2022-11-02 09:55:00,223.834,224.113,223.704,224.113,8113
2022-11-02 10:00:00,224.043,224.073,223.609,223.784,12162
2022-11-02 10:05:00,223.524,223.963,223.195,223.953,13586
2022-11-02 10:10:00,223.948,223.953,223.689,223.869,4863
2022-11-02 10:15:00,223.869,224.851,223.714,224.263,34967
2022-11-02 10:20:00,224.362,224.552,223.754,223.754,5693
2022-11-02 10:25:00,223.744,223.875,223.345,223.345,4408
2022-11-02 10:30:00,223.175,223.903,223.135,223.574,11071
2022-11-02 10:35:00,223.844,223.983,223.165,223.355,5690
2022-11-02 10:40:00,223.345,223.734,223.105,223.285,11090
2022-11-02 10:45:00,223.355,223.395,222.976,223.285,6439
2022-11-02 10:50:00,223.165,223.764,222.796,223.135,21548
2022-11-02 10:55:00,222.906,223.21,222.637,223.195,6064
2022-11-02 11:00:00,223.076,223.265,222.622,222.622,7544
2022-11-02 11:05:00,222.716,223.604,222.716,223.355,8040
2022-11-02 11:10:00,223.275,223.519,223.026,223.14,4122
2022-11-02 11:15:00,223.14,223.614,223.076,223.335,8928
2022-11-02 11:20:00,223.255,223.365,223.135,223.305,25972
2022-11-02 11:25:00,223.305,223.435,222.956,223.345,15656
2022-11-02 11:30:00,223.425,223.614,223.125,223.28,16770
2022-11-02 11:35:00,223.26,223.265,223.046,223.115,8240
2022-11-02 11:40:00,223.165,223.325,222.846,223.18,13722
2022-11-02 11:45:00,223.076,223.375,223.076,223.165,6906
2022-11-02 11:50:00,223.125,223.325,222.926,223.175,6144
2022-11-02 11:55:00,223.24,223.355,223.105,223.105,6432
2022-11-02 12:00:00,223.15,223.335,222.736,222.786,13486
2022-11-02 12:05:00,222.627,222.751,222.547,222.667,3252
2022-11-02 12:10:00,222.667,222.846,222.218,222.367,8767
2022-11-02 12:15:00,222.377,222.557,222.198,222.288,7923
2022-11-02 12:20:00,222.188,222.188,221.819,221.963,19388
2022-11-02 12:25:00,221.869,221.988,221.46,221.46,12393
2022-11-02 12:30:00,221.5,221.879,221.5,221.609,8264
2022-11-02 12:35:00,221.609,221.679,221.35,221.35,4929
2022-11-02 12:40:00,221.25,221.38,221.063,221.3,12106
2022-11-02 12:45:00,221.385,222.008,221.31,222.008,9527
2022-11-02 12:50:00,221.879,221.928,221.759,221.799,4250
2022-11-02 12:55:00,221.864,221.889,221.719,221.865,6280
2022-11-02 13:00:00,221.769,221.938,221.769,221.819,5355
2022-11-02 13:05:00,221.729,221.988,221.549,221.649,35712
2022-11-02 13:10:00,221.649,221.649,221.42,221.43,6953
2022-11-02 13:15:00,221.465,221.465,221.125,221.3,13746
2022-11-02 13:20:00,221.3,221.529,221.24,221.47,5970
2022-11-02 13:25:00,221.47,221.609,221.39,221.39,6778
2022-11-02 13:30:00,221.44,221.709,221.355,221.694,6336
2022-11-02 13:35:00,221.694,221.699,221.44,221.699,6358
2022-11-02 13:40:00,221.689,221.814,221.549,221.814,6330
2022-11-02 13:45:00,221.908,221.968,221.749,221.824,21190
2022-11-02 13:50:00,221.739,222.327,221.739,222.218,25460
2022-11-02 13:55:00,222.108,222.367,222.108,222.218,24458
2022-11-02 14:00:00,222.193,222.193,221.799,221.903,22737
2022-11-02 14:05:00,221.903,223.643,221.24,222.921,91087
2022-11-02 14:10:00,222.916,223.514,222.397,223.405,47448
2022-11-02 14:15:00,223.484,224.033,222.986,223.736,19930
2022-11-02 14:20:00,223.898,224.223,223.081,223.499,17236
2022-11-02 14:25:00,223.744,224.003,223.435,223.624,30737
2022-11-02 14:30:00,223.704,224.223,223.4,224.153,14802
2022-11-02 14:35:00,224.312,224.442,223.085,223.634,26505
2022-11-02 14:40:00,223.614,224.542,221.25,221.659,26876
2022-11-02 14:45:00,221.923,223.066,221.35,222.345,24014
2022-11-02 14:50:00,222.088,222.617,221.16,221.19,17004
2022-11-02 14:55:00,221.021,221.021,218.347,218.687,24292
2022-11-02 15:00:00,218.687,219.515,218.427,219.205,19136
2022-11-02 15:05:00,219.046,219.714,218.986,219.116,20303
2022-11-02 15:10:00,219.355,220.053,218.861,220.053,35535
2022-11-02 15:15:00,219.923,219.923,218.736,218.736,19281
2022-11-02 15:20:00,218.736,218.756,217.759,217.819,19387
2022-11-02 15:25:00,217.759,217.849,217.136,217.136,17644
2022-11-02 15:30:00,217.141,217.146,216.023,216.148,31177
2022-11-02 15:35:00,216.178,216.522,215.894,216.208,36201
2022-11-02 15:40:00,216.153,217.006,215.954,216.742,31374
2022-11-02 15:45:00,216.632,216.692,216.063,216.253,27211
2022-11-02 15:50:00,216.193,216.193,215.545,215.864,56809
2022-11-02 15:55:00,215.884,215.884,215.176,215.305,51115
2022-11-02 16:00:00,215.295,215.614,214.886,215.096,145138
2022-11-02 16:05:00,215.185,215.185,215.185,215.185,23676
2022-11-02 16:15:00,215.185,215.185,215.185,215.185,5375
2022-11-03 09:35:00,211.864,213.22,211.335,212.797,21115
2022-11-03 09:40:00,212.792,213.395,211.854,213.151,8970
2022-11-03 09:45:00,213.171,213.789,213.041,213.744,9505
2022-11-03 09:50:00,213.739,213.919,212.582,212.683,35491
2022-11-03 09:55:00,212.577,212.792,211.694,212.602,14317
2022-11-03 10:00:00,212.592,212.831,212.253,212.831,22281
2022-11-03 10:05:00,213.599,214.577,212.821,214.577,21505
2022-11-03 10:10:00,214.627,215.445,214.198,214.617,21757
2022-11-03 10:15:00,214.597,216.003,214.597,216.003,27577
2022-11-03 10:20:00,216.283,216.283,215.734,216.273,6836
2022-11-03 10:25:00,216.288,217.19,216.288,217.091,11820
2022-11-03 10:30:00,217.19,218.178,217.141,217.859,24342
2022-11-03 10:35:00,217.859,217.859,216.103,216.412,11868
2022-11-03 10:40:00,216.293,216.692,215.944,215.944,10628
2022-11-03 10:45:00,215.864,216.881,215.614,216.861,45685
2022-11-03 10:50:00,216.881,217.619,216.761,217.599,12736
2022-11-03 10:55:00,217.42,217.719,216.996,217.34,12420
2022-11-03 11:00:00,217.22,218.427,217.081,218.357,13204
2022-11-03 11:05:00,218.338,218.338,217.724,217.859,11400
2022-11-03 11:10:00,217.924,217.924,217.46,217.749,9388
2022-11-03 11:15:00,217.589,217.889,217.32,217.564,10564
2022-11-03 11:20:00,217.604,217.699,217.29,217.659,8664
2022-11-03 11:25:00,217.619,217.929,217.53,217.569,11491
2022-11-03 11:30:00,217.44,217.679,217.051,217.612,4157
2022-11-03 11:35:00,217.5,217.699,216.851,217.111,12748
2022-11-03 11:40:00,217.041,217.879,217.041,217.819,7680
2022-11-03 11:45:00,217.739,217.839,217.37,217.44,7243
2022-11-03 11:50:00,217.54,217.904,217.49,217.569,7972
2022-11-03 11:55:00,217.669,217.978,217.45,217.46,9129
2022-11-03 12:00:00,217.569,217.629,217.4,217.629,4467
2022-11-03 12:05:00,217.659,217.879,217.34,217.824,7951
2022-11-03 12:10:00,217.799,217.909,217.44,217.54,7806
2022-11-03 12:15:00,217.804,218.218,217.804,218.218,10121
2022-11-03 12:20:00,218.218,218.826,218.175,218.547,33873
2022-11-03 12:25:00,218.552,218.712,218.447,218.597,20615
2022-11-03 12:30:00,218.587,218.996,218.397,218.607,17380
2022-11-03 12:35:00,218.477,218.776,218.238,218.367,25369
2022-11-03 12:40:00,218.298,218.507,218.028,218.028,24566
2022-11-03 12:45:00,218.048,218.387,217.978,218.273,8270
2022-11-03 12:50:00,218.637,218.637,218.502,218.507,3554
2022-11-03 12:55:00,218.602,218.986,218.517,218.954,11651
2022-11-03 13:00:00,219.106,219.305,218.836,218.846,10378
2022-11-03 13:05:00,218.786,218.936,218.667,218.707,13241
2022-11-03 13:10:00,218.776,218.936,218.537,218.692,11691
2022-11-03 13:15:00,218.619,218.632,218.328,218.467,6619
2022-11-03 13:20:00,218.447,218.497,218.278,218.278,7099
2022-11-03 13:25:00,218.198,218.218,217.958,217.988,5826
2022-11-03 13:30:00,218.043,218.375,218.043,218.303,3464
2022-11-03 13:35:00,218.258,218.542,217.978,218.088,15703
2022-11-03 13:40:00,218.148,218.347,217.968,218.318,5182
2022-11-03 13:45:00,218.387,218.422,217.909,217.909,36960
2022-11-03 13:50:00,217.909,218.058,217.704,217.709,5279
2022-11-03 13:55:00,217.759,217.879,217.151,217.151,10587
2022-11-03 14:00:00,217.34,217.42,217.031,217.031,16015
2022-11-03 14:05:00,217.076,217.26,216.761,217.21,11749
2022-11-03 14:10:00,217.27,217.739,217.27,217.52,15100
2022-11-03 14:15:00,217.417,217.51,217.26,217.45,10398
2022-11-03 14:20:00,217.5,217.629,217.5,217.629,9658
2022-11-03 14:25:00,217.759,218.118,217.64,218.068,31458
2022-11-03 14:30:00,217.983,218.477,217.983,218.318,23157
2022-11-03 14:35:00,218.331,218.522,218.188,218.397,15677
2022-11-03 14:40:00,218.407,218.467,218.068,218.163,9564
2022-11-03 14:45:00,218.168,218.35,218.088,218.198,11795
2022-11-03 14:50:00,218.228,218.856,218.228,218.816,7498
2022-11-03 14:55:00,218.976,219.056,218.547,218.826,74580
2022-11-03 15:00:00,218.901,219.195,218.901,219.185,11328
2022-11-03 15:05:00,219.215,219.265,218.891,219.021,11874
2022-11-03 15:10:00,219.086,219.086,218.866,219.051,11679
2022-11-03 15:15:00,219.001,219.165,218.786,218.886,15318
2022-11-03 15:20:00,218.856,219.076,218.856,218.906,52367
2022-11-03 15:25:00,218.956,219.021,218.766,218.866,14596
2022-11-03 15:30:00,218.841,219.395,218.786,219.076,34736
2022-11-03 15:35:00,219.051,219.126,218.727,218.891,28343
2022-11-03 15:40:00,218.896,218.968,218.218,218.402,25312
2022-11-03 15:45:00,218.298,218.457,218.048,218.068,23094
2022-11-03 15:50:00,218.078,218.118,217.699,218.008,104477
2022-11-03 15:55:00,218.008,218.028,216.956,217.028,56182
2022-11-03 16:00:00,216.991,217.151,216.567,216.632,157478
2022-11-03 16:05:00,216.642,216.642,216.642,216.642,30158
2022-11-03 16:15:00,216.642,216.642,216.642,216.642,4060
2022-11-04 09:35:00,219.973,220.512,218.667,219.14,11521
2022-11-04 09:40:00,219.495,219.534,218.248,218.916,14412
2022-11-04 09:45:00,218.961,218.961,217.151,217.151,63811
2022-11-04 09:50:00,217.126,218.028,216.343,216.343,13994
2022-11-04 09:55:00,216.527,216.936,216.259,216.931,33431
2022-11-04 10:00:00,216.696,217.18,216.512,216.692,19374
2022-11-04 10:05:00,216.831,217.051,216.213,216.283,48340
2022-11-04 10:10:00,216.223,217.49,216.223,217.101,32773
2022-11-04 10:15:00,217.081,218.564,216.961,217.629,12156
2022-11-04 10:20:00,217.889,217.962,216.871,216.893,11059
2022-11-04 10:25:00,216.662,216.991,216.442,216.981,14252
2022-11-04 10:30:00,217.001,218.467,217.001,217.998,15504
2022-11-04 10:35:00,218.077,218.077,217.091,217.126,14462
2022-11-04 10:40:00,217.175,217.4,216.771,216.971,18517
2022-11-04 10:45:00,217.081,217.789,217.071,217.49,17247
2022-11-04 10:50:00,217.44,217.455,216.712,216.861,10605
2022-11-04 10:55:00,217.001,217.031,216.482,216.712,19932
2022-11-04 11:00:00,216.752,216.771,216.363,216.363,16236
2022-11-04 11:05:00,216.462,217.101,216.402,216.876,17272
2022-11-04 11:10:00,216.821,216.831,215.939,216.098,30697
2022-11-04 11:15:00,216.033,216.103,215.425,215.684,35945
2022-11-04 11:20:00,215.634,216.043,215.495,215.495,21860
2022-11-04 11:25:00,215.619,216.163,215.619,215.739,14318
2022-11-04 11:30:00,215.784,215.919,215.041,215.041,20628
2022-11-04 11:35:00,214.956,215.375,214.856,214.936,10617
2022-11-04 11:40:00,215.066,215.066,214.407,214.762,8070
2022-11-04 11:45:00,214.687,214.856,214.378,214.497,6995
2022-11-04 11:50:00,214.417,214.417,213.859,213.859,6404
2022-11-04 11:55:00,213.859,213.869,213.134,213.485,15709
2022-11-04 12:00:00,213.46,213.565,212.981,213.081,7705
2022-11-04 12:05:00,213.091,213.28,212.472,212.592,7568
2022-11-04 12:10:00,212.762,213.26,212.662,213.205,14467
2022-11-04 12:15:00,213.191,213.31,212.712,213.021,8366
2022-11-04 12:20:00,213.106,213.42,212.966,213.38,10919
2022-11-04 12:25:00,213.4,213.57,213.235,213.41,12673
2022-11-04 12:30:00,213.49,214.268,213.49,213.939,8620
2022-11-04 12:35:00,213.884,213.889,213.709,213.889,6435
2022-11-04 12:40:00,213.899,213.974,213.29,213.29,12545
2022-11-04 12:45:00,213.302,213.52,212.876,213.27,9381
2022-11-04 12:50:00,213.28,213.49,212.966,213.38,10641
2022-11-04 12:55:00,213.4,213.704,213.325,213.54,7554
2022-11-04 13:00:00,213.669,213.679,213.28,213.55,6145
2022-11-04 13:05:00,213.51,213.894,213.25,213.894,8442
2022-11-04 13:10:00,213.929,214.168,213.28,213.31,13914
2022-11-04 13:15:00,213.39,214.358,213.39,214.27,10965
2022-11-04 13:20:00,214.298,214.298,213.998,214.288,8525
2022-11-04 13:25:00,214.308,214.49,214.168,214.168,17636
2022-11-04 13:30:00,214.278,214.278,213.769,213.839,13306
2022-11-04 13:35:00,213.749,213.899,213.42,213.627,18809
2022-11-04 13:40:00,213.56,214.457,213.34,214.447,38285
2022-11-04 13:45:00,214.397,214.507,213.929,214.218,16639
2022-11-04 13:50:00,214.138,214.397,214.118,214.288,5414
2022-11-04 13:55:00,214.308,214.517,214.158,214.412,16571
2022-11-04 14:00:00,214.318,214.328,213.724,213.815,11001
2022-11-04 14:05:00,213.769,214.188,213.669,213.669,10901
2022-11-04 14:10:00,213.629,213.804,213.37,213.639,8359
2022-11-04 14:15:00,213.684,213.859,213.41,213.52,8106
2022-11-04 14:20:00,213.565,213.779,213.39,213.669,10572
2022-11-04 14:25:00,213.629,214.048,213.445,213.998,19825
2022-11-04 14:30:00,213.939,214.068,213.769,213.914,13667
2022-11-04 14:35:00,213.939,214.298,213.779,214.241,12767
2022-11-04 14:40:00,214.328,214.487,214.118,214.477,11698
2022-11-04 14:45:00,214.457,215.22,214.378,215.001,10070
2022-11-04 14:50:00,215.135,215.205,214.961,215.136,15005
2022-11-04 14:55:00,215.121,215.365,215.121,215.315,9189
2022-11-04 15:00:00,215.255,215.714,215.255,215.52,11768
2022-11-04 15:05:00,215.465,215.654,215.385,215.53,14573
2022-11-04 15:10:00,215.535,215.924,215.425,215.914,21415
2022-11-04 15:15:00,215.919,215.964,215.574,215.574,10406
2022-11-04 15:20:00,215.574,215.644,215.335,215.335,19714
2022-11-04 15:25:00,215.265,215.265,214.906,214.981,13937
2022-11-04 15:30:00,214.976,215.475,214.976,215.415,19201
2022-11-04 15:35:00,215.365,215.679,215.111,215.654,16590
2022-11-04 15:40:00,215.714,215.714,215.315,215.55,22231
2022-11-04 15:45:00,215.485,215.724,215.361,215.724,31866
2022-11-04 15:50:00,215.684,215.939,215.555,215.594,51048
2022-11-04 15:55:00,215.574,215.664,215.136,215.584,54690
2022-11-04 16:00:00,215.634,215.894,215.375,215.894,163524
2022-11-04 16:05:00,215.684,215.684,215.684,215.684,11568
2022-11-04 16:15:00,215.684,215.684,215.684,215.684,8540
2022-11-07 09:35:00,217.041,217.493,216.313,216.313,8520
2022-11-07 09:40:00,216.662,216.761,215.744,215.993,2936
2022-11-07 09:45:00,216.003,216.387,215.305,216.387,9651
2022-11-07 09:50:00,216.233,216.961,216.063,216.213,6948
2022-11-07 09:55:00,216.133,216.522,216.053,216.283,11514
2022-11-07 10:00:00,216.432,216.432,215.375,215.435,4073
2022-11-07 10:05:00,215.255,217.121,215.166,216.911,19817
2022-11-07 10:10:00,217.21,217.23,215.814,216.008,8520
2022-11-07 10:15:00,216.193,216.742,216.053,216.612,9428
2022-11-07 10:20:00,216.612,216.662,216.313,216.343,13773
2022-11-07 10:25:00,216.333,216.333,215.983,216.083,10334
2022-11-07 10:30:00,216.213,216.233,215.265,216.088,20656
2022-11-07 10:35:00,216.313,216.313,215.864,216.163,5075
2022-11-07 10:40:00,216.452,216.537,216.068,216.068,7119
2022-11-07 10:45:00,216.175,216.552,216.175,216.304,11510
2022-11-07 10:50:00,216.367,216.732,216.203,216.298,73339
2022-11-07 10:55:00,216.213,216.512,216.073,216.482,12866
2022-11-07 11:00:00,216.392,216.392,216.038,216.303,6199
2022-11-07 11:05:00,216.363,216.871,216.063,216.692,15675
2022-11-07 11:10:00,216.682,216.682,216.099,216.223,8206
2022-11-07 11:15:00,216.313,216.372,216.003,216.028,9235
2022-11-07 11:20:00,216.083,216.372,216.003,216.083,5493
2022-11-07 11:25:00,216.013,216.472,215.954,216.452,10690
2022-11-07 11:30:00,216.411,216.602,216.293,216.432,9847
2022-11-07 11:35:00,216.323,216.492,215.814,216.283,13600
2022-11-07 11:40:00,216.323,216.662,216.313,216.56,12759
2022-11-07 11:45:00,216.442,216.442,215.944,216.153,19007
2022-11-07 11:50:00,216.038,216.442,215.993,216.422,17302
2022-11-07 11:55:00,216.372,216.791,216.372,216.791,5434
2022-11-07 12:00:00,216.727,216.981,216.572,216.851,9432
2022-11-07 12:05:00,216.791,217.091,216.632,217.091,8942
2022-11-07 12:10:00,217.091,217.131,216.891,216.901,11726
2022-11-07 12:15:00,217.006,217.629,217.001,217.485,6052
2022-11-07 12:20:00,217.589,217.948,217.549,217.839,4406
2022-11-07 12:25:00,217.839,218.258,217.839,218.198,8390
2022-11-07 12:30:00,218.56,218.56,218.193,218.193,8707
2022-11-07 12:35:00,218.173,218.333,218.018,218.333,5757
2022-11-07 12:40:00,218.342,218.876,218.193,218.687,16078
2022-11-07 12:45:00,218.846,219.096,218.697,218.892,15786
2022-11-07 12:50:00,218.936,219.175,218.766,218.916,8465
2022-11-07 12:55:00,218.906,219.006,218.617,218.672,10485
2022-11-07 13:00:00,218.707,219.066,218.707,219.066,4812
2022-11-07 13:05:00,218.926,219.524,218.876,219.524,13730
2022-11-07 13:10:00,219.48,219.544,219.036,219.355,6336
2022-11-07 13:15:00,219.355,219.544,219.145,219.155,9795
2022-11-07 13:20:00,219.096,219.215,219.049,219.061,7913
2022-11-07 13:25:00,218.946,218.961,218.208,218.208,9782
2022-11-07 13:30:00,218.203,218.587,218.203,218.587,9223
2022-11-07 13:35:00,218.622,218.657,218.338,218.338,10817
2022-11-07 13:40:00,218.328,218.457,218.133,218.457,6362
2022-11-07 13:45:00,218.442,218.632,218.308,218.632,12951
2022-11-07 13:50:00,218.642,218.722,218.424,218.424,13773
2022-11-07 13:55:00,218.437,218.717,218.417,218.717,5524
2022-11-07 14:00:00,218.682,219.101,218.682,219.101,8190
2022-11-07 14:05:00,219.106,219.505,219.106,219.355,9244
2022-11-07 14:10:00,219.455,219.564,219.145,219.515,16348
2022-11-07 14:15:00,219.495,219.721,219.495,219.721,3220
2022-11-07 14:20:00,219.704,220.053,219.694,220.003,15049
2022-11-07 14:25:00,219.953,219.953,219.644,219.914,9120
2022-11-07 14:30:00,219.894,220.313,219.894,220.213,18407
2022-11-07 14:35:00,220.205,220.412,220.183,220.322,7986
2022-11-07 14:40:00,220.233,220.293,220.173,220.273,8120
2022-11-07 14:45:00,220.362,220.412,219.993,220.113,9646
2022-11-07 14:50:00,220.193,220.293,220.033,220.086,6397
2022-11-07 14:55:00,220.088,220.168,220.023,220.123,5343
2022-11-07 15:00:00,220.122,220.143,219.769,219.854,16746
2022-11-07 15:05:00,219.857,220.198,219.857,220.148,7350
2022-11-07 15:10:00,220.133,220.243,220.103,220.183,11579
2022-11-07 15:15:00,220.163,220.657,220.133,220.657,8819
2022-11-07 15:20:00,220.682,220.806,220.602,220.759,11924
2022-11-07 15:25:00,220.741,220.891,220.582,220.761,18766
2022-11-07 15:30:00,220.751,220.971,220.711,220.971,12293
2022-11-07 15:35:00,220.971,221.29,220.901,221.16,25590
2022-11-07 15:40:00,221.15,221.27,221.101,221.24,22570
2022-11-07 15:45:00,221.19,221.315,221.067,221.155,27416
2022-11-07 15:50:00,221.19,221.26,220.921,221.26,29286
2022-11-07 15:55:00,221.31,221.48,220.951,221.061,36732
2022-11-07 16:00:00,221.061,221.061,220.512,220.831,87674
2022-11-07 16:05:00,220.811,220.811,220.811,220.811,110047
2022-11-07 16:10:00,220.811,220.811,220.811,220.811,5600
2022-11-08 09:35:00,222.966,224.033,221.948,222.447,28302
2022-11-08 09:40:00,222.447,223.016,221.19,221.544,8799
2022-11-08 09:45:00,221.29,221.988,221.29,221.928,11108
2022-11-08 09:50:00,222.003,222.751,221.869,222.726,8239
2022-11-08 09:55:00,222.659,223.4,222.317,223.36,13308
2022-11-08 10:00:00,223.17,223.614,222.966,223.026,20504
2022-11-08 10:05:00,223.245,223.514,222.976,223.105,16138
2022-11-08 10:10:00,222.657,223.953,222.582,223.883,17899
2022-11-08 10:15:00,223.859,223.913,223.195,223.699,63931
2022-11-08 10:20:00,223.864,224.562,223.739,224.547,12063
2022-11-08 10:25:00,224.562,224.736,223.973,223.973,7696
2022-11-08 10:30:00,223.844,224.457,223.704,224.128,8102
2022-11-08 10:35:00,223.943,224.562,223.854,224.552,8774
2022-11-08 10:40:00,224.362,224.582,224.282,224.432,4606
2022-11-08 10:45:00,224.303,224.721,224.263,224.527,9879
2022-11-08 10:50:00,224.622,224.896,224.392,224.482,8247
2022-11-08 10:55:00,224.517,224.622,224.203,224.352,5172
2022-11-08 11:00:00,224.354,224.354,223.664,224.228,7352
2022-11-08 11:05:00,224.128,224.198,223.734,223.933,5946
2022-11-08 11:10:00,223.993,224.053,223.834,223.923,8205
2022-11-08 11:15:00,223.948,224.163,223.923,223.953,5388
2022-11-08 11:20:00,224.045,224.851,224.033,224.841,7282
2022-11-08 11:25:00,224.527,225.1,224.522,225.1,5767
2022-11-08 11:30:00,225.011,225.041,224.701,224.921,8682
2022-11-08 11:35:00,224.981,225.489,224.981,225.489,9460
2022-11-08 11:40:00,225.44,225.779,225.31,225.779,6194
2022-11-08 11:45:00,225.719,225.868,225.35,225.759,9913
2022-11-08 11:50:00,225.839,225.918,225.599,225.599,4329
2022-11-08 11:55:00,225.325,225.43,225.254,225.254,6421
2022-11-08 12:00:00,225.26,225.564,225.26,225.499,7825
2022-11-08 12:05:00,225.492,225.569,225.33,225.38,5320
2022-11-08 12:10:00,225.36,225.579,225.31,225.445,10344
2022-11-08 12:15:00,225.42,225.848,225.38,225.38,8170
2022-11-08 12:20:00,225.479,225.479,225.185,225.23,5315
2022-11-08 12:25:00,225.345,225.345,225.25,225.34,3020
2022-11-08 12:30:00,225.4,225.68,225.4,225.405,7573
2022-11-08 12:35:00,225.405,225.584,225.21,225.255,7519
2022-11-08 12:40:00,225.235,225.699,225.081,225.699,14147
2022-11-08 12:45:00,225.599,226.088,225.599,226.028,5560
2022-11-08 12:50:00,226.058,226.397,226.058,226.228,8282
2022-11-08 12:55:00,226.178,226.178,225.938,226.148,5940
2022-11-08 13:00:00,226.198,226.447,226.198,226.447,5430
2022-11-08 13:05:00,226.367,226.736,226.337,226.656,11479
2022-11-08 13:10:00,226.577,226.976,226.537,226.976,15924
2022-11-08 13:15:00,226.871,227.375,226.871,227.335,34847
2022-11-08 13:20:00,227.315,227.704,226.627,226.846,23783
2022-11-08 13:25:00,226.756,226.756,226.023,226.128,17174
2022-11-08 13:30:00,226.198,226.198,224.821,224.821,8227
2022-11-08 13:35:00,224.881,224.881,224.125,224.312,13295
2022-11-08 13:40:00,224.387,224.711,224.253,224.691,9688
2022-11-08 13:45:00,224.612,225.28,224.612,225.278,15895
2022-11-08 13:50:00,225.12,225.21,224.781,224.781,22179
2022-11-08 13:55:00,224.781,224.951,223.883,224.243,12988
2022-11-08 14:00:00,224.282,224.307,223.494,223.923,11075
2022-11-08 14:05:00,223.794,224.123,223.784,224.068,6225
2022-11-08 14:10:00,224.063,224.123,223.529,223.529,6549
2022-11-08 14:15:00,223.445,223.644,223.305,223.549,6975
2022-11-08 14:20:00,223.594,223.794,223.475,223.644,6783
2022-11-08 14:25:00,223.494,223.494,222.627,222.657,4228
2022-11-08 14:30:00,222.746,222.746,222.357,222.472,17848
2022-11-08 14:35:00,222.377,222.477,221.779,222.367,6879
2022-11-08 14:40:00,222.527,223.235,222.422,223.155,7737
2022-11-08 14:45:00,223.076,223.814,223.076,223.814,8511
2022-11-08 14:50:00,223.674,223.893,223.574,223.814,5147
2022-11-08 14:55:00,223.739,224.158,223.694,223.883,6238
2022-11-08 15:00:00,223.834,223.983,223.724,223.724,4079
2022-11-08 15:05:00,223.654,224.632,223.654,224.577,8068
2022-11-08 15:10:00,224.492,224.811,224.382,224.587,10642
2022-11-08 15:15:00,224.652,224.726,224.622,224.662,5636
2022-11-08 15:20:00,224.781,224.971,224.502,224.941,11311
2022-11-08 15:25:00,225.021,225.06,224.721,224.971,12367
2022-11-08 15:30:00,224.953,225.355,224.821,225.31,9652
2022-11-08 15:35:00,225.24,226.098,225.24,225.933,35678
2022-11-08 15:40:00,226.028,226.088,225.729,225.858,23031
2022-11-08 15:45:00,225.848,225.948,225.44,225.484,28380
2022-11-08 15:50:00,225.529,226.113,225.489,225.988,25427
2022-11-08 15:55:00,226.088,226.088,225.32,225.32,38942
2022-11-08 16:00:00,225.26,225.26,224.502,224.971,129570
2022-11-08 16:05:00,224.851,224.851,224.851,224.851,89122
2022-11-08 16:10:00,224.851,224.851,224.851,224.851,2800
2022-11-09 09:35:00,223.684,224.153,222.806,224.153,12068
2022-11-09 09:40:00,224.432,224.432,223.11,223.52,4710
2022-11-09 09:45:00,223.774,224.362,223.529,223.933,4558
2022-11-09 09:50:00,224.118,224.502,223.774,224.332,4235
2022-11-09 09:55:00,224.223,224.492,223.963,224.263,7320
2022-11-09 10:00:00,224.417,224.417,223.375,223.878,5332
2022-11-09 10:05:00,223.475,224.302,223.475,224.203,4146
2022-11-09 10:10:00,224.362,225.09,224.362,225.09,5945
2022-11-09 10:15:00,224.966,225.28,224.462,225.13,10072
2022-11-09 10:20:00,225.29,225.38,224.976,225.37,9286
2022-11-09 10:25:00,225.14,225.42,225.12,225.275,4804
2022-11-09 10:30:00,225.38,225.38,224.402,224.671,8741
2022-11-09 10:35:00,224.617,224.891,223.644,224.158,6847
2022-11-09 10:40:00,224.033,224.272,223.714,224.048,3264
2022-11-09 10:45:00,224.103,224.312,223.835,224.013,4862
2022-11-09 10:50:00,224.178,224.432,224.123,224.233,5686
2022-11-09 10:55:00,224.332,224.352,223.714,223.993,41648
2022-11-09 11:00:00,223.709,223.779,222.986,223.644,9081
2022-11-09 11:05:00,223.933,224.023,223.804,223.824,2510
2022-11-09 11:10:00,223.833,224.796,223.709,224.591,9761
2022-11-09 11:15:00,224.577,224.691,224.402,224.691,16458
2022-11-09 11:20:00,224.761,225.145,224.701,224.851,8751
2022-11-09 11:25:00,224.671,224.871,224.332,224.542,7666
2022-11-09 11:30:00,224.542,224.861,224.452,224.552,5981
2022-11-09 11:35:00,224.482,224.711,224.337,224.337,5742
2022-11-09 11:40:00,224.272,224.522,224.263,224.522,3332
2022-11-09 11:45:00,224.811,225.17,224.761,225.105,3417
2022-11-09 11:50:00,225.105,225.27,224.981,224.981,4781
2022-11-09 11:55:00,225.125,225.18,224.846,224.846,8830
2022-11-09 12:00:00,224.981,225.021,224.412,224.432,7259
2022-11-09 12:05:00,224.432,224.432,224.347,224.347,2090
2022-11-09 12:10:00,224.342,224.432,224.033,224.153,4832
2022-11-09 12:15:00,224.013,224.113,223.834,223.834,6567
2022-11-09 12:20:00,223.814,224.083,223.744,224.063,6848
2022-11-09 12:25:00,224.013,224.123,223.534,223.574,9084
2022-11-09 12:30:00,223.584,223.764,223.366,223.574,8855
2022-11-09 12:35:00,223.574,224.143,223.494,224.042,6728
2022-11-09 12:40:00,224.073,224.312,223.854,223.943,19406
2022-11-09 12:45:00,223.963,224.093,223.435,223.514,18171
2022-11-09 12:50:00,223.634,223.764,223.594,223.644,4050
2022-11-09 12:55:00,223.644,223.644,223.285,223.435,4207
2022-11-09 13:00:00,223.305,223.39,223.165,223.255,9284
2022-11-09 13:05:00,223.32,223.32,221.948,222.407,11859
2022-11-09 13:10:00,222.118,222.218,221.819,222.208,15699
2022-11-09 13:15:00,222.337,222.387,221.869,222.118,5517
2022-11-09 13:20:00,222.048,222.597,222.018,222.497,8111
2022-11-09 13:25:00,222.517,222.517,222.208,222.412,3740
2022-11-09 13:30:00,222.278,222.367,222.148,222.148,3856
2022-11-09 13:35:00,222.193,222.193,221.609,221.709,5585
2022-11-09 13:40:00,221.704,221.859,221.579,221.859,4287
2022-11-09 13:45:00,221.769,222.297,221.769,222.297,18311
2022-11-09 13:50:00,222.263,222.278,221.829,222.168,10052
2022-11-09 13:55:00,222.148,222.218,221.609,221.659,26542
2022-11-09 14:00:00,221.559,222.228,221.519,222.163,10072
2022-11-09 14:05:00,222.158,222.168,221.869,222.048,5743
2022-11-09 14:10:00,222.218,222.637,222.068,222.258,29101
2022-11-09 14:15:00,222.278,222.716,222.278,222.447,17849
2022-11-09 14:20:00,222.477,222.677,222.158,222.597,8770
2022-11-09 14:25:00,222.642,222.906,222.367,222.427,12164
2022-11-09 14:30:00,222.441,222.517,222.088,222.088,8044
2022-11-09 14:35:00,221.839,221.978,221.579,221.978,11205
2022-11-09 14:40:00,221.908,222.088,221.759,221.814,6178
2022-11-09 14:45:00,221.824,222.442,221.769,222.327,12563
2022-11-09 14:50:00,222.367,222.487,221.993,222.084,6137
2022-11-09 14:55:00,222.008,222.008,221.509,221.918,11295
2022-11-09 15:00:00,221.829,221.829,221.5,221.719,8681
2022-11-09 15:05:00,221.669,221.938,221.639,221.898,9205
2022-11-09 15:10:00,221.938,222.377,221.849,222.118,9886
2022-11-09 15:15:00,222.088,222.198,221.978,222.008,9659
2022-11-09 15:20:00,222.018,222.168,221.938,222.138,10976
2022-11-09 15:25:00,222.138,222.228,221.879,221.879,8585
2022-11-09 15:30:00,221.968,221.968,221.799,221.799,14207
2022-11-09 15:35:00,221.834,221.834,221.519,221.744,13835
2022-11-09 15:40:00,221.784,221.784,221.4,221.4,14186
2022-11-09 15:45:00,221.4,221.42,221.11,221.13,15569
2022-11-09 15:50:00,221.155,221.29,220.881,220.951,25810
2022-11-09 15:55:00,220.971,221.455,220.971,221.21,30087
2022-11-09 16:00:00,221.21,221.579,221.21,221.44,78182
2022-11-09 16:05:00,221.44,221.44,221.44,221.44,39054
2022-11-10 08:35:00,224.622,224.642,224.622,224.642,403
2022-11-10 09:30:00,230.946,231.155,228.971,231.155,1799
2022-11-10 09:35:00,233.529,240.382,231.155,236.093,127228
2022-11-10 09:40:00,235.953,236.182,232.99,234.257,42242
2022-11-10 09:45:00,234.437,235.125,233.539,234.387,70512
2022-11-10 09:50:00,234.357,235.943,233.948,235.763,59973
2022-11-10 09:55:00,235.803,236.526,234.796,235.743,91653
2022-11-10 10:00:00,235.514,237.669,235.015,237.19,71224
2022-11-10 10:05:00,237.19,237.913,237.07,237.783,23051
2022-11-10 10:10:00,237.793,238.985,237.364,238.915,34965
2022-11-10 10:15:00,238.985,238.995,237.998,238.098,53026
2022-11-10 10:20:00,238.107,240.162,238.063,239.873,32279
2022-11-10 10:25:00,239.753,244.242,239.624,242.302,134593
2022-11-10 10:30:00,242.107,242.147,239.514,240.192,51201
2022-11-10 10:35:00,240.362,240.467,239.055,240.063,34076
2022-11-10 10:40:00,239.848,240.063,238.571,238.915,26685
2022-11-10 10:45:00,238.915,239.464,238.616,239.1,20959
2022-11-10 10:50:00,239.025,239.594,238.751,239.404,26728
2022-11-10 10:55:00,239.277,240.392,239.185,240.073,33405
2022-11-10 11:00:00,240.222,240.521,239.195,240.292,35900
2022-11-10 11:05:00,240.282,240.302,238.905,238.925,42159
2022-11-10 11:10:00,238.801,239.479,238.741,239.125,16352
2022-11-10 11:15:00,239.13,239.135,238.302,238.656,16728
2022-11-10 11:20:00,238.646,238.731,238.162,238.402,14208
2022-11-10 11:25:00,238.427,239.045,238.212,238.796,16308
2022-11-10 11:30:00,238.741,239.25,238.586,239.25,21139
2022-11-10 11:35:00,239.27,240.392,239.125,239.664,49278
2022-11-10 11:40:00,239.584,239.748,239.145,239.404,19507
2022-11-10 11:45:00,239.364,239.479,238.945,238.945,13269
2022-11-10 11:50:00,238.886,239.125,238.566,238.821,12121
2022-11-10 11:55:00,238.806,239.175,238.487,238.591,19736
2022-11-10 12:00:00,238.686,239.494,238.591,239.364,14022
2022-11-10 12:05:00,239.294,239.414,238.9,239.235,8919
2022-11-10 12:10:00,239.105,239.105,238.307,238.307,12132
2022-11-10 12:15:00,238.267,238.397,237.988,238.088,11183
2022-11-10 12:20:00,238.207,238.576,238.058,238.222,10272
2022-11-10 12:25:00,238.212,238.212,237.728,238.038,6854
2022-11-10 12:30:00,237.938,238.107,237.3,237.459,13525
2022-11-10 12:35:00,237.3,237.569,237.071,237.559,10259
2022-11-10 12:40:00,237.778,237.858,237.28,237.29,8410
2022-11-10 12:45:00,237.245,237.519,237.08,237.429,12125
2022-11-10 12:50:00,237.479,237.619,236.726,236.913,26275
2022-11-10 12:55:00,237.01,237.26,236.402,236.501,10962
2022-11-10 13:00:00,236.292,236.531,236.033,236.227,9822
2022-11-10 13:05:00,236.307,237.2,236.307,236.901,8155
2022-11-10 13:10:00,236.751,237.04,236.626,236.945,7798
2022-11-10 13:15:00,237.04,237.1,236.751,237.1,11749
2022-11-10 13:20:00,237.03,237.06,236.362,236.362,17141
2022-11-10 13:25:00,236.561,236.561,235.783,235.803,13407
2022-11-10 13:30:00,235.823,236.362,235.664,236.093,14689
2022-11-10 13:35:00,236.312,236.93,236.192,236.93,12743
2022-11-10 13:40:00,236.691,236.691,236.262,236.367,9195
2022-11-10 13:45:00,236.212,237.17,236.162,237.08,11357
2022-11-10 13:50:00,236.93,237.609,236.761,237.095,28272
2022-11-10 13:55:00,237.095,237.18,236.751,236.826,28247
2022-11-10 14:00:00,236.751,237.17,236.502,237.075,7228
2022-11-10 14:05:00,236.99,237.27,236.811,237.13,14576
2022-11-10 14:10:00,237.12,237.389,236.781,237.389,15715
2022-11-10 14:15:00,237.383,237.833,237.383,237.609,10185
2022-11-10 14:20:00,237.708,237.758,237.09,237.09,19116
2022-11-10 14:25:00,237.02,237.13,236.771,236.955,14686
2022-11-10 14:30:00,236.92,237.324,236.686,237.22,10207
2022-11-10 14:35:00,237.22,237.295,236.98,237.295,10033
2022-11-10 14:40:00,237.21,237.3,236.851,237.2,23603
2022-11-10 14:45:00,237.11,237.265,236.861,236.93,11600
2022-11-10 14:50:00,236.96,237.07,236.741,236.911,21583
2022-11-10 14:55:00,236.871,237.035,236.816,236.906,13423
2022-11-10 15:00:00,236.901,237.02,236.771,236.881,29716
2022-11-10 15:05:00,236.781,236.93,236.721,236.761,12017
2022-11-10 15:10:00,236.871,237.08,236.721,237.08,14325
2022-11-10 15:15:00,237.14,237.329,236.861,237.175,24087
2022-11-10 15:20:00,237.14,237.27,237.02,237.05,9716
2022-11-10 15:25:00,237.24,237.24,236.616,236.676,26108
2022-11-10 15:30:00,236.761,237.05,236.711,236.95,26330
2022-11-10 15:35:00,236.98,237.484,236.671,236.671,38501
2022-11-10 15:40:00,236.701,237.245,236.701,237.245,17211
2022-11-10 15:45:00,237.245,237.409,236.98,237.19,27914
2022-11-10 15:50:00,237.09,238.008,237.08,237.913,52223
2022-11-10 15:55:00,237.938,238.162,237.808,237.938,41457
2022-11-10 16:00:00,237.918,238.297,237.818,238.247,127665
2022-11-10 16:05:00,238.397,238.397,238.397,238.397,252169
2022-11-10 16:15:00,238.397,238.397,238.397,238.397,2101
2022-11-11 09:30:00,238.127,238.127,238.127,238.127,109
2022-11-11 09:35:00,236.92,238.337,235.534,235.724,75371
2022-11-11 09:40:00,235.753,238.397,235.639,237.12,19413
2022-11-11 09:45:00,236.786,238.137,236.467,237.908,10010
2022-11-11 09:50:00,237.968,238.686,237.674,238.397,17138
2022-11-11 09:55:00,238.556,239.145,238.526,238.876,18438
2022-11-11 10:00:00,238.876,240.422,238.437,239.624,32192
2022-11-11 10:05:00,239.245,239.604,238.212,239.245,20110
2022-11-11 10:10:00,239.297,240.033,238.546,239.983,35066
2022-11-11 10:15:00,239.659,240.526,239.484,240.342,17654
2022-11-11 10:20:00,240.382,241.389,240.262,241.06,19504
2022-11-11 10:25:00,241.19,241.678,240.9,241.15,17379
2022-11-11 10:30:00,241.15,241.688,240.828,241.215,19146
2022-11-11 10:35:00,241.05,241.763,240.621,240.621,11739
2022-11-11 10:40:00,241.01,241.01,239.983,240.462,19709
2022-11-11 10:45:00,240.362,240.581,239.823,240.362,23406
2022-11-11 10:50:00,240.511,241.2,240.491,241.13,15751
2022-11-11 10:55:00,241.309,241.439,240.791,240.92,15230
2022-11-11 11:00:00,240.851,241.06,240.063,240.063,24797
2022-11-11 11:05:00,240.177,241.569,240.177,240.98,30008
2022-11-11 11:10:00,241.1,241.1,240.063,240.073,11548
2022-11-11 11:15:00,240.038,240.392,239.743,240.392,12913
2022-11-11 11:20:00,240.312,240.661,239.484,240.661,12160
2022-11-11 11:25:00,240.382,240.392,239.723,239.723,8167
2022-11-11 11:30:00,239.703,240.192,239.454,239.604,27592
2022-11-11 11:35:00,239.499,240.122,239.334,239.384,11903
2022-11-11 11:40:00,239.284,239.679,239.105,239.389,21525
2022-11-11 11:45:00,239.27,239.424,238.726,238.726,15017
2022-11-11 11:50:00,238.656,238.856,238.546,238.856,13089
2022-11-11 11:55:00,238.846,238.975,238.107,238.307,10908
2022-11-11 12:00:00,238.137,238.496,238.132,238.347,13662
2022-11-11 12:05:00,238.397,238.556,238.038,238.112,9387
2022-11-11 12:10:00,238.098,238.167,237.669,237.973,9789
2022-11-11 12:15:00,237.973,238.247,237.649,237.758,9663
2022-11-11 12:20:00,237.699,237.928,237.519,237.519,7395
2022-11-11 12:25:00,237.519,237.587,237.14,237.319,7062
2022-11-11 12:30:00,237.26,237.534,237.13,237.379,10761
2022-11-11 12:35:00,237.21,237.609,236.881,236.99,7112
2022-11-11 12:40:00,236.911,236.98,236.611,236.611,7110
2022-11-11 12:45:00,236.312,236.402,235.893,235.953,11553
2022-11-11 12:50:00,236.023,236.442,236.023,236.132,16573
2022-11-11 12:55:00,236.192,236.212,235.748,235.798,15331
2022-11-11 13:00:00,235.873,236.063,235.694,235.694,10720
2022-11-11 13:05:00,235.594,236.761,235.594,236.761,23294
2022-11-11 13:10:00,236.771,236.821,236.382,236.716,11774
2022-11-11 13:15:00,236.741,236.901,236.502,236.502,18557
2022-11-11 13:20:00,236.531,237.13,236.382,236.741,13897
2022-11-11 13:25:00,236.741,236.871,236.541,236.661,6151
2022-11-11 13:30:00,236.766,236.821,236.591,236.716,8682
2022-11-11 13:35:00,236.826,237.05,236.631,236.781,10627
2022-11-11 13:40:00,236.806,236.806,236.073,236.212,6056
2022-11-11 13:45:00,236.332,236.586,236.202,236.372,8764
2022-11-11 13:50:00,236.212,236.92,235.863,236.661,14170
2022-11-11 13:55:00,236.676,237.13,236.676,236.97,10088
2022-11-11 14:00:00,236.801,237.15,236.671,236.915,10565
2022-11-11 14:05:00,236.881,236.97,236.701,236.811,11903
2022-11-11 14:10:00,236.911,237.06,236.651,236.731,10162
2022-11-11 14:15:00,236.706,236.851,236.541,236.641,11486
2022-11-11 14:20:00,236.541,236.671,236.187,236.372,13458
2022-11-11 14:25:00,236.372,236.99,236.342,236.886,13816
2022-11-11 14:30:00,236.791,237.18,236.791,237.105,8258
2022-11-11 14:35:00,237.04,237.314,237.01,237.08,18164
2022-11-11 14:40:00,237.1,237.215,236.93,237.11,15830
2022-11-11 14:45:00,237.095,237.19,237.05,237.08,15649
2022-11-11 14:50:00,237.06,237.2,236.801,236.92,16058
2022-11-11 14:55:00,236.901,237.01,236.766,236.781,11053
2022-11-11 15:00:00,236.781,237.1,236.741,237.1,17198
2022-11-11 15:05:00,237.14,237.255,236.896,236.92,20539
2022-11-11 15:10:00,236.881,237.02,236.467,236.517,24357
2022-11-11 15:15:00,236.502,236.502,236.162,236.222,15853
2022-11-11 15:20:00,236.222,236.531,236.132,236.497,24253
2022-11-11 15:25:00,236.447,236.701,236.352,236.477,73103
2022-11-11 15:30:00,236.477,237.1,236.477,236.99,17994
2022-11-11 15:35:00,236.98,237.2,236.801,237.19,21886
2022-11-11 15:40:00,237.12,237.599,237.12,237.599,41444
2022-11-11 15:45:00,237.649,238.177,237.649,238.003,32694
2022-11-11 15:50:00,238.068,238.257,237.699,237.699,44957
2022-11-11 15:55:00,237.758,237.908,237.309,237.349,49015
2022-11-11 16:00:00,237.359,237.419,236.332,236.561,182977
2022-11-11 16:05:00,236.641,236.641,236.641,236.641,93491
2022-11-14 09:35:00,236.142,236.546,235.424,235.974,25808
2022-11-14 09:40:00,235.763,236.342,235.454,236.003,11857
2022-11-14 09:45:00,236.177,236.402,234.746,234.746,53476
2022-11-14 09:50:00,234.776,235.594,234.666,235.262,14849
2022-11-14 09:55:00,235.494,236.147,235.494,235.783,9836
2022-11-14 10:00:00,235.933,236.432,235.644,236.103,114463
2022-11-14 10:05:00,236.332,236.701,235.817,235.817,14742
2022-11-14 10:10:00,235.973,236.387,235.823,235.898,24635
2022-11-14 10:15:00,235.923,236.217,235.783,236.098,13415
2022-11-14 10:20:00,236.152,236.212,235.903,235.903,13207
2022-11-14 10:25:00,235.903,236.107,235.584,235.748,11365
2022-11-14 10:30:00,235.704,235.983,234.417,235.135,94688
2022-11-14 10:35:00,235.225,236.142,235.035,235.883,11621
2022-11-14 10:40:00,235.738,235.738,234.816,235.045,8484
2022-11-14 10:45:00,235.105,235.215,234.96,235.065,6119
2022-11-14 10:50:00,234.975,234.975,234.088,234.128,15006
2022-11-14 10:55:00,234.128,234.806,233.858,234.806,22579
2022-11-14 11:00:00,234.821,235.265,234.806,235.025,13337
2022-11-14 11:05:00,235.065,235.215,234.666,234.666,10272
2022-11-14 11:10:00,234.816,234.896,234.307,234.307,11646
2022-11-14 11:15:00,234.307,234.307,233.28,233.35,12204
2022-11-14 11:20:00,233.379,233.449,232.661,232.821,7700
2022-11-14 11:25:00,232.951,233.025,232.736,232.781,9207
2022-11-14 11:30:00,232.871,232.97,232.571,232.731,8947
2022-11-14 11:35:00,232.616,233.3,232.616,233.285,15936
2022-11-14 11:40:00,233.295,233.629,233.06,233.205,19463
2022-11-14 11:45:00,233.16,233.449,233.12,233.205,9363
2022-11-14 11:50:00,233.165,233.619,233.11,233.29,10571
2022-11-14 11:55:00,233.21,233.267,232.581,232.706,36859
2022-11-14 12:00:00,232.781,233.29,232.781,233.15,14438
2022-11-14 12:05:00,233.3,234.367,233.02,234.217,15017
2022-11-14 12:10:00,234.138,234.507,234.078,234.257,26166
2022-11-14 12:15:00,234.287,234.586,234.078,234.078,35373
2022-11-14 12:20:00,234.177,234.676,234.177,234.367,17069
2022-11-14 12:25:00,234.312,234.317,234.038,234.317,8783
2022-11-14 12:30:00,234.307,234.312,233.938,234.028,11631
2022-11-14 12:35:00,234.058,234.467,234.038,234.192,10179
2022-11-14 12:40:00,234.078,234.452,233.973,234.392,8112
2022-11-14 12:45:00,234.452,234.452,233.878,233.978,26724
2022-11-14 12:50:00,233.918,234.636,233.918,234.417,10071
2022-11-14 12:55:00,234.357,234.437,234.217,234.217,10581
2022-11-14 13:00:00,234.287,234.447,234.068,234.167,7950
2022-11-14 13:05:00,234.147,234.407,234.128,234.367,9170
2022-11-14 13:10:00,234.337,234.457,234.227,234.317,10762
2022-11-14 13:15:00,234.307,234.926,234.307,234.906,11756
2022-11-14 13:20:00,234.926,235.474,234.926,235.474,22847
2022-11-14 13:25:00,235.394,235.634,235.364,235.504,10769
2022-11-14 13:30:00,235.464,235.464,235.02,235.035,6846
2022-11-14 13:35:00,234.985,235.125,234.896,235.065,9005
2022-11-14 13:40:00,235.165,235.684,235.165,235.624,10917
2022-11-14 13:45:00,235.624,235.853,235.624,235.654,8945
2022-11-14 13:50:00,235.634,235.813,235.534,235.813,10210
2022-11-14 13:55:00,235.684,236.063,235.654,235.923,8753
2022-11-14 14:00:00,235.993,236.103,235.853,235.94,9876
2022-11-14 14:05:00,235.983,235.988,235.624,235.624,12757
2022-11-14 14:10:00,235.599,235.818,235.454,235.684,11022
2022-11-14 14:15:00,235.684,235.709,235.364,235.534,9000
2022-11-14 14:20:00,235.534,235.569,235.195,235.379,10830
2022-11-14 14:25:00,235.444,235.514,235.364,235.484,9456
2022-11-14 14:30:00,235.414,235.983,235.33,235.903,16678
2022-11-14 14:35:00,235.903,236.137,235.903,235.973,12107
2022-11-14 14:40:00,235.953,236.18,235.953,236.043,15861
2022-11-14 14:45:00,236.073,236.207,235.863,235.962,13958
2022-11-14 14:50:00,235.863,235.943,235.584,235.743,15175
2022-11-14 14:55:00,235.724,236.422,235.724,236.422,37659
2022-11-14 15:00:00,236.432,236.661,236.252,236.504,15521
2022-11-14 15:05:00,236.541,236.95,236.525,236.791,16736
2022-11-14 15:10:00,236.911,237.02,236.512,236.512,15196
2022-11-14 15:15:00,236.512,236.611,235.753,235.753,14027
2022-11-14 15:20:00,235.733,235.743,235.494,235.534,16983
2022-11-14 15:25:00,235.583,235.584,235.295,235.344,23482
2022-11-14 15:30:00,235.315,235.504,235.205,235.225,23150
2022-11-14 15:35:00,235.245,235.245,234.651,234.661,28298
2022-11-14 15:40:00,234.626,234.711,234.058,234.227,41567
2022-11-14 15:45:00,234.227,234.686,234.167,234.192,32990
2022-11-14 15:50:00,234.217,234.247,233.763,233.888,57859
2022-11-14 15:55:00,233.908,233.968,233.599,233.649,67383
2022-11-14 16:00:00,233.659,233.729,233.04,233.639,153732
2022-11-14 16:05:00,233.489,233.489,233.489,233.489,62959
2022-11-15 09:20:00,238.397,238.397,238.397,238.397,1403
2022-11-15 09:30:00,239.105,239.105,239.105,239.105,100
2022-11-15 09:35:00,238.397,241.15,237.968,239.215,50513
2022-11-15 09:40:00,239.175,241.469,239.175,241.19,33241
2022-11-15 09:45:00,241.05,241.539,240.551,240.89,59464
2022-11-15 09:50:00,240.89,241.309,240.023,240.073,42619
2022-11-15 09:55:00,240.222,240.92,239.773,240.586,22448
2022-11-15 10:00:00,240.566,242.716,240.566,241.269,30098
2022-11-15 10:05:00,241.444,242.676,240.98,242.606,27194
2022-11-15 10:10:00,242.636,242.945,240.192,240.192,40597
2022-11-15 10:15:00,240.192,240.561,239.923,239.953,23709
2022-11-15 10:20:00,239.963,239.963,238.292,238.292,35712
2022-11-15 10:25:00,238.112,240.043,237.928,239.788,15165
2022-11-15 10:30:00,240.082,240.442,239.813,240.122,17986
2022-11-15 10:35:00,240.342,240.821,240.342,240.691,13871
2022-11-15 10:40:00,240.653,241.01,240.402,240.95,18548
2022-11-15 10:45:00,241.08,242.127,240.711,241.918,19739
2022-11-15 10:50:00,241.968,242.267,241.579,241.579,28627
2022-11-15 10:55:00,241.389,242.197,241.165,242.197,24513
2022-11-15 11:00:00,242.207,242.935,241.988,241.988,32076
2022-11-15 11:05:00,241.858,241.858,240.841,241.09,12639
2022-11-15 11:10:00,240.91,241.499,240.726,240.726,14620
2022-11-15 11:15:00,240.541,240.691,239.823,240.282,12548
2022-11-15 11:20:00,240.367,240.801,239.783,240.013,20326
2022-11-15 11:25:00,240.122,240.207,239.693,239.963,13746
2022-11-15 11:30:00,239.823,240.312,239.823,240.162,10170
2022-11-15 11:35:00,240.157,241.349,240.157,241.269,13293
2022-11-15 11:40:00,241.519,241.539,240.965,240.965,8568
2022-11-15 11:45:00,241.02,241.16,240.202,240.202,7905
2022-11-15 11:50:00,240.137,240.462,240.137,240.304,11473
2022-11-15 11:55:00,240.282,240.601,240.282,240.561,8705
2022-11-15 12:00:00,240.621,240.631,240.302,240.596,9677
2022-11-15 12:05:00,240.641,241.01,240.481,240.771,20852
2022-11-15 12:10:00,240.91,240.996,240.571,240.696,5540
2022-11-15 12:15:00,240.469,241.289,240.462,240.571,13370
2022-11-15 12:20:00,240.462,240.681,240.217,240.217,5821
2022-11-15 12:25:00,240.202,240.462,240.102,240.342,6856
2022-11-15 12:30:00,240.352,240.481,240.063,240.262,7663
2022-11-15 12:35:00,240.257,240.531,240.023,240.384,7561
2022-11-15 12:40:00,240.412,240.631,240.152,240.202,7867
2022-11-15 12:45:00,240.302,240.302,239.773,239.973,15308
2022-11-15 12:50:00,240.132,240.531,239.983,240.442,7443
2022-11-15 12:55:00,240.442,240.442,240.059,240.142,6988
2022-11-15 13:00:00,240.432,240.661,240.282,240.456,11146
2022-11-15 13:05:00,240.721,241.05,240.491,240.631,7746
2022-11-15 13:10:00,240.611,240.88,240.521,240.731,10490
2022-11-15 13:15:00,240.811,240.811,240.382,240.591,12303
2022-11-15 13:20:00,240.591,240.591,239.783,239.783,11564
2022-11-15 13:25:00,239.743,239.798,238.955,239.324,15567
2022-11-15 13:30:00,239.444,239.504,238.526,238.606,16485
2022-11-15 13:35:00,238.506,238.895,237.868,237.868,14547
2022-11-15 13:40:00,237.748,238.272,237.399,237.928,10933
2022-11-15 13:45:00,237.743,238.796,237.352,238.796,15784
2022-11-15 13:50:00,238.477,238.915,238.058,238.122,15987
2022-11-15 13:55:00,238.127,238.477,237.918,238.477,7451
2022-11-15 14:00:00,238.217,238.726,238.048,238.127,15105
2022-11-15 14:05:00,238.157,238.247,237.27,237.27,11070
2022-11-15 14:10:00,237.708,238.267,237.579,238.267,9503
2022-11-15 14:15:00,238.736,239.444,238.736,238.915,10410
2022-11-15 14:20:00,238.876,239.634,238.706,239.314,7608
2022-11-15 14:25:00,239.474,240.043,239.474,239.993,11447
2022-11-15 14:30:00,239.903,240.063,239.334,239.783,10410
2022-11-15 14:35:00,239.813,240.277,239.743,239.808,15138
2022-11-15 14:40:00,239.763,240.422,239.672,240.124,16695
2022-11-15 14:45:00,240.352,240.633,240.252,240.422,14055
2022-11-15 14:50:00,240.412,240.801,240.023,240.023,42348
2022-11-15 14:55:00,240.162,240.511,240.058,240.412,19776
2022-11-15 15:00:00,240.531,241.589,240.516,241.2,15938
2022-11-15 15:05:00,241.259,241.559,240.88,241.389,16446
2022-11-15 15:10:00,241.469,241.469,240.771,241.07,13392
2022-11-15 15:15:00,241.14,241.14,240.671,240.94,14447
2022-11-15 15:20:00,240.895,241.11,240.731,240.97,14070
2022-11-15 15:25:00,240.89,241.299,240.646,241.055,22072
2022-11-15 15:30:00,241.0,241.05,240.581,240.626,16329
2022-11-15 15:35:00,240.511,240.521,239.654,239.654,33230
2022-11-15 15:40:00,239.733,240.681,239.733,240.681,26268
2022-11-15 15:45:00,240.701,240.96,240.641,240.761,38644
2022-11-15 15:50:00,240.681,240.751,239.883,239.883,32509
2022-11-15 15:55:00,239.863,240.063,239.474,240.063,71363
2022-11-15 16:00:00,240.073,240.262,239.674,240.053,155338
2022-11-15 16:05:00,239.983,239.983,239.983,239.983,35813
2022-11-16 09:35:00,239.384,241.19,239.384,240.462,28791
2022-11-16 09:40:00,239.873,240.023,238.935,239.853,7773
2022-11-16 09:45:00,239.813,241.708,239.507,241.16,25545
2022-11-16 09:50:00,241.03,241.329,240.259,240.551,17084
2022-11-16 09:55:00,240.721,240.95,240.272,240.591,12933
2022-11-16 10:00:00,240.521,241.309,240.521,241.16,18483
2022-11-16 10:05:00,241.13,242.157,240.99,242.157,15404
2022-11-16 10:10:00,242.147,242.556,241.055,241.14,15526
2022-11-16 10:15:00,241.18,242.157,241.1,241.499,15305
2022-11-16 10:20:00,241.409,241.948,241.25,241.948,19191
2022-11-16 10:25:00,241.958,242.107,241.529,241.803,14645
2022-11-16 10:30:00,241.718,242.097,241.629,241.848,14363
2022-11-16 10:35:00,241.893,242.456,241.489,242.377,14026
2022-11-16 10:40:00,242.322,242.367,241.604,241.938,19825
2022-11-16 10:45:00,241.858,241.898,241.379,241.379,13021
2022-11-16 10:50:00,241.349,241.658,241.12,241.614,16865
2022-11-16 10:55:00,241.519,241.918,241.03,241.439,16262
2022-11-16 11:00:00,241.389,241.698,241.309,241.489,11045
2022-11-16 11:05:00,241.464,241.549,241.07,241.165,9903
2022-11-16 11:10:00,241.065,241.289,240.771,240.786,11161
2022-11-16 11:15:00,240.86,241.279,240.711,241.25,13715
2022-11-16 11:20:00,241.289,241.938,241.289,241.938,6880
2022-11-16 11:25:00,241.938,242.018,241.374,241.374,21469
2022-11-16 11:30:00,241.339,241.778,241.138,241.609,16636
2022-11-16 11:35:00,241.658,241.708,241.21,241.369,6250
2022-11-16 11:40:00,241.274,241.274,239.793,240.043,6468
2022-11-16 11:45:00,239.993,240.112,239.624,239.783,7111
2022-11-16 11:50:00,239.903,239.993,239.624,239.963,3462
2022-11-16 11:55:00,239.823,239.973,239.529,239.529,6822
2022-11-16 12:00:00,239.464,240.172,239.135,239.723,18378
2022-11-16 12:05:00,239.733,239.733,239.245,239.504,5367
2022-11-16 12:10:00,239.474,239.514,238.746,239.324,11520
2022-11-16 12:15:00,239.135,239.385,239.045,239.374,5978
2022-11-16 12:20:00,239.444,239.444,238.906,238.906,16115
2022-11-16 12:25:00,239.145,239.155,238.841,239.055,8996
2022-11-16 12:30:00,239.075,239.374,239.065,239.324,5356
2022-11-16 12:35:00,239.265,239.344,239.115,239.185,4639
2022-11-16 12:40:00,239.24,239.275,238.915,238.915,3807
2022-11-16 12:45:00,238.98,239.354,238.816,239.28,9451
2022-11-16 12:50:00,239.265,239.644,239.265,239.419,4818
2022-11-16 12:55:00,239.414,240.092,239.414,239.594,12106
2022-11-16 13:00:00,239.559,239.913,239.397,239.908,8288
2022-11-16 13:05:00,239.863,240.277,239.748,240.172,9530
2022-11-16 13:10:00,240.252,240.282,239.873,240.082,6504
2022-11-16 13:15:00,240.162,240.511,240.162,240.462,13039
2022-11-16 13:20:00,240.312,240.382,239.883,239.883,14444
2022-11-16 13:25:00,239.933,240.442,239.883,240.352,15829
2022-11-16 13:30:00,240.402,240.579,240.252,240.387,12616
2022-11-16 13:35:00,240.387,240.442,239.718,239.773,15520
2022-11-16 13:40:00,239.813,239.873,239.374,239.459,11786
2022-11-16 13:45:00,239.474,239.584,239.24,239.299,8258
2022-11-16 13:50:00,239.175,239.175,238.501,238.866,12302
2022-11-16 13:55:00,238.856,238.903,238.581,238.781,15731
2022-11-16 14:00:00,238.915,239.068,238.626,238.731,14525
2022-11-16 14:05:00,238.726,239.349,238.67,239.185,8353
2022-11-16 14:10:00,239.205,239.369,238.985,239.135,5727
2022-11-16 14:15:00,239.165,239.255,239.035,239.085,4793
2022-11-16 14:20:00,239.125,239.294,238.89,239.035,9788
2022-11-16 14:25:00,238.995,239.225,238.975,239.175,7173
2022-11-16 14:30:00,239.205,239.304,239.095,239.185,3819
2022-11-16 14:35:00,239.135,239.135,238.551,239.02,11743
2022-11-16 14:40:00,239.025,240.432,239.025,240.102,29250
2022-11-16 14:45:00,240.202,240.781,240.102,240.312,26346
2022-11-16 14:50:00,240.172,240.491,240.122,240.403,19592
2022-11-16 14:55:00,240.471,241.01,240.402,240.91,71380
2022-11-16 15:00:00,240.9,241.369,240.541,241.2,38391
2022-11-16 15:05:00,241.166,241.509,240.841,241.1,47905
2022-11-16 15:10:00,241.23,241.24,240.511,240.631,26140
2022-11-16 15:15:00,240.601,240.741,240.352,240.58,23312
2022-11-16 15:20:00,240.556,240.831,240.323,240.467,26641
2022-11-16 15:25:00,240.457,240.706,240.402,240.641,16698
2022-11-16 15:30:00,240.621,240.731,240.432,240.721,19002
2022-11-16 15:35:00,240.776,241.04,240.606,240.606,19625
2022-11-16 15:40:00,240.551,240.935,240.511,240.511,22305
2022-11-16 15:45:00,240.631,241.13,240.591,240.91,23602
2022-11-16 15:50:00,240.9,241.1,240.671,240.97,36490
2022-11-16 15:55:00,240.93,241.18,240.651,240.651,63279
2022-11-16 16:00:00,240.676,240.676,240.092,240.282,117486
2022-11-16 16:05:00,240.202,240.202,240.202,240.202,16552
2022-11-17 09:30:00,237.24,237.25,237.24,237.25,2224
2022-11-17 09:35:00,238.13,238.68,236.185,237.33,19704
2022-11-17 09:40:00,237.0,237.25,235.83,235.83,4312
2022-11-17 09:45:00,235.85,236.44,235.615,235.81,11686
2022-11-17 09:50:00,235.775,236.16,234.97,234.99,10336
2022-11-17 09:55:00,235.19,235.58,234.43,234.56,13036
2022-11-17 10:00:00,234.635,234.82,233.52,233.67,30910
2022-11-17 10:05:00,233.625,234.52,233.625,233.7,34732
2022-11-17 10:10:00,233.93,234.43,233.57,233.57,27136
2022-11-17 10:15:00,233.625,233.995,233.0,233.0,13651
2022-11-17 10:20:00,232.965,233.21,232.89,233.005,12103
2022-11-17 10:25:00,233.27,233.525,232.81,232.81,15295
2022-11-17 10:30:00,232.86,233.3,232.86,233.099,10347
2022-11-17 10:35:00,233.0,233.125,232.33,232.44,5683
2022-11-17 10:40:00,232.33,232.33,231.74,232.105,16971
2022-11-17 10:45:00,232.2,232.705,231.67,232.705,36264
2022-11-17 10:50:00,232.54,232.89,232.15,232.32,19576
2022-11-17 10:55:00,232.335,232.885,232.15,232.5,23966
2022-11-17 11:00:00,232.482,232.99,232.482,232.625,11082
2022-11-17 11:05:00,232.505,233.27,232.485,233.225,7771
2022-11-17 11:10:00,233.365,233.52,233.11,233.3,9942
2022-11-17 11:15:00,233.31,233.51,233.11,233.325,13190
2022-11-17 11:20:00,233.35,233.63,233.23,233.42,7757
2022-11-17 11:25:00,233.53,234.435,233.46,234.36,35908
2022-11-17 11:30:00,234.5,234.86,234.31,234.5,12181
2022-11-17 11:35:00,234.56,234.58,233.985,234.54,8649
2022-11-17 11:40:00,234.465,234.745,234.43,234.745,3952
2022-11-17 11:45:00,234.71,235.02,234.53,234.98,11540
2022-11-17 11:50:00,235.08,235.08,234.715,234.715,5726
2022-11-17 11:55:00,234.715,234.72,234.325,234.56,71378
2022-11-17 12:00:00,234.67,236.18,234.67,236.12,8950
2022-11-17 12:05:00,236.02,236.59,236.02,236.34,7340
2022-11-17 12:10:00,236.32,236.78,236.186,236.69,32697
2022-11-17 12:15:00,236.666,236.666,236.37,236.41,7749
2022-11-17 12:20:00,236.3,237.085,236.24,236.91,11696
2022-11-17 12:25:00,236.9,237.19,236.89,237.065,10043
2022-11-17 12:30:00,237.17,237.84,237.1,237.84,11135
2022-11-17 12:35:00,237.84,238.24,237.785,237.97,21535
2022-11-17 12:40:00,237.955,237.965,237.19,237.29,9167
2022-11-17 12:45:00,237.21,237.6,237.21,237.45,5888
2022-11-17 12:50:00,237.4,237.71,237.4,237.56,3892
2022-11-17 12:55:00,237.65,238.13,237.65,237.88,4721
2022-11-17 13:00:00,237.81,238.08,237.65,237.65,11327
2022-11-17 13:05:00,237.71,237.97,237.7,237.81,7205
2022-11-17 13:10:00,237.84,238.1,237.76,237.8,4513
2022-11-17 13:15:00,237.89,237.92,237.61,237.77,8672
2022-11-17 13:20:00,237.85,238.26,237.645,238.26,7408
2022-11-17 13:25:00,238.155,238.46,237.985,237.985,9277
2022-11-17 13:30:00,237.97,237.98,237.68,237.68,5281
2022-11-17 13:35:00,237.735,237.735,237.41,237.41,2989
2022-11-17 13:40:00,237.5,237.81,237.49,237.81,5785
2022-11-17 13:45:00,237.83,238.05,237.72,237.72,4953
2022-11-17 13:50:00,237.62,237.62,236.72,236.78,32147
2022-11-17 13:55:00,236.72,236.87,236.55,236.55,14161
2022-11-17 14:00:00,236.62,237.39,236.49,237.24,5653
2022-11-17 14:05:00,237.21,237.49,237.19,237.41,6557
2022-11-17 14:10:00,237.47,237.51,237.205,237.205,6806
2022-11-17 14:15:00,237.195,237.195,236.97,237.03,7523
2022-11-17 14:20:00,237.06,237.06,236.7,236.88,6684
2022-11-17 14:25:00,236.75,237.18,236.74,237.17,8205
2022-11-17 14:30:00,237.165,237.38,237.08,237.23,12066
2022-11-17 14:35:00,237.19,237.22,237.01,237.09,8626
2022-11-17 14:40:00,237.06,237.065,236.805,236.97,3387
2022-11-17 14:45:00,236.91,237.1,236.63,236.74,7365
2022-11-17 14:50:00,236.65,236.677,236.15,236.564,10582
2022-11-17 14:55:00,236.48,236.65,236.4,236.65,5434
2022-11-17 15:00:00,236.65,236.82,236.545,236.755,11882
2022-11-17 15:05:00,236.82,237.14,236.67,236.7,15423
2022-11-17 15:10:00,236.67,236.9,236.5,236.5,13897
2022-11-17 15:15:00,236.435,236.435,235.87,235.895,16274
2022-11-17 15:20:00,235.91,235.945,235.49,235.49,16405
2022-11-17 15:25:00,235.5,235.93,235.36,235.765,19134
2022-11-17 15:30:00,235.86,235.92,235.6,235.8,16156
2022-11-17 15:35:00,235.79,236.14,235.79,236.14,17264
2022-11-17 15:40:00,236.125,236.4,236.04,236.14,21409
2022-11-17 15:45:00,236.15,236.24,235.934,236.03,26186
2022-11-17 15:50:00,235.995,236.44,235.91,236.35,28821
2022-11-17 15:55:00,236.49,236.66,236.19,236.19,54227
2022-11-17 16:00:00,236.205,237.21,236.09,237.21,81822
2022-11-17 16:05:00,237.11,237.11,237.11,237.11,23365
2022-11-18 09:35:00,240.0,242.77,239.84,242.75,76684
2022-11-18 09:40:00,242.54,244.89,242.385,243.07,36095
2022-11-18 09:45:00,243.395,243.81,242.8,243.53,21026
2022-11-18 09:50:00,243.475,243.75,242.43,242.43,31300
2022-11-18 09:55:00,242.24,242.95,241.33,241.595,63629
2022-11-18 10:00:00,241.49,241.57,240.0,240.07,31340
2022-11-18 10:05:00,240.07,240.119,238.11,238.67,34615
2022-11-18 10:10:00,238.76,239.53,238.04,238.16,42466
2022-11-18 10:15:00,238.12,239.275,237.93,239.02,30597
2022-11-18 10:20:00,239.02,239.35,238.83,239.13,28492
2022-11-18 10:25:00,239.21,239.47,239.1,239.215,6777
2022-11-18 10:30:00,239.215,239.33,238.26,238.85,22054
2022-11-18 10:35:00,238.98,239.03,238.625,239.03,13028
2022-11-18 10:40:00,238.99,239.75,238.87,239.52,19591
2022-11-18 10:45:00,239.61,239.61,239.085,239.365,17767
2022-11-18 10:50:00,239.43,239.5,239.135,239.47,12311
2022-11-18 10:55:00,239.44,239.73,239.14,239.65,12194
2022-11-18 11:00:00,239.57,239.57,238.79,239.22,20674
2022-11-18 11:05:00,239.24,239.28,238.95,239.09,9831
2022-11-18 11:10:00,239.08,239.22,238.955,239.22,7166
2022-11-18 11:15:00,239.135,239.28,238.815,238.995,10871
2022-11-18 11:20:00,238.97,239.41,238.96,239.41,9681
2022-11-18 11:25:00,239.15,239.19,238.87,239.025,9301
2022-11-18 11:30:00,239.048,239.25,238.155,238.6,20441
2022-11-18 11:35:00,238.662,239.224,238.615,239.06,12217
2022-11-18 11:40:00,239.04,239.33,238.78,238.925,4848
2022-11-18 11:45:00,238.94,239.06,238.7,238.92,15629
2022-11-18 11:50:00,238.96,239.1,238.585,238.585,7820
2022-11-18 11:55:00,238.44,238.51,238.27,238.355,3770
2022-11-18 12:00:00,238.2,238.34,237.93,238.1,4374
2022-11-18 12:05:00,238.23,238.29,238.11,238.11,3081
2022-11-18 12:10:00,238.165,238.214,237.77,238.16,8474
2022-11-18 12:15:00,238.26,238.365,238.075,238.21,6204
2022-11-18 12:20:00,238.23,238.36,237.855,238.16,20898
2022-11-18 12:25:00,238.28,238.28,238.05,238.26,11213
2022-11-18 12:30:00,238.265,238.74,238.265,238.64,7024
2022-11-18 12:35:00,238.64,238.64,238.16,238.34,5823
2022-11-18 12:40:00,238.405,238.845,238.342,238.845,4859
2022-11-18 12:45:00,238.85,238.874,238.56,238.67,8602
2022-11-18 12:50:00,238.526,238.69,237.6,238.02,21973
2022-11-18 12:55:00,237.98,238.16,237.76,238.04,12316
2022-11-18 13:00:00,237.895,238.22,237.895,238.085,5018
2022-11-18 13:05:00,238.055,238.23,237.82,238.172,4537
2022-11-18 13:10:00,238.185,238.7,238.185,238.7,4183
2022-11-18 13:15:00,238.65,238.715,238.61,238.61,2345
2022-11-18 13:20:00,238.59,238.59,238.27,238.455,3502
2022-11-18 13:25:00,238.42,238.61,238.27,238.61,2481
2022-11-18 13:30:00,238.54,238.955,238.51,238.955,3560
2022-11-18 13:35:00,238.93,239.145,238.925,239.145,2785
2022-11-18 13:40:00,239.2,239.2,238.92,238.92,3393
2022-11-18 13:45:00,238.93,239.09,238.68,238.68,3869
2022-11-18 13:50:00,238.555,238.71,238.515,238.71,2627
2022-11-18 13:55:00,238.665,238.845,238.6,238.745,4911
2022-11-18 14:00:00,238.78,239.03,238.78,238.965,5141
2022-11-18 14:05:00,239.06,239.335,239.01,239.28,5472
2022-11-18 14:10:00,239.29,239.5,239.15,239.34,40647
2022-11-18 14:15:00,239.34,239.34,238.987,238.987,4927
2022-11-18 14:20:00,239.115,239.475,239.115,239.275,11944
2022-11-18 14:25:00,239.38,239.59,239.18,239.326,8073
2022-11-18 14:30:00,239.3,239.3,238.97,239.19,7790
2022-11-18 14:35:00,239.145,239.3,238.69,238.89,4793
2022-11-18 14:40:00,238.95,238.95,238.46,238.76,7113
2022-11-18 14:45:00,238.585,238.78,238.5,238.5,5290
2022-11-18 14:50:00,238.48,238.48,238.29,238.39,6386
2022-11-18 14:55:00,238.35,238.73,238.33,238.53,6447
2022-11-18 15:00:00,238.47,238.96,238.47,238.94,3232
2022-11-18 15:05:00,238.97,239.585,238.97,239.525,5027
2022-11-18 15:10:00,239.75,240.0,239.68,240.0,7427
2022-11-18 15:15:00,239.99,240.07,239.8,240.07,5721
2022-11-18 15:20:00,240.03,240.03,239.7,239.71,7554
2022-11-18 15:25:00,239.76,239.76,239.32,239.425,11125
2022-11-18 15:30:00,239.51,240.04,239.51,240.0,16431
2022-11-18 15:35:00,240.0,240.2,239.83,240.145,16012
2022-11-18 15:40:00,240.14,240.42,239.99,240.36,18055
2022-11-18 15:45:00,240.405,240.67,240.36,240.62,18031
2022-11-18 15:50:00,240.62,240.765,240.35,240.565,32149
2022-11-18 15:55:00,240.62,240.74,239.26,239.26,48128
2022-11-18 16:00:00,239.265,240.17,239.24,240.14,87311
2022-11-18 16:05:00,240.04,240.04,240.04,240.04,105019
2022-11-18 16:15:00,240.12,240.12,240.12,240.12,325
2022-11-21 09:25:00,241.09,241.5,241.09,241.5,1521
2022-11-21 09:30:00,241.5,241.5,241.5,241.5,2821
2022-11-21 09:35:00,240.5,240.515,239.48,239.925,17648
2022-11-21 09:40:00,239.79,240.135,238.74,239.685,13686
2022-11-21 09:45:00,239.935,240.76,239.81,240.76,9086
2022-11-21 09:50:00,241.0,242.71,241.0,242.71,21136
2022-11-21 09:55:00,242.73,243.97,242.52,243.16,20586
2022-11-21 10:00:00,243.3,243.61,242.89,242.985,23689
2022-11-21 10:05:00,242.985,243.37,241.87,241.87,14841
2022-11-21 10:10:00,242.1,242.93,242.1,242.93,22453
2022-11-21 10:15:00,243.11,243.12,242.41,242.41,4174
2022-11-21 10:20:00,242.7,242.74,242.03,242.03,13695
2022-11-21 10:25:00,242.04,242.15,240.83,241.06,20874
2022-11-21 10:30:00,241.345,241.78,241.01,241.11,6667
2022-11-21 10:35:00,241.235,241.585,241.015,241.24,8534
2022-11-21 10:40:00,241.36,242.15,241.27,242.1,16859
2022-11-21 10:45:00,242.15,242.15,241.12,241.12,19315
2022-11-21 10:50:00,241.13,241.49,241.07,241.2,14859
2022-11-21 10:55:00,241.335,241.425,241.0,241.215,18077
2022-11-21 11:00:00,241.135,241.7,241.04,241.575,25840
2022-11-21 11:05:00,241.47,241.68,241.01,241.195,22662
2022-11-21 11:10:00,241.17,242.24,241.17,241.875,13031
2022-11-21 11:15:00,241.82,242.105,241.41,241.45,14605
2022-11-21 11:20:00,241.49,241.99,241.49,241.63,10632
2022-11-21 11:25:00,241.55,242.21,241.55,242.05,11932
2022-11-21 11:30:00,241.98,242.28,241.66,241.85,15875
2022-11-21 11:35:00,241.71,241.78,241.24,241.335,6786
2022-11-21 11:40:00,241.345,241.92,241.345,241.65,21144
2022-11-21 11:45:00,241.66,241.74,241.38,241.45,10331
2022-11-21 11:50:00,241.46,241.6,241.22,241.37,8731
2022-11-21 11:55:00,241.375,241.47,241.23,241.31,8898
2022-11-21 12:00:00,241.23,241.375,240.455,240.707,9324
2022-11-21 12:05:00,240.605,240.88,240.31,240.415,8071
2022-11-21 12:10:00,240.5,240.7,240.115,240.7,11733
2022-11-21 12:15:00,240.81,240.81,240.19,240.19,16030
2022-11-21 12:20:00,240.26,240.37,240.1,240.205,6732
2022-11-21 12:25:00,240.265,240.27,239.63,239.63,17663
2022-11-21 12:30:00,239.535,240.16,239.535,239.83,5332
2022-11-21 12:35:00,239.97,240.43,239.855,240.325,7962
2022-11-21 12:40:00,240.325,240.6,239.79,239.805,9699
2022-11-21 12:45:00,239.82,239.88,239.33,239.34,11519
2022-11-21 12:50:00,239.4,239.41,238.965,239.0,16944
2022-11-21 12:55:00,239.0,239.51,239.0,239.365,10171
2022-11-21 13:00:00,239.3,239.53,239.11,239.515,33057
2022-11-21 13:05:00,239.445,239.965,239.445,239.79,9822
2022-11-21 13:10:00,239.94,240.1,239.8,239.805,22957
2022-11-21 13:15:00,239.8,240.01,239.65,239.81,25049
2022-11-21 13:20:00,239.81,239.95,239.12,239.36,28096
2022-11-21 13:25:00,239.39,239.43,239.055,239.2,12100
2022-11-21 13:30:00,239.13,239.18,238.74,239.18,10314
2022-11-21 13:35:00,239.23,239.89,239.23,239.768,6745
2022-11-21 13:40:00,239.765,240.51,239.765,240.51,37383
2022-11-21 13:45:00,240.47,240.66,240.34,240.615,12030
2022-11-21 13:50:00,240.73,240.73,240.255,240.59,11818
2022-11-21 13:55:00,240.515,240.685,240.14,240.21,12855
2022-11-21 14:00:00,240.23,240.42,239.905,239.94,20824
2022-11-21 14:05:00,239.91,240.18,239.855,239.88,25786
2022-11-21 14:10:00,239.92,240.245,239.9,240.245,8249
2022-11-21 14:15:00,240.16,240.54,240.16,240.54,8111
2022-11-21 14:20:00,240.515,240.6,240.34,240.5,14119
2022-11-21 14:25:00,240.495,240.495,240.28,240.315,4480
2022-11-21 14:30:00,240.37,240.43,240.02,240.02,8242
2022-11-21 14:35:00,239.965,240.085,239.78,240.04,7319
2022-11-21 14:40:00,240.04,240.13,239.86,240.04,11685
2022-11-21 14:45:00,240.04,240.195,240.0,240.05,11049
2022-11-21 14:50:00,239.99,240.07,239.825,240.04,9897
2022-11-21 14:55:00,240.035,240.17,239.96,240.12,8971
2022-11-21 15:00:00,240.2,240.25,240.08,240.15,9424
2022-11-21 15:05:00,240.15,240.17,239.9,239.98,12356
2022-11-21 15:10:00,239.94,240.04,239.87,240.0,9514
2022-11-21 15:15:00,239.97,239.97,239.67,239.73,10810
2022-11-21 15:20:00,239.73,239.93,239.66,239.87,10461
2022-11-21 15:25:00,239.9,239.97,239.77,239.77,9508
2022-11-21 15:30:00,239.76,239.86,239.63,239.86,8168
2022-11-21 15:35:00,239.81,240.095,239.81,239.85,15005
2022-11-21 15:40:00,239.81,239.9,239.55,239.55,17364
2022-11-21 15:45:00,239.61,239.71,239.55,239.71,19242
2022-11-21 15:50:00,239.685,239.73,239.57,239.705,39806
2022-11-21 15:55:00,239.73,240.55,239.62,239.865,66109
2022-11-21 16:00:00,239.93,240.0,239.15,239.26,158636
2022-11-21 16:05:00,239.26,239.26,239.26,239.26,23697
2022-11-22 09:35:00,240.04,240.04,238.21,238.81,14206
2022-11-22 09:40:00,238.945,239.51,238.945,239.03,4533
2022-11-22 09:45:00,239.0,239.45,237.68,237.84,19238
2022-11-22 09:50:00,238.06,238.27,237.35,237.35,34837
2022-11-22 09:55:00,237.16,237.68,236.95,236.95,10371
2022-11-22 10:00:00,236.965,236.99,236.44,236.82,10845
2022-11-22 10:05:00,236.61,236.95,236.495,236.75,20396
2022-11-22 10:10:00,236.835,236.89,235.95,235.95,13209
2022-11-22 10:15:00,235.94,236.615,235.62,236.615,27604
2022-11-22 10:20:00,236.855,236.95,236.47,236.53,16929
2022-11-22 10:25:00,236.54,236.83,236.5,236.555,17197
2022-11-22 10:30:00,236.63,236.955,236.46,236.93,27757
2022-11-22 10:35:00,237.01,237.53,236.58,236.81,17457
2022-11-22 10:40:00,236.91,236.95,236.43,236.62,15751
2022-11-22 10:45:00,236.68,237.45,236.61,237.31,13732
2022-11-22 10:50:00,237.47,238.59,237.41,238.59,8820
2022-11-22 10:55:00,238.722,238.722,238.06,238.14,14516
2022-11-22 11:00:00,238.14,238.315,237.89,238.23,10361
2022-11-22 11:05:00,238.265,238.71,237.71,238.52,47876
2022-11-22 11:10:00,238.52,238.695,238.41,238.57,9975
2022-11-22 11:15:00,238.56,238.92,238.51,238.82,9848
2022-11-22 11:20:00,238.88,238.89,238.37,238.775,8072
2022-11-22 11:25:00,238.76,238.885,238.68,238.775,5108
2022-11-22 11:30:00,238.785,239.19,238.705,239.19,8760
2022-11-22 11:35:00,239.01,239.27,238.98,239.11,5805
2022-11-22 11:40:00,239.02,239.22,238.71,239.22,4462
2022-11-22 11:45:00,239.29,239.59,239.08,239.45,15456
2022-11-22 11:50:00,239.39,239.39,239.028,239.16,31160
2022-11-22 11:55:00,239.24,239.74,239.24,239.535,5111
2022-11-22 12:00:00,239.54,239.67,239.43,239.43,6625
2022-11-22 12:05:00,239.47,239.47,239.14,239.22,2939
2022-11-22 12:10:00,239.13,239.13,238.671,238.76,3373
2022-11-22 12:15:00,238.745,239.09,238.745,239.09,3950
2022-11-22 12:20:00,239.18,239.19,239.03,239.033,2837
2022-11-22 12:25:00,239.055,239.2,239.055,239.135,5300
2022-11-22 12:30:00,239.05,239.474,239.05,239.42,4722
2022-11-22 12:35:00,239.385,239.45,239.29,239.35,2670
2022-11-22 12:40:00,239.396,239.93,239.396,239.8,3482
2022-11-22 12:45:00,239.805,240.21,239.76,240.145,64380
2022-11-22 12:50:00,240.155,240.2,239.97,240.16,4632
2022-11-22 12:55:00,240.21,240.21,239.84,239.861,4675
2022-11-22 13:00:00,239.8,240.35,239.72,240.35,9088
2022-11-22 13:05:00,240.41,240.48,240.111,240.14,13584
2022-11-22 13:10:00,240.2,240.2,239.74,240.02,6457
2022-11-22 13:15:00,240.08,240.525,240.08,240.51,5673
2022-11-22 13:20:00,240.49,240.62,240.4,240.62,7182
2022-11-22 13:25:00,240.61,240.96,240.51,240.96,5160
2022-11-22 13:30:00,240.89,241.04,240.82,240.92,6154
2022-11-22 13:35:00,240.88,241.03,240.75,240.75,6084
2022-11-22 13:40:00,240.61,240.76,240.59,240.64,4821
2022-11-22 13:45:00,240.64,240.8,240.64,240.78,4037
2022-11-22 13:50:00,240.86,241.0,240.78,241.0,5118
2022-11-22 13:55:00,241.048,241.2,240.97,241.2,5686
2022-11-22 14:00:00,241.08,241.47,241.07,241.41,8779
2022-11-22 14:05:00,241.47,241.55,241.29,241.43,8511
2022-11-22 14:10:00,241.65,241.685,241.24,241.32,6205
2022-11-22 14:15:00,241.29,241.46,241.29,241.37,4495
2022-11-22 14:20:00,241.41,241.42,241.11,241.315,7676
2022-11-22 14:25:00,241.37,241.57,241.315,241.57,5723
2022-11-22 14:30:00,241.57,241.61,241.41,241.61,13092
2022-11-22 14:35:00,241.54,241.57,241.34,241.34,9038
2022-11-22 14:40:00,241.32,241.78,241.32,241.725,6984
2022-11-22 14:45:00,241.79,241.82,241.6,241.69,8948
2022-11-22 14:50:00,241.82,242.03,241.82,242.03,6068
2022-11-22 14:55:00,241.98,242.12,241.91,242.08,5549
2022-11-22 15:00:00,242.0,242.24,241.99,242.15,9796
2022-11-22 15:05:00,242.145,242.34,242.145,242.34,4411
2022-11-22 15:10:00,242.33,242.395,242.28,242.35,8777
2022-11-22 15:15:00,242.36,242.388,242.17,242.309,5727
2022-11-22 15:20:00,242.36,242.45,242.105,242.16,11314
2022-11-22 15:25:00,242.185,242.34,242.16,242.3,7202
2022-11-22 15:30:00,242.35,242.35,242.19,242.255,6631
2022-11-22 15:35:00,242.28,242.3,242.1,242.28,10263
2022-11-22 15:40:00,242.22,242.43,242.2,242.41,9377
2022-11-22 15:45:00,242.395,242.62,242.35,242.615,17749
2022-11-22 15:50:00,242.57,243.0,242.55,242.77,27297
2022-11-22 15:55:00,242.79,243.34,242.79,243.065,45572
2022-11-22 16:00:00,243.045,243.58,243.0,243.42,73685
2022-11-22 16:05:00,243.45,243.45,243.45,243.45,415257
2022-11-23 09:35:00,243.59,244.92,241.64,242.73,20620
2022-11-23 09:40:00,242.84,244.37,242.56,244.34,13204
2022-11-23 09:45:00,244.42,244.87,244.2,244.64,41615
2022-11-23 09:50:00,244.85,246.29,244.785,246.19,15838
2022-11-23 09:55:00,246.25,247.195,246.25,247.04,143995
2022-11-23 10:00:00,247.11,247.14,246.15,246.508,30133
2022-11-23 10:05:00,246.66,247.26,246.39,247.225,21082
2022-11-23 10:10:00,247.24,248.58,247.24,248.56,43577
2022-11-23 10:15:00,248.43,249.212,248.4,248.4,31860
2022-11-23 10:20:00,248.36,248.54,247.805,248.12,18202
2022-11-23 10:25:00,247.99,248.41,247.98,248.02,5494
2022-11-23 10:30:00,248.31,248.97,248.095,248.97,10249
2022-11-23 10:35:00,248.93,249.51,248.93,249.44,15885
2022-11-23 10:40:00,249.62,249.62,248.348,248.64,14179
2022-11-23 10:45:00,248.66,249.065,248.598,249.065,9245
2022-11-23 10:50:00,248.92,249.07,248.603,248.82,9477
2022-11-23 10:55:00,249.01,249.01,248.69,248.945,9401
2022-11-23 11:00:00,248.965,249.29,248.965,249.12,8050
2022-11-23 11:05:00,249.12,249.27,248.97,249.19,14362
2022-11-23 11:10:00,249.04,249.49,249.0,249.46,10441
2022-11-23 11:15:00,249.52,249.77,249.48,249.585,6665
2022-11-23 11:20:00,249.68,249.87,249.346,249.51,9640
2022-11-23 11:25:00,249.47,249.55,248.95,249.34,9309
2022-11-23 11:30:00,249.19,249.57,249.155,249.46,10366
2022-11-23 11:35:00,249.41,249.41,248.925,249.07,10985
2022-11-23 11:40:00,248.94,249.18,248.86,249.11,3699
2022-11-23 11:45:00,249.11,249.49,249.01,249.4,7579
2022-11-23 11:50:00,249.35,249.39,248.72,248.72,8664
2022-11-23 11:55:00,248.805,249.11,248.35,248.5,30904
2022-11-23 12:00:00,248.49,248.73,247.855,248.61,11936
2022-11-23 12:05:00,248.6,248.68,248.16,248.48,21660
2022-11-23 12:10:00,248.465,248.86,248.465,248.73,8854
2022-11-23 12:15:00,248.7,248.79,248.59,248.59,7222
2022-11-23 12:20:00,248.63,248.86,248.54,248.73,5841
2022-11-23 12:25:00,248.69,248.89,248.56,248.795,6946
2022-11-23 12:30:00,248.825,249.121,248.78,248.88,6201
2022-11-23 12:35:00,248.99,249.35,248.99,249.285,6919
2022-11-23 12:40:00,249.21,249.21,248.91,249.08,4508
2022-11-23 12:45:00,249.05,249.05,248.69,248.69,9120
2022-11-23 12:50:00,248.64,249.01,248.64,249.005,6709
2022-11-23 12:55:00,248.95,248.96,248.65,248.71,6394
2022-11-23 13:00:00,248.75,248.75,248.11,248.45,11989
2022-11-23 13:05:00,248.45,248.83,248.42,248.65,9505
2022-11-23 13:10:00,248.67,248.91,248.67,248.7,4750
2022-11-23 13:15:00,248.705,248.82,248.52,248.82,7496
2022-11-23 13:20:00,248.7,248.85,248.43,248.43,9664
2022-11-23 13:25:00,248.405,248.66,248.35,248.632,10502
2022-11-23 13:30:00,248.56,248.969,248.325,248.969,10982
2022-11-23 13:35:00,248.915,249.28,248.915,249.09,5950
2022-11-23 13:40:00,249.1,249.46,249.072,249.24,7658
2022-11-23 13:45:00,249.16,249.16,248.79,248.95,5292
2022-11-23 13:50:00,248.87,249.085,248.865,248.965,4009
2022-11-23 13:55:00,248.87,248.87,248.44,248.78,6196
2022-11-23 14:00:00,248.78,248.92,248.74,248.87,3919
2022-11-23 14:05:00,248.87,249.84,248.55,249.74,12754
2022-11-23 14:10:00,249.675,249.675,249.3,249.53,5525
2022-11-23 14:15:00,249.455,249.59,249.03,249.51,10552
2022-11-23 14:20:00,249.62,249.69,249.24,249.27,10155
2022-11-23 14:25:00,249.38,249.86,249.18,249.84,9675
2022-11-23 14:30:00,249.78,250.0,249.63,249.63,18704
2022-11-23 14:35:00,249.49,249.6,248.98,249.002,7604
2022-11-23 14:40:00,248.94,249.01,248.64,248.97,7512
2022-11-23 14:45:00,249.098,249.23,249.05,249.135,8668
2022-11-23 14:50:00,249.106,249.59,249.03,249.53,9514
2022-11-23 14:55:00,249.45,249.55,249.23,249.23,11310
2022-11-23 15:00:00,249.25,249.44,249.23,249.41,7284
2022-11-23 15:05:00,249.33,249.57,249.085,249.42,9899
2022-11-23 15:10:00,249.46,249.52,249.312,249.45,6566
2022-11-23 15:15:00,249.47,249.47,249.27,249.39,9603
2022-11-23 15:20:00,249.325,249.68,249.19,249.54,14159
2022-11-23 15:25:00,249.59,249.68,249.215,249.525,18065
2022-11-23 15:30:00,249.57,249.7,249.4,249.54,13234
2022-11-23 15:35:00,249.495,249.53,249.23,249.46,18401
2022-11-23 15:40:00,249.435,249.74,249.41,249.72,15812
2022-11-23 15:45:00,249.72,249.74,248.97,249.135,26138
2022-11-23 15:50:00,249.06,249.4,249.04,249.4,29124
2022-11-23 15:55:00,249.43,250.06,249.43,249.89,54997
2022-11-23 16:00:00,249.87,250.03,249.62,249.97,120859
2022-11-23 16:05:00,250.0,250.0,250.0,250.0,13522
2022-11-23 16:30:00,250.0,250.0,250.0,250.0,564
2022-11-25 09:35:00,248.0,249.16,246.94,248.18,23667
2022-11-25 09:40:00,248.45,248.578,247.85,248.155,13435
2022-11-25 09:45:00,248.155,248.87,248.12,248.87,4501
2022-11-25 09:50:00,248.83,249.17,248.53,248.77,8624
2022-11-25 09:55:00,248.89,248.915,248.42,248.73,4391
2022-11-25 10:00:00,248.73,248.9,248.43,248.855,6901
2022-11-25 10:05:00,249.04,249.455,248.865,249.15,9187
2022-11-25 10:10:00,249.32,249.49,249.055,249.055,5100
2022-11-25 10:15:00,249.15,249.2,248.59,248.79,5435
2022-11-25 10:20:00,248.69,249.24,248.69,248.85,6250
2022-11-25 10:25:00,248.895,248.895,248.54,248.59,6702
2022-11-25 10:30:00,248.57,248.7,248.48,248.68,8116
2022-11-25 10:35:00,248.533,248.75,248.48,248.58,6109
2022-11-25 10:40:00,248.58,248.91,248.47,248.47,6478
2022-11-25 10:45:00,248.61,248.89,248.4,248.58,3351
2022-11-25 10:50:00,248.625,248.93,248.625,248.86,2144
2022-11-25 10:55:00,248.84,248.91,248.56,248.765,6878
2022-11-25 11:00:00,248.87,249.36,248.8,248.995,11258
2022-11-25 11:05:00,249.0,249.2,248.595,249.2,5695
2022-11-25 11:10:00,249.11,249.115,248.78,249.11,6162
2022-11-25 11:15:00,249.195,249.26,248.8,248.85,12842
2022-11-25 11:20:00,248.835,249.035,248.76,248.79,6639
2022-11-25 11:25:00,248.79,248.87,248.63,248.775,4051
2022-11-25 11:30:00,248.74,248.76,248.58,248.73,4962
2022-11-25 11:35:00,248.69,249.025,248.6,248.94,7330
2022-11-25 11:40:00,248.985,249.08,248.8,249.04,12662
2022-11-25 11:45:00,249.11,249.31,248.96,249.142,6682
2022-11-25 11:50:00,249.105,249.515,249.105,249.285,10587
2022-11-25 11:55:00,249.45,249.54,249.355,249.535,3189
2022-11-25 12:00:00,249.56,249.79,249.54,249.695,5913
2022-11-25 12:05:00,249.69,249.77,249.3,249.3,4488
2022-11-25 12:10:00,249.255,249.355,249.12,249.2,4460
2022-11-25 12:15:00,249.18,249.525,249.18,249.42,10732
2022-11-25 12:20:00,249.44,249.75,249.44,249.73,8570
2022-11-25 12:25:00,249.835,249.835,249.3,249.345,4991
2022-11-25 12:30:00,249.4,249.78,249.4,249.705,4841
2022-11-25 12:35:00,249.718,249.718,249.38,249.38,13568
2022-11-25 12:40:00,249.5,249.85,249.44,249.845,9766
2022-11-25 12:45:00,249.85,249.87,249.66,249.765,6146
2022-11-25 12:50:00,249.775,249.775,249.56,249.575,6773
2022-11-25 12:55:00,249.66,249.72,249.5,249.61,9973
2022-11-25 13:00:00,249.62,249.85,249.5,249.77,32501
2022-11-25 13:05:00,249.52,249.52,249.52,249.52,42029
2022-11-25 13:15:00,249.52,249.52,249.52,249.52,0
2022-11-25 15:35:00,249.52,249.52,249.52,249.52,0
2022-11-28 09:35:00,247.37,248.0,247.37,247.7,11926
2022-11-28 09:40:00,247.785,248.14,247.745,247.96,7460
2022-11-28 09:45:00,247.74,248.0,247.66,247.72,8451
2022-11-28 09:50:00,247.84,248.3,247.84,248.14,7743
2022-11-28 09:55:00,248.29,249.22,248.13,248.9,15887
2022-11-28 10:00:00,248.855,248.87,247.52,247.86,10243
2022-11-28 10:05:00,248.0,248.39,247.67,248.3,7651
2022-11-28 10:10:00,248.46,248.93,248.41,248.93,8736
2022-11-28 10:15:00,249.01,249.53,248.815,249.53,7965
2022-11-28 10:20:00,249.62,249.8,249.245,249.273,11916
2022-11-28 10:25:00,249.52,249.52,249.075,249.2,8246
2022-11-28 10:30:00,249.31,249.38,248.864,249.38,7531
2022-11-28 10:35:00,249.292,249.292,249.16,249.215,5992
2022-11-28 10:40:00,249.13,249.41,249.13,249.4,6866
2022-11-28 10:45:00,249.46,249.47,248.85,248.85,9048
2022-11-28 10:50:00,248.845,248.98,248.26,248.52,8931
2022-11-28 10:55:00,248.45,248.61,247.85,248.02,12857
2022-11-28 11:00:00,247.89,247.94,247.74,247.88,7249
2022-11-28 11:05:00,247.96,248.11,247.79,247.98,12426
2022-11-28 11:10:00,247.855,247.93,247.8,247.84,6978
2022-11-28 11:15:00,247.825,248.07,247.54,248.07,9662
2022-11-28 11:20:00,247.99,247.99,247.54,247.825,4186
2022-11-28 11:25:00,247.76,247.76,247.15,247.37,8260
2022-11-28 11:30:00,247.11,247.43,247.015,247.27,4762
2022-11-28 11:35:00,247.275,247.35,247.13,247.23,3516
2022-11-28 11:40:00,247.262,247.55,247.24,247.31,4785
2022-11-28 11:45:00,247.26,247.285,247.14,247.2,2252
2022-11-28 11:50:00,247.228,247.37,247.11,247.22,5402
2022-11-28 11:55:00,247.12,247.51,247.03,247.51,7845
2022-11-28 12:00:00,247.49,247.73,247.41,247.65,14248
2022-11-28 12:05:00,247.62,247.9,246.88,247.35,14008
2022-11-28 12:10:00,247.62,248.01,247.47,247.48,9143
2022-11-28 12:15:00,247.54,247.54,246.91,246.91,4013
2022-11-28 12:20:00,247.185,247.6,247.11,247.5,5849
2022-11-28 12:25:00,247.505,247.55,247.13,247.43,5668
2022-11-28 12:30:00,247.51,247.63,247.42,247.595,4350
2022-11-28 12:35:00,247.61,247.72,247.505,247.6,8426
2022-11-28 12:40:00,247.71,247.857,247.575,247.575,5628
2022-11-28 12:45:00,247.58,247.75,247.5,247.625,10235
2022-11-28 12:50:00,247.6,247.8,247.5,247.67,7872
2022-11-28 12:55:00,247.57,247.605,247.085,247.085,3645
2022-11-28 13:00:00,247.08,247.3,246.74,246.74,7020
2022-11-28 13:05:00,246.62,246.62,246.31,246.53,12935
2022-11-28 13:10:00,246.44,246.54,246.09,246.09,7790
2022-11-28 13:15:00,246.12,246.25,245.9,245.94,6493
2022-11-28 13:20:00,245.92,246.59,245.92,246.485,6054
2022-11-28 13:25:00,246.43,246.64,246.42,246.555,4992
2022-11-28 13:30:00,246.63,246.68,246.43,246.43,3808
2022-11-28 13:35:00,246.46,246.63,246.4,246.4,6798
2022-11-28 13:40:00,246.31,246.49,246.31,246.48,2095
2022-11-28 13:45:00,246.57,246.64,246.48,246.56,6913
2022-11-28 13:50:00,246.545,246.62,246.545,246.555,3741
2022-11-28 13:55:00,246.63,246.65,246.49,246.629,4294
2022-11-28 14:00:00,246.57,246.63,245.92,245.92,7417
2022-11-28 14:05:00,245.97,245.97,245.71,245.897,6133
2022-11-28 14:10:00,245.97,246.105,245.97,246.0,4124
2022-11-28 14:15:00,245.99,246.14,245.93,246.1,5899
2022-11-28 14:20:00,246.105,246.22,246.105,246.22,2278
2022-11-28 14:25:00,246.16,246.17,246.06,246.17,4192
2022-11-28 14:30:00,246.121,246.25,246.014,246.16,5789
2022-11-28 14:35:00,246.16,246.21,245.99,246.135,4349
2022-11-28 14:40:00,246.07,246.225,246.07,246.125,4624
2022-11-28 14:45:00,246.13,246.21,246.115,246.155,4186
2022-11-28 14:50:00,246.24,246.27,245.87,245.87,4844
2022-11-28 14:55:00,245.875,245.98,245.8,245.94,7704
2022-11-28 15:00:00,245.905,246.04,245.72,245.81,7124
2022-11-28 15:05:00,245.86,245.86,245.4,245.5,6462
2022-11-28 15:10:00,245.48,245.48,245.11,245.27,8918
2022-11-28 15:15:00,245.275,245.47,245.22,245.335,8867
2022-11-28 15:20:00,245.25,245.41,245.233,245.37,6791
2022-11-28 15:25:00,245.51,245.74,245.5,245.655,9996
2022-11-28 15:30:00,245.585,245.8,245.585,245.76,9449
2022-11-28 15:35:00,245.77,245.8,245.36,245.4,35174
2022-11-28 15:40:00,245.36,245.6,245.36,245.56,12805
2022-11-28 15:45:00,245.515,245.92,245.515,245.87,10334
2022-11-28 15:50:00,245.87,245.93,245.71,245.77,18170
2022-11-28 15:55:00,245.82,245.97,245.655,245.655,26402
2022-11-28 16:00:00,245.69,245.81,245.46,245.6,70812
2022-11-28 16:05:00,245.56,245.56,245.56,245.56,13949
2022-11-29 08:55:00,246.77,246.77,246.77,246.77,100
2022-11-29 09:35:00,245.0,246.95,244.77,245.94,29585
2022-11-29 09:40:00,245.5,245.54,243.84,244.325,20158
2022-11-29 09:45:00,244.57,245.46,243.84,243.88,11714
2022-11-29 09:50:00,243.98,244.39,243.64,243.64,10202
2022-11-29 09:55:00,243.49,243.55,243.245,243.34,8956
2022-11-29 10:00:00,243.27,243.375,242.93,243.334,12474
2022-11-29 10:05:00,243.14,243.42,243.03,243.03,10533
2022-11-29 10:10:00,243.11,243.26,242.86,243.24,8747
2022-11-29 10:15:00,243.36,243.37,242.58,242.76,15028
2022-11-29 10:20:00,242.97,242.995,242.743,242.995,15125
2022-11-29 10:25:00,243.045,243.24,243.025,243.075,4100
2022-11-29 10:30:00,243.075,244.03,242.95,244.03,12075
2022-11-29 10:35:00,244.18,244.4,244.03,244.16,6089
2022-11-29 10:40:00,244.135,244.37,243.83,244.37,4847
2022-11-29 10:45:00,244.42,244.56,244.25,244.4,7110
2022-11-29 10:50:00,244.41,245.0,244.41,244.67,5481
2022-11-29 10:55:00,244.58,244.71,243.995,244.15,16780
2022-11-29 11:00:00,244.13,244.5,243.95,243.95,5025
2022-11-29 11:05:00,244.17,244.25,243.065,243.092,7663
2022-11-29 11:10:00,243.085,243.36,242.97,242.99,6763
2022-11-29 11:15:00,243.15,243.27,242.79,242.985,13330
2022-11-29 11:20:00,243.08,243.08,242.63,242.63,3642
2022-11-29 11:25:00,242.355,242.66,242.355,242.405,6125
2022-11-29 11:30:00,242.49,242.82,242.1,242.16,18772
2022-11-29 11:35:00,242.1,242.52,242.1,242.39,7366
2022-11-29 11:40:00,242.3,242.75,242.29,242.69,4988
2022-11-29 11:45:00,242.61,242.63,242.34,242.42,3406
2022-11-29 11:50:00,242.26,242.47,242.105,242.424,5364
2022-11-29 11:55:00,242.38,242.445,242.16,242.4,4143
2022-11-29 12:00:00,242.62,242.74,242.47,242.64,7935
2022-11-29 12:05:00,242.57,242.61,242.1,242.14,4284
2022-11-29 12:10:00,242.21,242.39,242.19,242.19,2640
2022-11-29 12:15:00,242.28,242.28,242.02,242.17,5179
2022-11-29 12:20:00,242.145,242.2,241.71,242.16,8776
2022-11-29 12:25:00,242.22,242.27,242.08,242.18,6583
2022-11-29 12:30:00,242.131,242.56,242.11,242.285,6205
2022-11-29 12:35:00,242.28,242.608,242.28,242.54,7204
2022-11-29 12:40:00,242.57,242.67,242.4,242.65,6103
2022-11-29 12:45:00,242.73,242.796,242.315,242.315,8009
2022-11-29 12:50:00,242.38,242.39,242.18,242.39,6860
2022-11-29 12:55:00,242.345,242.518,242.13,242.13,5647
2022-11-29 13:00:00,242.225,242.24,241.9,242.11,7151
2022-11-29 13:05:00,242.03,242.25,241.95,242.007,11115
2022-11-29 13:10:00,242.035,242.14,241.845,241.845,17788
2022-11-29 13:15:00,241.845,242.185,241.845,242.17,24378
2022-11-29 13:20:00,242.195,242.308,241.62,241.84,6812
2022-11-29 13:25:00,241.76,241.85,241.68,241.71,5165
2022-11-29 13:30:00,241.58,241.64,241.125,241.125,4674
2022-11-29 13:35:00,241.28,241.39,241.2,241.38,6713
2022-11-29 13:40:00,241.375,241.73,241.37,241.715,6167
2022-11-29 13:45:00,241.69,241.71,241.49,241.61,6656
2022-11-29 13:50:00,241.612,241.89,241.57,241.77,13965
2022-11-29 13:55:00,241.575,241.58,241.27,241.49,10186
2022-11-29 14:00:00,241.515,241.54,241.27,241.375,5244
2022-11-29 14:05:00,241.45,241.78,241.45,241.71,9757
2022-11-29 14:10:00,241.77,241.98,241.76,241.92,6354
2022-11-29 14:15:00,241.85,241.9,241.44,241.61,8014
2022-11-29 14:20:00,241.61,241.63,241.28,241.28,6633
2022-11-29 14:25:00,241.31,241.34,240.92,240.92,13102
2022-11-29 14:30:00,240.95,241.04,240.43,240.459,8138
2022-11-29 14:35:00,240.495,240.56,240.2,240.2,9195
2022-11-29 14:40:00,240.2,240.37,239.83,240.19,14408
2022-11-29 14:45:00,240.26,240.262,239.81,240.01,6268
2022-11-29 14:50:00,239.95,239.96,239.71,239.74,6247
2022-11-29 14:55:00,239.74,239.83,239.61,239.72,10921
2022-11-29 15:00:00,239.765,240.15,239.765,240.133,14851
2022-11-29 15:05:00,240.27,240.27,240.03,240.075,2613
2022-11-29 15:10:00,240.075,240.37,240.075,240.32,10246
2022-11-29 15:15:00,240.29,240.39,240.135,240.3,12464
2022-11-29 15:20:00,240.35,240.57,240.35,240.43,18149
2022-11-29 15:25:00,240.47,240.69,240.35,240.36,14801
2022-11-29 15:30:00,240.35,240.36,240.11,240.3,12792
2022-11-29 15:35:00,240.32,240.39,240.13,240.38,15558
2022-11-29 15:40:00,240.41,240.47,239.925,240.27,21249
2022-11-29 15:45:00,240.18,240.54,240.18,240.315,18071
2022-11-29 15:50:00,240.325,240.71,240.04,240.71,43475
2022-11-29 15:55:00,240.76,241.1,240.31,240.44,53995
2022-11-29 16:00:00,240.48,241.67,240.455,241.43,132553
2022-11-29 16:05:00,241.57,241.57,241.57,241.57,96699
2022-11-29 16:10:00,241.57,241.57,241.57,241.57,604
2022-11-30 09:10:00,238.87,238.87,238.87,238.87,100
2022-11-30 09:35:00,237.51,239.52,236.63,239.23,50506
2022-11-30 09:40:00,238.81,239.79,238.45,239.045,17857
2022-11-30 09:45:00,239.38,240.99,239.38,240.64,12462
2022-11-30 09:50:00,241.14,241.74,240.87,241.42,13572
2022-11-30 09:55:00,241.404,242.109,237.51,240.275,100286
2022-11-30 10:00:00,240.51,241.125,240.3,240.705,12898
2022-11-30 10:05:00,240.75,240.95,239.12,239.5,19698
2022-11-30 10:10:00,239.24,239.62,238.99,239.4,18751
2022-11-30 10:15:00,239.29,239.33,238.475,238.49,15417
2022-11-30 10:20:00,238.4,238.51,237.88,238.39,10561
2022-11-30 10:25:00,238.33,238.398,237.79,238.205,16666
2022-11-30 10:30:00,238.12,238.29,237.93,238.2,5781
2022-11-30 10:35:00,238.33,238.33,237.92,238.01,10801
2022-11-30 10:40:00,238.11,238.64,238.07,238.64,6550
2022-11-30 10:45:00,238.87,239.335,238.87,239.17,5327
2022-11-30 10:50:00,239.03,239.83,239.0,239.77,10699
2022-11-30 10:55:00,239.78,239.89,239.366,239.83,11782
2022-11-30 11:00:00,239.81,240.29,239.73,240.25,8549
2022-11-30 11:05:00,240.29,240.66,240.02,240.17,8351
2022-11-30 11:10:00,240.16,241.11,240.12,241.11,7774
2022-11-30 11:15:00,241.25,241.75,240.99,241.75,16897
2022-11-30 11:20:00,241.81,242.12,241.78,242.04,13451
2022-11-30 11:25:00,242.08,242.29,241.95,242.26,9367
2022-11-30 11:30:00,242.13,242.74,242.06,242.59,9362
2022-11-30 11:35:00,242.59,243.24,242.59,243.01,20262
2022-11-30 11:40:00,243.015,243.355,242.98,243.355,6887
2022-11-30 11:45:00,243.25,243.39,243.13,243.39,9102
2022-11-30 11:50:00,243.445,243.8,243.39,243.8,28433
2022-11-30 11:55:00,243.84,243.92,243.65,243.65,22384
2022-11-30 12:00:00,243.66,243.87,243.34,243.35,10095
2022-11-30 12:05:00,242.97,243.15,242.91,243.15,6181
2022-11-30 12:10:00,243.05,243.05,242.46,242.635,24076
2022-11-30 12:15:00,242.635,242.825,242.6,242.71,10904
2022-11-30 12:20:00,242.7,242.72,242.36,242.45,15892
2022-11-30 12:25:00,242.36,242.47,242.165,242.33,12403
2022-11-30 12:30:00,242.443,242.56,242.3,242.52,8918
2022-11-30 12:35:00,242.525,242.88,242.52,242.78,13315
2022-11-30 12:40:00,242.815,242.815,242.07,242.1,9465
2022-11-30 12:45:00,242.12,242.62,242.108,242.62,10484
2022-11-30 12:50:00,242.57,242.795,242.56,242.7,4515
2022-11-30 12:55:00,242.73,242.8,242.65,242.8,4721
2022-11-30 13:00:00,242.81,242.99,242.79,242.96,9451
2022-11-30 13:05:00,242.89,243.085,242.76,243.085,9683
2022-11-30 13:10:00,243.12,243.31,242.99,243.105,6316
2022-11-30 13:15:00,243.11,243.18,243.035,243.175,10241
2022-11-30 13:20:00,243.13,243.25,243.04,243.05,11035
2022-11-30 13:25:00,243.03,243.13,242.85,242.92,12669
2022-11-30 13:30:00,242.99,243.15,242.95,243.07,24664
2022-11-30 13:35:00,242.98,244.258,242.79,243.505,38316
2022-11-30 13:40:00,243.5,244.42,243.49,244.375,20680
2022-11-30 13:45:00,244.42,244.985,244.41,244.605,23730
2022-11-30 13:50:00,244.578,244.615,243.695,243.965,10889
2022-11-30 13:55:00,244.13,244.21,243.7,244.03,5943
2022-11-30 14:00:00,244.21,245.15,244.21,245.15,4810
2022-11-30 14:05:00,245.02,245.78,245.01,245.57,8389
2022-11-30 14:10:00,245.66,245.96,245.51,245.835,16667
2022-11-30 14:15:00,245.96,246.235,245.81,246.1,12713
2022-11-30 14:20:00,246.07,247.225,245.98,247.225,10472
2022-11-30 14:25:00,247.02,247.29,246.66,247.12,12198
2022-11-30 14:30:00,246.89,247.05,246.67,246.86,16013
2022-11-30 14:35:00,246.94,246.94,246.31,246.34,19226
2022-11-30 14:40:00,246.335,246.435,245.945,245.945,13719
2022-11-30 14:45:00,246.02,246.185,245.805,245.82,6602
2022-11-30 14:50:00,245.925,246.26,245.86,246.245,9817
2022-11-30 14:55:00,246.12,246.73,246.09,246.3,9452
2022-11-30 15:00:00,246.2,246.73,246.2,246.57,9486
2022-11-30 15:05:00,246.65,247.385,246.65,247.35,10658
2022-11-30 15:10:00,247.35,247.815,247.24,247.73,19775
2022-11-30 15:15:00,247.75,248.03,247.555,247.675,23590
2022-11-30 15:20:00,247.69,247.84,247.29,247.77,27568
2022-11-30 15:25:00,247.72,247.825,247.64,247.76,15675
2022-11-30 15:30:00,247.71,247.76,247.44,247.46,17096
2022-11-30 15:35:00,247.4,247.7,247.349,247.495,32721
2022-11-30 15:40:00,247.48,247.55,247.13,247.41,23008
2022-11-30 15:45:00,247.352,247.615,247.27,247.535,26652
2022-11-30 15:50:00,247.5,248.11,247.38,248.11,46114
2022-11-30 15:55:00,247.9,248.7,247.77,248.7,49956
2022-11-30 16:00:00,248.62,249.59,248.24,249.18,173666
2022-11-30 16:05:00,248.99,249.18,248.99,249.18,446587
2022-11-30 16:15:00,249.18,249.18,249.18,249.18,13497
2022-11-30 16:35:00,249.18,249.18,249.18,249.18,41076
2022-12-01 09:30:00,251.86,252.51,251.86,252.51,1336
2022-12-01 09:35:00,253.31,253.31,250.3,250.3,43992
2022-12-01 09:40:00,249.83,250.25,249.28,249.586,11594
2022-12-01 09:45:00,249.75,250.51,249.43,250.085,9891
2022-12-01 09:50:00,250.57,250.57,249.83,249.97,8033
2022-12-01 09:55:00,250.17,250.27,249.5,249.77,12602
2022-12-01 10:00:00,249.99,250.567,249.93,250.21,9723
2022-12-01 10:05:00,250.42,251.31,250.26,251.065,13059
2022-12-01 10:10:00,251.295,251.46,250.81,250.82,9270
2022-12-01 10:15:00,250.975,251.14,249.86,250.39,14928
2022-12-01 10:20:00,250.505,250.505,249.74,249.98,12605
2022-12-01 10:25:00,249.985,250.24,249.62,249.775,8237
2022-12-01 10:30:00,249.67,250.55,249.62,249.88,10545
2022-12-01 10:35:00,250.09,250.49,249.71,250.49,9741
2022-12-01 10:40:00,250.23,250.955,250.15,250.6,8869
2022-12-01 10:45:00,250.46,250.735,250.32,250.735,8705
2022-12-01 10:50:00,250.86,251.33,250.795,251.18,6600
2022-12-01 10:55:00,251.22,251.68,251.22,251.67,4824
2022-12-01 11:00:00,251.5,252.36,251.49,252.0,13359
2022-12-01 11:05:00,252.17,252.42,251.78,252.34,9509
2022-12-01 11:10:00,252.37,252.37,251.79,251.97,6243
2022-12-01 11:15:00,251.88,251.88,251.21,251.39,5072
2022-12-01 11:20:00,251.38,251.38,250.4,250.561,7272
2022-12-01 11:25:00,250.605,250.87,250.11,250.12,8218
2022-12-01 11:30:00,250.22,250.43,250.0,250.25,7606
2022-12-01 11:35:00,250.314,250.639,250.06,250.639,4989
2022-12-01 11:40:00,250.54,250.87,250.51,250.53,5333
2022-12-01 11:45:00,250.68,251.1,250.5,250.95,4222
2022-12-01 11:50:00,251.03,251.07,250.45,250.72,4703
2022-12-01 11:55:00,250.618,250.915,250.42,250.915,2622
2022-12-01 12:00:00,250.78,251.05,250.615,250.75,9480
2022-12-01 12:05:00,250.83,250.96,250.22,250.22,4394
2022-12-01 12:10:00,250.44,250.44,250.1,250.24,2411
2022-12-01 12:15:00,250.16,250.7,250.13,250.7,5883
2022-12-01 12:20:00,250.78,250.88,250.525,250.525,4025
2022-12-01 12:25:00,250.43,251.1,250.39,250.945,8524
2022-12-01 12:30:00,250.82,251.17,250.82,251.046,4459
2022-12-01 12:35:00,251.17,251.45,251.17,251.45,4208
2022-12-01 12:40:00,251.28,251.28,250.98,251.12,4288
2022-12-01 12:45:00,251.03,251.09,250.93,251.038,2700
2022-12-01 12:50:00,251.035,251.26,250.92,251.125,5348
2022-12-01 12:55:00,250.99,251.225,250.89,251.18,7651
2022-12-01 13:00:00,251.28,251.28,251.07,251.17,1799
2022-12-01 13:05:00,251.39,251.39,250.75,250.825,7020
2022-12-01 13:10:00,250.9,251.08,250.665,250.77,11836
2022-12-01 13:15:00,250.735,251.19,250.265,250.265,11244
2022-12-01 13:20:00,250.41,250.58,249.82,249.915,19923
2022-12-01 13:25:00,249.765,250.34,249.765,250.25,9179
2022-12-01 13:30:00,250.185,250.31,249.9,249.97,8537
2022-12-01 13:35:00,250.07,250.07,249.77,249.87,4484
2022-12-01 13:40:00,249.96,249.96,249.575,249.575,5062
2022-12-01 13:45:00,249.78,250.05,249.74,249.97,11789
2022-12-01 13:50:00,249.9,250.1,249.805,249.81,5520
2022-12-01 13:55:00,249.89,250.11,249.8,249.93,6104
2022-12-01 14:00:00,250.03,250.05,249.535,249.535,7561
2022-12-01 14:05:00,249.54,249.68,249.01,249.01,7305
2022-12-01 14:10:00,249.08,249.2,248.89,249.05,5708
2022-12-01 14:15:00,249.19,249.218,248.97,249.17,7621
2022-12-01 14:20:00,249.31,249.49,249.28,249.42,4267
2022-12-01 14:25:00,249.57,249.58,249.27,249.5,7570
2022-12-01 14:30:00,249.555,249.87,249.555,249.87,5784
2022-12-01 14:35:00,249.71,249.94,249.6,249.94,5881
2022-12-01 14:40:00,249.88,250.16,249.88,249.99,13018
2022-12-01 14:45:00,249.88,249.88,249.6,249.6,5232
2022-12-01 14:50:00,249.57,250.14,249.57,250.0,8281
2022-12-01 14:55:00,249.99,250.14,249.93,249.945,10145
2022-12-01 15:00:00,250.0,250.07,249.82,249.94,6074
2022-12-01 15:05:00,249.98,250.165,249.96,249.96,15401
2022-12-01 15:10:00,249.96,250.73,249.96,250.58,40592
2022-12-01 15:15:00,250.53,250.613,250.36,250.407,9748
2022-12-01 15:20:00,250.415,250.42,250.18,250.36,13607
2022-12-01 15:25:00,250.272,250.42,250.25,250.31,22976
2022-12-01 15:30:00,250.3,250.515,250.21,250.48,14679
2022-12-01 15:35:00,250.485,250.89,250.47,250.8,13487
2022-12-01 15:40:00,250.805,250.99,250.7,250.985,24395
2022-12-01 15:45:00,251.02,251.67,250.935,251.5,25047
2022-12-01 15:50:00,251.49,251.52,251.29,251.51,22739
2022-12-01 15:55:00,251.565,252.03,251.54,251.59,41461
2022-12-01 16:00:00,251.605,251.75,251.32,251.52,84140
2022-12-01 16:05:00,251.61,251.61,251.61,251.61,18629
2022-12-01 16:35:00,251.61,251.61,251.61,251.61,1729
2022-12-01 17:00:00,251.61,251.61,251.61,251.61,1257
2022-12-02 09:25:00,248.0,248.0,248.0,248.0,240
2022-12-02 09:30:00,249.68,249.68,249.68,249.68,100
2022-12-02 09:35:00,248.38,249.35,246.68,248.29,54503
2022-12-02 09:40:00,247.96,249.38,247.29,249.065,22954
2022-12-02 09:45:00,249.33,249.67,248.37,249.67,24955
2022-12-02 09:50:00,249.508,250.145,249.0,249.36,16273
2022-12-02 09:55:00,249.515,250.49,249.27,250.215,31529
2022-12-02 10:00:00,250.28,250.69,249.53,250.4,14430
2022-12-02 10:05:00,250.48,251.0,249.94,250.205,39513
2022-12-02 10:10:00,250.18,251.32,250.05,251.24,16792
2022-12-02 10:15:00,251.33,251.66,251.13,251.58,9753
2022-12-02 10:20:00,251.575,251.86,251.17,251.86,23018
2022-12-02 10:25:00,252.045,252.25,251.82,252.07,20990
2022-12-02 10:30:00,252.07,252.37,251.635,252.215,15753
2022-12-02 10:35:00,252.11,253.0,251.76,252.89,22473
2022-12-02 10:40:00,252.88,252.89,252.045,252.045,9928
2022-12-02 10:45:00,252.14,252.62,252.12,252.53,9286
2022-12-02 10:50:00,252.68,253.27,252.42,252.85,23481
2022-12-02 10:55:00,252.94,253.8,252.94,253.645,12626
2022-12-02 11:00:00,253.7,253.93,253.23,253.395,27135
2022-12-02 11:05:00,253.465,253.55,252.4,252.4,33702
2022-12-02 11:10:00,252.621,252.92,252.62,252.89,14945
2022-12-02 11:15:00,252.9,253.53,252.745,253.5,15914
2022-12-02 11:20:00,253.51,253.63,253.2,253.53,25502
2022-12-02 11:25:00,253.49,254.42,253.37,254.42,14242
2022-12-02 11:30:00,254.42,254.97,254.15,254.85,29600
2022-12-02 11:35:00,254.85,254.96,254.49,254.75,22345
2022-12-02 11:40:00,254.87,255.15,254.7,254.83,21634
2022-12-02 11:45:00,254.88,255.3,254.73,255.3,50407
2022-12-02 11:50:00,255.28,255.625,255.21,255.28,14057
2022-12-02 11:55:00,255.33,255.68,255.23,255.52,18644
2022-12-02 12:00:00,255.5,255.69,255.25,255.276,7122
2022-12-02 12:05:00,255.28,255.408,254.88,254.924,9893
2022-12-02 12:10:00,255.0,255.23,254.86,255.19,11355
2022-12-02 12:15:00,255.23,255.88,255.2,255.83,9782
2022-12-02 12:20:00,255.6,255.6,255.42,255.52,9465
2022-12-02 12:25:00,255.575,255.65,255.24,255.26,22257
2022-12-02 12:30:00,255.295,255.62,255.23,255.495,7466
2022-12-02 12:35:00,255.56,256.05,255.56,256.05,4456
2022-12-02 12:40:00,256.06,256.22,255.68,255.68,11784
2022-12-02 12:45:00,255.77,255.83,255.53,255.81,10483
2022-12-02 12:50:00,255.745,256.445,255.745,256.105,13452
2022-12-02 12:55:00,255.95,255.97,255.5,255.52,6130
2022-12-02 13:00:00,255.55,255.68,255.28,255.485,7509
2022-12-02 13:05:00,255.39,255.83,255.39,255.74,12110
2022-12-02 13:10:00,255.66,256.24,255.66,256.06,10923
2022-12-02 13:15:00,256.06,256.445,255.88,256.445,23057
2022-12-02 13:20:00,256.33,256.555,256.24,256.44,12781
2022-12-02 13:25:00,256.42,256.93,256.35,256.86,15995
2022-12-02 13:30:00,256.82,256.97,256.36,256.645,18949
2022-12-02 13:35:00,256.695,257.09,256.645,257.03,16943
2022-12-02 13:40:00,257.04,257.42,257.04,257.395,23690
2022-12-02 13:45:00,257.35,257.47,257.22,257.28,17188
2022-12-02 13:50:00,257.39,257.8,257.26,257.8,22683
2022-12-02 13:55:00,257.9,258.0,257.73,257.9,23940
2022-12-02 14:00:00,257.82,258.23,257.59,258.15,23328
2022-12-02 14:05:00,258.19,258.33,258.155,258.31,10607
2022-12-02 14:10:00,258.45,258.55,257.825,257.855,19740
2022-12-02 14:15:00,257.85,258.005,257.575,257.9,12767
2022-12-02 14:20:00,258.149,258.29,258.05,258.21,9006
2022-12-02 14:25:00,258.15,258.27,258.0,258.19,26255
2022-12-02 14:30:00,258.185,258.23,258.004,258.125,11067
2022-12-02 14:35:00,258.12,258.12,257.78,258.12,21934
2022-12-02 14:40:00,258.21,258.21,257.99,258.2,8186
2022-12-02 14:45:00,258.165,258.35,258.165,258.29,11894
2022-12-02 14:50:00,258.29,258.72,258.21,258.6,10813
2022-12-02 14:55:00,258.652,258.86,258.44,258.77,10968
2022-12-02 15:00:00,258.89,259.03,258.66,259.03,8818
2022-12-02 15:05:00,258.99,259.44,258.915,259.39,14094
2022-12-02 15:10:00,259.5,259.5,259.12,259.46,11446
2022-12-02 15:15:00,259.49,259.6,259.44,259.45,13256
2022-12-02 15:20:00,259.44,259.69,259.13,259.145,15990
2022-12-02 15:25:00,259.15,259.24,258.6,258.765,18140
2022-12-02 15:30:00,258.75,258.75,258.15,258.31,11951
2022-12-02 15:35:00,258.35,258.36,258.01,258.075,35151
2022-12-02 15:40:00,258.11,258.11,257.53,257.73,16532
2022-12-02 15:45:00,257.819,257.855,257.47,257.57,23910
2022-12-02 15:50:00,257.53,257.53,257.24,257.368,37812
2022-12-02 15:55:00,257.24,257.32,256.94,257.3,35380
2022-12-02 16:00:00,257.29,257.885,257.28,257.75,95657
2022-12-02 16:05:00,257.75,257.75,257.75,257.75,39178
2022-12-02 16:15:00,257.75,257.75,257.75,257.75,680
2022-12-05 09:35:00,253.75,255.865,252.98,254.925,37766
2022-12-05 09:40:00,255.29,255.81,254.605,254.605,15897
2022-12-05 09:45:00,254.685,254.71,254.06,254.465,15220
2022-12-05 09:50:00,254.422,254.57,253.57,254.05,32343
2022-12-05 09:55:00,253.885,254.65,253.88,254.49,20783
2022-12-05 10:00:00,254.49,255.19,253.805,253.805,34345
2022-12-05 10:05:00,253.71,254.38,252.92,254.28,23564
2022-12-05 10:10:00,254.275,254.74,253.89,254.0,13386
2022-12-05 10:15:00,254.17,254.75,253.92,254.59,11371
2022-12-05 10:20:00,254.585,254.89,254.555,254.83,7966
2022-12-05 10:25:00,254.97,255.0,254.58,254.83,15502
2022-12-05 10:30:00,254.9,255.46,254.73,254.785,17016
2022-12-05 10:35:00,254.98,255.123,254.635,255.022,17567
2022-12-05 10:40:00,255.1,255.76,255.1,255.76,11395
2022-12-05 10:45:00,255.78,256.13,255.57,255.97,13211
2022-12-05 10:50:00,256.06,256.35,255.96,256.16,16601
2022-12-05 10:55:00,256.26,256.26,255.8,255.82,25980
2022-12-05 11:00:00,256.02,256.5,256.02,256.37,13497
2022-12-05 11:05:00,256.39,256.49,255.93,256.089,10991
2022-12-05 11:10:00,256.05,256.3,255.82,256.19,7548
2022-12-05 11:15:00,256.27,256.27,255.73,255.745,10124
2022-12-05 11:20:00,255.735,255.98,254.76,254.97,34949
2022-12-05 11:25:00,254.855,254.855,253.91,254.02,11501
2022-12-05 11:30:00,254.03,254.23,253.76,254.05,13404
2022-12-05 11:35:00,254.08,254.132,253.34,253.77,18806
2022-12-05 11:40:00,253.82,254.0,253.47,253.59,28727
2022-12-05 11:45:00,253.635,254.12,253.635,253.635,8657
2022-12-05 11:50:00,253.685,254.28,253.63,254.28,31632
2022-12-05 11:55:00,254.245,255.01,254.125,254.43,13748
2022-12-05 12:00:00,254.4,254.76,254.335,254.6,12425
2022-12-05 12:05:00,254.5,254.75,254.38,254.38,11218
2022-12-05 12:10:00,254.49,254.805,254.49,254.734,5240
2022-12-05 12:15:00,254.68,255.21,254.6,255.21,19807
2022-12-05 12:20:00,255.22,255.39,254.83,255.0,16423
2022-12-05 12:25:00,255.023,255.39,254.9,255.31,10776
2022-12-05 12:30:00,255.45,255.53,255.09,255.24,62212
2022-12-05 12:35:00,255.17,255.19,254.86,254.86,37110
2022-12-05 12:40:00,254.65,255.25,254.65,255.195,6463
2022-12-05 12:45:00,255.13,255.13,254.3,254.48,13917
2022-12-05 12:50:00,254.38,255.07,254.38,254.76,7856
2022-12-05 12:55:00,255.02,255.07,254.54,254.54,2670
2022-12-05 13:00:00,254.73,254.82,254.5,254.82,7433
2022-12-05 13:05:00,254.69,254.8,254.65,254.79,4619
2022-12-05 13:10:00,254.68,254.86,254.68,254.86,4221
2022-12-05 13:15:00,254.75,255.07,254.75,255.07,8662
2022-12-05 13:20:00,254.91,255.35,254.91,255.34,7456
2022-12-05 13:25:00,255.28,255.302,254.81,254.845,5566
2022-12-05 13:30:00,254.89,255.0,254.57,254.88,8525
2022-12-05 13:35:00,254.82,255.185,254.81,255.11,9988
2022-12-05 13:40:00,255.18,255.48,255.09,255.4,7956
2022-12-05 13:45:00,255.45,255.45,254.82,255.03,7657
2022-12-05 13:50:00,255.005,255.09,254.94,255.045,2854
2022-12-05 13:55:00,255.055,255.055,254.72,254.93,5669
2022-12-05 14:00:00,254.829,254.829,254.41,254.485,10013
2022-12-05 14:05:00,254.45,254.73,254.355,254.59,9350
2022-12-05 14:10:00,254.55,254.65,254.34,254.57,6821
2022-12-05 14:15:00,254.63,254.78,254.63,254.78,5409
2022-12-05 14:20:00,254.775,254.775,254.41,254.5,6143
2022-12-05 14:25:00,254.425,254.53,254.31,254.374,9152
2022-12-05 14:30:00,254.36,254.47,254.08,254.22,11792
2022-12-05 14:35:00,254.22,254.22,253.902,254.055,6323
2022-12-05 14:40:00,254.06,254.365,254.06,254.335,12632
2022-12-05 14:45:00,254.254,254.26,253.995,254.1,10378
2022-12-05 14:50:00,254.19,254.28,254.05,254.27,6363
2022-12-05 14:55:00,254.26,254.58,254.26,254.52,8284
2022-12-05 15:00:00,254.595,254.6,254.34,254.42,13038
2022-12-05 15:05:00,254.35,254.5,253.94,254.28,14973
2022-12-05 15:10:00,254.135,254.24,253.98,254.2,7696
2022-12-05 15:15:00,254.05,254.3,253.96,254.19,8623
2022-12-05 15:20:00,254.21,254.26,253.81,253.94,54910
2022-12-05 15:25:00,253.88,254.05,253.84,253.955,24660
2022-12-05 15:30:00,253.97,253.98,253.29,253.5,19542
2022-12-05 15:35:00,253.475,253.82,253.475,253.8,20418
2022-12-05 15:40:00,253.805,254.03,253.375,253.43,13050
2022-12-05 15:45:00,253.29,253.6,253.28,253.52,18812
2022-12-05 15:50:00,253.52,253.76,253.4,253.525,23196
2022-12-05 15:55:00,253.59,253.96,253.32,253.95,50496
2022-12-05 16:00:00,253.96,253.96,253.44,253.58,82364
2022-12-05 16:05:00,253.59,253.59,253.59,253.59,40352
2022-12-06 08:30:00,253.72,253.72,253.72,253.72,100
2022-12-06 09:30:00,253.75,253.75,253.75,253.75,1914
2022-12-06 09:35:00,254.41,255.4,253.77,255.05,24140
2022-12-06 09:40:00,254.78,254.884,253.9,254.52,19605
2022-12-06 09:45:00,254.36,255.04,254.07,254.87,18338
2022-12-06 09:50:00,254.83,255.12,254.48,255.12,5926
2022-12-06 09:55:00,255.06,255.55,254.46,254.46,5313
2022-12-06 10:00:00,254.52,254.52,253.18,253.38,4264
2022-12-06 10:05:00,253.515,253.84,252.79,252.95,4384
2022-12-06 10:10:00,252.88,252.93,252.4,252.89,7472
2022-12-06 10:15:00,252.71,252.985,252.04,252.22,16345
2022-12-06 10:20:00,252.23,252.62,251.71,252.62,10039
2022-12-06 10:25:00,252.57,252.9,252.27,252.79,6308
2022-12-06 10:30:00,252.77,252.77,251.74,251.74,6572
2022-12-06 10:35:00,251.9,252.196,251.72,251.87,5754
2022-12-06 10:40:00,251.84,252.04,251.22,251.25,5974
2022-12-06 10:45:00,251.4,251.71,250.96,251.71,9329
2022-12-06 10:50:00,251.65,251.79,251.39,251.425,13353
2022-12-06 10:55:00,251.41,251.41,251.15,251.17,6192
2022-12-06 11:00:00,251.15,251.31,250.56,250.93,9379
2022-12-06 11:05:00,250.92,251.06,250.75,250.75,6053
2022-12-06 11:10:00,250.61,250.75,250.41,250.41,7360
2022-12-06 11:15:00,250.45,250.84,250.211,250.211,12544
2022-12-06 11:20:00,250.32,250.32,249.79,249.9,7313
2022-12-06 11:25:00,249.82,250.3,249.38,250.215,13723
2022-12-06 11:30:00,250.18,250.18,249.81,250.04,7415
2022-12-06 11:35:00,250.13,250.25,249.99,250.12,9626
2022-12-06 11:40:00,250.062,250.2,249.97,250.1,7930
2022-12-06 11:45:00,250.11,250.18,249.92,250.138,20957
2022-12-06 11:50:00,250.23,250.8,250.23,250.7,5608
2022-12-06 11:55:00,250.76,251.0,250.59,250.69,11137
2022-12-06 12:00:00,250.71,251.187,250.71,251.187,3841
2022-12-06 12:05:00,251.3,251.44,251.15,251.3,4523
2022-12-06 12:10:00,251.23,251.44,250.9,250.9,4720
2022-12-06 12:15:00,250.97,251.33,250.85,251.21,8570
2022-12-06 12:20:00,251.33,251.36,250.56,250.615,6778
2022-12-06 12:25:00,250.65,251.6,250.585,251.46,11649
2022-12-06 12:30:00,251.54,251.6,251.44,251.44,3126
2022-12-06 12:35:00,251.36,251.635,251.14,251.61,5790
2022-12-06 12:40:00,251.66,251.89,251.54,251.87,10227
2022-12-06 12:45:00,251.865,251.98,251.73,251.78,15307
2022-12-06 12:50:00,251.76,251.8,251.58,251.8,5773
2022-12-06 12:55:00,251.79,251.89,251.605,251.79,4834
2022-12-06 13:00:00,251.845,251.845,251.57,251.625,3130
2022-12-06 13:05:00,251.62,251.99,251.55,251.87,10989
2022-12-06 13:10:00,251.75,251.77,251.32,251.4,8450
2022-12-06 13:15:00,251.42,251.45,251.244,251.41,4995
2022-12-06 13:20:00,251.53,251.59,251.312,251.36,4768
2022-12-06 13:25:00,251.13,251.13,250.545,250.545,4043
2022-12-06 13:30:00,250.48,250.48,250.22,250.24,4789
2022-12-06 13:35:00,250.11,250.31,250.005,250.17,8896
2022-12-06 13:40:00,250.23,250.51,250.23,250.44,8457
2022-12-06 13:45:00,250.48,250.6,250.455,250.455,3453
2022-12-06 13:50:00,250.49,250.75,250.465,250.73,5652
2022-12-06 13:55:00,250.685,250.7,250.59,250.615,5822
2022-12-06 14:00:00,250.62,250.76,250.12,250.73,11292
2022-12-06 14:05:00,250.81,250.81,250.12,250.12,5626
2022-12-06 14:10:00,250.12,250.22,250.0,250.13,5186
2022-12-06 14:15:00,250.0,250.24,249.99,250.13,12296
2022-12-06 14:20:00,250.12,250.22,250.0,250.16,7037
2022-12-06 14:25:00,250.065,250.29,249.99,250.29,7709
2022-12-06 14:30:00,250.23,250.23,250.04,250.1,4511
2022-12-06 14:35:00,250.075,250.315,249.91,250.015,7879
2022-12-06 14:40:00,249.95,250.12,249.94,250.085,13819
2022-12-06 14:45:00,250.12,250.91,250.12,250.91,7382
2022-12-06 14:50:00,250.96,251.1,250.8,251.07,13177
2022-12-06 14:55:00,250.995,251.24,250.915,251.24,15421
2022-12-06 15:00:00,251.165,251.32,251.02,251.15,12343
2022-12-06 15:05:00,251.2,251.55,251.19,251.19,16670
2022-12-06 15:10:00,251.3,251.615,251.3,251.37,14612
2022-12-06 15:15:00,251.385,251.88,251.385,251.75,17831
2022-12-06 15:20:00,251.84,252.08,251.74,251.81,19098
2022-12-06 15:25:00,251.83,252.2,251.67,252.115,14604
2022-12-06 15:30:00,252.16,252.24,251.63,251.81,15700
2022-12-06 15:35:00,251.795,252.45,251.795,252.3,17911
2022-12-06 15:40:00,252.34,252.45,252.16,252.445,22324
2022-12-06 15:45:00,252.41,253.27,252.41,253.25,29218
2022-12-06 15:50:00,253.19,253.59,253.14,253.59,31970
2022-12-06 15:55:00,253.56,253.56,253.04,253.3,51951
2022-12-06 16:00:00,253.29,253.66,253.03,253.63,118213
2022-12-06 16:05:00,253.46,253.46,253.46,253.46,22001
2022-12-06 16:10:00,253.46,253.46,253.46,253.46,530
2022-12-06 16:15:00,253.46,253.46,253.46,253.46,437
2022-12-07 09:35:00,253.36,254.86,252.794,254.01,14173
2022-12-07 09:40:00,254.24,255.46,254.08,254.165,8115
2022-12-07 09:45:00,254.215,254.215,253.38,253.595,6453
2022-12-07 09:50:00,253.97,254.35,252.92,252.92,9703
2022-12-07 09:55:00,252.77,253.775,252.77,253.775,7366
2022-12-07 10:00:00,253.7,253.985,253.55,253.745,8070
2022-12-07 10:05:00,253.75,253.79,252.875,253.71,10577
2022-12-07 10:10:00,253.96,254.32,253.36,253.68,31649
2022-12-07 10:15:00,253.65,254.085,252.87,253.315,20735
2022-12-07 10:20:00,253.22,253.605,252.31,252.355,12233
2022-12-07 10:25:00,252.2,252.55,251.87,252.4,9279
2022-12-07 10:30:00,252.45,252.65,251.61,252.635,11352
2022-12-07 10:35:00,252.685,253.23,252.67,252.81,11559
2022-12-07 10:40:00,252.88,253.06,252.62,252.895,8278
2022-12-07 10:45:00,252.805,254.01,252.805,253.96,15006
2022-12-07 10:50:00,253.97,254.05,253.72,253.98,14967
2022-12-07 10:55:00,254.04,254.47,253.6,253.78,22327
2022-12-07 11:00:00,253.64,253.885,253.095,253.17,13447
2022-12-07 11:05:00,253.07,253.62,253.07,253.505,12501
2022-12-07 11:10:00,253.38,253.58,253.01,253.055,8499
2022-12-07 11:15:00,253.19,253.53,252.99,253.07,15032
2022-12-07 11:20:00,253.145,253.305,252.92,252.97,9331
2022-12-07 11:25:00,252.92,252.92,252.09,252.31,10267
2022-12-07 11:30:00,252.195,252.34,251.61,251.71,6517
2022-12-07 11:35:00,251.61,251.69,251.28,251.315,6779
2022-12-07 11:40:00,251.15,251.67,251.15,251.64,10965
2022-12-07 11:45:00,251.79,251.79,251.25,251.53,7124
2022-12-07 11:50:00,251.45,251.65,251.28,251.28,5402
2022-12-07 11:55:00,251.295,251.36,250.98,251.11,12300
2022-12-07 12:00:00,251.19,251.34,250.99,251.236,9080
2022-12-07 12:05:00,251.33,251.34,250.76,250.9,12282
2022-12-07 12:10:00,250.83,250.85,250.55,250.68,9652
2022-12-07 12:15:00,250.63,250.73,250.37,250.7,11543
2022-12-07 12:20:00,250.617,250.935,250.57,250.57,6080
2022-12-07 12:25:00,250.54,250.775,250.42,250.42,7631
2022-12-07 12:30:00,250.41,250.41,250.044,250.105,14634
2022-12-07 12:35:00,250.18,250.19,249.99,250.04,15146
2022-12-07 12:40:00,250.11,250.27,250.0,250.15,20027
2022-12-07 12:45:00,250.21,250.74,250.14,250.69,24203
2022-12-07 12:50:00,250.7,250.89,250.54,250.775,24697
2022-12-07 12:55:00,250.81,251.06,250.76,250.76,8803
2022-12-07 13:00:00,250.775,250.87,250.5,250.66,15204
2022-12-07 13:05:00,250.595,250.83,250.46,250.54,8350
2022-12-07 13:10:00,250.45,250.67,250.29,250.54,10200
2022-12-07 13:15:00,250.592,250.96,250.52,250.96,10299
2022-12-07 13:20:00,250.92,250.94,250.67,250.88,8222
2022-12-07 13:25:00,250.82,250.91,250.64,250.8,7685
2022-12-07 13:30:00,250.74,250.85,250.61,250.85,9036
2022-12-07 13:35:00,250.87,250.92,250.63,250.885,12349
2022-12-07 13:40:00,250.95,251.205,250.82,250.97,15985
2022-12-07 13:45:00,250.875,251.08,250.42,251.05,20444
2022-12-07 13:50:00,251.075,251.26,250.88,251.26,6032
2022-12-07 13:55:00,251.21,251.265,251.02,251.245,12117
2022-12-07 14:00:00,251.25,251.25,250.85,251.1,8710
2022-12-07 14:05:00,251.16,251.219,250.71,250.925,11882
2022-12-07 14:10:00,250.87,251.05,250.83,251.04,11190
2022-12-07 14:15:00,251.01,251.45,251.0,251.45,14815
2022-12-07 14:20:00,251.4,251.53,251.205,251.27,10356
2022-12-07 14:25:00,251.27,251.345,250.81,251.065,11844
2022-12-07 14:30:00,251.17,251.21,250.96,251.18,8482
2022-12-07 14:35:00,251.22,251.37,251.005,251.37,13942
2022-12-07 14:40:00,251.37,251.77,251.36,251.68,13912
2022-12-07 14:45:00,251.68,251.78,251.035,251.22,17991
2022-12-07 14:50:00,251.24,251.24,250.705,250.75,13581
2022-12-07 14:55:00,250.75,250.95,250.43,250.43,14188
2022-12-07 15:00:00,250.47,250.48,250.115,250.27,12579
2022-12-07 15:05:00,250.35,250.68,250.27,250.67,7020
2022-12-07 15:10:00,250.68,250.95,250.64,250.95,13313
2022-12-07 15:15:00,251.05,251.33,250.732,251.33,13574
2022-12-07 15:20:00,251.24,251.27,250.79,250.832,11516
2022-12-07 15:25:00,250.835,250.835,250.32,250.735,12963
2022-12-07 15:30:00,250.765,251.015,250.61,251.015,8746
2022-12-07 15:35:00,251.005,251.245,250.99,251.06,16370
2022-12-07 15:40:00,250.984,251.33,250.96,251.33,22182
2022-12-07 15:45:00,251.351,251.45,250.63,250.825,42920
2022-12-07 15:50:00,250.805,251.01,250.74,250.85,20458
2022-12-07 15:55:00,250.825,251.12,250.75,251.09,47967
2022-12-07 16:00:00,251.08,251.35,251.03,251.06,83125
2022-12-07 16:05:00,251.12,251.12,251.12,251.12,29133
2022-12-08 09:35:00,251.52,251.55,250.2,250.65,15968
2022-12-08 09:40:00,250.87,251.6,250.87,251.03,9971
2022-12-08 09:45:00,251.38,251.41,250.43,250.485,8614
2022-12-08 09:50:00,250.485,250.485,249.88,249.99,14840
2022-12-08 09:55:00,250.065,251.06,250.065,250.777,13712
2022-12-08 10:00:00,250.79,251.592,250.79,251.41,4314
2022-12-08 10:05:00,251.34,251.34,250.15,250.15,4659
2022-12-08 10:10:00,250.44,250.85,250.27,250.63,6752
2022-12-08 10:15:00,250.67,251.295,250.67,251.035,7645
2022-12-08 10:20:00,251.03,251.13,250.7,250.81,9758
2022-12-08 10:25:00,250.64,250.85,250.59,250.715,10023
2022-12-08 10:30:00,250.7,251.435,250.678,251.435,8117
2022-12-08 10:35:00,251.47,251.965,250.875,251.66,83646
2022-12-08 10:40:00,251.56,251.97,251.43,251.88,7521
2022-12-08 10:45:00,252.1,252.175,251.78,251.875,11086
2022-12-08 10:50:00,251.87,252.63,251.78,252.615,5877
2022-12-08 10:55:00,252.56,252.905,252.38,252.69,10281
2022-12-08 11:00:00,252.78,253.11,252.685,253.08,7703
2022-12-08 11:05:00,253.08,253.36,253.04,253.3,7347
2022-12-08 11:10:00,253.38,253.38,252.43,252.43,11898
2022-12-08 11:15:00,252.5,252.51,251.795,252.06,10042
2022-12-08 11:20:00,252.12,252.235,251.41,251.66,8851
2022-12-08 11:25:00,251.58,251.68,251.35,251.615,5994
2022-12-08 11:30:00,251.615,252.188,251.615,252.17,7772
2022-12-08 11:35:00,252.2,252.57,252.09,252.24,11357
2022-12-08 11:40:00,252.185,252.26,251.71,251.71,8626
2022-12-08 11:45:00,251.86,251.88,251.54,251.71,5243
2022-12-08 11:50:00,251.63,251.82,251.63,251.82,6019
2022-12-08 11:55:00,251.785,252.06,251.71,252.0,7868
2022-12-08 12:00:00,251.99,252.59,251.99,252.56,7251
2022-12-08 12:05:00,252.62,253.0,252.62,252.775,6482
2022-12-08 12:10:00,252.775,253.09,252.71,253.085,5616
2022-12-08 12:15:00,253.11,253.42,253.08,253.36,9600
2022-12-08 12:20:00,253.36,253.36,252.81,252.85,8148
2022-12-08 12:25:00,252.85,252.96,252.72,252.9,5475
2022-12-08 12:30:00,252.82,252.93,252.74,252.83,6378
2022-12-08 12:35:00,252.835,253.205,252.71,253.205,9653
2022-12-08 12:40:00,253.1,253.265,253.03,253.07,7088
2022-12-08 12:45:00,253.07,253.16,252.55,252.55,6110
2022-12-08 12:50:00,252.54,252.606,251.91,252.606,6580
2022-12-08 12:55:00,252.655,252.91,252.61,252.91,3455
2022-12-08 13:00:00,252.91,253.045,252.74,252.87,6215
2022-12-08 13:05:00,252.955,253.125,252.955,253.045,4271
2022-12-08 13:10:00,253.01,253.09,252.92,253.0,5593
2022-12-08 13:15:00,252.825,252.88,252.8,252.855,5574
2022-12-08 13:20:00,252.9,253.04,252.7,252.92,8128
2022-12-08 13:25:00,252.845,252.845,252.485,252.73,4456
2022-12-08 13:30:00,252.685,253.15,252.685,253.15,11526
2022-12-08 13:35:00,253.175,253.27,252.93,253.065,8286
2022-12-08 13:40:00,253.08,253.15,252.85,253.06,8769
2022-12-08 13:45:00,253.145,253.28,252.879,252.997,21566
2022-12-08 13:50:00,253.07,253.08,252.78,252.99,8043
2022-12-08 13:55:00,252.94,253.31,252.88,253.19,76678
2022-12-08 14:00:00,253.25,253.81,253.21,253.81,7537
2022-12-08 14:05:00,253.75,253.85,253.2,253.2,11736
2022-12-08 14:10:00,253.11,253.19,252.63,252.91,13438
2022-12-08 14:15:00,252.89,252.96,252.4,252.6,34122
2022-12-08 14:20:00,252.645,253.34,252.6,253.185,16639
2022-12-08 14:25:00,253.17,253.5,253.17,253.5,4931
2022-12-08 14:30:00,253.46,253.67,253.44,253.61,7111
2022-12-08 14:35:00,253.58,253.66,252.73,252.89,14476
2022-12-08 14:40:00,252.92,253.223,252.595,253.17,7749
2022-12-08 14:45:00,253.23,253.42,253.17,253.19,10638
2022-12-08 14:50:00,253.19,253.5,253.14,253.485,8945
2022-12-08 14:55:00,253.5,253.5,253.055,253.435,15225
2022-12-08 15:00:00,253.5,253.525,252.935,253.015,11905
2022-12-08 15:05:00,252.985,253.17,252.89,252.98,10359
2022-12-08 15:10:00,252.94,252.94,252.63,252.89,15013
2022-12-08 15:15:00,252.91,253.19,252.77,253.09,12463
2022-12-08 15:20:00,253.025,253.5,253.02,253.42,11742
2022-12-08 15:25:00,253.402,253.57,253.3,253.48,17298
2022-12-08 15:30:00,253.5,253.5,253.26,253.26,12209
2022-12-08 15:35:00,253.26,253.83,253.26,253.77,13248
2022-12-08 15:40:00,253.775,254.06,253.56,253.92,22831
2022-12-08 15:45:00,253.86,253.925,253.74,253.87,13038
2022-12-08 15:50:00,253.8,253.81,253.43,253.69,27990
2022-12-08 15:55:00,253.68,254.01,253.55,253.93,42308
2022-12-08 16:00:00,253.93,254.58,253.91,254.3,86389
2022-12-08 16:05:00,254.45,254.45,254.45,254.45,17917
2022-12-09 09:35:00,254.19,254.53,253.19,253.893,13294
2022-12-09 09:40:00,254.641,254.72,254.31,254.31,2004
2022-12-09 09:45:00,254.604,255.22,254.42,254.445,7077
2022-12-09 09:50:00,254.87,255.01,254.065,254.066,4771
2022-12-09 09:55:00,254.17,254.29,253.07,253.37,15619
2022-12-09 10:00:00,253.3,254.06,253.13,253.97,6276
2022-12-09 10:05:00,254.09,254.6,253.31,253.795,11648
2022-12-09 10:10:00,253.665,253.921,253.315,253.577,19719
2022-12-09 10:15:00,253.415,253.55,252.61,252.75,12539
2022-12-09 10:20:00,252.98,253.1,252.65,253.04,3995
2022-12-09 10:25:00,253.01,253.24,252.715,253.21,3756
2022-12-09 10:30:00,253.26,253.26,252.62,252.87,3104
2022-12-09 10:35:00,253.02,253.53,252.83,252.83,12940
2022-12-09 10:40:00,252.635,253.285,252.475,253.255,5463
2022-12-09 10:45:00,253.03,253.03,252.67,252.78,34541
2022-12-09 10:50:00,252.62,252.865,252.29,252.49,12611
2022-12-09 10:55:00,252.315,252.75,252.315,252.49,12873
2022-12-09 11:00:00,252.6,252.82,252.41,252.67,13880
2022-12-09 11:05:00,252.66,253.15,252.45,252.92,8408
2022-12-09 11:10:00,252.96,252.96,252.58,252.61,4395
2022-12-09 11:15:00,252.42,252.55,252.16,252.16,14215
2022-12-09 11:20:00,252.093,252.39,251.99,252.34,12368
2022-12-09 11:25:00,252.31,252.53,252.29,252.48,5822
2022-12-09 11:30:00,252.322,252.51,252.22,252.22,5115
2022-12-09 11:35:00,252.215,252.67,251.945,252.52,33832
2022-12-09 11:40:00,252.59,252.68,252.36,252.55,8424
2022-12-09 11:45:00,252.37,252.58,252.155,252.213,22250
2022-12-09 11:50:00,252.37,253.08,252.304,253.08,6374
2022-12-09 11:55:00,253.01,253.285,253.01,253.16,2718
2022-12-09 12:00:00,253.29,253.42,253.055,253.23,6525
2022-12-09 12:05:00,253.163,253.32,253.16,253.17,5693
2022-12-09 12:10:00,253.14,253.58,253.11,253.565,5503
2022-12-09 12:15:00,253.58,253.69,253.53,253.58,3209
2022-12-09 12:20:00,253.52,253.52,252.92,252.987,6660
2022-12-09 12:25:00,253.0,253.0,252.71,252.75,5863
2022-12-09 12:30:00,252.75,252.946,252.61,252.61,8963
2022-12-09 12:35:00,252.6,252.87,252.52,252.795,16224
2022-12-09 12:40:00,252.79,252.955,252.7,252.955,6250
2022-12-09 12:45:00,252.96,253.11,252.595,252.675,7852
2022-12-09 12:50:00,252.77,252.84,252.48,252.84,6979
2022-12-09 12:55:00,252.82,253.3,252.59,253.18,5322
2022-12-09 13:00:00,253.14,253.19,252.87,253.06,5536
2022-12-09 13:05:00,253.02,253.13,252.79,253.13,5310
2022-12-09 13:10:00,253.095,253.095,252.75,252.75,4476
2022-12-09 13:15:00,252.82,253.06,252.745,253.06,6830
2022-12-09 13:20:00,252.99,253.095,252.75,253.03,4426
2022-12-09 13:25:00,252.92,253.01,252.73,252.75,5174
2022-12-09 13:30:00,252.72,252.9,252.71,252.768,5449
2022-12-09 13:35:00,252.802,253.24,252.802,252.94,12219
2022-12-09 13:40:00,252.94,252.94,252.67,252.85,8607
2022-12-09 13:45:00,252.87,253.0,252.67,252.9,9683
2022-12-09 13:50:00,252.95,253.23,252.84,253.23,8802
2022-12-09 13:55:00,253.24,253.34,253.12,253.175,6119
2022-12-09 14:00:00,253.175,253.64,253.175,253.64,3087
2022-12-09 14:05:00,253.69,253.705,253.42,253.51,5413
2022-12-09 14:10:00,253.46,253.525,253.2,253.34,6671
2022-12-09 14:15:00,253.24,253.33,253.01,253.245,9668
2022-12-09 14:20:00,253.245,253.49,253.23,253.48,7201
2022-12-09 14:25:00,253.485,253.59,253.25,253.44,7413
2022-12-09 14:30:00,253.46,253.52,253.37,253.49,5218
2022-12-09 14:35:00,253.46,253.615,253.36,253.37,8837
2022-12-09 14:40:00,253.415,253.63,253.415,253.51,3376
2022-12-09 14:45:00,253.515,253.54,253.315,253.46,6773
2022-12-09 14:50:00,253.51,253.77,253.5,253.71,5587
2022-12-09 14:55:00,253.655,253.71,253.55,253.645,3024
2022-12-09 15:00:00,253.645,253.81,253.47,253.565,6340
2022-12-09 15:05:00,253.48,253.63,253.47,253.555,5088
2022-12-09 15:10:00,253.61,253.81,253.51,253.62,6989
2022-12-09 15:15:00,253.48,253.94,253.45,253.805,11733
2022-12-09 15:20:00,253.93,254.09,253.85,253.945,11360
2022-12-09 15:25:00,253.88,253.88,253.62,253.695,7608
2022-12-09 15:30:00,253.695,253.82,253.66,253.66,5890
2022-12-09 15:35:00,253.64,253.85,253.62,253.82,14508
2022-12-09 15:40:00,253.86,253.875,253.65,253.685,24446
2022-12-09 15:45:00,253.685,253.73,253.26,253.27,21487
2022-12-09 15:50:00,253.16,253.68,253.16,253.425,18521
2022-12-09 15:55:00,253.37,253.37,252.86,253.17,33701
2022-12-09 16:00:00,253.15,253.29,252.75,252.88,110137
2022-12-09 16:05:00,252.88,252.88,252.88,252.88,14740
2022-12-12 09:35:00,254.68,254.68,253.555,253.71,11218
2022-12-12 09:40:00,253.06,253.156,252.53,252.588,8498
2022-12-12 09:45:00,252.82,252.935,251.91,252.06,15310
2022-12-12 09:50:00,252.26,253.11,251.83,253.11,9590
2022-12-12 09:55:00,252.97,252.99,252.33,252.56,11112
2022-12-12 10:00:00,252.67,253.16,252.59,253.05,18073
2022-12-12 10:05:00,253.1,253.1,252.615,252.84,6549
2022-12-12 10:10:00,252.675,252.75,251.98,252.035,25607
2022-12-12 10:15:00,252.105,252.5,252.01,252.48,14289
2022-12-12 10:20:00,252.18,252.335,251.96,252.08,8019
2022-12-12 10:25:00,252.2,252.57,252.15,252.5,18647
2022-12-12 10:30:00,252.36,252.38,251.13,251.24,43396
2022-12-12 10:35:00,251.26,251.52,250.78,250.94,30375
2022-12-12 10:40:00,251.0,251.4,250.77,250.945,65280
2022-12-12 10:45:00,251.09,251.22,250.94,250.95,13314
2022-12-12 10:50:00,251.02,251.06,250.54,250.59,22220
2022-12-12 10:55:00,250.45,250.51,249.77,249.845,33821
2022-12-12 11:00:00,249.85,249.85,249.385,249.385,19358
2022-12-12 11:05:00,249.385,249.56,249.03,249.505,17073
2022-12-12 11:10:00,249.475,250.16,249.475,250.16,14527
2022-12-12 11:15:00,250.16,250.16,249.91,249.915,6863
2022-12-12 11:20:00,249.99,250.65,249.83,250.435,11638
2022-12-12 11:25:00,250.455,250.85,250.455,250.715,4967
2022-12-12 11:30:00,250.71,250.71,250.34,250.42,9024
2022-12-12 11:35:00,250.41,250.94,250.375,250.52,39525
2022-12-12 11:40:00,250.3,250.34,250.01,250.01,8140
2022-12-12 11:45:00,249.92,249.92,249.561,249.735,10918
2022-12-12 11:50:00,249.81,250.3,249.81,250.09,31541
2022-12-12 11:55:00,249.795,250.06,249.795,250.06,4977
2022-12-12 12:00:00,250.065,250.25,250.065,250.25,4072
2022-12-12 12:05:00,250.19,250.69,250.11,250.672,5309
2022-12-12 12:10:00,250.334,250.334,250.15,250.218,4465
2022-12-12 12:15:00,250.14,250.22,250.03,250.03,5985
2022-12-12 12:20:00,249.79,250.31,249.79,250.31,5875
2022-12-12 12:25:00,250.33,250.43,250.15,250.16,4195
2022-12-12 12:30:00,250.058,250.205,250.045,250.205,2656
2022-12-12 12:35:00,250.14,250.55,250.01,250.55,5105
2022-12-12 12:40:00,250.72,250.93,250.63,250.86,5352
2022-12-12 12:45:00,251.01,251.37,250.783,250.95,31066
2022-12-12 12:50:00,250.95,251.1,250.72,250.825,7683
2022-12-12 12:55:00,250.77,250.97,250.76,250.835,5210
2022-12-12 13:00:00,250.9,251.15,250.86,251.1,3151
2022-12-12 13:05:00,251.014,251.34,250.33,250.33,6092
2022-12-12 13:10:00,250.3,250.3,250.05,250.05,9935
2022-12-12 13:15:00,250.05,250.165,249.895,249.895,4774
2022-12-12 13:20:00,249.78,250.09,249.705,250.09,8825
2022-12-12 13:25:00,250.09,250.31,250.09,250.21,8951
2022-12-12 13:30:00,250.295,250.36,250.18,250.18,3888
2022-12-12 13:35:00,250.3,250.5,250.27,250.45,8114
2022-12-12 13:40:00,250.49,250.64,250.44,250.475,4474
2022-12-12 13:45:00,250.415,250.65,250.415,250.65,3281
2022-12-12 13:50:00,250.65,250.75,250.62,250.72,7978
2022-12-12 13:55:00,250.745,250.909,250.71,250.79,5440
2022-12-12 14:00:00,250.66,250.76,250.56,250.67,9231
2022-12-12 14:05:00,250.72,250.79,250.285,250.285,6444
2022-12-12 14:10:00,250.3,250.565,250.3,250.49,3794
2022-12-12 14:15:00,250.57,250.57,250.4,250.41,5117
2022-12-12 14:20:00,250.42,250.49,250.195,250.32,6886
2022-12-12 14:25:00,250.26,250.31,249.91,249.91,2996
2022-12-12 14:30:00,249.82,250.16,249.815,250.095,7185
2022-12-12 14:35:00,249.96,250.18,249.94,250.18,4997
2022-12-12 14:40:00,250.16,250.38,249.875,250.346,5874
2022-12-12 14:45:00,250.32,250.51,250.165,250.38,12845
2022-12-12 14:50:00,250.18,250.265,249.995,249.995,2407
2022-12-12 14:55:00,250.12,250.48,250.038,250.47,9308
2022-12-12 15:00:00,250.5,250.9,250.5,250.84,8518
2022-12-12 15:05:00,250.91,251.32,250.91,251.32,12974
2022-12-12 15:10:00,251.35,251.58,251.1,251.205,12148
2022-12-12 15:15:00,251.23,251.51,251.035,251.15,22912
2022-12-12 15:20:00,251.055,251.6,251.055,251.346,13682
2022-12-12 15:25:00,251.26,251.6,251.26,251.53,22433
2022-12-12 15:30:00,251.57,251.63,251.295,251.37,12998
2022-12-12 15:35:00,251.46,252.08,251.46,252.03,10562
2022-12-12 15:40:00,252.15,252.58,252.15,252.579,6654
2022-12-12 15:45:00,252.58,252.62,252.085,252.25,14169
2022-12-12 15:50:00,252.25,252.88,252.145,252.84,26112
2022-12-12 15:55:00,252.732,253.15,252.732,253.03,52794
2022-12-12 16:00:00,253.07,253.93,253.07,253.88,83631
2022-12-12 16:05:00,253.88,253.88,253.88,253.88,86243
2022-12-12 16:10:00,251.68,251.68,251.68,251.68,356
2022-12-13 08:35:00,259.99,259.99,259.99,259.99,386
2022-12-13 08:45:00,261.5,261.5,261.5,261.5,486
2022-12-13 09:35:00,261.88,265.64,259.97,261.2,46816
2022-12-13 09:40:00,261.216,261.61,259.39,259.4,22049
2022-12-13 09:45:00,259.531,261.4,259.33,261.01,29807
2022-12-13 09:50:00,260.77,261.62,260.44,260.92,18863
2022-12-13 09:55:00,260.62,262.33,260.23,261.87,14715
2022-12-13 10:00:00,262.01,262.42,261.46,262.175,13486
2022-12-13 10:05:00,262.14,262.14,261.07,261.42,9062
2022-12-13 10:10:00,261.43,262.26,260.79,262.26,13357
2022-12-13 10:15:00,261.87,262.63,261.65,262.28,12786
2022-12-13 10:20:00,262.07,262.07,260.725,260.755,5757
2022-12-13 10:25:00,260.79,261.21,260.21,260.53,27443
2022-12-13 10:30:00,260.19,262.4,259.83,260.33,33713
2022-12-13 10:35:00,259.99,260.83,259.875,260.83,13886
2022-12-13 10:40:00,260.9,261.1,259.545,259.545,16195
2022-12-13 10:45:00,259.74,259.825,259.41,259.75,7098
2022-12-13 10:50:00,259.94,260.2,258.57,258.595,12245
2022-12-13 10:55:00,258.3,258.9,258.235,258.59,7076
2022-12-13 11:00:00,258.65,259.023,258.3,259.023,10284
2022-12-13 11:05:00,258.91,259.33,258.48,258.87,7409
2022-12-13 11:10:00,258.94,259.54,258.71,259.54,8451
2022-12-13 11:15:00,259.51,259.68,259.34,259.56,8646
2022-12-13 11:20:00,259.44,259.58,259.28,259.37,8576
2022-12-13 11:25:00,259.41,259.58,259.14,259.48,16325
2022-12-13 11:30:00,259.46,259.64,259.32,259.59,9360
2022-12-13 11:35:00,259.65,259.835,259.29,259.835,28108
2022-12-13 11:40:00,259.905,259.99,259.075,259.19,5484
2022-12-13 11:45:00,259.2,259.2,258.66,258.686,5480
2022-12-13 11:50:00,258.69,258.69,257.82,258.0,9833
2022-12-13 11:55:00,257.87,257.9,257.41,257.63,25358
2022-12-13 12:00:00,257.49,257.76,257.45,257.61,4231
2022-12-13 12:05:00,257.67,257.96,257.67,257.87,4844
2022-12-13 12:10:00,257.87,258.04,257.76,257.76,2567
2022-12-13 12:15:00,257.71,257.71,256.89,257.02,12491
2022-12-13 12:20:00,256.88,256.9,256.49,256.705,14863
2022-12-13 12:25:00,256.79,257.25,256.635,257.215,27791
2022-12-13 12:30:00,257.16,257.28,256.91,256.99,8774
2022-12-13 12:35:00,256.99,257.09,256.635,256.76,35457
2022-12-13 12:40:00,256.76,257.136,256.66,257.02,12932
2022-12-13 12:45:00,257.02,257.02,256.402,256.77,28585
2022-12-13 12:50:00,256.87,257.195,255.72,255.76,10540
2022-12-13 12:55:00,255.788,255.927,255.225,255.225,12319
2022-12-13 13:00:00,255.03,255.81,255.03,255.535,10486
2022-12-13 13:05:00,255.59,256.17,255.59,255.79,11922
2022-12-13 13:10:00,256.06,256.13,255.5,255.79,7579
2022-12-13 13:15:00,255.87,256.44,255.835,256.335,10601
2022-12-13 13:20:00,256.58,257.01,256.53,257.01,3249
2022-12-13 13:25:00,257.23,257.38,257.23,257.38,1589
2022-12-13 13:30:00,257.51,257.575,257.289,257.475,2988
2022-12-13 13:35:00,257.48,257.5,257.04,257.04,2572
2022-12-13 13:40:00,257.035,257.145,256.86,257.125,5382
2022-12-13 13:45:00,257.0,257.28,256.755,257.21,3756
2022-12-13 13:50:00,257.21,257.27,256.98,257.22,6843
2022-12-13 13:55:00,257.02,257.1,256.605,256.66,4351
2022-12-13 14:00:00,256.87,257.24,256.8,257.21,3856
2022-12-13 14:05:00,257.19,257.855,257.19,257.84,3877
2022-12-13 14:10:00,257.855,257.855,257.3,257.52,9286
2022-12-13 14:15:00,257.23,257.48,257.19,257.23,5163
2022-12-13 14:20:00,257.17,257.48,256.92,257.24,8610
2022-12-13 14:25:00,257.2,257.35,257.15,257.34,2262
2022-12-13 14:30:00,257.26,257.675,257.26,257.65,7389
2022-12-13 14:35:00,257.675,257.9,257.58,257.88,7567
2022-12-13 14:40:00,257.815,258.49,257.815,258.49,9768
2022-12-13 14:45:00,258.58,258.87,258.535,258.81,11207
2022-12-13 14:50:00,258.82,258.89,258.54,258.54,28747
2022-12-13 14:55:00,258.53,258.53,257.89,257.9,8953
2022-12-13 15:00:00,257.9,258.15,257.84,258.096,10242
2022-12-13 15:05:00,258.12,258.12,257.28,257.445,16394
2022-12-13 15:10:00,257.59,257.98,257.42,257.97,19625
2022-12-13 15:15:00,257.961,257.961,257.06,257.06,5953
2022-12-13 15:20:00,257.05,257.89,257.03,257.85,8690
2022-12-13 15:25:00,257.76,257.97,257.52,257.824,6024
2022-12-13 15:30:00,257.84,258.22,257.72,258.12,7345
2022-12-13 15:35:00,258.22,258.998,258.22,258.865,13848
2022-12-13 15:40:00,258.77,258.89,258.05,258.3,12239
2022-12-13 15:45:00,258.28,258.87,258.17,258.8,13448
2022-12-13 15:50:00,258.86,259.17,258.83,258.94,53262
2022-12-13 15:55:00,258.98,259.34,258.98,259.105,44306
2022-12-13 16:00:00,259.105,259.105,258.61,258.72,77934
2022-12-13 16:05:00,258.86,258.86,258.86,258.86,27234
2022-12-13 16:10:00,258.86,258.86,258.86,258.86,5160
2022-12-14 08:35:00,257.85,257.85,257.85,257.85,100
2022-12-14 09:15:00,258.08,258.08,258.08,258.08,150
2022-12-14 09:30:00,256.38,256.38,256.37,256.37,854
2022-12-14 09:35:00,254.0,257.92,253.92,257.58,51227
2022-12-14 09:40:00,257.88,258.24,257.0,257.281,23509
2022-12-14 09:45:00,257.15,257.81,256.7,257.32,16245
2022-12-14 09:50:00,257.44,257.95,257.44,257.7,3798
2022-12-14 09:55:00,257.705,258.93,257.705,258.45,9523
2022-12-14 10:00:00,258.27,258.58,257.78,258.58,9203
2022-12-14 10:05:00,258.405,258.83,257.54,257.92,32798
2022-12-14 10:10:00,257.8,257.8,257.08,257.12,9146
2022-12-14 10:15:00,257.02,257.19,256.5,256.745,9828
2022-12-14 10:20:00,256.6,256.87,256.45,256.65,15387
2022-12-14 10:25:00,256.79,256.9,256.62,256.67,5711
2022-12-14 10:30:00,256.77,257.295,256.77,257.02,9444
2022-12-14 10:35:00,257.23,257.93,257.23,257.49,10537
2022-12-14 10:40:00,257.48,257.56,256.7,256.7,8338
2022-12-14 10:45:00,256.86,257.09,256.59,257.005,15698
2022-12-14 10:50:00,257.115,257.62,257.115,257.36,12653
2022-12-14 10:55:00,257.22,257.22,256.6,256.67,11556
2022-12-14 11:00:00,256.52,256.57,256.19,256.45,13491
2022-12-14 11:05:00,256.545,256.96,256.545,256.81,10240
2022-12-14 11:10:00,256.7,256.75,256.32,256.39,6450
2022-12-14 11:15:00,256.39,256.46,256.005,256.24,13194
2022-12-14 11:20:00,256.19,256.2,255.99,256.175,5716
2022-12-14 11:25:00,256.205,256.3,255.97,256.18,6841
2022-12-14 11:30:00,256.13,256.4,255.96,256.0,22881
2022-12-14 11:35:00,256.09,256.16,255.85,255.93,28775
2022-12-14 11:40:00,256.0,256.77,255.95,256.53,16179
2022-12-14 11:45:00,256.522,256.585,256.23,256.31,4311
2022-12-14 11:50:00,256.23,256.29,255.94,255.94,3227
2022-12-14 11:55:00,255.95,256.13,255.46,255.46,7202
2022-12-14 12:00:00,255.43,255.49,255.26,255.28,6465
2022-12-14 12:05:00,255.16,255.2,254.87,255.0,17057
2022-12-14 12:10:00,254.95,255.395,254.95,255.31,6737
2022-12-14 12:15:00,255.305,255.305,255.06,255.18,4658
2022-12-14 12:20:00,255.22,255.285,255.0,255.13,7013
2022-12-14 12:25:00,255.26,255.3,255.0,255.16,8435
2022-12-14 12:30:00,255.25,255.265,254.53,254.53,5360
2022-12-14 12:35:00,254.53,254.53,254.29,254.29,5273
2022-12-14 12:40:00,254.33,254.44,254.13,254.44,10486
2022-12-14 12:45:00,254.39,254.59,254.28,254.58,6659
2022-12-14 12:50:00,254.585,254.585,254.36,254.41,4176
2022-12-14 12:55:00,254.375,254.375,254.14,254.24,7746
2022-12-14 13:00:00,254.165,254.51,254.165,254.34,9214
2022-12-14 13:05:00,254.24,254.35,254.09,254.295,4837
2022-12-14 13:10:00,254.35,254.42,254.25,254.352,9202
2022-12-14 13:15:00,254.41,254.63,254.34,254.41,8259
2022-12-14 13:20:00,254.37,254.37,254.0,254.08,7928
2022-12-14 13:25:00,254.085,254.54,253.98,254.41,11423
2022-12-14 13:30:00,254.43,254.67,254.31,254.46,8355
2022-12-14 13:35:00,254.44,254.75,254.4,254.58,6020
2022-12-14 13:40:00,254.59,255.175,254.59,255.11,15425
2022-12-14 13:45:00,255.275,255.275,254.48,254.69,13777
2022-12-14 13:50:00,254.56,254.86,254.51,254.855,14579
2022-12-14 13:55:00,254.81,255.11,254.59,255.11,9371
2022-12-14 14:00:00,254.99,255.79,254.99,255.13,12327
2022-12-14 14:05:00,255.0,255.025,252.465,252.77,27932
2022-12-14 14:10:00,252.3,252.41,251.31,251.5,30916
2022-12-14 14:15:00,251.69,252.315,251.13,251.78,26113
2022-12-14 14:20:00,251.43,251.95,251.39,251.848,11045
2022-12-14 14:25:00,251.67,251.8,251.24,251.43,11546
2022-12-14 14:30:00,251.41,251.765,251.19,251.33,13611
2022-12-14 14:35:00,251.21,251.55,248.876,248.876,16473
2022-12-14 14:40:00,249.02,249.81,248.78,249.25,25580
2022-12-14 14:45:00,249.27,250.85,248.99,250.6,24396
2022-12-14 14:50:00,250.625,250.625,248.73,250.07,23709
2022-12-14 14:55:00,250.075,250.41,248.73,249.96,18588
2022-12-14 15:00:00,249.96,250.61,249.6,250.5,18319
2022-12-14 15:05:00,250.28,251.4,250.005,251.075,20729
2022-12-14 15:10:00,251.015,251.015,250.17,250.54,18097
2022-12-14 15:15:00,250.545,252.44,250.545,251.6,23680
2022-12-14 15:20:00,251.77,251.77,250.36,250.84,16940
2022-12-14 15:25:00,250.89,251.04,250.5,250.69,11375
2022-12-14 15:30:00,250.75,250.77,249.75,249.84,40469
2022-12-14 15:35:00,249.7,250.07,249.35,249.732,64263
2022-12-14 15:40:00,249.76,249.9,249.1,249.3,49867
2022-12-14 15:45:00,249.48,250.14,249.31,250.01,30692
2022-12-14 15:50:00,250.02,250.02,249.06,249.21,86975
2022-12-14 15:55:00,249.32,250.14,249.31,249.92,87929
2022-12-14 16:00:00,249.86,249.86,248.64,248.66,165844
2022-12-14 16:05:00,248.68,248.68,248.68,248.68,24575
2022-12-15 09:35:00,246.01,246.01,243.25,243.755,28399
2022-12-15 09:40:00,243.33,243.82,242.68,243.71,19396
2022-12-15 09:45:00,243.83,243.9,243.2,243.84,13524
2022-12-15 09:50:00,243.8,243.8,242.6,243.16,11590
2022-12-15 09:55:00,243.39,244.15,242.9,242.9,6928
2022-12-15 10:00:00,243.09,243.09,241.71,242.16,13669
2022-12-15 10:05:00,241.92,242.22,241.23,241.23,9096
2022-12-15 10:10:00,241.37,242.155,241.3,242.155,13186
2022-12-15 10:15:00,242.28,242.49,242.2,242.37,9779
2022-12-15 10:20:00,242.34,242.5,241.945,242.365,9031
2022-12-15 10:25:00,242.408,242.6,242.01,242.6,11841
2022-12-15 10:30:00,242.66,242.76,242.05,242.22,9346
2022-12-15 10:35:00,242.17,242.79,241.51,242.65,17565
2022-12-15 10:40:00,242.69,243.565,242.53,243.55,10429
2022-12-15 10:45:00,243.35,243.69,243.16,243.58,11441
2022-12-15 10:50:00,243.8,244.0,243.58,243.74,8365
2022-12-15 10:55:00,243.765,243.85,243.42,243.455,8324
2022-12-15 11:00:00,243.45,243.45,242.84,243.22,7462
2022-12-15 11:05:00,243.296,243.77,243.296,243.51,5820
2022-12-15 11:10:00,243.44,243.48,243.15,243.41,9104
2022-12-15 11:15:00,243.51,243.59,242.93,242.93,6590
2022-12-15 11:20:00,242.97,243.74,242.7,243.67,10448
2022-12-15 11:25:00,243.7,243.89,243.42,243.42,10444
2022-12-15 11:30:00,243.39,243.65,243.39,243.635,4287
2022-12-15 11:35:00,243.73,243.85,243.33,243.85,6850
2022-12-15 11:40:00,243.86,244.18,243.71,244.05,6937
2022-12-15 11:45:00,243.945,244.1,243.65,244.03,9099
2022-12-15 11:50:00,244.12,244.12,243.37,243.415,8460
2022-12-15 11:55:00,243.498,243.92,243.25,243.865,14798
2022-12-15 12:00:00,243.83,244.131,243.77,243.995,6010
2022-12-15 12:05:00,243.88,244.3,243.87,244.13,6298
2022-12-15 12:10:00,244.0,244.46,244.0,244.44,10103
2022-12-15 12:15:00,244.53,244.63,244.32,244.58,5986
2022-12-15 12:20:00,244.64,245.075,244.5,245.04,9959
2022-12-15 12:25:00,244.92,244.92,244.56,244.6,3285
2022-12-15 12:30:00,244.81,244.96,244.785,244.93,7522
2022-12-15 12:35:00,245.24,245.24,244.75,245.02,5366
2022-12-15 12:40:00,245.27,245.295,244.89,245.12,5186
2022-12-15 12:45:00,244.99,245.25,244.75,244.835,5611
2022-12-15 12:50:00,244.92,244.99,244.58,244.76,8888
2022-12-15 12:55:00,244.84,245.08,244.7,244.75,5883
2022-12-15 13:00:00,244.67,244.67,244.24,244.42,9530
2022-12-15 13:05:00,244.435,244.51,244.28,244.47,7347
2022-12-15 13:10:00,244.43,244.56,244.24,244.51,7220
2022-12-15 13:15:00,244.51,244.74,244.51,244.635,6512
2022-12-15 13:20:00,244.592,244.88,244.45,244.45,8483
2022-12-15 13:25:00,244.42,244.52,244.418,244.418,4147
2022-12-15 13:30:00,244.435,244.77,244.38,244.735,6020
2022-12-15 13:35:00,244.69,244.76,244.42,244.7,7568
2022-12-15 13:40:00,244.53,244.59,244.35,244.58,7710
2022-12-15 13:45:00,244.515,244.605,244.24,244.32,5670
2022-12-15 13:50:00,244.32,244.47,244.1,244.18,13225
2022-12-15 13:55:00,244.175,244.24,243.7,243.92,8479
2022-12-15 14:00:00,244.0,244.05,243.82,243.98,8184
2022-12-15 14:05:00,243.91,244.08,243.815,243.815,12995
2022-12-15 14:10:00,243.8,243.805,243.61,243.62,7574
2022-12-15 14:15:00,243.63,243.68,243.3,243.35,7304
2022-12-15 14:20:00,243.345,243.57,243.26,243.57,8399
2022-12-15 14:25:00,243.514,243.6,243.44,243.44,5797
2022-12-15 14:30:00,243.44,243.47,243.17,243.47,7079
2022-12-15 14:35:00,243.43,243.73,243.43,243.715,8558
2022-12-15 14:40:00,243.67,244.125,243.46,243.85,13734
2022-12-15 14:45:00,243.87,244.47,243.87,244.4,10803
2022-12-15 14:50:00,244.49,244.61,244.19,244.365,8904
2022-12-15 14:55:00,244.37,244.48,244.11,244.39,10365
2022-12-15 15:00:00,244.39,244.935,244.36,244.93,14594
2022-12-15 15:05:00,244.99,245.33,244.99,245.12,12313
2022-12-15 15:10:00,245.13,245.24,244.84,245.175,10435
2022-12-15 15:15:00,245.11,245.139,244.748,244.83,16595
2022-12-15 15:20:00,244.72,244.74,244.27,244.27,14903
2022-12-15 15:25:00,244.25,244.795,244.19,244.63,21208
2022-12-15 15:30:00,244.56,244.99,244.48,244.955,12522
2022-12-15 15:35:00,244.955,245.06,244.77,244.97,18795
2022-12-15 15:40:00,244.97,245.023,244.45,244.45,25708
2022-12-15 15:45:00,244.45,244.54,243.57,243.65,21202
2022-12-15 15:50:00,243.58,243.81,243.52,243.58,37115
2022-12-15 15:55:00,243.51,243.625,243.28,243.41,72046
2022-12-15 16:00:00,243.37,244.36,243.25,244.33,160218
2022-12-15 16:05:00,244.19,244.19,244.19,244.19,47133
2022-12-15 16:10:00,244.19,244.19,244.19,244.19,664
2022-12-16 09:30:00,243.01,243.01,243.01,243.01,200
2022-12-16 09:35:00,242.01,242.71,241.325,242.51,202960
2022-12-16 09:40:00,242.535,242.535,241.57,242.35,9711
2022-12-16 09:45:00,242.54,242.54,241.97,242.09,9461
2022-12-16 09:50:00,242.3,242.85,242.16,242.85,9199
2022-12-16 09:55:00,242.76,243.54,242.75,243.378,10667
2022-12-16 10:00:00,243.53,243.53,243.0,243.0,7415
2022-12-16 10:05:00,243.01,243.245,241.82,241.92,13073
2022-12-16 10:10:00,241.99,242.02,240.31,240.31,7505
2022-12-16 10:15:00,240.285,240.68,240.055,240.43,11255
2022-12-16 10:20:00,240.39,241.13,240.25,241.13,9302
2022-12-16 10:25:00,241.23,241.23,240.72,240.85,12118
2022-12-16 10:30:00,240.915,240.96,240.39,240.39,5874
2022-12-16 10:35:00,240.65,240.65,239.48,239.61,11414
2022-12-16 10:40:00,239.69,239.74,239.01,239.32,19299
2022-12-16 10:45:00,239.25,239.615,239.0,239.615,9797
2022-12-16 10:50:00,239.555,239.65,239.16,239.36,12683
2022-12-16 10:55:00,239.3,239.78,239.165,239.78,14483
2022-12-16 11:00:00,239.83,240.43,239.64,240.43,10830
2022-12-16 11:05:00,240.35,240.4,240.14,240.34,9105
2022-12-16 11:10:00,240.345,240.39,240.16,240.16,8672
2022-12-16 11:15:00,240.13,240.73,239.55,240.73,16721
2022-12-16 11:20:00,240.73,241.162,240.73,241.06,8481
2022-12-16 11:25:00,241.07,241.07,240.66,240.66,12947
2022-12-16 11:30:00,240.69,240.86,240.463,240.69,14897
2022-12-16 11:35:00,240.64,240.85,240.47,240.535,10321
2022-12-16 11:40:00,240.51,240.54,240.28,240.29,10234
2022-12-16 11:45:00,240.33,240.38,239.73,239.855,12184
2022-12-16 11:50:00,239.92,239.93,239.635,239.78,14307
2022-12-16 11:55:00,239.61,239.89,239.52,239.835,7644
2022-12-16 12:00:00,239.76,239.87,239.625,239.69,7187
2022-12-16 12:05:00,239.77,240.04,239.25,240.04,10656
2022-12-16 12:10:00,239.86,239.86,239.67,239.71,5496
2022-12-16 12:15:00,239.67,239.91,239.64,239.77,16209
2022-12-16 12:20:00,239.85,240.23,239.848,240.23,6400
2022-12-16 12:25:00,240.25,240.25,239.973,240.05,7866
2022-12-16 12:30:00,240.07,240.09,239.8,240.01,6013
2022-12-16 12:35:00,239.97,240.06,239.84,239.89,8518
2022-12-16 12:40:00,239.91,240.24,239.91,240.24,5594
2022-12-16 12:45:00,240.18,240.39,239.69,239.69,16599
2022-12-16 12:50:00,239.71,239.81,239.51,239.71,6424
2022-12-16 12:55:00,239.63,239.63,239.22,239.22,10860
2022-12-16 13:00:00,239.29,239.36,239.15,239.22,6529
2022-12-16 13:05:00,239.215,239.35,239.16,239.27,7711
2022-12-16 13:10:00,239.22,239.51,239.186,239.51,8865
2022-12-16 13:15:00,239.53,239.63,239.21,239.21,4814
2022-12-16 13:20:00,239.29,239.46,239.23,239.28,9771
2022-12-16 13:25:00,239.21,239.29,239.18,239.25,5483
2022-12-16 13:30:00,239.12,239.12,238.76,238.802,7751
2022-12-16 13:35:00,238.78,239.16,238.78,239.1,5288
2022-12-16 13:40:00,239.03,239.61,239.03,239.48,10041
2022-12-16 13:45:00,239.43,239.56,239.39,239.49,5404
2022-12-16 13:50:00,239.48,239.87,239.42,239.735,8107
2022-12-16 13:55:00,239.73,239.73,239.46,239.665,8149
2022-12-16 14:00:00,239.69,240.2,239.6,240.125,7506
2022-12-16 14:05:00,240.15,240.26,240.08,240.115,2965
2022-12-16 14:10:00,240.02,240.12,239.93,239.93,3948
2022-12-16 14:15:00,239.92,240.28,239.92,240.28,5541
2022-12-16 14:20:00,240.235,240.37,239.745,239.8,12736
2022-12-16 14:25:00,239.74,239.74,239.35,239.44,12742
2022-12-16 14:30:00,239.4,239.4,239.2,239.315,9260
2022-12-16 14:35:00,239.193,239.25,238.55,238.65,10017
2022-12-16 14:40:00,238.665,238.8,238.61,238.7,6255
2022-12-16 14:45:00,238.675,238.749,238.51,238.61,9000
2022-12-16 14:50:00,238.687,238.89,238.52,238.85,28627
2022-12-16 14:55:00,238.76,239.3,238.76,239.3,5233
2022-12-16 15:00:00,239.27,239.94,239.19,239.785,9754
2022-12-16 15:05:00,239.705,239.92,239.66,239.66,7831
2022-12-16 15:10:00,239.56,239.6,239.36,239.38,8805
2022-12-16 15:15:00,239.35,240.07,239.35,240.035,20653
2022-12-16 15:20:00,240.055,240.305,239.92,239.98,22895
2022-12-16 15:25:00,239.87,240.19,239.82,240.02,12921
2022-12-16 15:30:00,240.02,240.22,239.7,240.09,13218
2022-12-16 15:35:00,240.08,240.7,240.08,240.56,22746
2022-12-16 15:40:00,240.54,240.64,240.256,240.494,28025
2022-12-16 15:45:00,240.51,240.82,240.44,240.53,28596
2022-12-16 15:50:00,240.54,241.18,240.43,240.87,52262
2022-12-16 15:55:00,240.83,240.83,240.02,240.33,54101
2022-12-16 16:00:00,240.39,241.09,240.27,240.38,162419
2022-12-16 16:05:00,240.47,240.47,240.47,240.47,127980
2022-12-16 16:10:00,240.47,240.47,240.47,240.47,247
2022-12-19 09:35:00,239.67,241.608,238.008,238.46,17347
2022-12-19 09:40:00,238.4,238.91,238.04,238.645,6041
2022-12-19 09:45:00,238.572,238.85,238.27,238.56,9351
2022-12-19 09:50:00,238.73,238.73,237.575,237.835,7647
2022-12-19 09:55:00,237.9,238.2,237.63,238.125,9935
2022-12-19 10:00:00,237.93,238.19,237.84,237.906,13537
2022-12-19 10:05:00,237.82,237.82,237.42,237.52,13697
2022-12-19 10:10:00,237.595,237.93,237.45,237.82,9937
2022-12-19 10:15:00,237.93,238.709,237.93,238.58,10701
2022-12-19 10:20:00,238.44,238.66,238.44,238.538,2645
2022-12-19 10:25:00,238.54,239.35,238.54,239.26,7209
2022-12-19 10:30:00,239.24,239.24,239.02,239.12,9372
2022-12-19 10:35:00,239.11,239.19,238.655,238.77,6933
2022-12-19 10:40:00,238.77,238.945,238.49,238.54,9710
2022-12-19 10:45:00,238.5,239.65,238.41,239.44,31945
2022-12-19 10:50:00,239.435,239.435,238.608,238.96,6655
2022-12-19 10:55:00,238.53,238.65,238.065,238.065,10693
2022-12-19 11:00:00,237.99,238.22,237.85,237.85,9161
2022-12-19 11:05:00,237.72,237.86,237.15,237.24,38013
2022-12-19 11:10:00,237.27,237.755,237.27,237.73,18818
2022-12-19 11:15:00,237.785,237.94,237.655,237.745,4547
2022-12-19 11:20:00,237.65,238.12,237.65,238.105,5435
2022-12-19 11:25:00,238.31,239.01,238.27,239.01,7210
2022-12-19 11:30:00,239.01,239.03,238.79,238.89,7124
2022-12-19 11:35:00,238.895,238.895,238.65,238.65,7452
2022-12-19 11:40:00,238.68,239.007,238.58,238.965,6772
2022-12-19 11:45:00,238.87,238.99,238.74,238.94,13549
2022-12-19 11:50:00,238.86,239.04,238.86,238.98,6892
2022-12-19 11:55:00,238.98,239.02,238.87,238.98,7866
2022-12-19 12:00:00,238.91,239.07,238.695,239.07,6687
2022-12-19 12:05:00,238.92,239.38,238.87,239.26,8748
2022-12-19 12:10:00,239.22,239.705,239.18,239.7,29349
2022-12-19 12:15:00,239.72,240.33,239.715,240.33,6663
2022-12-19 12:20:00,240.26,240.26,239.69,239.86,6862
2022-12-19 12:25:00,239.77,239.8,239.345,239.5,7406
2022-12-19 12:30:00,239.37,239.37,239.14,239.14,2891
2022-12-19 12:35:00,239.015,239.16,238.745,238.765,10493
2022-12-19 12:40:00,238.94,239.36,238.94,239.31,7302
2022-12-19 12:45:00,239.38,239.64,239.32,239.51,9589
2022-12-19 12:50:00,239.415,239.88,239.415,239.88,3651
2022-12-19 12:55:00,239.699,240.04,239.699,240.03,4427
2022-12-19 13:00:00,240.01,240.18,239.98,240.045,9628
2022-12-19 13:05:00,240.035,240.045,239.835,239.835,9452
2022-12-19 13:10:00,239.91,239.93,239.61,239.635,8923
2022-12-19 13:15:00,239.62,239.87,239.58,239.87,6016
2022-12-19 13:20:00,239.95,240.0,239.8,239.98,9178
2022-12-19 13:25:00,239.955,240.067,239.92,240.045,7424
2022-12-19 13:30:00,240.045,240.25,239.75,239.815,10835
2022-12-19 13:35:00,239.815,239.84,239.495,239.495,4270
2022-12-19 13:40:00,239.56,239.56,239.23,239.325,11170
2022-12-19 13:45:00,239.25,239.295,238.89,238.93,11305
2022-12-19 13:50:00,238.905,238.905,238.6,238.755,6617
2022-12-19 13:55:00,238.69,238.76,238.64,238.64,3823
2022-12-19 14:00:00,238.49,238.52,238.02,238.02,5182
2022-12-19 14:05:00,237.96,237.99,237.48,237.58,9240
2022-12-19 14:10:00,237.69,238.084,237.69,238.005,4571
2022-12-19 14:15:00,238.01,238.11,237.89,237.97,7489
2022-12-19 14:20:00,237.92,238.01,237.92,237.945,1531
2022-12-19 14:25:00,237.84,238.25,237.83,237.86,7531
2022-12-19 14:30:00,237.77,237.83,237.68,237.735,6263
2022-12-19 14:35:00,237.81,238.17,237.77,238.12,5538
2022-12-19 14:40:00,238.14,238.34,238.09,238.26,6304
2022-12-19 14:45:00,238.175,238.175,237.85,238.04,7183
2022-12-19 14:50:00,238.41,238.75,238.24,238.75,20320
2022-12-19 14:55:00,238.67,238.722,238.04,238.19,15558
2022-12-19 15:00:00,238.2,238.3,237.87,238.3,11400
2022-12-19 15:05:00,238.23,238.44,238.09,238.215,21931
2022-12-19 15:10:00,238.215,238.69,238.15,238.69,14035
2022-12-19 15:15:00,238.565,238.86,238.44,238.57,10842
2022-12-19 15:20:00,238.533,238.76,238.533,238.6,8398
2022-12-19 15:25:00,238.53,238.535,238.265,238.435,11334
2022-12-19 15:30:00,238.49,238.565,238.33,238.33,8315
2022-12-19 15:35:00,238.345,238.6,238.31,238.34,12790
2022-12-19 15:40:00,238.355,238.455,237.78,237.78,12301
2022-12-19 15:45:00,237.861,237.861,237.49,237.62,16894
2022-12-19 15:50:00,237.705,237.85,237.52,237.535,23159
2022-12-19 15:55:00,237.6,237.93,237.6,237.93,25720
2022-12-19 16:00:00,237.94,238.17,237.8,238.08,73561
2022-12-19 16:05:00,238.11,238.11,238.11,238.11,2342
2022-12-19 16:10:00,238.11,238.11,238.11,238.11,3331
2022-12-19 16:15:00,238.11,238.11,238.11,238.11,496
2022-12-20 09:35:00,237.09,239.29,237.049,238.63,22615
2022-12-20 09:40:00,238.78,239.29,238.11,238.57,10497
2022-12-20 09:45:00,238.696,238.696,237.18,237.295,12248
2022-12-20 09:50:00,237.5,237.94,236.83,237.94,12673
2022-12-20 09:55:00,237.72,237.96,237.24,237.71,9521
2022-12-20 10:00:00,237.72,238.31,237.38,238.3,6749
2022-12-20 10:05:00,238.32,238.93,238.0,238.795,13320
2022-12-20 10:10:00,238.92,239.27,238.58,238.58,15666
2022-12-20 10:15:00,238.44,238.615,237.85,238.115,10836
2022-12-20 10:20:00,237.94,238.18,237.64,237.87,4951
2022-12-20 10:25:00,237.96,238.41,237.94,238.27,7369
2022-12-20 10:30:00,238.27,238.69,238.27,238.67,6309
2022-12-20 10:35:00,238.6,238.861,238.27,238.27,13277
2022-12-20 10:40:00,238.25,238.72,238.25,238.43,9001
2022-12-20 10:45:00,238.33,239.09,238.33,239.04,6503
2022-12-20 10:50:00,238.935,239.125,238.82,239.125,8444
2022-12-20 10:55:00,239.1,239.44,239.01,239.28,6608
2022-12-20 11:00:00,239.38,239.58,238.97,238.97,6405
2022-12-20 11:05:00,238.95,238.97,238.635,238.638,5692
2022-12-20 11:10:00,238.67,238.74,238.42,238.42,3607
2022-12-20 11:15:00,238.405,238.42,237.91,237.91,7102
2022-12-20 11:20:00,237.9,237.9,237.13,237.255,6974
2022-12-20 11:25:00,237.35,237.35,237.013,237.025,5952
2022-12-20 11:30:00,236.97,237.35,236.78,236.97,10776
2022-12-20 11:35:00,237.19,237.24,237.01,237.07,4424
2022-12-20 11:40:00,237.16,237.16,236.87,236.87,7905
2022-12-20 11:45:00,236.945,237.1,236.67,236.765,2987
2022-12-20 11:50:00,236.765,236.89,236.54,236.77,5797
2022-12-20 11:55:00,236.62,236.75,236.42,236.71,8470
2022-12-20 12:00:00,236.64,237.05,236.56,236.98,8208
2022-12-20 12:05:00,237.1,237.19,236.86,237.02,6575
2022-12-20 12:10:00,237.02,237.18,236.84,237.082,6655
2022-12-20 12:15:00,236.945,237.14,236.945,237.13,6111
2022-12-20 12:20:00,237.2,237.21,236.965,237.21,7724
2022-12-20 12:25:00,237.21,237.83,237.19,237.83,5089
2022-12-20 12:30:00,237.79,238.07,237.76,237.815,8124
2022-12-20 12:35:00,237.81,237.83,237.57,237.685,8990
2022-12-20 12:40:00,237.57,237.78,237.495,237.74,7220
2022-12-20 12:45:00,237.81,238.53,237.77,238.35,23819
2022-12-20 12:50:00,238.38,238.71,238.38,238.605,5274
2022-12-20 12:55:00,238.6,239.05,238.6,239.05,3963
2022-12-20 13:00:00,239.039,239.68,239.039,239.505,5619
2022-12-20 13:05:00,239.61,239.75,239.53,239.7,13999
2022-12-20 13:10:00,239.54,239.54,239.04,239.17,6684
2022-12-20 13:15:00,239.155,239.33,238.925,239.33,6538
2022-12-20 13:20:00,239.31,239.55,239.28,239.325,7900
2022-12-20 13:25:00,239.325,239.52,239.2,239.4,5793
2022-12-20 13:30:00,239.39,239.52,239.31,239.4,5201
2022-12-20 13:35:00,239.47,239.88,239.47,239.67,7484
2022-12-20 13:40:00,239.61,239.81,239.56,239.81,9380
2022-12-20 13:45:00,239.68,239.79,239.4,239.57,7471
2022-12-20 13:50:00,239.525,239.825,239.497,239.825,5494
2022-12-20 13:55:00,239.825,239.92,239.6,239.655,7665
2022-12-20 14:00:00,239.62,239.62,239.41,239.44,8515
2022-12-20 14:05:00,239.45,239.98,239.43,239.96,10779
2022-12-20 14:10:00,239.97,240.37,239.81,240.28,6995
2022-12-20 14:15:00,240.285,240.49,240.16,240.22,8427
2022-12-20 14:20:00,240.1,240.38,240.09,240.257,8027
2022-12-20 14:25:00,240.12,240.23,239.855,240.11,8616
2022-12-20 14:30:00,240.115,240.41,240.02,240.36,7842
2022-12-20 14:35:00,240.375,240.375,239.9,239.99,6756
2022-12-20 14:40:00,239.84,239.929,239.4,239.4,6823
2022-12-20 14:45:00,239.485,239.61,238.99,238.99,8440
2022-12-20 14:50:00,239.0,239.15,238.85,239.025,6920
2022-12-20 14:55:00,239.0,239.19,238.92,239.19,7634
2022-12-20 15:00:00,239.13,239.18,239.01,239.1,8227
2022-12-20 15:05:00,239.03,239.03,238.46,238.465,8738
2022-12-20 15:10:00,238.555,238.64,238.32,238.44,6840
2022-12-20 15:15:00,238.376,238.65,238.26,238.65,9486
2022-12-20 15:20:00,238.63,238.74,238.29,238.3,16472
2022-12-20 15:25:00,238.28,238.32,238.09,238.12,10328
2022-12-20 15:30:00,238.14,238.83,238.14,238.71,14465
2022-12-20 15:35:00,238.83,239.07,238.69,238.77,18521
2022-12-20 15:40:00,238.725,239.13,238.72,239.13,14883
2022-12-20 15:45:00,239.07,239.15,238.95,238.99,17726
2022-12-20 15:50:00,238.99,239.1,238.78,238.82,29126
2022-12-20 15:55:00,238.78,238.82,238.53,238.63,31876
2022-12-20 16:00:00,238.645,238.71,238.45,238.68,80863
2022-12-20 16:05:00,238.58,238.58,238.58,238.58,24748
2022-12-21 09:35:00,239.48,240.14,238.54,239.13,17143
2022-12-21 09:40:00,239.36,239.41,239.01,239.01,10885
2022-12-21 09:45:00,239.0,239.2,238.545,238.545,8700
2022-12-21 09:50:00,238.53,239.266,238.525,239.02,14898
2022-12-21 09:55:00,238.72,238.92,238.52,238.92,8909
2022-12-21 10:00:00,239.03,239.1,238.67,238.78,3690
2022-12-21 10:05:00,238.9,239.603,238.9,239.42,9148
2022-12-21 10:10:00,239.44,239.955,239.44,239.955,5116
2022-12-21 10:15:00,239.94,239.94,239.45,239.58,9182
2022-12-21 10:20:00,239.65,239.76,238.97,238.97,5859
2022-12-21 10:25:00,238.92,239.06,238.67,238.79,8223
2022-12-21 10:30:00,238.93,239.08,238.64,238.995,23357
2022-12-21 10:35:00,239.12,239.936,239.07,239.911,8002
2022-12-21 10:40:00,239.914,239.914,239.435,239.79,10838
2022-12-21 10:45:00,239.86,240.37,239.575,240.37,5525
2022-12-21 10:50:00,240.37,240.44,240.04,240.15,5950
2022-12-21 10:55:00,239.96,240.02,239.79,239.79,3518
2022-12-21 11:00:00,239.98,240.13,239.94,240.1,3190
2022-12-21 11:05:00,240.12,240.66,240.12,240.64,20004
2022-12-21 11:10:00,240.68,240.69,240.48,240.589,6136
2022-12-21 11:15:00,240.595,240.7,240.58,240.61,6590
2022-12-21 11:20:00,240.61,240.74,240.45,240.45,7059
2022-12-21 11:25:00,240.545,240.6,239.795,239.835,7961
2022-12-21 11:30:00,239.835,240.15,239.725,240.15,7928
2022-12-21 11:35:00,240.3,240.57,240.29,240.375,5106
2022-12-21 11:40:00,240.398,240.398,240.07,240.07,6066
2022-12-21 11:45:00,240.09,240.15,239.93,240.15,4831
2022-12-21 11:50:00,240.216,240.36,239.84,239.84,6994
2022-12-21 11:55:00,239.79,240.19,239.79,240.19,9719
2022-12-21 12:00:00,240.15,240.3,240.11,240.26,5305
2022-12-21 12:05:00,240.285,240.753,240.285,240.625,8340
2022-12-21 12:10:00,240.616,240.81,240.325,240.325,11592
2022-12-21 12:15:00,240.517,240.84,240.405,240.84,7657
2022-12-21 12:20:00,240.84,241.0,240.817,240.817,5227
2022-12-21 12:25:00,240.99,241.32,240.99,241.19,4201
2022-12-21 12:30:00,241.2,241.24,240.99,240.99,4135
2022-12-21 12:35:00,241.03,241.44,241.03,241.295,6860
2022-12-21 12:40:00,241.28,241.33,241.16,241.2,4059
2022-12-21 12:45:00,241.15,241.503,241.12,241.405,3766
2022-12-21 12:50:00,241.412,241.412,241.08,241.235,5744
2022-12-21 12:55:00,241.2,241.34,241.175,241.18,4099
2022-12-21 13:00:00,241.14,241.58,241.14,241.48,4954
2022-12-21 13:05:00,241.58,241.945,241.57,241.92,6993
2022-12-21 13:10:00,241.91,241.99,241.905,241.98,2415
2022-12-21 13:15:00,241.95,241.95,241.74,241.855,7603
2022-12-21 13:20:00,241.685,241.685,241.58,241.59,2685
2022-12-21 13:25:00,241.47,241.49,241.15,241.155,9686
2022-12-21 13:30:00,241.24,241.41,241.11,241.328,8607
2022-12-21 13:35:00,241.325,241.55,241.268,241.51,5809
2022-12-21 13:40:00,241.533,241.58,241.36,241.41,7304
2022-12-21 13:45:00,241.39,241.56,241.37,241.52,11365
2022-12-21 13:50:00,241.58,241.66,241.54,241.553,2659
2022-12-21 13:55:00,241.44,241.75,241.44,241.75,5116
2022-12-21 14:00:00,241.75,241.92,241.64,241.72,11690
2022-12-21 14:05:00,241.68,242.0,241.68,242.0,6703
2022-12-21 14:10:00,242.078,242.16,241.765,241.87,14908
2022-12-21 14:15:00,241.89,242.15,241.87,242.13,5477
2022-12-21 14:20:00,242.07,242.14,241.925,241.98,4299
2022-12-21 14:25:00,241.91,242.08,241.91,242.06,9617
2022-12-21 14:30:00,242.077,242.122,241.86,241.86,8175
2022-12-21 14:35:00,241.84,242.01,241.84,242.01,4320
2022-12-21 14:40:00,241.93,241.93,241.7,241.83,6154
2022-12-21 14:45:00,241.81,241.86,241.56,241.64,8074
2022-12-21 14:50:00,241.58,241.68,241.37,241.37,19168
2022-12-21 14:55:00,241.325,241.325,240.81,240.895,6182
2022-12-21 15:00:00,240.97,241.45,240.85,241.36,27033
2022-12-21 15:05:00,241.42,241.646,241.36,241.646,3205
2022-12-21 15:10:00,241.58,241.58,241.302,241.34,7217
2022-12-21 15:15:00,241.41,241.61,241.397,241.495,8397
2022-12-21 15:20:00,241.56,241.56,241.23,241.23,9481
2022-12-21 15:25:00,241.23,241.44,241.14,241.39,9231
2022-12-21 15:30:00,241.395,241.4,241.015,241.015,13615
2022-12-21 15:35:00,241.02,241.24,241.02,241.24,13736
2022-12-21 15:40:00,241.195,241.42,241.17,241.315,14902
2022-12-21 15:45:00,241.36,241.38,241.21,241.29,25751
2022-12-21 15:50:00,241.305,242.03,241.3,241.845,39989
2022-12-21 15:55:00,241.785,241.93,241.59,241.93,61703
2022-12-21 16:00:00,241.93,242.31,241.93,242.22,109711
2022-12-21 16:05:00,242.21,242.21,242.21,242.21,24780
2022-12-21 16:15:00,242.21,242.21,242.21,242.21,4973
2022-12-22 09:35:00,239.18,241.08,237.97,238.71,14824
2022-12-22 09:40:00,238.11,238.67,237.92,238.48,19402
2022-12-22 09:45:00,238.54,239.18,238.39,238.85,16479
2022-12-22 09:50:00,238.86,239.47,238.86,239.01,7974
2022-12-22 09:55:00,239.24,239.455,239.01,239.44,8601
2022-12-22 10:00:00,239.315,240.895,239.12,240.895,19752
2022-12-22 10:05:00,240.9,240.94,240.11,240.44,14774
2022-12-22 10:10:00,240.205,240.7,240.14,240.7,8694
2022-12-22 10:15:00,240.61,240.69,240.35,240.63,20121
2022-12-22 10:20:00,240.555,240.74,239.94,240.5,18647
2022-12-22 10:25:00,240.265,240.71,240.265,240.64,4018
2022-12-22 10:30:00,240.535,240.97,240.3,240.638,10187
2022-12-22 10:35:00,240.6,240.81,240.41,240.68,3374
2022-12-22 10:40:00,240.9,240.91,240.11,240.205,5412
2022-12-22 10:45:00,240.27,240.72,240.27,240.58,7955
2022-12-22 10:50:00,240.49,240.66,240.365,240.365,4058
2022-12-22 10:55:00,240.37,240.57,240.33,240.516,4980
2022-12-22 11:00:00,240.441,240.72,240.381,240.7,11420
2022-12-22 11:05:00,240.59,240.63,240.193,240.575,11178
2022-12-22 11:10:00,240.48,240.92,240.46,240.485,5969
2022-12-22 11:15:00,240.35,240.55,240.105,240.41,8715
2022-12-22 11:20:00,240.315,240.41,240.18,240.37,7976
2022-12-22 11:25:00,240.06,240.25,240.06,240.23,1984
2022-12-22 11:30:00,240.3,240.33,240.125,240.305,21358
2022-12-22 11:35:00,240.28,240.72,240.28,240.72,7440
2022-12-22 11:40:00,240.75,240.75,240.315,240.315,5406
2022-12-22 11:45:00,240.315,240.44,240.13,240.42,8063
2022-12-22 11:50:00,240.275,240.39,240.17,240.28,8464
2022-12-22 11:55:00,240.42,240.69,240.22,240.51,9372
2022-12-22 12:00:00,240.6,240.67,240.378,240.62,4814
2022-12-22 12:05:00,240.63,240.99,240.6,240.6,4358
2022-12-22 12:10:00,240.78,240.99,240.72,240.73,7168
2022-12-22 12:15:00,240.69,240.69,240.48,240.54,2270
2022-12-22 12:20:00,240.66,240.66,240.29,240.45,4777
2022-12-22 12:25:00,240.4,240.53,239.91,239.91,8778
2022-12-22 12:30:00,239.78,240.02,239.57,239.57,3480
2022-12-22 12:35:00,239.43,239.7,239.08,239.69,14380
2022-12-22 12:40:00,239.7,239.84,239.24,239.35,21564
2022-12-22 12:45:00,239.44,239.58,239.26,239.468,5891
2022-12-22 12:50:00,239.59,239.59,239.08,239.16,3726
2022-12-22 12:55:00,239.17,239.21,238.99,239.19,3891
2022-12-22 13:00:00,238.93,239.046,238.72,238.72,4701
2022-12-22 13:05:00,238.83,238.83,238.2,238.2,2997
2022-12-22 13:10:00,238.18,238.18,237.72,237.87,2313
2022-12-22 13:15:00,237.885,238.08,237.857,237.99,2451
2022-12-22 13:20:00,237.96,238.18,237.84,238.18,9240
2022-12-22 13:25:00,238.06,238.17,238.02,238.17,1620
2022-12-22 13:30:00,238.02,238.15,237.91,238.15,6488
2022-12-22 13:35:00,238.135,238.14,237.8,237.8,7975
2022-12-22 13:40:00,237.97,238.1,237.86,238.1,6109
2022-12-22 13:45:00,238.06,238.25,237.93,237.93,3413
2022-12-22 13:50:00,238.04,238.195,237.94,237.97,1390
2022-12-22 13:55:00,238.02,238.2,237.91,238.115,3987
2022-12-22 14:00:00,238.145,238.26,237.88,238.005,3419
2022-12-22 14:05:00,238.005,238.24,237.91,238.21,9787
2022-12-22 14:10:00,238.19,238.41,238.06,238.305,5496
2022-12-22 14:15:00,238.315,239.19,238.315,239.19,5654
2022-12-22 14:20:00,239.02,239.13,238.82,238.87,7507
2022-12-22 14:25:00,238.875,239.15,238.55,239.15,7278
2022-12-22 14:30:00,239.125,239.485,239.092,239.482,8470
2022-12-22 14:35:00,239.41,239.65,239.22,239.38,7006
2022-12-22 14:40:00,239.52,239.52,239.23,239.245,11160
2022-12-22 14:45:00,239.42,239.49,239.0,239.42,9616
2022-12-22 14:50:00,239.43,239.84,239.41,239.84,6775
2022-12-22 14:55:00,239.96,240.3,239.74,240.19,5556
2022-12-22 15:00:00,240.12,240.64,240.12,240.64,11428
2022-12-22 15:05:00,240.61,240.86,240.43,240.715,11035
2022-12-22 15:10:00,240.705,241.055,240.47,240.93,20508
2022-12-22 15:15:00,240.97,241.005,240.48,240.48,6698
2022-12-22 15:20:00,240.59,240.95,240.59,240.88,13863
2022-12-22 15:25:00,240.885,241.42,240.88,241.07,40742
2022-12-22 15:30:00,241.24,241.53,241.13,241.17,10642
2022-12-22 15:35:00,241.13,241.5,241.13,241.13,11681
2022-12-22 15:40:00,241.18,241.18,240.51,240.74,14656
2022-12-22 15:45:00,240.715,240.715,240.27,240.3,12378
2022-12-22 15:50:00,240.26,240.4,239.91,240.385,23854
2022-12-22 15:55:00,240.68,241.04,240.32,240.815,36260
2022-12-22 16:00:00,240.76,241.42,240.7,241.33,57130
2022-12-22 16:05:00,241.3,241.3,241.3,241.3,42430
2022-12-23 09:35:00,240.69,242.58,240.69,241.3,10238
2022-12-23 09:40:00,241.125,241.125,240.02,240.22,3702
2022-12-23 09:45:00,240.275,241.15,240.275,240.89,2543
2022-12-23 09:50:00,240.56,240.56,239.78,239.78,1723
2022-12-23 09:55:00,240.32,240.6,239.81,239.97,4242
2022-12-23 10:00:00,239.84,240.02,238.84,239.16,31274
2022-12-23 10:05:00,240.45,241.23,240.34,240.34,7570
2022-12-23 10:10:00,239.75,240.29,239.72,240.05,1611
2022-12-23 10:15:00,240.47,240.56,240.38,240.51,2015
2022-12-23 10:20:00,241.345,241.64,241.345,241.64,1210
2022-12-23 10:25:00,241.635,242.08,241.46,241.89,9657
2022-12-23 10:30:00,241.914,242.23,241.914,242.04,3943
2022-12-23 10:35:00,242.16,242.435,242.15,242.31,2183
2022-12-23 10:40:00,242.27,242.31,242.03,242.29,9251
2022-12-23 10:45:00,242.3,242.6,242.3,242.6,2774
2022-12-23 10:50:00,242.43,242.445,242.15,242.33,6848
2022-12-23 10:55:00,242.2,242.335,241.728,241.84,4695
2022-12-23 11:00:00,241.96,242.35,241.5,241.5,4655
2022-12-23 11:05:00,241.4,241.61,241.164,241.19,3406
2022-12-23 11:10:00,241.16,241.27,241.14,241.27,1401
2022-12-23 11:15:00,241.265,241.949,241.25,241.69,7737
2022-12-23 11:20:00,241.7,241.82,241.16,241.4,11631
2022-12-23 11:25:00,241.55,241.55,241.52,241.53,1248
2022-12-23 11:30:00,241.37,241.84,241.37,241.606,6132
2022-12-23 11:35:00,241.82,242.15,241.82,242.035,7415
2022-12-23 11:40:00,242.035,242.14,241.94,242.04,2450
2022-12-23 11:45:00,242.26,242.3,242.0,242.0,2756
2022-12-23 11:50:00,241.92,242.265,241.92,242.265,1963
2022-12-23 11:55:00,242.27,242.38,241.97,242.3,9575
2022-12-23 12:00:00,242.26,242.42,242.26,242.29,2025
2022-12-23 12:05:00,242.57,243.015,242.45,242.79,5623
2022-12-23 12:10:00,242.68,242.785,242.46,242.56,3393
2022-12-23 12:15:00,242.55,242.84,242.55,242.78,2109
2022-12-23 12:20:00,242.63,242.85,242.63,242.82,2320
2022-12-23 12:25:00,242.82,243.52,242.75,243.52,11129
2022-12-23 12:30:00,243.48,243.82,243.3,243.7,10858
2022-12-23 12:35:00,243.7,244.04,243.67,244.04,8135
2022-12-23 12:40:00,244.02,244.23,243.41,243.545,5357
2022-12-23 12:45:00,243.68,243.75,243.126,243.126,5253
2022-12-23 12:50:00,243.28,243.35,242.715,242.715,3224
2022-12-23 12:55:00,242.72,242.895,242.72,242.79,2345
2022-12-23 13:00:00,242.8,242.955,242.8,242.91,2513
2022-12-23 13:05:00,243.04,243.11,242.83,243.018,6372
2022-12-23 13:10:00,243.08,243.459,243.08,243.33,15823
2022-12-23 13:15:00,243.26,243.26,243.02,243.096,5640
2022-12-23 13:20:00,242.79,243.07,242.675,242.675,2695
2022-12-23 13:25:00,242.615,242.625,241.995,241.995,4064
2022-12-23 13:30:00,242.0,242.48,241.999,242.31,7524
2022-12-23 13:35:00,242.455,242.455,242.12,242.23,1601
2022-12-23 13:40:00,242.12,242.13,241.965,242.11,5055
2022-12-23 13:45:00,242.165,242.2,242.0,242.0,6854
2022-12-23 13:50:00,242.08,242.325,241.86,242.325,10271
2022-12-23 13:55:00,242.325,242.47,242.291,242.47,3373
2022-12-23 14:00:00,242.43,242.48,242.18,242.46,6031
2022-12-23 14:05:00,242.49,242.49,241.96,241.96,6655
2022-12-23 14:10:00,242.132,242.31,242.132,242.285,3103
2022-12-23 14:15:00,242.1,242.55,242.1,242.46,2788
2022-12-23 14:20:00,242.46,242.91,242.3,242.665,2765
2022-12-23 14:25:00,242.65,242.65,242.455,242.65,3738
2022-12-23 14:30:00,242.66,242.75,242.49,242.49,1915
2022-12-23 14:35:00,242.516,242.74,242.516,242.55,2102
2022-12-23 14:40:00,242.74,242.96,242.66,242.842,2680
2022-12-23 14:45:00,242.89,242.9,242.69,242.69,2299
2022-12-23 14:50:00,242.85,242.85,242.64,242.77,13001
2022-12-23 14:55:00,242.87,242.99,242.84,242.99,5929
2022-12-23 15:00:00,242.93,243.32,242.93,243.32,6387
2022-12-23 15:05:00,243.37,243.75,243.37,243.59,7621
2022-12-23 15:10:00,243.59,243.59,243.416,243.422,2392
2022-12-23 15:15:00,243.51,243.57,243.42,243.44,5894
2022-12-23 15:20:00,243.55,243.857,243.35,243.35,4192
2022-12-23 15:25:00,243.42,243.42,243.01,243.01,4226
2022-12-23 15:30:00,242.895,243.03,242.73,242.73,3821
2022-12-23 15:35:00,242.74,242.89,242.31,242.37,6395
2022-12-23 15:40:00,242.33,242.675,242.33,242.62,5788
2022-12-23 15:45:00,242.62,242.8,242.59,242.72,8780
2022-12-23 15:50:00,242.669,242.97,242.58,242.91,13534
2022-12-23 15:55:00,242.995,242.995,242.18,242.57,37268
2022-12-23 16:00:00,242.56,242.73,242.43,242.66,47032
2022-12-23 16:05:00,242.67,242.67,242.67,242.67,10918
2022-12-27 09:35:00,241.83,241.83,240.76,240.85,10170
2022-12-27 09:40:00,240.655,240.84,240.165,240.84,3843
2022-12-27 09:45:00,240.68,240.79,240.323,240.75,4666
2022-12-27 09:50:00,240.62,240.62,240.01,240.3,8215
2022-12-27 09:55:00,240.26,240.61,240.03,240.61,7266
2022-12-27 10:00:00,240.57,241.02,240.42,240.8,12351
2022-12-27 10:05:00,240.8,240.89,240.03,240.42,5857
2022-12-27 10:10:00,240.345,241.12,240.345,241.12,6219
2022-12-27 10:15:00,241.038,241.33,240.62,241.33,7155
2022-12-27 10:20:00,241.4,242.13,241.145,242.13,7250
2022-12-27 10:25:00,242.24,242.41,241.99,242.295,5927
2022-12-27 10:30:00,242.41,242.5,241.66,241.845,3463
2022-12-27 10:35:00,241.76,242.32,241.76,242.32,3578
2022-12-27 10:40:00,242.265,242.38,242.15,242.305,3718
2022-12-27 10:45:00,242.29,242.523,242.16,242.37,5849
2022-12-27 10:50:00,242.29,242.61,242.29,242.36,3020
2022-12-27 10:55:00,242.415,242.69,242.105,242.15,21665
2022-12-27 11:00:00,242.02,242.02,241.13,241.13,6972
2022-12-27 11:05:00,241.1,241.632,241.1,241.59,7284
2022-12-27 11:10:00,241.585,241.59,241.21,241.57,3840
2022-12-27 11:15:00,241.56,241.57,241.26,241.32,4866
2022-12-27 11:20:00,241.38,241.41,241.0,241.185,5909
2022-12-27 11:25:00,241.175,241.535,240.99,241.535,7710
2022-12-27 11:30:00,241.525,241.54,241.44,241.45,2733
2022-12-27 11:35:00,241.34,241.71,241.34,241.34,6109
2022-12-27 11:40:00,241.21,241.504,241.13,241.504,3844
2022-12-27 11:45:00,241.57,241.57,241.29,241.46,4433
2022-12-27 11:50:00,241.42,241.42,241.21,241.387,7902
2022-12-27 11:55:00,241.29,241.33,241.16,241.23,6064
2022-12-27 12:00:00,241.26,241.36,241.02,241.175,5844
2022-12-27 12:05:00,241.24,241.455,241.2,241.44,3604
2022-12-27 12:10:00,241.43,241.46,241.3,241.355,4597
2022-12-27 12:15:00,241.31,241.86,241.31,241.77,8458
2022-12-27 12:20:00,241.73,241.78,241.638,241.638,3697
2022-12-27 12:25:00,241.71,241.71,241.3,241.3,3034
2022-12-27 12:30:00,241.3,241.405,241.07,241.18,3807
2022-12-27 12:35:00,241.115,241.25,241.1,241.224,4035
2022-12-27 12:40:00,241.23,241.38,241.2,241.35,4854
2022-12-27 12:45:00,241.38,241.46,241.03,241.03,8863
2022-12-27 12:50:00,240.911,240.911,240.69,240.69,2470
2022-12-27 12:55:00,240.746,240.88,240.74,240.84,4769
2022-12-27 13:00:00,240.745,240.745,240.51,240.51,4580
2022-12-27 13:05:00,240.63,240.73,240.5,240.54,4150
2022-12-27 13:10:00,240.46,240.75,240.38,240.63,5128
2022-12-27 13:15:00,240.635,240.668,240.179,240.22,3665
2022-12-27 13:20:00,240.22,240.275,240.07,240.11,5589
2022-12-27 13:25:00,240.08,240.18,239.99,240.115,16652
2022-12-27 13:30:00,240.14,240.25,239.99,240.055,5656
2022-12-27 13:35:00,240.04,240.09,239.92,240.0,5729
2022-12-27 13:40:00,240.07,240.295,240.04,240.04,4784
2022-12-27 13:45:00,240.04,240.13,239.94,240.04,7108
2022-12-27 13:50:00,239.97,239.985,239.775,239.92,8990
2022-12-27 13:55:00,239.99,239.99,239.61,239.695,5455
2022-12-27 14:00:00,239.67,239.67,239.28,239.3,3897
2022-12-27 14:05:00,239.3,239.64,239.285,239.58,16261
2022-12-27 14:10:00,239.64,239.66,239.519,239.66,3931
2022-12-27 14:15:00,239.72,239.892,239.72,239.785,4239
2022-12-27 14:20:00,239.7,239.752,239.42,239.605,3932
2022-12-27 14:25:00,239.6,239.6,239.36,239.57,6630
2022-12-27 14:30:00,239.57,239.8,239.39,239.43,4949
2022-12-27 14:35:00,239.434,239.53,239.39,239.45,4319
2022-12-27 14:40:00,239.55,239.66,239.37,239.37,4692
2022-12-27 14:45:00,239.31,239.31,239.08,239.23,5347
2022-12-27 14:50:00,239.24,239.5,239.196,239.43,3361
2022-12-27 14:55:00,239.5,239.56,239.36,239.55,7616
2022-12-27 15:00:00,239.585,239.73,239.44,239.7,6625
2022-12-27 15:05:00,239.75,239.88,239.705,239.705,3343
2022-12-27 15:10:00,239.7,240.1,239.7,240.1,5126
2022-12-27 15:15:00,240.07,240.16,239.98,240.08,5624
2022-12-27 15:20:00,240.065,240.297,239.88,239.88,10214
2022-12-27 15:25:00,240.03,240.21,240.03,240.155,4385
2022-12-27 15:30:00,240.12,240.18,240.08,240.17,4949
2022-12-27 15:35:00,240.24,240.44,240.16,240.28,9864
2022-12-27 15:40:00,240.29,240.36,240.17,240.27,8743
2022-12-27 15:45:00,240.23,240.24,239.93,239.935,8685
2022-12-27 15:50:00,239.9,239.975,239.79,239.94,19405
2022-12-27 15:55:00,239.9,239.9,239.48,239.63,31284
2022-12-27 16:00:00,239.64,239.86,239.28,239.43,60468
2022-12-27 16:05:00,239.42,239.42,239.42,239.42,11320
2022-12-28 09:35:00,240.0,241.15,240.0,240.68,7089
2022-12-28 09:40:00,241.06,241.1,240.54,240.93,6737
2022-12-28 09:45:00,240.91,241.34,240.85,240.85,1951
2022-12-28 09:50:00,240.73,240.934,240.41,240.72,2749
2022-12-28 09:55:00,240.72,240.72,239.94,240.33,3274
2022-12-28 10:00:00,240.325,240.46,240.07,240.07,2415
2022-12-28 10:05:00,240.36,240.525,240.09,240.32,5316
2022-12-28 10:10:00,240.46,241.035,240.46,240.891,3314
2022-12-28 10:15:00,240.577,241.75,240.577,241.75,24210
2022-12-28 10:20:00,241.76,242.27,241.76,241.853,6423
2022-12-28 10:25:00,241.82,242.27,241.74,241.93,4418
2022-12-28 10:30:00,241.89,241.89,241.02,241.02,7408
2022-12-28 10:35:00,240.83,241.406,240.72,241.16,6332
2022-12-28 10:40:00,241.18,241.39,240.83,240.83,4892
2022-12-28 10:45:00,240.845,241.15,240.4,240.44,7807
2022-12-28 10:50:00,240.39,240.39,239.975,240.05,16304
2022-12-28 10:55:00,240.12,240.455,240.0,240.455,7489
2022-12-28 11:00:00,240.445,240.46,240.29,240.46,4193
2022-12-28 11:05:00,240.28,240.39,239.99,240.195,12171
2022-12-28 11:10:00,240.135,240.2,239.96,240.2,9627
2022-12-28 11:15:00,240.12,240.299,239.85,239.985,7883
2022-12-28 11:20:00,239.88,240.62,239.88,240.62,11974
2022-12-28 11:25:00,240.57,240.78,240.57,240.68,2691
2022-12-28 11:30:00,240.64,240.69,240.51,240.69,5045
2022-12-28 11:35:00,240.79,240.79,240.485,240.54,4639
2022-12-28 11:40:00,240.6,240.6,240.21,240.21,3463
2022-12-28 11:45:00,240.21,240.37,240.12,240.3,6231
2022-12-28 11:50:00,240.16,240.26,239.98,240.154,12972
2022-12-28 11:55:00,240.14,240.465,240.14,240.2,3156
2022-12-28 12:00:00,240.18,240.36,240.18,240.35,4016
2022-12-28 12:05:00,240.29,240.34,239.93,240.0,6936
2022-12-28 12:10:00,239.94,240.16,239.92,240.16,14638
2022-12-28 12:15:00,240.06,240.06,239.63,239.715,45144
2022-12-28 12:20:00,239.645,239.78,239.385,239.415,8121
2022-12-28 12:25:00,239.41,239.645,239.192,239.33,4955
2022-12-28 12:30:00,239.43,239.725,239.43,239.725,8101
2022-12-28 12:35:00,239.77,240.19,239.76,240.19,5078
2022-12-28 12:40:00,240.28,240.51,240.2,240.235,6917
2022-12-28 12:45:00,240.16,240.37,240.0,240.37,12120
2022-12-28 12:50:00,240.55,240.89,240.55,240.87,3219
2022-12-28 12:55:00,240.9,240.91,240.83,240.85,2557
2022-12-28 13:00:00,240.88,240.96,240.71,240.825,6601
2022-12-28 13:05:00,240.77,241.11,240.76,240.95,4927
2022-12-28 13:10:00,241.03,241.162,240.88,240.9,3813
2022-12-28 13:15:00,240.96,240.99,240.715,240.78,3920
2022-12-28 13:20:00,240.78,240.86,240.66,240.69,2851
2022-12-28 13:25:00,240.62,240.62,240.46,240.5,1827
2022-12-28 13:30:00,240.45,240.62,240.37,240.541,5635
2022-12-28 13:35:00,240.54,240.735,240.213,240.213,4151
2022-12-28 13:40:00,240.21,240.36,240.1,240.1,4521
2022-12-28 13:45:00,240.13,240.45,240.085,240.435,2656
2022-12-28 13:50:00,240.38,240.62,240.16,240.185,8398
2022-12-28 13:55:00,240.19,240.193,239.945,240.155,6812
2022-12-28 14:00:00,240.07,240.11,239.96,239.99,6582
2022-12-28 14:05:00,239.995,240.4,239.93,240.155,7695
2022-12-28 14:10:00,240.17,240.17,239.78,239.95,20701
2022-12-28 14:15:00,239.94,240.0,239.64,239.64,16355
2022-12-28 14:20:00,239.4,239.44,239.25,239.35,4880
2022-12-28 14:25:00,239.35,239.423,239.183,239.183,2145
2022-12-28 14:30:00,239.35,239.4,239.11,239.4,5570
2022-12-28 14:35:00,239.34,239.94,239.32,239.8,8159
2022-12-28 14:40:00,239.831,239.852,239.599,239.675,7926
2022-12-28 14:45:00,239.64,239.995,239.64,239.995,5275
2022-12-28 14:50:00,240.11,240.23,240.0,240.0,5848
2022-12-28 14:55:00,240.005,240.005,239.76,239.76,7638
2022-12-28 15:00:00,239.835,239.875,239.62,239.755,6681
2022-12-28 15:05:00,239.68,239.74,239.305,239.405,7364
2022-12-28 15:10:00,239.42,239.425,239.23,239.31,3617
2022-12-28 15:15:00,239.24,239.24,238.81,238.86,5927
2022-12-28 15:20:00,238.69,238.85,238.44,238.46,20201
2022-12-28 15:25:00,238.41,238.46,238.02,238.02,6573
2022-12-28 15:30:00,238.055,238.31,237.85,237.87,9193
2022-12-28 15:35:00,237.95,238.32,237.95,238.32,9437
2022-12-28 15:40:00,238.19,238.31,237.89,237.96,10357
2022-12-28 15:45:00,237.92,237.92,237.48,237.5,14718
2022-12-28 15:50:00,237.41,237.74,237.39,237.66,15630
2022-12-28 15:55:00,237.665,237.89,237.34,237.38,29718
2022-12-28 16:00:00,237.38,237.585,237.185,237.48,84620
2022-12-28 16:05:00,237.48,237.48,237.48,237.48,25037
2022-12-29 09:35:00,239.31,239.45,239.11,239.29,12263
2022-12-29 09:40:00,239.0,239.768,239.0,239.47,3480
2022-12-29 09:45:00,239.6,240.346,239.56,239.93,4068
2022-12-29 09:50:00,239.75,239.75,239.73,239.73,1170
2022-12-29 09:55:00,239.82,240.388,239.755,240.215,3142
2022-12-29 10:00:00,240.545,240.545,240.17,240.175,1699
2022-12-29 10:05:00,240.345,240.44,240.26,240.39,2659
2022-12-29 10:10:00,240.4,240.73,240.4,240.425,7300
2022-12-29 10:15:00,240.45,240.58,240.37,240.48,2068
2022-12-29 10:20:00,240.73,240.73,240.31,240.46,5353
2022-12-29 10:25:00,240.505,240.56,240.21,240.255,1685
2022-12-29 10:30:00,240.138,240.138,239.84,240.065,2987
2022-12-29 10:35:00,240.0,240.56,239.995,240.56,4754
2022-12-29 10:40:00,240.56,240.705,240.56,240.705,2510
2022-12-29 10:45:00,240.84,240.96,240.71,240.88,4333
2022-12-29 10:50:00,240.61,240.71,240.415,240.415,2472
2022-12-29 10:55:00,240.525,240.58,240.436,240.58,4088
2022-12-29 11:00:00,240.56,240.825,240.55,240.56,4276
2022-12-29 11:05:00,240.61,240.63,240.405,240.41,2262
2022-12-29 11:10:00,240.42,240.42,239.9,239.9,2328
2022-12-29 11:15:00,240.02,240.02,239.45,239.505,8141
2022-12-29 11:20:00,239.45,239.8,239.45,239.8,4375
2022-12-29 11:25:00,239.98,240.13,239.86,240.04,4635
2022-12-29 11:30:00,239.98,240.99,239.98,240.642,15312
2022-12-29 11:35:00,240.635,241.135,240.635,241.135,8332
2022-12-29 11:40:00,241.14,241.14,240.725,240.89,5805
2022-12-29 11:45:00,240.88,240.88,240.435,240.805,9690
2022-12-29 11:50:00,240.78,240.96,240.74,240.96,2247
2022-12-29 11:55:00,241.01,241.34,241.01,241.34,4810
2022-12-29 12:00:00,241.18,241.37,241.18,241.3,1220
2022-12-29 12:05:00,241.15,241.459,241.15,241.2,2505
2022-12-29 12:10:00,241.16,241.44,241.15,241.35,38713
2022-12-29 12:15:00,241.395,241.48,241.395,241.48,376
2022-12-29 12:20:00,241.32,241.85,241.32,241.74,3092
2022-12-29 12:25:00,241.765,241.78,241.765,241.78,1761
2022-12-29 12:30:00,241.7,241.74,241.47,241.475,3240
2022-12-29 12:35:00,241.56,241.752,241.556,241.752,2044
2022-12-29 12:40:00,241.645,241.645,241.31,241.525,4004
2022-12-29 12:45:00,241.65,241.78,241.566,241.62,5882
2022-12-29 12:50:00,241.83,241.86,241.74,241.86,1601
2022-12-29 12:55:00,241.864,241.864,241.842,241.842,1662
2022-12-29 13:00:00,241.87,241.88,241.65,241.74,1966
2022-12-29 13:05:00,241.715,241.8,241.67,241.67,4124
2022-12-29 13:10:00,241.62,241.62,241.14,241.16,2801
2022-12-29 13:15:00,241.13,241.3,241.13,241.3,1287
2022-12-29 13:20:00,241.3,241.32,241.195,241.32,1814
2022-12-29 13:25:00,241.15,241.27,241.13,241.195,8360
2022-12-29 13:30:00,241.345,241.348,241.33,241.34,1429
2022-12-29 13:35:00,241.21,241.36,241.065,241.065,5206
2022-12-29 13:40:00,241.01,241.11,240.905,241.11,3937
2022-12-29 13:45:00,241.19,241.4,241.19,241.4,2021
2022-12-29 13:50:00,241.36,241.415,241.255,241.415,4460
2022-12-29 13:55:00,241.42,241.48,241.17,241.4,5827
2022-12-29 14:00:00,241.49,241.64,241.415,241.635,5144
2022-12-29 14:05:00,241.65,242.0,241.65,242.0,4180
2022-12-29 14:10:00,241.92,242.02,241.84,241.93,7342
2022-12-29 14:15:00,241.965,242.085,241.68,241.776,8749
2022-12-29 14:20:00,241.68,241.89,241.68,241.865,4890
2022-12-29 14:25:00,241.86,241.92,241.63,241.63,2012
2022-12-29 14:30:00,241.82,241.9,241.65,241.71,5862
2022-12-29 14:35:00,241.76,241.76,241.63,241.73,3091
2022-12-29 14:40:00,241.79,241.93,241.786,241.93,2885
2022-12-29 14:45:00,241.84,242.095,241.79,242.02,6754
2022-12-29 14:50:00,241.85,241.935,241.81,241.86,5505
2022-12-29 14:55:00,241.87,241.965,241.77,241.77,3153
2022-12-29 15:00:00,241.71,241.78,241.58,241.58,3605
2022-12-29 15:05:00,241.505,241.505,241.27,241.29,5865
2022-12-29 15:10:00,241.35,241.48,241.03,241.125,7917
2022-12-29 15:15:00,241.14,241.14,240.94,240.97,9748
2022-12-29 15:20:00,240.855,240.855,240.54,240.555,5565
2022-12-29 15:25:00,240.64,240.72,240.384,240.72,7129
2022-12-29 15:30:00,240.6,240.75,240.43,240.7,6301
2022-12-29 15:35:00,240.54,240.72,240.52,240.6,7218
2022-12-29 15:40:00,240.6,240.63,240.53,240.61,9075
2022-12-29 15:45:00,240.605,240.89,240.57,240.82,7812
2022-12-29 15:50:00,240.89,241.27,240.89,241.2,12686
2022-12-29 15:55:00,241.275,241.31,240.74,241.09,51195
2022-12-29 16:00:00,241.22,241.485,240.89,241.12,53960
2022-12-29 16:05:00,241.32,241.32,241.32,241.32,13660
2022-12-30 09:35:00,239.62,240.86,239.62,240.73,8372
2022-12-30 09:40:00,240.665,240.665,239.576,239.825,4564
2022-12-30 09:45:00,239.66,239.66,238.85,239.61,5907
2022-12-30 09:50:00,239.345,239.345,237.74,237.74,3556
2022-12-30 09:55:00,237.49,238.33,237.48,237.82,7493
2022-12-30 10:00:00,237.89,238.24,237.89,238.19,4918
2022-12-30 10:05:00,238.08,238.27,237.58,238.27,5376
2022-12-30 10:10:00,238.01,238.18,237.55,237.695,5720
2022-12-30 10:15:00,237.54,237.91,237.54,237.58,5511
2022-12-30 10:20:00,237.65,238.56,237.62,238.56,7157
2022-12-30 10:25:00,238.404,238.79,238.404,238.685,6368
2022-12-30 10:30:00,238.6,238.9,238.53,238.9,8970
2022-12-30 10:35:00,238.825,238.825,238.176,238.4,6594
2022-12-30 10:40:00,238.41,238.42,238.07,238.29,6566
2022-12-30 10:45:00,238.36,238.6,238.0,238.6,8954
2022-12-30 10:50:00,238.63,239.1,238.405,239.01,6462
2022-12-30 10:55:00,239.055,239.055,238.47,238.475,10189
2022-12-30 11:00:00,238.415,238.56,237.93,238.18,6442
2022-12-30 11:05:00,238.17,238.32,237.95,238.16,10298
2022-12-30 11:10:00,238.15,238.39,238.15,238.255,4746
2022-12-30 11:15:00,238.33,238.59,238.29,238.56,10892
2022-12-30 11:20:00,238.65,238.725,237.982,238.115,8982
2022-12-30 11:25:00,238.14,238.16,237.96,238.04,6969
2022-12-30 11:30:00,237.97,238.36,237.9,238.19,7332
2022-12-30 11:35:00,238.32,238.65,238.185,238.355,7632
2022-12-30 11:40:00,238.32,238.5,238.21,238.34,7534
2022-12-30 11:45:00,238.03,238.075,237.8,237.865,7141
2022-12-30 11:50:00,237.92,238.22,237.88,238.22,5567
2022-12-30 11:55:00,238.29,238.485,238.19,238.31,6827
2022-12-30 12:00:00,238.34,238.59,238.29,238.37,5090
2022-12-30 12:05:00,238.5,238.51,238.34,238.475,5918
2022-12-30 12:10:00,238.475,238.475,238.275,238.47,7769
2022-12-30 12:15:00,238.47,238.64,238.22,238.22,5197
2022-12-30 12:20:00,238.3,238.695,238.3,238.4,4553
2022-12-30 12:25:00,238.404,238.7,238.404,238.7,3185
2022-12-30 12:30:00,238.58,238.725,238.58,238.64,3477
2022-12-30 12:35:00,238.65,238.72,238.41,238.41,8438
2022-12-30 12:40:00,238.465,238.69,238.4,238.4,4507
2022-12-30 12:45:00,238.46,238.53,238.3,238.425,6064
2022-12-30 12:50:00,238.29,238.53,238.29,238.34,7619
2022-12-30 12:55:00,238.24,238.54,238.24,238.45,4262
2022-12-30 13:00:00,238.45,238.585,238.18,238.585,6114
2022-12-30 13:05:00,238.68,238.68,238.24,238.56,8096
2022-12-30 13:10:00,238.447,238.51,238.26,238.26,3663
2022-12-30 13:15:00,238.39,238.53,238.23,238.28,5635
2022-12-30 13:20:00,238.15,238.2,237.85,237.92,3769
2022-12-30 13:25:00,237.485,237.505,237.31,237.32,6399
2022-12-30 13:30:00,237.42,237.76,237.12,237.76,18825
2022-12-30 13:35:00,237.76,237.945,237.67,237.69,4080
2022-12-30 13:40:00,237.73,237.83,237.57,237.635,2767
2022-12-30 13:45:00,237.52,237.62,237.43,237.595,11008
2022-12-30 13:50:00,237.44,237.6,237.155,237.155,4742
2022-12-30 13:55:00,237.17,237.22,236.69,236.75,6449
2022-12-30 14:00:00,236.665,236.665,236.31,236.52,4845
2022-12-30 14:05:00,236.45,236.75,236.31,236.31,7547
2022-12-30 14:10:00,236.28,236.59,236.255,236.45,7920
2022-12-30 14:15:00,236.35,236.46,236.18,236.23,6360
2022-12-30 14:20:00,236.21,236.25,236.0,236.25,6412
2022-12-30 14:25:00,235.995,236.1,235.95,235.98,9552
2022-12-30 14:30:00,235.949,236.15,235.9,236.15,7169
2022-12-30 14:35:00,236.015,236.235,235.985,236.19,4867
2022-12-30 14:40:00,236.0,236.04,235.97,235.98,2742
2022-12-30 14:45:00,235.98,236.0,235.75,235.75,6914
2022-12-30 14:50:00,235.72,235.78,235.16,235.25,6288
2022-12-30 14:55:00,235.27,235.53,235.27,235.27,3590
2022-12-30 15:00:00,235.16,235.45,235.105,235.285,6805
2022-12-30 15:05:00,235.35,235.605,235.25,235.25,10010
2022-12-30 15:10:00,235.34,235.6,235.18,235.515,11111
2022-12-30 15:15:00,235.59,236.235,235.59,236.16,6193
2022-12-30 15:20:00,236.25,236.535,236.25,236.288,6297
2022-12-30 15:25:00,236.3,236.49,236.11,236.23,7657
2022-12-30 15:30:00,236.13,236.14,235.93,236.08,6265
2022-12-30 15:35:00,236.05,236.77,235.98,236.77,9789
2022-12-30 15:40:00,236.73,236.85,236.63,236.77,11630
2022-12-30 15:45:00,236.65,236.92,236.64,236.78,9024
2022-12-30 15:50:00,236.79,237.18,236.73,237.18,14607
2022-12-30 15:55:00,237.51,237.79,237.31,237.43,49323
2022-12-30 16:00:00,237.36,237.38,236.99,237.32,74348
2022-12-30 16:05:00,237.33,237.33,237.33,237.33,52811
